# 
# Wavefront OBJ generated by 3DBrowser Pro
# 
# 3DBrowser for 3D Users copyright (C) 2021 by Mootools
# www: https://www.mootools.com/
# 

mtllib scene1.mtl

# Coordinates
v -0.156304 0.107058 1.771625
v -0.116552 0.120156 1.759110
v -0.028793 0.120156 1.608145
v -0.039399 0.107058 1.553227
v 0.088094 0.120156 1.759110
v 0.000336 0.120156 1.608145
v 0.137091 -0.113602 1.770069
v 0.086716 -0.125480 1.758085
v 0.000141 -0.125480 1.609152
v 0.010941 -0.113602 1.553227
v -0.028599 -0.125480 1.609152
v -0.115173 -0.125480 1.758085
v 0.010941 0.107058 1.553227
v 0.137091 0.107058 1.770069
v -0.156304 -0.113602 1.771625
v -0.156304 -0.002689 1.771625
v -0.039399 -0.002689 1.553227
v -0.039399 -0.113602 1.553227
v 0.137091 -0.002689 1.770069
v 0.010941 -0.002689 1.553227

# UV Coordinates

# Faces
g Cube_0
usemtl gate_grey
# MOO:NODEID:786748318
f 1 2 3 
f 1 3 4 
f 2 5 6 
f 2 6 3 
f 7 8 9 
f 7 9 10 
f 11 9 8 
f 11 8 12 
f 4 3 6 
f 4 6 13 
f 14 5 2 
f 14 2 1 
f 15 16 17 
f 15 17 18 
f 14 19 20 
f 14 20 13 
f 18 17 20 
f 18 20 10 
f 7 19 16 
f 7 16 15 
f 16 1 4 
f 16 4 17 
f 19 7 10 
f 19 10 20 
f 17 4 13 
f 17 13 20 
f 19 14 1 
f 19 1 16 
f 18 11 12 
f 18 12 15 
f 5 14 13 
f 5 13 6 
f 11 18 10 
f 11 10 9 
f 8 7 15 
f 8 15 12 


# Coordinates
v -0.025192 0.133235 1.632678
v -0.025192 -0.137058 1.632678
v -0.095964 -0.137058 1.832039
v -0.095964 0.133235 1.832039
v -0.069748 -0.137058 1.831138
v -0.069748 0.133235 1.831138
v 0.068353 0.133235 1.832039
v 0.068353 -0.137058 1.832039
v -0.003265 -0.137058 1.632678
v -0.003265 0.133235 1.632678
v 0.042137 0.133235 1.831138
v 0.042137 -0.137058 1.831138
v -0.006997 -0.137058 1.682028
v -0.021461 -0.137058 1.682028
v -0.006997 0.133235 1.682028
v -0.021461 0.133235 1.682028
v -0.021461 0.123514 1.686146
v -0.006997 0.123514 1.686146
v -0.021461 -0.127336 1.686146
v -0.065035 -0.127336 1.816715
v -0.006997 -0.127336 1.686146
v -0.065035 0.123514 1.816715
v 0.036578 0.123514 1.816715
v 0.036578 -0.127336 1.816715

# UV Coordinates

# Faces
g Cube.001_0
usemtl gate_grey
# MOO:NODEID:3154570976
f 21 22 23 
f 21 23 24 
f 24 23 25 
f 24 25 26 
f 27 28 29 
f 27 29 30 
f 28 27 31 
f 28 31 32 
f 22 21 30 
f 22 30 29 
f 22 29 33 
f 22 33 34 
f 35 36 37 
f 35 37 38 
f 25 34 39 
f 25 39 40 
f 34 33 41 
f 34 41 39 
f 23 22 34 
f 23 34 25 
f 30 21 36 
f 30 36 35 
f 27 30 35 
f 27 35 31 
f 29 28 32 
f 29 32 33 
f 21 24 26 
f 21 26 36 
f 42 43 38 
f 42 38 37 
f 44 40 39 
f 44 39 41 
f 44 43 42 
f 44 42 40 
f 36 26 42 
f 36 42 37 
f 31 35 38 
f 31 38 43 
f 33 32 44 
f 33 44 41 
f 26 25 40 
f 26 40 42 
f 32 31 43 
f 32 43 44 


# Coordinates
v -0.356230 0.129195 1.745200
v -0.356230 -0.134554 1.745200
v -0.340676 -0.134554 1.750891
v -0.340676 0.129195 1.750891
v -0.140714 0.129195 1.812508
v -0.074060 0.129195 1.825287
v -0.055183 0.129195 1.752977
v -0.130445 0.129195 1.751033
v -0.074060 -0.134554 1.825287
v -0.055183 -0.134554 1.752977
v -0.280968 -0.134554 1.747144
v -0.274022 -0.134554 1.776079
v -0.130445 -0.134554 1.751033
v -0.274022 0.129195 1.776079
v -0.207368 0.129195 1.795080
v -0.205706 0.129195 1.749088
v -0.280968 0.129195 1.747144
v -0.140714 -0.134554 1.812508
v -0.207368 -0.134554 1.795080
v -0.205706 -0.134554 1.749088
v 0.340676 -0.134554 1.750891
v 0.356230 -0.134554 1.745200
v 0.356230 0.129195 1.745200
v 0.340676 0.129195 1.750891
v 0.140714 0.129195 1.812508
v 0.130445 0.129195 1.751033
v 0.055183 0.129195 1.752977
v 0.074060 0.129195 1.825287
v 0.055183 -0.134554 1.752977
v 0.074060 -0.134554 1.825287
v 0.274022 -0.134554 1.776079
v 0.280968 -0.134554 1.747144
v 0.130445 -0.134554 1.751033
v 0.274022 0.129195 1.776079
v 0.280968 0.129195 1.747144
v 0.205706 0.129195 1.749088
v 0.207368 0.129195 1.795080
v 0.140714 -0.134554 1.812508
v 0.205706 -0.134554 1.749088
v 0.207368 -0.134554 1.795080

# UV Coordinates

# Faces
g Cube.002_0
usemtl gate_grey
# MOO:NODEID:626556286
f 45 46 47 
f 45 47 48 
f 49 50 51 
f 49 51 52 
f 50 53 54 
f 50 54 51 
f 46 55 56 
f 46 56 47 
f 57 52 51 
f 57 51 54 
f 56 58 48 
f 56 48 47 
f 58 59 60 
f 58 60 61 
f 62 63 64 
f 62 64 57 
f 55 61 60 
f 55 60 64 
f 62 49 59 
f 62 59 63 
f 63 56 55 
f 63 55 64 
f 63 59 58 
f 63 58 56 
f 48 58 61 
f 48 61 45 
f 46 45 61 
f 46 61 55 
f 59 49 52 
f 59 52 60 
f 64 60 52 
f 64 52 57 
f 53 62 57 
f 53 57 54 
f 53 50 49 
f 53 49 62 
f 65 66 67 
f 65 67 68 
f 69 70 71 
f 69 71 72 
f 72 71 73 
f 72 73 74 
f 75 76 66 
f 75 66 65 
f 77 73 71 
f 77 71 70 
f 75 65 68 
f 75 68 78 
f 78 79 80 
f 78 80 81 
f 82 77 83 
f 82 83 84 
f 76 83 80 
f 76 80 79 
f 82 84 81 
f 82 81 69 
f 84 83 76 
f 84 76 75 
f 84 75 78 
f 84 78 81 
f 68 67 79 
f 68 79 78 
f 66 76 79 
f 66 79 67 
f 81 80 70 
f 81 70 69 
f 83 77 70 
f 83 70 80 
f 74 73 77 
f 74 77 82 
f 74 82 69 
f 74 69 72 


# Coordinates
v -0.066411 0.128606 1.823679
v 0.037953 0.128606 1.823679
v -0.006997 0.128606 1.686146
v -0.021461 0.128606 1.686146
v -0.021461 -0.131739 1.686146
v -0.006997 -0.131739 1.686146
v 0.037953 -0.131739 1.823679
v -0.066411 -0.131739 1.823679
v -0.114852 -0.129042 1.751369
v -0.114852 0.123690 1.751369
v -0.107110 0.123690 1.739526
v -0.107110 -0.129042 1.739526
v 0.086394 0.123690 1.751369
v 0.078027 0.123690 1.739526
v 0.086394 -0.129042 1.751369
v 0.078027 -0.129042 1.739526
v -0.102696 -0.130235 1.731024
v -0.102696 0.124882 1.731024
v -0.095887 0.124882 1.720613
v -0.095887 -0.130235 1.720613
v 0.074200 0.124882 1.731024
v 0.066843 0.124882 1.720613
v 0.074200 -0.130235 1.731024
v 0.066843 -0.130235 1.720613
v -0.090242 -0.129042 1.711546
v -0.090242 0.123690 1.711546
v -0.083135 0.123690 1.699703
v -0.083135 -0.129042 1.699703
v 0.061707 0.123690 1.711546
v 0.054139 0.123690 1.699703
v 0.061707 -0.129042 1.711546
v 0.054139 -0.129042 1.699703
v -0.078461 -0.130235 1.691201
v -0.078461 0.124882 1.691201
v -0.071594 0.124882 1.680791
v -0.071594 -0.130235 1.680791
v 0.051013 0.124882 1.691201
v 0.044108 0.124882 1.680791
v 0.051013 -0.130235 1.691201
v 0.044108 -0.130235 1.680791
v -0.067786 -0.129042 1.671652
v -0.067786 0.123690 1.671652
v -0.059890 0.123690 1.659827
v -0.059890 -0.129042 1.659827
v 0.039925 0.123690 1.671652
v 0.031327 0.123690 1.659827
v 0.039925 -0.129042 1.671652
v 0.031327 -0.129042 1.659827
v -0.056765 -0.130235 1.651308
v -0.056765 0.124882 1.651308
v -0.050119 0.124882 1.640897
v -0.050119 -0.130235 1.640897
v 0.027403 0.124882 1.651308
v 0.020094 0.124882 1.640897
v 0.027403 -0.130235 1.651308
v 0.020094 -0.130235 1.640897

# UV Coordinates

# Faces
g Cube.003_0
usemtl glow
# MOO:NODEID:3750875436
f 85 86 87 
f 85 87 88 
f 89 90 91 
f 89 91 92 
f 91 86 85 
f 91 85 92 
f 93 94 95 
f 93 95 96 
f 94 97 98 
f 94 98 95 
f 97 99 100 
f 97 100 98 
f 99 93 96 
f 99 96 100 
f 96 95 98 
f 96 98 100 
f 99 97 94 
f 99 94 93 
f 101 102 103 
f 101 103 104 
f 102 105 106 
f 102 106 103 
f 105 107 108 
f 105 108 106 
f 107 101 104 
f 107 104 108 
f 104 103 106 
f 104 106 108 
f 107 105 102 
f 107 102 101 
f 109 110 111 
f 109 111 112 
f 110 113 114 
f 110 114 111 
f 113 115 116 
f 113 116 114 
f 115 109 112 
f 115 112 116 
f 112 111 114 
f 112 114 116 
f 115 113 110 
f 115 110 109 
f 117 118 119 
f 117 119 120 
f 118 121 122 
f 118 122 119 
f 121 123 124 
f 121 124 122 
f 123 117 120 
f 123 120 124 
f 120 119 122 
f 120 122 124 
f 123 121 118 
f 123 118 117 
f 125 126 127 
f 125 127 128 
f 126 129 130 
f 126 130 127 
f 129 131 132 
f 129 132 130 
f 131 125 128 
f 131 128 132 
f 128 127 130 
f 128 130 132 
f 131 129 126 
f 131 126 125 
f 133 134 135 
f 133 135 136 
f 134 137 138 
f 134 138 135 
f 137 139 140 
f 137 140 138 
f 139 133 136 
f 139 136 140 
f 136 135 138 
f 136 138 140 
f 139 137 134 
f 139 134 133 


# Coordinates
v 0.835272 0.129195 1.573198
v 0.835272 -0.134554 1.573198
v 0.850894 -0.134554 1.567695
v 0.850894 0.129195 1.567695
v 1.044379 0.129195 1.488041
v 1.103939 0.129195 1.455502
v 1.072507 0.129195 1.387699
v 1.013198 0.129195 1.434074
v 1.103939 -0.134554 1.455502
v 1.072507 -0.134554 1.387699
v 0.894581 -0.134554 1.526823
v 0.918346 -0.134554 1.544731
v 1.013198 -0.134554 1.434074
v 0.918346 0.129195 1.544731
v 0.981863 0.129195 1.516993
v 0.953890 0.129195 1.480449
v 0.894581 0.129195 1.526823
v 1.044379 -0.134554 1.488041
v 0.981863 -0.134554 1.516993
v 0.953890 -0.134554 1.480449
v 1.376625 -0.134554 1.134280
v 1.385006 -0.134554 1.119995
v 1.385006 0.129195 1.119995
v 1.376625 0.129195 1.134280
v 1.261529 0.129195 1.309021
v 1.214501 0.129195 1.268120
v 1.157665 0.129195 1.317495
v 1.218228 0.129195 1.361281
v 1.157665 -0.134554 1.317495
v 1.218228 -0.134554 1.361281
v 1.341217 -0.134554 1.196114
v 1.328171 -0.134554 1.169370
v 1.214501 -0.134554 1.268120
v 1.341217 0.129195 1.196114
v 1.328171 0.129195 1.169370
v 1.271336 0.129195 1.218745
v 1.301873 0.129195 1.253175
v 1.261529 -0.134554 1.309021
v 1.271336 -0.134554 1.218745
v 1.301873 -0.134554 1.253175

# UV Coordinates

# Faces
g Cube.004_0
usemtl gate_grey
# MOO:NODEID:5916400106
f 141 142 143 
f 141 143 144 
f 145 146 147 
f 145 147 148 
f 146 149 150 
f 146 150 147 
f 142 151 152 
f 142 152 143 
f 153 148 147 
f 153 147 150 
f 152 154 144 
f 152 144 143 
f 154 155 156 
f 154 156 157 
f 158 159 160 
f 158 160 153 
f 151 157 156 
f 151 156 160 
f 158 145 155 
f 158 155 159 
f 159 152 151 
f 159 151 160 
f 159 155 154 
f 159 154 152 
f 144 154 157 
f 144 157 141 
f 142 141 157 
f 142 157 151 
f 155 145 148 
f 155 148 156 
f 160 156 148 
f 160 148 153 
f 149 158 153 
f 149 153 150 
f 149 146 145 
f 149 145 158 
f 161 162 163 
f 161 163 164 
f 165 166 167 
f 165 167 168 
f 168 167 169 
f 168 169 170 
f 171 172 162 
f 171 162 161 
f 173 169 167 
f 173 167 166 
f 171 161 164 
f 171 164 174 
f 174 175 176 
f 174 176 177 
f 178 173 179 
f 178 179 180 
f 172 179 176 
f 172 176 175 
f 178 180 177 
f 178 177 165 
f 180 179 172 
f 180 172 171 
f 180 171 174 
f 180 174 177 
f 164 163 175 
f 164 175 174 
f 162 172 175 
f 162 175 163 
f 177 176 166 
f 177 166 165 
f 179 173 166 
f 179 166 176 
f 170 169 173 
f 170 173 178 
f 170 178 165 
f 170 165 168 


# Coordinates
v 1.108818 0.128606 1.449395
v 1.189345 0.128606 1.383008
v 1.067176 0.128606 1.305481
v 1.056015 0.128606 1.314682
v 1.056015 -0.131739 1.314682
v 1.067176 -0.131739 1.305481
v 1.189345 -0.131739 1.383008
v 1.108818 -0.131739 1.449395
v 1.025444 -0.129042 1.424414
v 1.025444 0.123690 1.424414
v 1.023884 0.123690 1.410352
v 1.023884 -0.129042 1.410352
v 1.180725 0.123690 1.296400
v 1.166736 0.123690 1.292584
v 1.180725 -0.129042 1.296400
v 1.166736 -0.129042 1.292584
v 1.021882 -0.130235 1.400984
v 1.021882 0.124882 1.400984
v 1.020513 0.124882 1.388620
v 1.020513 -0.130235 1.388620
v 1.158374 0.124882 1.288459
v 1.146075 0.124882 1.285106
v 1.158374 -0.130235 1.288459
v 1.146075 -0.130235 1.285106
v 1.019101 -0.129042 1.378032
v 1.019101 0.123690 1.378032
v 1.017052 0.123690 1.364374
v 1.017052 -0.129042 1.364374
v 1.136345 0.123690 1.281376
v 1.122972 0.123690 1.277053
v 1.136345 -0.129042 1.281376
v 1.122972 -0.129042 1.277053
v 1.015250 -0.130235 1.354841
v 1.015250 0.124882 1.354841
v 1.013926 0.124882 1.342440
v 1.013926 -0.130235 1.342440
v 1.115152 0.124882 1.272481
v 1.103202 0.124882 1.268840
v 1.115152 -0.130235 1.272481
v 1.103202 -0.130235 1.268840
v 1.011051 -0.129042 1.332966
v 1.011051 0.123690 1.332966
v 1.009622 0.123690 1.318820
v 1.009622 -0.129042 1.318820
v 1.094161 0.123690 1.264451
v 1.080005 0.123690 1.260795
v 1.094161 -0.129042 1.264451
v 1.080005 -0.129042 1.260795
v 1.006614 -0.130235 1.310258
v 1.006614 0.124882 1.310258
v 1.005119 0.124882 1.297998
v 1.005119 -0.130235 1.297998
v 1.071558 0.124882 1.256718
v 1.059296 0.124882 1.253334
v 1.071558 -0.130235 1.256718
v 1.059296 -0.130235 1.253334

# UV Coordinates

# Faces
g Cube.005_0
usemtl glow
# MOO:NODEID:6808913688
f 181 182 183 
f 181 183 184 
f 185 186 187 
f 185 187 188 
f 187 182 181 
f 187 181 188 
f 189 190 191 
f 189 191 192 
f 190 193 194 
f 190 194 191 
f 193 195 196 
f 193 196 194 
f 195 189 192 
f 195 192 196 
f 192 191 194 
f 192 194 196 
f 195 193 190 
f 195 190 189 
f 197 198 199 
f 197 199 200 
f 198 201 202 
f 198 202 199 
f 201 203 204 
f 201 204 202 
f 203 197 200 
f 203 200 204 
f 200 199 202 
f 200 202 204 
f 203 201 198 
f 203 198 197 
f 205 206 207 
f 205 207 208 
f 206 209 210 
f 206 210 207 
f 209 211 212 
f 209 212 210 
f 211 205 208 
f 211 208 212 
f 208 207 210 
f 208 210 212 
f 211 209 206 
f 211 206 205 
f 213 214 215 
f 213 215 216 
f 214 217 218 
f 214 218 215 
f 217 219 220 
f 217 220 218 
f 219 213 216 
f 219 216 220 
f 216 215 218 
f 216 218 220 
f 219 217 214 
f 219 214 213 
f 221 222 223 
f 221 223 224 
f 222 225 226 
f 222 226 223 
f 225 227 228 
f 225 228 226 
f 227 221 224 
f 227 224 228 
f 224 223 226 
f 224 226 228 
f 227 225 222 
f 227 222 221 
f 229 230 231 
f 229 231 232 
f 230 233 234 
f 230 234 231 
f 233 235 236 
f 233 236 234 
f 235 229 232 
f 235 232 236 
f 232 231 234 
f 232 234 236 
f 235 233 230 
f 235 230 229 


# Coordinates
v 1.019125 0.133235 1.275799
v 1.019125 -0.137058 1.275799
v 1.091333 -0.137058 1.474645
v 1.091333 0.133235 1.474645
v 1.110988 -0.137058 1.457273
v 1.110988 0.133235 1.457273
v 1.218119 0.133235 1.370122
v 1.218119 -0.137058 1.370122
v 1.036043 -0.137058 1.261852
v 1.036043 0.133235 1.261852
v 1.197318 0.133235 1.386102
v 1.197318 -0.137058 1.386102
v 1.064556 -0.137058 1.302303
v 1.053396 -0.137058 1.311504
v 1.064556 0.133235 1.302303
v 1.053396 0.133235 1.311504
v 1.056015 0.123514 1.314682
v 1.067176 0.123514 1.305481
v 1.056015 -0.127336 1.314682
v 1.105449 -0.127336 1.443147
v 1.067176 -0.127336 1.305481
v 1.105449 0.123514 1.443147
v 1.183854 0.123514 1.378509
v 1.183854 -0.127336 1.378509

# UV Coordinates

# Faces
g Cube.006_0
usemtl gate_grey
# MOO:NODEID:6694048326
f 237 238 239 
f 237 239 240 
f 240 239 241 
f 240 241 242 
f 243 244 245 
f 243 245 246 
f 244 243 247 
f 244 247 248 
f 238 237 246 
f 238 246 245 
f 238 245 249 
f 238 249 250 
f 251 252 253 
f 251 253 254 
f 241 250 255 
f 241 255 256 
f 250 249 257 
f 250 257 255 
f 239 238 250 
f 239 250 241 
f 246 237 252 
f 246 252 251 
f 243 246 251 
f 243 251 247 
f 245 244 248 
f 245 248 249 
f 237 240 242 
f 237 242 252 
f 258 259 254 
f 258 254 253 
f 260 256 255 
f 260 255 257 
f 260 259 258 
f 260 258 256 
f 252 242 258 
f 252 258 253 
f 247 251 254 
f 247 254 259 
f 249 248 260 
f 249 260 257 
f 242 241 256 
f 242 256 258 
f 248 247 259 
f 248 259 260 


# Coordinates
v 1.006344 0.107058 1.466412
v 1.029056 0.120156 1.431469
v 1.000740 0.120156 1.259160
v 0.957623 0.107058 1.223532
v 1.186961 0.120156 1.301292
v 1.023216 0.120156 1.240631
v 1.231738 -0.113602 1.278581
v 1.185245 -0.125480 1.301378
v 1.023707 -0.125480 1.241532
v 0.996466 -0.113602 1.191510
v 1.001531 -0.125480 1.259814
v 1.029468 -0.125480 1.429801
v 0.996466 0.107058 1.191510
v 1.231738 0.107058 1.278581
v 1.006344 -0.113602 1.466412
v 1.006344 -0.002689 1.466412
v 0.957623 -0.002689 1.223532
v 0.957623 -0.113602 1.223532
v 1.231738 -0.002689 1.278581
v 0.996466 -0.002689 1.191510

# UV Coordinates

# Faces
g Cube.007_0
usemtl gate_grey
# MOO:NODEID:7380401892
f 261 262 263 
f 261 263 264 
f 262 265 266 
f 262 266 263 
f 267 268 269 
f 267 269 270 
f 271 269 268 
f 271 268 272 
f 264 263 266 
f 264 266 273 
f 274 265 262 
f 274 262 261 
f 275 276 277 
f 275 277 278 
f 274 279 280 
f 274 280 273 
f 278 277 280 
f 278 280 270 
f 267 279 276 
f 267 276 275 
f 276 261 264 
f 276 264 277 
f 279 267 270 
f 279 270 280 
f 277 264 273 
f 277 273 280 
f 279 274 261 
f 279 261 276 
f 278 271 272 
f 278 272 275 
f 265 274 273 
f 265 273 266 
f 271 278 270 
f 271 270 269 
f 268 267 275 
f 268 275 272 


# Coordinates
v 1.646720 0.129195 0.678914
v 1.646720 -0.134554 0.678914
v 1.655243 -0.134554 0.664712
v 1.655243 0.129195 0.664712
v 1.753458 0.129195 0.479956
v 1.778577 0.129195 0.416907
v 1.711123 0.129195 0.384734
v 1.695023 0.129195 0.458279
v 1.778577 -0.134554 0.416907
v 1.711123 -0.134554 0.384734
v 1.662821 -0.134554 0.605369
v 1.692546 -0.134554 0.604003
v 1.695023 -0.134554 0.458279
v 1.692546 0.129195 0.604003
v 1.723775 0.129195 0.542128
v 1.678922 0.129195 0.531824
v 1.662821 0.129195 0.605369
v 1.753458 -0.134554 0.479956
v 1.723775 -0.134554 0.542128
v 1.678922 -0.134554 0.531824
v 1.783718 -0.134554 -0.004416
v 1.781062 -0.134554 -0.020765
v 1.781062 0.129195 -0.020765
v 1.783718 0.129195 -0.004416
v 1.806524 0.129195 0.203577
v 1.744216 0.129195 0.202070
v 1.731934 0.129195 0.276349
v 1.806506 0.129195 0.271445
v 1.731934 -0.134554 0.276349
v 1.806506 -0.134554 0.271445
v 1.795886 -0.134554 0.065791
v 1.768780 -0.134554 0.053514
v 1.744216 -0.134554 0.202070
v 1.795886 0.129195 0.065791
v 1.768780 0.129195 0.053514
v 1.756498 0.129195 0.127792
v 1.801978 0.129195 0.134832
v 1.806524 -0.134554 0.203577
v 1.756498 -0.134554 0.127792
v 1.801978 -0.134554 0.134832

# UV Coordinates

# Faces
g Cube.008_0
usemtl gate_grey
# MOO:NODEID:3087037666
f 281 282 283 
f 281 283 284 
f 285 286 287 
f 285 287 288 
f 286 289 290 
f 286 290 287 
f 282 291 292 
f 282 292 283 
f 293 288 287 
f 293 287 290 
f 292 294 284 
f 292 284 283 
f 294 295 296 
f 294 296 297 
f 298 299 300 
f 298 300 293 
f 291 297 296 
f 291 296 300 
f 298 285 295 
f 298 295 299 
f 299 292 291 
f 299 291 300 
f 299 295 294 
f 299 294 292 
f 284 294 297 
f 284 297 281 
f 282 281 297 
f 282 297 291 
f 295 285 288 
f 295 288 296 
f 300 296 288 
f 300 288 293 
f 289 298 293 
f 289 293 290 
f 289 286 285 
f 289 285 298 
f 301 302 303 
f 301 303 304 
f 305 306 307 
f 305 307 308 
f 308 307 309 
f 308 309 310 
f 311 312 302 
f 311 302 301 
f 313 309 307 
f 313 307 306 
f 311 301 304 
f 311 304 314 
f 314 315 316 
f 314 316 317 
f 318 313 319 
f 318 319 320 
f 312 319 316 
f 312 316 315 
f 318 320 317 
f 318 317 305 
f 320 319 312 
f 320 312 311 
f 320 311 314 
f 320 314 317 
f 304 303 315 
f 304 315 314 
f 302 312 315 
f 302 315 303 
f 317 316 306 
f 317 306 305 
f 319 313 306 
f 319 306 316 
f 310 309 313 
f 310 313 318 
f 310 318 305 
f 310 305 308 


# Coordinates
v 1.710369 0.107058 0.487557
v 1.705575 0.120156 0.446159
v 1.573865 0.120156 0.331508
v 1.517933 0.107058 0.331568
v 1.744163 0.120156 0.245184
v 1.579358 0.120156 0.302902
v 1.764164 -0.113602 0.199133
v 1.742896 -0.125480 0.246345
v 1.580311 -0.125480 0.303283
v 1.527425 -0.113602 0.282132
v 1.574892 -0.125480 0.331507
v 1.704828 -0.125480 0.444611
v 1.527425 0.107058 0.282132
v 1.764164 0.107058 0.199133
v 1.710369 -0.113602 0.487557
v 1.710369 -0.002689 0.487557
v 1.517933 -0.002689 0.331568
v 1.517933 -0.113602 0.331568
v 1.764164 -0.002689 0.199133
v 1.527425 -0.002689 0.282132

# UV Coordinates

# Faces
g Cube.009_0
usemtl gate_grey
# MOO:NODEID:5489759248
f 321 322 323 
f 321 323 324 
f 322 325 326 
f 322 326 323 
f 327 328 329 
f 327 329 330 
f 331 329 328 
f 331 328 332 
f 324 323 326 
f 324 326 333 
f 334 325 322 
f 334 322 321 
f 335 336 337 
f 335 337 338 
f 334 339 340 
f 334 340 333 
f 338 337 340 
f 338 340 330 
f 327 339 336 
f 327 336 335 
f 336 321 324 
f 336 324 337 
f 339 327 330 
f 339 330 340 
f 337 324 333 
f 337 333 340 
f 339 334 321 
f 339 321 336 
f 338 331 332 
f 338 332 335 
f 325 334 333 
f 325 333 326 
f 331 338 330 
f 331 330 329 
f 328 327 335 
f 328 335 332 


# Coordinates
v 1.598638 0.133235 0.332598
v 1.598638 -0.137058 0.332598
v 1.781077 -0.137058 0.439691
v 1.781077 0.133235 0.439691
v 1.785135 -0.137058 0.413776
v 1.785135 0.133235 0.413776
v 1.812061 0.133235 0.278323
v 1.812061 -0.137058 0.278323
v 1.602772 -0.137058 0.311065
v 1.602772 0.133235 0.311065
v 1.806232 0.133235 0.303899
v 1.806232 -0.137058 0.303899
v 1.650533 -0.137058 0.324034
v 1.647806 -0.137058 0.338239
v 1.650533 0.133235 0.324034
v 1.647806 0.133235 0.338239
v 1.651850 0.123514 0.339015
v 1.654577 0.123514 0.324811
v 1.651850 -0.127336 0.339015
v 1.771860 -0.127336 0.406428
v 1.654577 -0.127336 0.324811
v 1.771860 0.123514 0.406428
v 1.791020 0.123514 0.306638
v 1.791020 -0.127336 0.306638

# UV Coordinates

# Faces
g Cube.010_0
usemtl gate_grey
# MOO:NODEID:409344540
f 341 342 343 
f 341 343 344 
f 344 343 345 
f 344 345 346 
f 347 348 349 
f 347 349 350 
f 348 347 351 
f 348 351 352 
f 342 341 350 
f 342 350 349 
f 342 349 353 
f 342 353 354 
f 355 356 357 
f 355 357 358 
f 345 354 359 
f 345 359 360 
f 354 353 361 
f 354 361 359 
f 343 342 354 
f 343 354 345 
f 350 341 356 
f 350 356 355 
f 347 350 355 
f 347 355 351 
f 349 348 352 
f 349 352 353 
f 341 344 346 
f 341 346 356 
f 362 363 358 
f 362 358 357 
f 364 360 359 
f 364 359 361 
f 364 363 362 
f 364 362 360 
f 356 346 362 
f 356 362 357 
f 351 355 358 
f 351 358 363 
f 353 352 364 
f 353 364 361 
f 346 345 360 
f 346 360 362 
f 352 351 363 
f 352 363 364 


# Coordinates
v 1.778439 0.128606 0.409092
v 1.798118 0.128606 0.306600
v 1.654577 0.128606 0.324811
v 1.651850 0.128606 0.339015
v 1.651850 -0.131739 0.339015
v 1.654577 -0.131739 0.324811
v 1.798118 -0.131739 0.306600
v 1.778439 -0.131739 0.409092
v 1.698292 -0.129042 0.443029
v 1.698292 0.123690 0.443029
v 1.688122 0.123690 0.433193
v 1.688122 -0.129042 0.433193
v 1.736239 0.123690 0.245394
v 1.723032 0.123690 0.251377
v 1.736239 -0.129042 0.245394
v 1.723032 -0.129042 0.251377
v 1.680605 -0.130235 0.427255
v 1.680605 0.124882 0.427255
v 1.671665 0.124882 0.418605
v 1.671665 -0.130235 0.418605
v 1.713961 0.124882 0.253533
v 1.702349 0.124882 0.258795
v 1.713961 -0.130235 0.253533
v 1.702349 -0.130235 0.258795
v 1.663825 -0.129042 0.411352
v 1.663825 0.123690 0.411352
v 1.653535 0.123690 0.402139
v 1.653535 -0.129042 0.402139
v 1.692476 0.123690 0.262129
v 1.679419 0.123690 0.267329
v 1.692476 -0.129042 0.262129
v 1.679419 -0.129042 0.267329
v 1.646067 -0.130235 0.395946
v 1.646067 0.124882 0.395946
v 1.637137 0.124882 0.387240
v 1.637137 -0.130235 0.387240
v 1.670480 0.124882 0.268795
v 1.658954 0.124882 0.273613
v 1.670480 -0.130235 0.268795
v 1.658954 -0.130235 0.273613
v 1.628881 -0.129042 0.381777
v 1.628881 0.123690 0.381777
v 1.618757 0.123690 0.371793
v 1.618757 -0.129042 0.371793
v 1.649191 0.123690 0.275998
v 1.635957 0.123690 0.282212
v 1.649191 -0.129042 0.275998
v 1.635957 -0.129042 0.282212
v 1.610980 -0.130235 0.367117
v 1.610980 0.124882 0.367117
v 1.602009 0.124882 0.358628
v 1.602009 -0.130235 0.358628
v 1.626851 0.124882 0.284459
v 1.615248 0.124882 0.289674
v 1.626851 -0.130235 0.284459
v 1.615248 -0.130235 0.289674

# UV Coordinates

# Faces
g Cube.011_0
usemtl glow
# MOO:NODEID:4729635686
f 365 366 367 
f 365 367 368 
f 369 370 371 
f 369 371 372 
f 371 366 365 
f 371 365 372 
f 373 374 375 
f 373 375 376 
f 374 377 378 
f 374 378 375 
f 377 379 380 
f 377 380 378 
f 379 373 376 
f 379 376 380 
f 376 375 378 
f 376 378 380 
f 379 377 374 
f 379 374 373 
f 381 382 383 
f 381 383 384 
f 382 385 386 
f 382 386 383 
f 385 387 388 
f 385 388 386 
f 387 381 384 
f 387 384 388 
f 384 383 386 
f 384 386 388 
f 387 385 382 
f 387 382 381 
f 389 390 391 
f 389 391 392 
f 390 393 394 
f 390 394 391 
f 393 395 396 
f 393 396 394 
f 395 389 392 
f 395 392 396 
f 392 391 394 
f 392 394 396 
f 395 393 390 
f 395 390 389 
f 397 398 399 
f 397 399 400 
f 398 401 402 
f 398 402 399 
f 401 403 404 
f 401 404 402 
f 403 397 400 
f 403 400 404 
f 400 399 402 
f 400 402 404 
f 403 401 398 
f 403 398 397 
f 405 406 407 
f 405 407 408 
f 406 409 410 
f 406 410 407 
f 409 411 412 
f 409 412 410 
f 411 405 408 
f 411 408 412 
f 408 407 410 
f 408 410 412 
f 411 409 406 
f 411 406 405 
f 413 414 415 
f 413 415 416 
f 414 417 418 
f 414 418 415 
f 417 419 420 
f 417 420 418 
f 419 413 416 
f 419 416 420 
f 416 415 418 
f 416 418 420 
f 419 417 414 
f 419 414 413 


# Coordinates
v 1.691519 0.129195 -0.557994
v 1.691519 -0.134554 -0.557994
v 1.688730 -0.134554 -0.574320
v 1.688730 0.129195 -0.574320
v 1.642847 0.129195 -0.778466
v 1.620819 0.129195 -0.842660
v 1.548687 0.129195 -0.823113
v 1.584395 0.129195 -0.756833
v 1.620819 -0.134554 -0.842660
v 1.548687 -0.134554 -0.823113
v 1.655811 -0.134554 -0.624274
v 1.677470 -0.134554 -0.644679
v 1.584395 -0.134554 -0.756833
v 1.677470 0.129195 -0.644679
v 1.660841 0.129195 -0.711963
v 1.620103 0.129195 -0.690553
v 1.655811 0.129195 -0.624274
v 1.642847 -0.134554 -0.778466
v 1.660841 -0.134554 -0.711963
v 1.620103 -0.134554 -0.690553
v 1.350187 -0.134554 -1.165611
v 1.337519 -0.134554 -1.176281
v 1.337519 0.129195 -1.176281
v 1.350187 0.129195 -1.165611
v 1.503014 0.129195 -1.022695
v 1.454767 0.129195 -0.983238
v 1.493850 0.129195 -0.918890
v 1.547222 0.129195 -0.971201
v 1.493850 -0.134554 -0.918890
v 1.547222 -0.134554 -0.971201
v 1.405163 -0.134554 -1.120282
v 1.376602 -0.134554 -1.111933
v 1.454767 -0.134554 -0.983238
v 1.405163 0.129195 -1.120282
v 1.376602 0.129195 -1.111933
v 1.415685 0.129195 -1.047586
v 1.454771 0.129195 -1.071880
v 1.503014 -0.134554 -1.022695
v 1.415685 -0.134554 -1.047586
v 1.454771 -0.134554 -1.071880

# UV Coordinates

# Faces
g Cube.012_0
usemtl gate_grey
# MOO:NODEID:7872774072
f 421 422 423 
f 421 423 424 
f 425 426 427 
f 425 427 428 
f 426 429 430 
f 426 430 427 
f 422 431 432 
f 422 432 423 
f 433 428 427 
f 433 427 430 
f 432 434 424 
f 432 424 423 
f 434 435 436 
f 434 436 437 
f 438 439 440 
f 438 440 433 
f 431 437 436 
f 431 436 440 
f 438 425 435 
f 438 435 439 
f 439 432 431 
f 439 431 440 
f 439 435 434 
f 439 434 432 
f 424 434 437 
f 424 437 421 
f 422 421 437 
f 422 437 431 
f 435 425 428 
f 435 428 436 
f 440 436 428 
f 440 428 433 
f 429 438 433 
f 429 433 430 
f 429 426 425 
f 429 425 438 
f 441 442 443 
f 441 443 444 
f 445 446 447 
f 445 447 448 
f 448 447 449 
f 448 449 450 
f 451 452 442 
f 451 442 441 
f 453 449 447 
f 453 447 446 
f 451 441 444 
f 451 444 454 
f 454 455 456 
f 454 456 457 
f 458 453 459 
f 458 459 460 
f 452 459 456 
f 452 456 455 
f 458 460 457 
f 458 457 445 
f 460 459 452 
f 460 452 451 
f 460 451 454 
f 460 454 457 
f 444 443 455 
f 444 455 454 
f 442 452 455 
f 442 455 443 
f 457 456 446 
f 457 446 445 
f 459 453 446 
f 459 446 456 
f 450 449 453 
f 450 453 458 
f 450 458 445 
f 450 445 448 


# Coordinates
v 1.615622 0.128606 -0.848499
v 1.563767 0.128606 -0.939068
v 1.466748 0.128606 -0.831724
v 1.473935 0.128606 -0.819171
v 1.473935 -0.131739 -0.819171
v 1.466748 -0.131739 -0.831724
v 1.563767 -0.131739 -0.939068
v 1.615622 -0.131739 -0.848499
v 1.576939 -0.129042 -0.770532
v 1.576939 0.123690 -0.770532
v 1.562815 0.123690 -0.771366
v 1.562815 -0.129042 -0.771366
v 1.476946 0.123690 -0.945177
v 1.470826 0.123690 -0.932032
v 1.476946 -0.129042 -0.945177
v 1.470826 -0.129042 -0.932032
v 1.553244 -0.130235 -0.770973
v 1.553244 0.124882 -0.770973
v 1.540826 0.124882 -0.771709
v 1.540826 -0.130235 -0.771709
v 1.465350 0.124882 -0.924486
v 1.459970 0.124882 -0.912929
v 1.465350 -0.130235 -0.924486
v 1.459970 -0.130235 -0.912929
v 1.530152 -0.129042 -0.772102
v 1.530152 0.123690 -0.772102
v 1.516344 0.123690 -0.772386
v 1.516344 -0.129042 -0.772386
v 1.454653 0.123690 -0.903966
v 1.448137 0.123690 -0.891514
v 1.454653 -0.129042 -0.903966
v 1.448137 -0.129042 -0.891514
v 1.506643 -0.130235 -0.772217
v 1.506643 0.124882 -0.772217
v 1.494197 0.124882 -0.773003
v 1.494197 -0.130235 -0.773003
v 1.442312 0.124882 -0.884577
v 1.436708 0.124882 -0.873412
v 1.442312 -0.130235 -0.884577
v 1.436708 -0.130235 -0.873412
v 1.484374 -0.129042 -0.771768
v 1.484374 0.123690 -0.771768
v 1.470189 0.123690 -0.772744
v 1.470189 -0.129042 -0.772744
v 1.430856 0.123690 -0.865241
v 1.424866 0.123690 -0.851905
v 1.430856 -0.129042 -0.865241
v 1.424866 -0.129042 -0.851905
v 1.461243 -0.130235 -0.771224
v 1.461243 0.124882 -0.771224
v 1.448906 0.124882 -0.771818
v 1.448906 -0.130235 -0.771818
v 1.419422 0.124882 -0.844267
v 1.414019 0.124882 -0.832751
v 1.419422 -0.130235 -0.844267
v 1.414019 -0.130235 -0.832751

# UV Coordinates

# Faces
g Cube.013_0
usemtl glow
# MOO:NODEID:3399991378
f 461 462 463 
f 461 463 464 
f 465 466 467 
f 465 467 468 
f 467 462 461 
f 467 461 468 
f 469 470 471 
f 469 471 472 
f 470 473 474 
f 470 474 471 
f 473 475 476 
f 473 476 474 
f 475 469 472 
f 475 472 476 
f 472 471 474 
f 472 474 476 
f 475 473 470 
f 475 470 469 
f 477 478 479 
f 477 479 480 
f 478 481 482 
f 478 482 479 
f 481 483 484 
f 481 484 482 
f 483 477 480 
f 483 480 484 
f 480 479 482 
f 480 482 484 
f 483 481 478 
f 483 478 477 
f 485 486 487 
f 485 487 488 
f 486 489 490 
f 486 490 487 
f 489 491 492 
f 489 492 490 
f 491 485 488 
f 491 488 492 
f 488 487 490 
f 488 490 492 
f 491 489 486 
f 491 486 485 
f 493 494 495 
f 493 495 496 
f 494 497 498 
f 494 498 495 
f 497 499 500 
f 497 500 498 
f 499 493 496 
f 499 496 500 
f 496 495 498 
f 496 498 500 
f 499 497 494 
f 499 494 493 
f 501 502 503 
f 501 503 504 
f 502 505 506 
f 502 506 503 
f 505 507 508 
f 505 508 506 
f 507 501 504 
f 507 504 508 
f 504 503 506 
f 504 506 508 
f 507 505 502 
f 507 502 501 
f 509 510 511 
f 509 511 512 
f 510 513 514 
f 510 514 511 
f 513 515 516 
f 513 516 514 
f 515 509 512 
f 515 512 516 
f 512 511 514 
f 512 514 516 
f 515 513 510 
f 515 510 509 


# Coordinates
v 1.429388 0.133235 -0.789366
v 1.429388 -0.137058 -0.789366
v 1.637562 -0.137058 -0.827006
v 1.637562 0.133235 -0.827006
v 1.623753 -0.137058 -0.849309
v 1.623753 0.133235 -0.849309
v 1.555918 0.133235 -0.969603
v 1.555918 -0.137058 -0.969603
v 1.418493 -0.137058 -0.808395
v 1.418493 0.133235 -0.808395
v 1.568161 0.133235 -0.946404
v 1.568161 -0.137058 -0.946404
v 1.463174 -0.137058 -0.829677
v 1.470361 -0.137058 -0.817125
v 1.463174 0.133235 -0.829677
v 1.470361 0.133235 -0.817125
v 1.473935 0.123514 -0.819171
v 1.466748 0.123514 -0.831724
v 1.473935 -0.127336 -0.819171
v 1.608895 -0.127336 -0.846232
v 1.466748 -0.127336 -0.831724
v 1.608895 0.123514 -0.846232
v 1.558407 0.123514 -0.934414
v 1.558407 -0.127336 -0.934414

# UV Coordinates

# Faces
g Cube.014_0
usemtl gate_grey
# MOO:NODEID:4109942516
f 517 518 519 
f 517 519 520 
f 520 519 521 
f 520 521 522 
f 523 524 525 
f 523 525 526 
f 524 523 527 
f 524 527 528 
f 518 517 526 
f 518 526 525 
f 518 525 529 
f 518 529 530 
f 531 532 533 
f 531 533 534 
f 521 530 535 
f 521 535 536 
f 530 529 537 
f 530 537 535 
f 519 518 530 
f 519 530 521 
f 526 517 532 
f 526 532 531 
f 523 526 531 
f 523 531 527 
f 525 524 528 
f 525 528 529 
f 517 520 522 
f 517 522 532 
f 538 539 534 
f 538 534 533 
f 540 536 535 
f 540 535 537 
f 540 539 538 
f 540 538 536 
f 532 522 538 
f 532 538 533 
f 527 531 534 
f 527 534 539 
f 529 528 540 
f 529 540 537 
f 522 521 536 
f 522 536 538 
f 528 527 539 
f 528 539 540 


# Coordinates
v 1.615114 0.107058 -0.744624
v 1.584502 0.120156 -0.772903
v 1.409887 0.120156 -0.774051
v 1.367498 0.107058 -0.737561
v 1.482820 0.120156 -0.950499
v 1.395413 0.120156 -0.799330
v 1.467985 -0.113602 -0.998464
v 1.482615 -0.125480 -0.948793
v 1.396384 -0.125480 -0.799662
v 1.342485 -0.113602 -0.781247
v 1.410664 -0.125480 -0.774721
v 1.582928 -0.125480 -0.773590
v 1.342485 0.107058 -0.781247
v 1.467985 0.107058 -0.998464
v 1.615114 -0.113602 -0.744624
v 1.615114 -0.002689 -0.744624
v 1.367498 -0.002689 -0.737561
v 1.367498 -0.113602 -0.737561
v 1.467985 -0.002689 -0.998464
v 1.342485 -0.002689 -0.781247

# UV Coordinates

# Faces
g Cube.015_0
usemtl gate_grey
# MOO:NODEID:64284542
f 541 542 543 
f 541 543 544 
f 542 545 546 
f 542 546 543 
f 547 548 549 
f 547 549 550 
f 551 549 548 
f 551 548 552 
f 544 543 546 
f 544 546 553 
f 554 545 542 
f 554 542 541 
f 555 556 557 
f 555 557 558 
f 554 559 560 
f 554 560 553 
f 558 557 560 
f 558 560 550 
f 547 559 556 
f 547 556 555 
f 556 541 544 
f 556 544 557 
f 559 547 550 
f 559 550 560 
f 557 544 553 
f 557 553 560 
f 559 554 541 
f 559 541 556 
f 558 551 552 
f 558 552 555 
f 545 554 553 
f 545 553 546 
f 551 558 550 
f 551 550 549 
f 548 547 555 
f 548 555 552 


# Coordinates
v 0.929911 0.129195 -1.519171
v 0.929911 -0.134554 -1.519171
v 0.917229 -0.134554 -1.529824
v 0.917229 0.129195 -1.529824
v 0.750257 0.129195 -1.655926
v 0.691954 0.129195 -1.690665
v 0.649554 0.129195 -1.629124
v 0.719643 0.129195 -1.601636
v 0.691954 -0.134554 -1.690665
v 0.649554 -0.134554 -1.629124
v 0.859822 -0.134554 -1.546659
v 0.863157 -0.134554 -1.576228
v 0.719643 -0.134554 -1.601636
v 0.863157 0.129195 -1.576228
v 0.806975 0.129195 -1.616817
v 0.789732 0.129195 -1.574147
v 0.859822 0.129195 -1.546659
v 0.750257 -0.134554 -1.655926
v 0.806975 -0.134554 -1.616817
v 0.789732 -0.134554 -1.574147
v 0.276704 -0.134554 -1.762131
v 0.260141 -0.134554 -1.762084
v 0.260141 0.129195 -1.762084
v 0.276704 0.129195 -1.762131
v 0.485692 0.129195 -1.751879
v 0.474386 0.129195 -1.690586
v 0.545801 0.129195 -1.666753
v 0.552709 0.129195 -1.741167
v 0.545801 -0.134554 -1.666753
v 0.552709 -0.134554 -1.741167
v 0.347952 -0.134554 -1.763084
v 0.331556 -0.134554 -1.738251
v 0.474386 -0.134554 -1.690586
v 0.347952 0.129195 -1.763084
v 0.331556 0.129195 -1.738251
v 0.402971 0.129195 -1.714419
v 0.417090 0.129195 -1.758221
v 0.485692 -0.134554 -1.751879
v 0.402971 -0.134554 -1.714419
v 0.417090 -0.134554 -1.758221

# UV Coordinates

# Faces
g Cube.016_0
usemtl gate_grey
# MOO:NODEID:4270072016
f 561 562 563 
f 561 563 564 
f 565 566 567 
f 565 567 568 
f 566 569 570 
f 566 570 567 
f 562 571 572 
f 562 572 563 
f 573 568 567 
f 573 567 570 
f 572 574 564 
f 572 564 563 
f 574 575 576 
f 574 576 577 
f 578 579 580 
f 578 580 573 
f 571 577 576 
f 571 576 580 
f 578 565 575 
f 578 575 579 
f 579 572 571 
f 579 571 580 
f 579 575 574 
f 579 574 572 
f 564 574 577 
f 564 577 561 
f 562 561 577 
f 562 577 571 
f 575 565 568 
f 575 568 576 
f 580 576 568 
f 580 568 573 
f 569 578 573 
f 569 573 570 
f 569 566 565 
f 569 565 578 
f 581 582 583 
f 581 583 584 
f 585 586 587 
f 585 587 588 
f 588 587 589 
f 588 589 590 
f 591 592 582 
f 591 582 581 
f 593 589 587 
f 593 587 586 
f 591 581 584 
f 591 584 594 
f 594 595 596 
f 594 596 597 
f 598 593 599 
f 598 599 600 
f 592 599 596 
f 592 596 595 
f 598 600 597 
f 598 597 585 
f 600 599 592 
f 600 592 591 
f 600 591 594 
f 600 594 597 
f 584 583 595 
f 584 595 594 
f 582 592 595 
f 582 595 583 
f 597 596 586 
f 597 586 585 
f 599 593 586 
f 599 586 596 
f 590 589 593 
f 590 593 598 
f 590 598 585 
f 590 585 588 


# Coordinates
v 0.750973 0.107058 -1.612177
v 0.709337 0.120156 -1.613966
v 0.575365 0.120156 -1.501968
v 0.566611 0.107058 -1.446725
v 0.516953 0.120156 -1.683740
v 0.547981 0.120156 -1.511899
v 0.474629 -0.113602 -1.710748
v 0.517900 -0.125480 -1.682306
v 0.548508 -0.125480 -1.512780
v 0.519287 -0.113602 -1.463888
v 0.575526 -0.125480 -1.502981
v 0.707691 -0.125480 -1.613472
v 0.519287 0.107058 -1.463888
v 0.474629 0.107058 -1.710748
v 0.750973 -0.113602 -1.612177
v 0.750973 -0.002689 -1.612177
v 0.566611 -0.002689 -1.446725
v 0.566611 -0.113602 -1.446725
v 0.474629 -0.002689 -1.710748
v 0.519287 -0.002689 -1.463888

# UV Coordinates

# Faces
g Cube.017_0
usemtl gate_grey
# MOO:NODEID:217211690
f 601 602 603 
f 601 603 604 
f 602 605 606 
f 602 606 603 
f 607 608 609 
f 607 609 610 
f 611 609 608 
f 611 608 612 
f 604 603 606 
f 604 606 613 
f 614 605 602 
f 614 602 601 
f 615 616 617 
f 615 617 618 
f 614 619 620 
f 614 620 613 
f 618 617 620 
f 618 620 610 
f 607 619 616 
f 607 616 615 
f 616 601 604 
f 616 604 617 
f 619 607 610 
f 619 610 620 
f 617 604 613 
f 617 613 620 
f 619 614 601 
f 619 601 616 
f 618 611 612 
f 618 612 615 
f 605 614 613 
f 605 613 606 
f 611 618 610 
f 611 610 609 
f 608 607 615 
f 608 615 612 


# Coordinates
v 0.580344 0.133235 -1.526259
v 0.580344 -0.137058 -1.526259
v 0.714847 -0.137058 -1.689544
v 0.714847 0.133235 -1.689544
v 0.689895 -0.137058 -1.697635
v 0.689895 0.133235 -1.697635
v 0.560377 0.133235 -1.745568
v 0.560377 -0.137058 -1.745568
v 0.559731 -0.137058 -1.533735
v 0.559731 0.133235 -1.533735
v 0.584715 0.133235 -1.735782
v 0.584715 -0.137058 -1.735782
v 0.580065 -0.137058 -1.578855
v 0.593662 -0.137058 -1.573924
v 0.580065 0.133235 -1.578855
v 0.593662 0.133235 -1.573924
v 0.595066 0.123514 -1.577795
v 0.581469 0.123514 -1.582727
v 0.595066 -0.127336 -1.577795
v 0.680547 -0.127336 -1.685683
v 0.581469 -0.127336 -1.582727
v 0.680547 0.123514 -1.685683
v 0.585023 0.123514 -1.720328
v 0.585023 -0.127336 -1.720328

# UV Coordinates

# Faces
g Cube.018_0
usemtl gate_grey
# MOO:NODEID:4802104588
f 621 622 623 
f 621 623 624 
f 624 623 625 
f 624 625 626 
f 627 628 629 
f 627 629 630 
f 628 627 631 
f 628 631 632 
f 622 621 630 
f 622 630 629 
f 622 629 633 
f 622 633 634 
f 635 636 637 
f 635 637 638 
f 625 634 639 
f 625 639 640 
f 634 633 641 
f 634 641 639 
f 623 622 634 
f 623 634 625 
f 630 621 636 
f 630 636 635 
f 627 630 635 
f 627 635 631 
f 629 628 632 
f 629 632 633 
f 621 624 626 
f 621 626 636 
f 642 643 638 
f 642 638 637 
f 644 640 639 
f 644 639 641 
f 644 643 642 
f 644 642 640 
f 636 626 642 
f 636 642 637 
f 631 635 638 
f 631 638 643 
f 633 632 644 
f 633 644 641 
f 626 625 640 
f 626 640 642 
f 632 631 643 
f 632 643 644 


# Coordinates
v 0.684215 0.128606 -1.691761
v 0.586104 0.128606 -1.727344
v 0.581469 0.128606 -1.582727
v 0.595066 0.128606 -1.577795
v 0.595066 -0.131739 -1.577795
v 0.581469 -0.131739 -1.582727
v 0.586104 -0.131739 -1.727344
v 0.684215 -0.131739 -1.691761
v 0.705099 -0.129042 -1.607268
v 0.705099 0.123690 -1.607268
v 0.693783 0.123690 -1.598774
v 0.693783 -0.129042 -1.598774
v 0.515912 0.123690 -1.675882
v 0.519740 0.123690 -1.661897
v 0.515912 -0.129042 -1.675882
v 0.519740 -0.129042 -1.661897
v 0.686735 -0.130235 -1.592287
v 0.686735 0.124882 -1.592287
v 0.676784 0.124882 -1.584821
v 0.676784 -0.130235 -1.584821
v 0.520439 0.124882 -1.652599
v 0.523806 0.124882 -1.640304
v 0.520439 -0.130235 -1.652599
v 0.523806 -0.130235 -1.640304
v 0.668386 -0.129042 -1.578222
v 0.668386 0.123690 -1.578222
v 0.657667 0.123690 -1.569512
v 0.657667 -0.129042 -1.569512
v 0.525542 0.123690 -1.630029
v 0.528619 0.123690 -1.616315
v 0.525542 -0.129042 -1.630029
v 0.528619 -0.129042 -1.616315
v 0.650375 -0.130235 -1.563113
v 0.650375 0.124882 -1.563113
v 0.640370 0.124882 -1.555667
v 0.640370 -0.130235 -1.555667
v 0.528659 0.124882 -1.607257
v 0.531600 0.124882 -1.595116
v 0.528659 -0.130235 -1.607257
v 0.531600 -0.130235 -1.595116
v 0.633674 -0.129042 -1.548375
v 0.633674 0.123690 -1.548375
v 0.622220 0.123690 -1.539951
v 0.622220 -0.129042 -1.539951
v 0.532417 0.123690 -1.585099
v 0.536468 0.123690 -1.571051
v 0.532417 -0.129042 -1.585099
v 0.536468 -0.129042 -1.571051
v 0.616377 -0.130235 -1.533008
v 0.616377 0.124882 -1.533008
v 0.606580 0.124882 -1.525486
v 0.606580 -0.130235 -1.525486
v 0.537252 0.124882 -1.561705
v 0.540574 0.124882 -1.549426
v 0.537252 -0.130235 -1.561705
v 0.540574 -0.130235 -1.549426

# UV Coordinates

# Faces
g Cube.019_0
usemtl glow
# MOO:NODEID:4288282006
f 645 646 647 
f 645 647 648 
f 649 650 651 
f 649 651 652 
f 651 646 645 
f 651 645 652 
f 653 654 655 
f 653 655 656 
f 654 657 658 
f 654 658 655 
f 657 659 660 
f 657 660 658 
f 659 653 656 
f 659 656 660 
f 656 655 658 
f 656 658 660 
f 659 657 654 
f 659 654 653 
f 661 662 663 
f 661 663 664 
f 662 665 666 
f 662 666 663 
f 665 667 668 
f 665 668 666 
f 667 661 664 
f 667 664 668 
f 664 663 666 
f 664 666 668 
f 667 665 662 
f 667 662 661 
f 669 670 671 
f 669 671 672 
f 670 673 674 
f 670 674 671 
f 673 675 676 
f 673 676 674 
f 675 669 672 
f 675 672 676 
f 672 671 674 
f 672 674 676 
f 675 673 670 
f 675 670 669 
f 677 678 679 
f 677 679 680 
f 678 681 682 
f 678 682 679 
f 681 683 684 
f 681 684 682 
f 683 677 680 
f 683 680 684 
f 680 679 682 
f 680 682 684 
f 683 681 678 
f 683 678 677 
f 685 686 687 
f 685 687 688 
f 686 689 690 
f 686 690 687 
f 689 691 692 
f 689 692 690 
f 691 685 688 
f 691 688 692 
f 688 687 690 
f 688 690 692 
f 691 689 686 
f 691 686 685 
f 693 694 695 
f 693 695 696 
f 694 697 698 
f 694 698 695 
f 697 699 700 
f 697 700 698 
f 699 693 696 
f 699 696 700 
f 696 695 698 
f 696 698 700 
f 699 697 694 
f 699 694 693 


# Coordinates
v -0.272560 0.129195 -1.760202
v -0.272560 -0.134554 -1.760202
v -0.289122 -0.134554 -1.760132
v -0.289122 0.129195 -1.760132
v -0.498033 0.129195 -1.748406
v -0.564973 0.129195 -1.737222
v -0.557540 0.129195 -1.662859
v -0.486295 0.129195 -1.687195
v -0.564973 -0.134554 -1.737222
v -0.557540 -0.134554 -1.662859
v -0.343805 -0.134554 -1.735866
v -0.360375 -0.134554 -1.760582
v -0.486295 -0.134554 -1.687195
v -0.360375 0.129195 -1.760582
v -0.429477 0.129195 -1.755232
v -0.415050 0.129195 -1.711530
v -0.343805 0.129195 -1.735866
v -0.498033 -0.134554 -1.748406
v -0.429477 -0.134554 -1.755232
v -0.415050 -0.134554 -1.711530
v -0.927992 -0.134554 -1.523315
v -0.940598 -0.134554 -1.512572
v -0.940598 0.129195 -1.512572
v -0.927992 0.129195 -1.523315
v -0.761914 0.129195 -1.650590
v -0.730918 0.129195 -1.596517
v -0.661024 0.129195 -1.624499
v -0.703857 0.129195 -1.685740
v -0.661024 -0.134554 -1.624499
v -0.703857 -0.134554 -1.685740
v -0.874248 -0.134554 -1.570099
v -0.870705 -0.134554 -1.540554
v -0.730918 -0.134554 -1.596517
v -0.874248 0.129195 -1.570099
v -0.870705 0.129195 -1.540554
v -0.800811 0.129195 -1.568535
v -0.818354 0.129195 -1.611082
v -0.761914 -0.134554 -1.650590
v -0.800811 -0.134554 -1.568535
v -0.818354 -0.134554 -1.611082

# UV Coordinates

# Faces
g Cube.020_0
usemtl gate_grey
# MOO:NODEID:7252709782
f 701 702 703 
f 701 703 704 
f 705 706 707 
f 705 707 708 
f 706 709 710 
f 706 710 707 
f 702 711 712 
f 702 712 703 
f 713 708 707 
f 713 707 710 
f 712 714 704 
f 712 704 703 
f 714 715 716 
f 714 716 717 
f 718 719 720 
f 718 720 713 
f 711 717 716 
f 711 716 720 
f 718 705 715 
f 718 715 719 
f 719 712 711 
f 719 711 720 
f 719 715 714 
f 719 714 712 
f 704 714 717 
f 704 717 701 
f 702 701 717 
f 702 717 711 
f 715 705 708 
f 715 708 716 
f 720 716 708 
f 720 708 713 
f 709 718 713 
f 709 713 710 
f 709 706 705 
f 709 705 718 
f 721 722 723 
f 721 723 724 
f 725 726 727 
f 725 727 728 
f 728 727 729 
f 728 729 730 
f 731 732 722 
f 731 722 721 
f 733 729 727 
f 733 727 726 
f 731 721 724 
f 731 724 734 
f 734 735 736 
f 734 736 737 
f 738 733 739 
f 738 739 740 
f 732 739 736 
f 732 736 735 
f 738 740 737 
f 738 737 725 
f 740 739 732 
f 740 732 731 
f 740 731 734 
f 740 734 737 
f 724 723 735 
f 724 735 734 
f 722 732 735 
f 722 735 723 
f 737 736 726 
f 737 726 725 
f 739 733 726 
f 739 726 736 
f 730 729 733 
f 730 733 738 
f 730 738 725 
f 730 725 728 


# Coordinates
v -0.571586 0.128606 -1.733055
v -0.669443 0.128606 -1.696781
v -0.579493 0.128606 -1.583447
v -0.565931 0.128606 -1.588474
v -0.565931 -0.131739 -1.588474
v -0.579493 -0.131739 -1.583447
v -0.669443 -0.131739 -1.696781
v -0.571586 -0.131739 -1.733055
v -0.501033 -0.129042 -1.682090
v -0.501033 0.123690 -1.682090
v -0.504175 0.123690 -1.668295
v -0.504175 -0.129042 -1.668295
v -0.689731 0.123690 -1.612143
v -0.677769 0.123690 -1.603947
v -0.689731 -0.129042 -1.612143
v -0.677769 -0.129042 -1.603947
v -0.505359 -0.130235 -1.658789
v -0.505359 0.124882 -1.658789
v -0.508125 0.124882 -1.646661
v -0.508125 -0.130235 -1.646661
v -0.671225 0.124882 -1.597305
v -0.660709 0.124882 -1.590101
v -0.671225 -0.130235 -1.597305
v -0.660709 -0.130235 -1.590101
v -0.510267 -0.129042 -1.636196
v -0.510267 0.123690 -1.636196
v -0.512815 0.123690 -1.622622
v -0.512815 -0.129042 -1.622622
v -0.652742 0.123690 -1.583383
v -0.641529 0.123690 -1.574910
v -0.652742 -0.129042 -1.583383
v -0.641529 -0.129042 -1.574910
v -0.514242 -0.130235 -1.613026
v -0.514242 0.124882 -1.613026
v -0.517062 0.124882 -1.600877
v -0.517062 -0.130235 -1.600877
v -0.635643 0.124882 -1.568024
v -0.625550 0.124882 -1.560663
v -0.635643 -0.130235 -1.568024
v -0.625550 -0.130235 -1.560663
v -0.517457 -0.129042 -1.590985
v -0.517457 0.123690 -1.590985
v -0.520750 0.123690 -1.577153
v -0.520750 -0.129042 -1.577153
v -0.618452 0.123690 -1.553548
v -0.606280 0.123690 -1.545449
v -0.618452 -0.129042 -1.553548
v -0.606280 -0.129042 -1.545449
v -0.520720 -0.130235 -1.568079
v -0.520720 0.124882 -1.568079
v -0.523332 0.124882 -1.556007
v -0.523332 -0.130235 -1.556007
v -0.599640 0.124882 -1.538824
v -0.589168 0.124882 -1.531603
v -0.599640 -0.130235 -1.538824
v -0.589168 -0.130235 -1.531603

# UV Coordinates

# Faces
g Cube.021_0
usemtl glow
# MOO:NODEID:1251827868
f 741 742 743 
f 741 743 744 
f 745 746 747 
f 745 747 748 
f 747 742 741 
f 747 741 748 
f 749 750 751 
f 749 751 752 
f 750 753 754 
f 750 754 751 
f 753 755 756 
f 753 756 754 
f 755 749 752 
f 755 752 756 
f 752 751 754 
f 752 754 756 
f 755 753 750 
f 755 750 749 
f 757 758 759 
f 757 759 760 
f 758 761 762 
f 758 762 759 
f 761 763 764 
f 761 764 762 
f 763 757 760 
f 763 760 764 
f 760 759 762 
f 760 762 764 
f 763 761 758 
f 763 758 757 
f 765 766 767 
f 765 767 768 
f 766 769 770 
f 766 770 767 
f 769 771 772 
f 769 772 770 
f 771 765 768 
f 771 768 772 
f 768 767 770 
f 768 770 772 
f 771 769 766 
f 771 766 765 
f 773 774 775 
f 773 775 776 
f 774 777 778 
f 774 778 775 
f 777 779 780 
f 777 780 778 
f 779 773 776 
f 779 776 780 
f 776 775 778 
f 776 778 780 
f 779 777 774 
f 779 774 773 
f 781 782 783 
f 781 783 784 
f 782 785 786 
f 782 786 783 
f 785 787 788 
f 785 788 786 
f 787 781 784 
f 787 784 788 
f 784 783 786 
f 784 786 788 
f 787 785 782 
f 787 782 781 
f 789 790 791 
f 789 791 792 
f 790 793 794 
f 790 794 791 
f 793 795 796 
f 793 796 794 
f 795 789 792 
f 795 792 796 
f 792 791 794 
f 792 794 796 
f 795 793 790 
f 795 790 789 


# Coordinates
v -0.543849 0.133235 -1.539637
v -0.543849 -0.137058 -1.539637
v -0.546781 -0.137058 -1.751166
v -0.546781 0.133235 -1.751166
v -0.571050 -0.137058 -1.741209
v -0.571050 0.133235 -1.741209
v -0.700853 0.133235 -1.694054
v -0.700853 -0.137058 -1.694054
v -0.564408 -0.137058 -1.532016
v -0.564408 0.133235 -1.532016
v -0.675958 0.133235 -1.702321
v -0.675958 -0.137058 -1.702321
v -0.578062 -0.137058 -1.579585
v -0.564500 -0.137058 -1.584613
v -0.578062 0.133235 -1.579585
v -0.564500 0.133235 -1.584613
v -0.565931 0.123514 -1.588474
v -0.579493 0.123514 -1.583447
v -0.565931 -0.127336 -1.588474
v -0.570455 -0.127336 -1.726047
v -0.579493 -0.127336 -1.583447
v -0.570455 0.123514 -1.726047
v -0.665733 0.123514 -1.690729
v -0.665733 -0.127336 -1.690729

# UV Coordinates

# Faces
g Cube.022_0
usemtl gate_grey
# MOO:NODEID:4782680298
f 797 798 799 
f 797 799 800 
f 800 799 801 
f 800 801 802 
f 803 804 805 
f 803 805 806 
f 804 803 807 
f 804 807 808 
f 798 797 806 
f 798 806 805 
f 798 805 809 
f 798 809 810 
f 811 812 813 
f 811 813 814 
f 801 810 815 
f 801 815 816 
f 810 809 817 
f 810 817 815 
f 799 798 810 
f 799 810 801 
f 806 797 812 
f 806 812 811 
f 803 806 811 
f 803 811 807 
f 805 804 808 
f 805 808 809 
f 797 800 802 
f 797 802 812 
f 818 819 814 
f 818 814 813 
f 820 816 815 
f 820 815 817 
f 820 819 818 
f 820 818 816 
f 812 802 818 
f 812 818 813 
f 807 811 814 
f 807 814 819 
f 809 808 820 
f 809 820 817 
f 802 801 816 
f 802 816 818 
f 808 807 819 
f 808 819 820 


# Coordinates
v -0.469205 0.107058 -1.715490
v -0.502129 0.120156 -1.689940
v -0.531945 0.120156 -1.517885
v -0.502913 0.107058 -1.470077
v -0.694016 0.120156 -1.618811
v -0.559258 0.120156 -1.507760
v -0.743766 -0.113602 -1.612057
v -0.692367 -0.125480 -1.618329
v -0.559426 -0.125480 -1.508772
v -0.550114 -0.113602 -1.452581
v -0.532477 -0.125480 -1.518762
v -0.503066 -0.125480 -1.688499
v -0.550114 0.107058 -1.452581
v -0.743766 0.107058 -1.612057
v -0.469205 -0.113602 -1.715490
v -0.469205 -0.002689 -1.715490
v -0.502913 -0.002689 -1.470077
v -0.502913 -0.113602 -1.470077
v -0.743766 -0.002689 -1.612057
v -0.550114 -0.002689 -1.452581

# UV Coordinates

# Faces
g Cube.023_0
usemtl gate_grey
# MOO:NODEID:999406640
f 821 822 823 
f 821 823 824 
f 822 825 826 
f 822 826 823 
f 827 828 829 
f 827 829 830 
f 831 829 828 
f 831 828 832 
f 824 823 826 
f 824 826 833 
f 834 825 822 
f 834 822 821 
f 835 836 837 
f 835 837 838 
f 834 839 840 
f 834 840 833 
f 838 837 840 
f 838 840 830 
f 827 839 836 
f 827 836 835 
f 836 821 824 
f 836 824 837 
f 839 827 830 
f 839 830 840 
f 837 824 833 
f 837 833 840 
f 839 834 821 
f 839 821 836 
f 838 831 832 
f 838 832 835 
f 825 834 833 
f 825 833 826 
f 831 838 830 
f 831 830 829 
f 828 827 835 
f 828 835 832 


# Coordinates
v -1.781031 0.129195 -0.023140
v -1.781031 -0.134554 -0.023140
v -1.783710 -0.134554 -0.006795
v -1.783710 0.129195 -0.006795
v -1.806793 0.129195 0.201167
v -1.806866 0.129195 0.269035
v -1.732300 0.129195 0.274038
v -1.744483 0.129195 0.199744
v -1.806866 -0.134554 0.269035
v -1.732300 -0.134554 0.274038
v -1.768849 -0.134554 0.051155
v -1.795971 -0.134554 0.063396
v -1.744483 -0.134554 0.199744
v -1.795971 0.129195 0.063396
v -1.802155 0.129195 0.132429
v -1.756666 0.129195 0.125449
v -1.768849 0.129195 0.051155
v -1.806793 -0.134554 0.201167
v -1.802155 -0.134554 0.132429
v -1.756666 -0.134554 0.125449
v -1.656126 -0.134554 0.662504
v -1.647623 -0.134554 0.676717
v -1.647623 0.129195 0.676717
v -1.656126 0.129195 0.662504
v -1.754096 0.129195 0.477617
v -1.695631 0.129195 0.456018
v -1.711634 0.129195 0.382451
v -1.779130 0.129195 0.414535
v -1.711634 -0.134554 0.382451
v -1.779130 -0.134554 0.414535
v -1.693349 -0.134554 0.601745
v -1.663626 -0.134554 0.603151
v -1.695631 -0.134554 0.456018
v -1.693349 0.129195 0.601745
v -1.663626 0.129195 0.603151
v -1.679628 0.129195 0.529584
v -1.724495 0.129195 0.539828
v -1.754096 -0.134554 0.477617
v -1.679628 -0.134554 0.529584
v -1.724495 -0.134554 0.539828

# UV Coordinates

# Faces
g Cube.024_0
usemtl gate_grey
# MOO:NODEID:1784703758
f 841 842 843 
f 841 843 844 
f 845 846 847 
f 845 847 848 
f 846 849 850 
f 846 850 847 
f 842 851 852 
f 842 852 843 
f 853 848 847 
f 853 847 850 
f 852 854 844 
f 852 844 843 
f 854 855 856 
f 854 856 857 
f 858 859 860 
f 858 860 853 
f 851 857 856 
f 851 856 860 
f 858 845 855 
f 858 855 859 
f 859 852 851 
f 859 851 860 
f 859 855 854 
f 859 854 852 
f 844 854 857 
f 844 857 841 
f 842 841 857 
f 842 857 851 
f 855 845 848 
f 855 848 856 
f 860 856 848 
f 860 848 853 
f 849 858 853 
f 849 853 850 
f 849 846 845 
f 849 845 858 
f 861 862 863 
f 861 863 864 
f 865 866 867 
f 865 867 868 
f 868 867 869 
f 868 869 870 
f 871 872 862 
f 871 862 861 
f 873 869 867 
f 873 867 866 
f 871 861 864 
f 871 864 874 
f 874 875 876 
f 874 876 877 
f 878 873 879 
f 878 879 880 
f 872 879 876 
f 872 876 875 
f 878 880 877 
f 878 877 865 
f 880 879 872 
f 880 872 871 
f 880 871 874 
f 880 874 877 
f 864 863 875 
f 864 875 874 
f 862 872 875 
f 862 875 863 
f 877 876 866 
f 877 866 865 
f 879 873 866 
f 879 866 876 
f 870 869 873 
f 870 873 878 
f 870 878 865 
f 870 865 868 


# Coordinates
v -1.769552 0.107058 0.178198
v -1.749816 0.120156 0.214904
v -1.585088 0.120156 0.272841
v -1.533128 0.107058 0.252140
v -1.711496 0.120156 0.415929
v -1.579634 0.120156 0.301455
v -1.713086 -0.113602 0.466111
v -1.710747 -0.125480 0.414383
v -1.580660 -0.125480 0.301453
v -1.523702 -0.113602 0.301589
v -1.586041 -0.125480 0.273221
v -1.748551 -0.125480 0.216066
v -1.523702 0.107058 0.301589
v -1.713086 0.107058 0.466111
v -1.769552 -0.113602 0.178198
v -1.769552 -0.002689 0.178198
v -1.533128 -0.002689 0.252140
v -1.533128 -0.113602 0.252140
v -1.713086 -0.002689 0.466111
v -1.523702 -0.002689 0.301589

# UV Coordinates

# Faces
g Cube.025_0
usemtl gate_grey
# MOO:NODEID:5147307924
f 881 882 883 
f 881 883 884 
f 882 885 886 
f 882 886 883 
f 887 888 889 
f 887 889 890 
f 891 889 888 
f 891 888 892 
f 884 883 886 
f 884 886 893 
f 894 885 882 
f 894 882 881 
f 895 896 897 
f 895 897 898 
f 894 899 900 
f 894 900 893 
f 898 897 900 
f 898 900 890 
f 887 899 896 
f 887 896 895 
f 896 881 884 
f 896 884 897 
f 899 887 890 
f 899 890 900 
f 897 884 893 
f 897 893 900 
f 899 894 881 
f 899 881 896 
f 898 891 892 
f 898 892 895 
f 885 894 893 
f 885 893 886 
f 891 898 890 
f 891 890 889 
f 888 887 895 
f 888 895 892 


# Coordinates
v -1.608513 0.133235 0.280973
v -1.608513 -0.137058 0.280973
v -1.817599 -0.137058 0.248783
v -1.817599 0.133235 0.248783
v -1.811805 -0.137058 0.274367
v -1.811805 0.133235 0.274367
v -1.786831 0.133235 0.410193
v -1.786831 -0.137058 0.410193
v -1.604407 -0.137058 0.302511
v -1.604407 0.133235 0.302511
v -1.790855 0.133235 0.384272
v -1.790855 -0.137058 0.384272
v -1.653583 -0.137058 0.308087
v -1.656291 -0.137058 0.293879
v -1.653583 0.133235 0.308087
v -1.656291 0.133235 0.293879
v -1.660337 0.123514 0.294650
v -1.657628 0.123514 0.308858
v -1.660337 -0.127336 0.294650
v -1.796755 -0.127336 0.276295
v -1.657628 -0.127336 0.308858
v -1.796755 0.123514 0.276295
v -1.777727 0.123514 0.376111
v -1.777727 -0.127336 0.376111

# UV Coordinates

# Faces
g Cube.026_0
usemtl gate_grey
# MOO:NODEID:4050927138
f 901 902 903 
f 901 903 904 
f 904 903 905 
f 904 905 906 
f 907 908 909 
f 907 909 910 
f 908 907 911 
f 908 911 912 
f 902 901 910 
f 902 910 909 
f 902 909 913 
f 902 913 914 
f 915 916 917 
f 915 917 918 
f 905 914 919 
f 905 919 920 
f 914 913 921 
f 914 921 919 
f 903 902 914 
f 903 914 905 
f 910 901 916 
f 910 916 915 
f 907 910 915 
f 907 915 911 
f 909 908 912 
f 909 912 913 
f 901 904 906 
f 901 906 916 
f 922 923 918 
f 922 918 917 
f 924 920 919 
f 924 919 921 
f 924 923 922 
f 924 922 920 
f 916 906 922 
f 916 922 917 
f 911 915 918 
f 911 918 923 
f 913 912 924 
f 913 924 921 
f 906 905 920 
f 906 920 922 
f 912 911 923 
f 912 923 924 


# Coordinates
v -1.803853 0.128606 0.276248
v -1.784311 0.128606 0.378766
v -1.657628 0.128606 0.308858
v -1.660337 0.128606 0.294650
v -1.660337 -0.131739 0.294650
v -1.657628 -0.131739 0.308858
v -1.784311 -0.131739 0.378766
v -1.803853 -0.131739 0.276248
v -1.741893 -0.129042 0.215124
v -1.741893 0.123690 0.215124
v -1.728810 0.123690 0.220511
v -1.728810 -0.129042 0.220511
v -1.704209 0.123690 0.412810
v -1.694143 0.123690 0.402373
v -1.704209 -0.129042 0.412810
v -1.694143 -0.129042 0.402373
v -1.719632 -0.130235 0.223255
v -1.719632 0.124882 0.223255
v -1.708130 0.124882 0.227994
v -1.708130 -0.130235 0.227994
v -1.686508 0.124882 0.397021
v -1.677659 0.124882 0.387845
v -1.686508 -0.130235 0.397021
v -1.677659 -0.130235 0.387845
v -1.698166 -0.129042 0.231842
v -1.698166 0.123690 0.231842
v -1.685202 0.123690 0.236605
v -1.685202 -0.129042 0.236605
v -1.669714 0.123690 0.381103
v -1.659498 0.123690 0.371450
v -1.669714 -0.129042 0.381103
v -1.659498 -0.129042 0.371450
v -1.675976 -0.130235 0.239605
v -1.675976 0.124882 0.239605
v -1.664463 0.124882 0.244400
v -1.664463 -0.130235 0.244400
v -1.651732 0.124882 0.366788
v -1.642798 0.124882 0.358056
v -1.651732 -0.130235 0.366788
v -1.642798 -0.130235 0.358056
v -1.654774 -0.129042 0.246430
v -1.654774 0.123690 0.246430
v -1.641680 0.123690 0.251972
v -1.641680 -0.129042 0.251972
v -1.634605 0.123690 0.352235
v -1.624599 0.123690 0.341576
v -1.634605 -0.129042 0.352235
v -1.624599 -0.129042 0.341576
v -1.632725 -0.130235 0.253447
v -1.632725 0.124882 0.253447
v -1.621254 0.124882 0.258025
v -1.621254 -0.130235 0.258025
v -1.616965 0.124882 0.336126
v -1.608107 0.124882 0.326997
v -1.616965 -0.130235 0.336126
v -1.608107 -0.130235 0.326997

# UV Coordinates

# Faces
g Cube.027_0
usemtl glow
# MOO:NODEID:5478058664
f 925 926 927 
f 925 927 928 
f 929 930 931 
f 929 931 932 
f 931 926 925 
f 931 925 932 
f 933 934 935 
f 933 935 936 
f 934 937 938 
f 934 938 935 
f 937 939 940 
f 937 940 938 
f 939 933 936 
f 939 936 940 
f 936 935 938 
f 936 938 940 
f 939 937 934 
f 939 934 933 
f 941 942 943 
f 941 943 944 
f 942 945 946 
f 942 946 943 
f 945 947 948 
f 945 948 946 
f 947 941 944 
f 947 944 948 
f 944 943 946 
f 944 946 948 
f 947 945 942 
f 947 942 941 
f 949 950 951 
f 949 951 952 
f 950 953 954 
f 950 954 951 
f 953 955 956 
f 953 956 954 
f 955 949 952 
f 955 952 956 
f 952 951 954 
f 952 954 956 
f 955 953 950 
f 955 950 949 
f 957 958 959 
f 957 959 960 
f 958 961 962 
f 958 962 959 
f 961 963 964 
f 961 964 962 
f 963 957 960 
f 963 960 964 
f 960 959 962 
f 960 962 964 
f 963 961 958 
f 963 958 957 
f 965 966 967 
f 965 967 968 
f 966 969 970 
f 966 970 967 
f 969 971 972 
f 969 972 970 
f 971 965 968 
f 971 968 972 
f 968 967 970 
f 968 970 972 
f 971 969 966 
f 971 966 965 
f 973 974 975 
f 973 975 976 
f 974 977 978 
f 974 978 975 
f 977 979 980 
f 977 980 978 
f 979 973 976 
f 979 976 980 
f 976 975 978 
f 976 978 980 
f 979 977 974 
f 979 974 973 


# Coordinates
v -1.381506 0.129195 1.124309
v -1.381506 -0.134554 1.124309
v -1.373080 -0.134554 1.138568
v -1.373080 0.129195 1.138568
v -1.257440 0.129195 1.312949
v -1.213976 0.129195 1.365074
v -1.153550 0.129195 1.321099
v -1.210539 0.129195 1.271901
v -1.213976 -0.134554 1.365074
v -1.153550 -0.134554 1.321099
v -1.324517 -0.134554 1.173506
v -1.337479 -0.134554 1.200291
v -1.210539 -0.134554 1.271901
v -1.337479 0.129195 1.200291
v -1.297958 0.129195 1.257229
v -1.267528 0.129195 1.222704
v -1.324517 0.129195 1.173506
v -1.257440 -0.134554 1.312949
v -1.297958 -0.134554 1.257229
v -1.267528 -0.134554 1.222704
v -0.846000 -0.134554 1.570341
v -0.830361 -0.134554 1.575795
v -0.830361 0.129195 1.575795
v -0.846000 0.129195 1.570341
v -1.039733 0.129195 1.491290
v -1.008720 0.129195 1.437227
v -1.068173 0.129195 1.391037
v -1.099393 0.129195 1.458938
v -1.068173 -0.134554 1.391037
v -1.099393 -0.134554 1.458938
v -0.913523 -0.134554 1.547587
v -0.889814 -0.134554 1.529606
v -1.008720 -0.134554 1.437227
v -0.913523 0.129195 1.547587
v -0.889814 0.129195 1.529606
v -0.949267 0.129195 1.483416
v -0.977126 0.129195 1.520047
v -1.039733 -0.134554 1.491290
v -0.949267 -0.134554 1.483416
v -0.977126 -0.134554 1.520047

# UV Coordinates

# Faces
g Cube.028_0
usemtl gate_grey
# MOO:NODEID:7199768262
f 981 982 983 
f 981 983 984 
f 985 986 987 
f 985 987 988 
f 986 989 990 
f 986 990 987 
f 982 991 992 
f 982 992 983 
f 993 988 987 
f 993 987 990 
f 992 994 984 
f 992 984 983 
f 994 995 996 
f 994 996 997 
f 998 999 1000 
f 998 1000 993 
f 991 997 996 
f 991 996 1000 
f 998 985 995 
f 998 995 999 
f 999 992 991 
f 999 991 1000 
f 999 995 994 
f 999 994 992 
f 984 994 997 
f 984 997 981 
f 982 981 997 
f 982 997 991 
f 995 985 988 
f 995 988 996 
f 1000 996 988 
f 1000 988 993 
f 989 998 993 
f 989 993 990 
f 989 986 985 
f 989 985 998 
f 1001 1002 1003 
f 1001 1003 1004 
f 1005 1006 1007 
f 1005 1007 1008 
f 1008 1007 1009 
f 1008 1009 1010 
f 1011 1012 1002 
f 1011 1002 1001 
f 1013 1009 1007 
f 1013 1007 1006 
f 1011 1001 1004 
f 1011 1004 1014 
f 1014 1015 1016 
f 1014 1016 1017 
f 1018 1013 1019 
f 1018 1019 1020 
f 1012 1019 1016 
f 1012 1016 1015 
f 1018 1020 1017 
f 1018 1017 1005 
f 1020 1019 1012 
f 1020 1012 1011 
f 1020 1011 1014 
f 1020 1014 1017 
f 1004 1003 1015 
f 1004 1015 1014 
f 1002 1012 1015 
f 1002 1015 1003 
f 1017 1016 1006 
f 1017 1006 1005 
f 1019 1013 1006 
f 1019 1006 1016 
f 1010 1009 1013 
f 1010 1013 1018 
f 1010 1018 1005 
f 1010 1005 1008 


# Coordinates
v -1.207039 0.128606 1.368677
v -1.126305 0.128606 1.434812
v -1.073923 0.128606 1.299935
v -1.085112 0.128606 1.290769
v -1.085112 -0.131739 1.290769
v -1.073923 -0.131739 1.299935
v -1.126305 -0.131739 1.434812
v -1.207039 -0.131739 1.368677
v -1.198689 -0.129042 1.282042
v -1.198689 0.123690 1.282042
v -1.185196 0.123690 1.277787
v -1.185196 -0.129042 1.277787
v -1.043009 0.123690 1.409572
v -1.041977 0.123690 1.395108
v -1.043009 -0.129042 1.409572
v -1.041977 -0.129042 1.395108
v -1.176393 -0.130235 1.274007
v -1.176393 0.124882 1.274007
v -1.164529 0.124882 1.270269
v -1.164529 -0.130235 1.270269
v -1.039550 0.124882 1.386106
v -1.038644 0.124882 1.373390
v -1.039550 -0.130235 1.386106
v -1.038644 -0.130235 1.373390
v -1.154416 -0.129042 1.266832
v -1.154416 0.123690 1.266832
v -1.141413 0.123690 1.262174
v -1.141413 -0.129042 1.262174
v -1.036871 0.123690 1.363122
v -1.035221 0.123690 1.349164
v -1.036871 -0.129042 1.363122
v -1.035221 -0.129042 1.349164
v -1.132410 -0.130235 1.258559
v -1.132410 0.124882 1.258559
v -1.120501 0.124882 1.254857
v -1.120501 -0.130235 1.254857
v -1.032251 0.124882 1.340607
v -1.030996 0.124882 1.328177
v -1.032251 -0.130235 1.340607
v -1.030996 -0.130235 1.328177
v -1.111764 -0.129042 1.250201
v -1.111764 0.123690 1.250201
v -1.098163 0.123690 1.246057
v -1.098163 -0.129042 1.246057
v -1.028441 0.123690 1.318457
v -1.027599 0.123690 1.303861
v -1.028441 -0.129042 1.318457
v -1.027599 -0.129042 1.303861
v -1.090346 -0.130235 1.241447
v -1.090346 0.124882 1.241447
v -1.078608 0.124882 1.237605
v -1.078608 -0.130235 1.237605
v -1.025235 0.124882 1.294784
v -1.024292 0.124882 1.282099
v -1.025235 -0.130235 1.294784
v -1.024292 -0.130235 1.282099

# UV Coordinates

# Faces
g Cube.029_0
usemtl glow
# MOO:NODEID:1944578060
f 1021 1022 1023 
f 1021 1023 1024 
f 1025 1026 1027 
f 1025 1027 1028 
f 1027 1022 1021 
f 1027 1021 1028 
f 1029 1030 1031 
f 1029 1031 1032 
f 1030 1033 1034 
f 1030 1034 1031 
f 1033 1035 1036 
f 1033 1036 1034 
f 1035 1029 1032 
f 1035 1032 1036 
f 1032 1031 1034 
f 1032 1034 1036 
f 1035 1033 1030 
f 1035 1030 1029 
f 1037 1038 1039 
f 1037 1039 1040 
f 1038 1041 1042 
f 1038 1042 1039 
f 1041 1043 1044 
f 1041 1044 1042 
f 1043 1037 1040 
f 1043 1040 1044 
f 1040 1039 1042 
f 1040 1042 1044 
f 1043 1041 1038 
f 1043 1038 1037 
f 1045 1046 1047 
f 1045 1047 1048 
f 1046 1049 1050 
f 1046 1050 1047 
f 1049 1051 1052 
f 1049 1052 1050 
f 1051 1045 1048 
f 1051 1048 1052 
f 1048 1047 1050 
f 1048 1050 1052 
f 1051 1049 1046 
f 1051 1046 1045 
f 1053 1054 1055 
f 1053 1055 1056 
f 1054 1057 1058 
f 1054 1058 1055 
f 1057 1059 1060 
f 1057 1060 1058 
f 1059 1053 1056 
f 1059 1056 1060 
f 1056 1055 1058 
f 1056 1058 1060 
f 1059 1057 1054 
f 1059 1054 1053 
f 1061 1062 1063 
f 1061 1063 1064 
f 1062 1065 1066 
f 1062 1066 1063 
f 1065 1067 1068 
f 1065 1068 1066 
f 1067 1061 1064 
f 1067 1064 1068 
f 1064 1063 1066 
f 1064 1066 1068 
f 1067 1065 1062 
f 1067 1062 1061 
f 1069 1070 1071 
f 1069 1071 1072 
f 1070 1073 1074 
f 1070 1074 1071 
f 1073 1075 1076 
f 1073 1076 1074 
f 1075 1069 1072 
f 1075 1072 1076 
f 1072 1071 1074 
f 1072 1074 1076 
f 1075 1073 1070 
f 1075 1070 1069 


# Coordinates
v -1.054116 0.133235 1.247043
v -1.054116 -0.137058 1.247043
v -1.235199 -0.137058 1.356417
v -1.235199 0.133235 1.356417
v -1.214347 -0.137058 1.372332
v -1.214347 0.133235 1.372332
v -1.108087 0.133235 1.460544
v -1.108087 -0.137058 1.460544
v -1.037154 -0.137058 1.260938
v -1.037154 0.133235 1.260938
v -1.127796 0.133235 1.443233
v -1.127796 -0.137058 1.443233
v -1.071314 -0.137058 1.296749
v -1.082502 -0.137058 1.287584
v -1.071314 0.133235 1.296749
v -1.082502 0.133235 1.287584
v -1.085112 0.123514 1.290769
v -1.073923 0.123514 1.299935
v -1.085112 -0.127336 1.290769
v -1.201562 -0.127336 1.364161
v -1.073923 -0.127336 1.299935
v -1.201562 0.123514 1.364161
v -1.122956 0.123514 1.428554
v -1.122956 -0.127336 1.428554

# UV Coordinates

# Faces
g Cube.030_0
usemtl gate_grey
# MOO:NODEID:6817279168
f 1077 1078 1079 
f 1077 1079 1080 
f 1080 1079 1081 
f 1080 1081 1082 
f 1083 1084 1085 
f 1083 1085 1086 
f 1084 1083 1087 
f 1084 1087 1088 
f 1078 1077 1086 
f 1078 1086 1085 
f 1078 1085 1089 
f 1078 1089 1090 
f 1091 1092 1093 
f 1091 1093 1094 
f 1081 1090 1095 
f 1081 1095 1096 
f 1090 1089 1097 
f 1090 1097 1095 
f 1079 1078 1090 
f 1079 1090 1081 
f 1086 1077 1092 
f 1086 1092 1091 
f 1083 1086 1091 
f 1083 1091 1087 
f 1085 1084 1088 
f 1085 1088 1089 
f 1077 1080 1082 
f 1077 1082 1092 
f 1098 1099 1094 
f 1098 1094 1093 
f 1100 1096 1095 
f 1100 1095 1097 
f 1100 1099 1098 
f 1100 1098 1096 
f 1092 1082 1098 
f 1092 1098 1093 
f 1087 1091 1094 
f 1087 1094 1099 
f 1089 1088 1100 
f 1089 1100 1097 
f 1082 1081 1096 
f 1082 1096 1098 
f 1088 1087 1099 
f 1088 1099 1100 


# Coordinates
v -1.243592 0.107058 1.271444
v -1.204910 0.120156 1.286954
v -1.041355 0.120156 1.225782
v -1.014758 0.107058 1.176579
v -1.046600 0.120156 1.416638
v -1.018821 0.120156 1.244241
v -1.015642 -0.113602 1.456164
v -1.047017 -0.125480 1.414971
v -1.019610 -0.125480 1.244898
v -0.975816 -0.113602 1.208479
v -1.041843 -0.125480 1.226685
v -1.203194 -0.125480 1.287035
v -0.975816 0.107058 1.208479
v -1.015642 0.107058 1.456164
v -1.243592 -0.113602 1.271444
v -1.243592 -0.002689 1.271444
v -1.014758 -0.002689 1.176579
v -1.014758 -0.113602 1.176579
v -1.015642 -0.002689 1.456164
v -0.975816 -0.002689 1.208479

# UV Coordinates

# Faces
g Cube.031_0
usemtl gate_grey
# MOO:NODEID:162119906
f 1101 1102 1103 
f 1101 1103 1104 
f 1102 1105 1106 
f 1102 1106 1103 
f 1107 1108 1109 
f 1107 1109 1110 
f 1111 1109 1108 
f 1111 1108 1112 
f 1104 1103 1106 
f 1104 1106 1113 
f 1114 1105 1102 
f 1114 1102 1101 
f 1115 1116 1117 
f 1115 1117 1118 
f 1114 1119 1120 
f 1114 1120 1113 
f 1118 1117 1120 
f 1118 1120 1110 
f 1107 1119 1116 
f 1107 1116 1115 
f 1116 1101 1104 
f 1116 1104 1117 
f 1119 1107 1110 
f 1119 1110 1120 
f 1117 1104 1113 
f 1117 1113 1120 
f 1119 1114 1101 
f 1119 1101 1116 
f 1118 1111 1112 
f 1118 1112 1115 
f 1105 1114 1113 
f 1105 1113 1106 
f 1111 1118 1110 
f 1111 1110 1109 
f 1108 1107 1115 
f 1108 1115 1112 


# Coordinates
v -1.347085 0.129195 -1.165308
v -1.347085 -0.134554 -1.165308
v -1.359665 -0.134554 -1.154535
v -1.359665 0.129195 -1.154535
v -1.511319 0.129195 -1.010375
v -1.555105 0.129195 -0.958522
v -1.501307 0.129195 -0.906649
v -1.462751 0.129195 -0.971314
v -1.555105 -0.134554 -0.958522
v -1.501307 -0.134554 -0.906649
v -1.385641 -0.134554 -1.100644
v -1.414269 -0.134554 -1.108758
v -1.462751 -0.134554 -0.971314
v -1.414269 0.129195 -1.108758
v -1.463480 0.129195 -1.059952
v -1.424196 0.129195 -1.035979
v -1.385641 0.129195 -1.100644
v -1.511319 -0.134554 -1.010375
v -1.463480 -0.134554 -1.059952
v -1.424196 -0.134554 -1.035979
v -1.693364 -0.134554 -0.560498
v -1.696020 -0.134554 -0.544150
v -1.696020 0.129195 -0.544150
v -1.693364 0.129195 -0.560498
v -1.649151 0.129195 -0.765012
v -1.590524 0.129195 -0.743858
v -1.555359 0.129195 -0.810427
v -1.627648 0.129195 -0.829383
v -1.555359 -0.134554 -0.810427
v -1.627648 -0.134554 -0.829383
v -1.682679 -0.134554 -0.630946
v -1.660855 -0.134554 -0.610719
v -1.590524 -0.134554 -0.743858
v -1.682679 0.129195 -0.630946
v -1.660855 0.129195 -0.610719
v -1.625690 0.129195 -0.677288
v -1.666601 0.129195 -0.698365
v -1.649151 -0.134554 -0.765012
v -1.625690 -0.134554 -0.677288
v -1.666601 -0.134554 -0.698365

# UV Coordinates

# Faces
g Cube.032_0
usemtl gate_grey
# MOO:NODEID:1913622100
f 1121 1122 1123 
f 1121 1123 1124 
f 1125 1126 1127 
f 1125 1127 1128 
f 1126 1129 1130 
f 1126 1130 1127 
f 1122 1131 1132 
f 1122 1132 1123 
f 1133 1128 1127 
f 1133 1127 1130 
f 1132 1134 1124 
f 1132 1124 1123 
f 1134 1135 1136 
f 1134 1136 1137 
f 1138 1139 1140 
f 1138 1140 1133 
f 1131 1137 1136 
f 1131 1136 1140 
f 1138 1125 1135 
f 1138 1135 1139 
f 1139 1132 1131 
f 1139 1131 1140 
f 1139 1135 1134 
f 1139 1134 1132 
f 1124 1134 1137 
f 1124 1137 1121 
f 1122 1121 1137 
f 1122 1137 1131 
f 1135 1125 1128 
f 1135 1128 1136 
f 1140 1136 1128 
f 1140 1128 1133 
f 1129 1138 1133 
f 1129 1133 1130 
f 1129 1126 1125 
f 1129 1125 1138 
f 1141 1142 1143 
f 1141 1143 1144 
f 1145 1146 1147 
f 1145 1147 1148 
f 1148 1147 1149 
f 1148 1149 1150 
f 1151 1152 1142 
f 1151 1142 1141 
f 1153 1149 1147 
f 1153 1147 1146 
f 1151 1141 1144 
f 1151 1144 1154 
f 1154 1155 1156 
f 1154 1156 1157 
f 1158 1153 1159 
f 1158 1159 1160 
f 1152 1159 1156 
f 1152 1156 1155 
f 1158 1160 1157 
f 1158 1157 1145 
f 1160 1159 1152 
f 1160 1152 1151 
f 1160 1151 1154 
f 1160 1154 1157 
f 1144 1143 1155 
f 1144 1155 1154 
f 1142 1152 1155 
f 1142 1155 1143 
f 1157 1156 1146 
f 1157 1146 1145 
f 1159 1153 1146 
f 1159 1146 1156 
f 1150 1149 1153 
f 1150 1153 1158 
f 1150 1158 1145 
f 1150 1145 1148 


# Coordinates
v -1.557449 0.128606 -0.951065
v -1.608562 0.128606 -0.860075
v -1.466640 0.128606 -0.831907
v -1.459556 0.128606 -0.844517
v -1.459556 -0.131739 -0.844517
v -1.466640 -0.131739 -0.831907
v -1.608562 -0.131739 -0.860075
v -1.557449 -0.131739 -0.951065
v -1.470681 -0.129042 -0.957884
v -1.470681 0.123690 -0.957884
v -1.464148 0.123690 -0.945334
v -1.464148 -0.129042 -0.945334
v -1.569243 0.123690 -0.782428
v -1.554820 0.123690 -0.783922
v -1.569243 -0.129042 -0.782428
v -1.554820 -0.129042 -0.783922
v -1.458897 -0.130235 -0.937322
v -1.458897 0.124882 -0.937322
v -1.453155 0.124882 -0.926286
v -1.453155 -0.130235 -0.926286
v -1.545533 0.124882 -0.783095
v -1.532854 0.124882 -0.784411
v -1.545533 -0.130235 -0.783095
v -1.532854 -0.130235 -0.784411
v -1.448014 -0.129042 -0.916924
v -1.448014 0.123690 -0.916924
v -1.441170 0.123690 -0.904928
v -1.441170 -0.129042 -0.904928
v -1.522433 0.123690 -0.784447
v -1.508401 0.123690 -0.785246
v -1.522433 -0.129042 -0.784447
v -1.508401 -0.129042 -0.785246
v -1.436047 -0.130235 -0.896689
v -1.436047 0.124882 -0.896689
v -1.430333 0.124882 -0.885603
v -1.430333 -0.130235 -0.885603
v -1.499458 0.124882 -0.783807
v -1.487000 0.124882 -0.784728
v -1.499458 -0.130235 -0.783807
v -1.487000 -0.130235 -0.784728
v -1.424231 -0.129042 -0.877808
v -1.424231 0.123690 -0.877808
v -1.417789 0.123690 -0.865133
v -1.417789 -0.129042 -0.865133
v -1.476984 0.123690 -0.783900
v -1.462463 0.123690 -0.785605
v -1.476984 -0.129042 -0.783900
v -1.462463 -0.129042 -0.785605
v -1.411892 -0.130235 -0.858235
v -1.411892 0.124882 -0.858235
v -1.406070 0.124882 -0.847342
v -1.406070 -0.130235 -0.847342
v -1.453114 0.124882 -0.784853
v -1.440458 0.124882 -0.786126
v -1.453114 -0.130235 -0.784853
v -1.440458 -0.130235 -0.786126

# UV Coordinates

# Faces
g Cube.033_0
usemtl glow
# MOO:NODEID:3814962230
f 1161 1162 1163 
f 1161 1163 1164 
f 1165 1166 1167 
f 1165 1167 1168 
f 1167 1162 1161 
f 1167 1161 1168 
f 1169 1170 1171 
f 1169 1171 1172 
f 1170 1173 1174 
f 1170 1174 1171 
f 1173 1175 1176 
f 1173 1176 1174 
f 1175 1169 1172 
f 1175 1172 1176 
f 1172 1171 1174 
f 1172 1174 1176 
f 1175 1173 1170 
f 1175 1170 1169 
f 1177 1178 1179 
f 1177 1179 1180 
f 1178 1181 1182 
f 1178 1182 1179 
f 1181 1183 1184 
f 1181 1184 1182 
f 1183 1177 1180 
f 1183 1180 1184 
f 1180 1179 1182 
f 1180 1182 1184 
f 1183 1181 1178 
f 1183 1178 1177 
f 1185 1186 1187 
f 1185 1187 1188 
f 1186 1189 1190 
f 1186 1190 1187 
f 1189 1191 1192 
f 1189 1192 1190 
f 1191 1185 1188 
f 1191 1188 1192 
f 1188 1187 1190 
f 1188 1190 1192 
f 1191 1189 1186 
f 1191 1186 1185 
f 1193 1194 1195 
f 1193 1195 1196 
f 1194 1197 1198 
f 1194 1198 1195 
f 1197 1199 1200 
f 1197 1200 1198 
f 1199 1193 1196 
f 1199 1196 1200 
f 1196 1195 1198 
f 1196 1198 1200 
f 1199 1197 1194 
f 1199 1194 1193 
f 1201 1202 1203 
f 1201 1203 1204 
f 1202 1205 1206 
f 1202 1206 1203 
f 1205 1207 1208 
f 1205 1208 1206 
f 1207 1201 1204 
f 1207 1204 1208 
f 1204 1203 1206 
f 1204 1206 1208 
f 1207 1205 1202 
f 1207 1202 1201 
f 1209 1210 1211 
f 1209 1211 1212 
f 1210 1213 1214 
f 1210 1214 1211 
f 1213 1215 1216 
f 1213 1216 1214 
f 1215 1209 1212 
f 1215 1212 1216 
f 1212 1211 1214 
f 1212 1214 1216 
f 1215 1213 1210 
f 1215 1210 1209 


# Coordinates
v -1.411112 0.133235 -0.821584
v -1.411112 -0.137058 -0.821584
v -1.550264 -0.137058 -0.980925
v -1.550264 0.133235 -0.980925
v -1.562318 -0.137058 -0.957628
v -1.562318 0.133235 -0.957628
v -1.630740 0.133235 -0.837666
v -1.630740 -0.137058 -0.837666
v -1.421851 -0.137058 -0.802467
v -1.421851 0.133235 -0.802467
v -1.617114 0.133235 -0.860081
v -1.617114 -0.137058 -0.860081
v -1.463049 -0.137058 -0.829890
v -1.455965 -0.137058 -0.842500
v -1.463049 0.133235 -0.829890
v -1.455965 0.133235 -0.842500
v -1.459556 0.123514 -0.844517
v -1.466640 0.123514 -0.831907
v -1.459556 -0.127336 -0.844517
v -1.552051 -0.127336 -0.946455
v -1.466640 -0.127336 -0.831907
v -1.552051 0.123514 -0.946455
v -1.601817 0.123514 -0.857864
v -1.601817 -0.127336 -0.857864

# UV Coordinates

# Faces
g Cube.034_0
usemtl gate_grey
# MOO:NODEID:3156021144
f 1217 1218 1219 
f 1217 1219 1220 
f 1220 1219 1221 
f 1220 1221 1222 
f 1223 1224 1225 
f 1223 1225 1226 
f 1224 1223 1227 
f 1224 1227 1228 
f 1218 1217 1226 
f 1218 1226 1225 
f 1218 1225 1229 
f 1218 1229 1230 
f 1231 1232 1233 
f 1231 1233 1234 
f 1221 1230 1235 
f 1221 1235 1236 
f 1230 1229 1237 
f 1230 1237 1235 
f 1219 1218 1230 
f 1219 1230 1221 
f 1226 1217 1232 
f 1226 1232 1231 
f 1223 1226 1231 
f 1223 1231 1227 
f 1225 1224 1228 
f 1225 1228 1229 
f 1217 1220 1222 
f 1217 1222 1232 
f 1238 1239 1234 
f 1238 1234 1233 
f 1240 1236 1235 
f 1240 1235 1237 
f 1240 1239 1238 
f 1240 1238 1236 
f 1232 1222 1238 
f 1232 1238 1233 
f 1227 1231 1234 
f 1227 1234 1239 
f 1229 1228 1240 
f 1229 1240 1237 
f 1222 1221 1236 
f 1222 1236 1238 
f 1228 1227 1239 
f 1228 1239 1240 


# Coordinates
v -1.468040 0.107058 -1.003944
v -1.476598 0.120156 -0.963158
v -1.387959 0.120156 -0.812708
v -1.334885 0.107058 -0.795058
v -1.576825 0.120156 -0.784737
v -1.402225 0.120156 -0.787312
v -1.610376 -0.113602 -0.747387
v -1.575256 -0.125480 -0.785437
v -1.403009 -0.125480 -0.787975
v -1.359540 -0.113602 -0.751170
v -1.388933 -0.125480 -0.813032
v -1.476380 -0.125480 -0.961453
v -1.359540 0.107058 -0.751170
v -1.610376 0.107058 -0.747387
v -1.468040 -0.113602 -1.003944
v -1.468040 -0.002689 -1.003944
v -1.334885 -0.002689 -0.795058
v -1.334885 -0.113602 -0.795058
v -1.610376 -0.002689 -0.747387
v -1.359540 -0.002689 -0.751170

# UV Coordinates

# Faces
g Cube.035_0
usemtl gate_grey
# MOO:NODEID:8228101338
f 1241 1242 1243 
f 1241 1243 1244 
f 1242 1245 1246 
f 1242 1246 1243 
f 1247 1248 1249 
f 1247 1249 1250 
f 1251 1249 1248 
f 1251 1248 1252 
f 1244 1243 1246 
f 1244 1246 1253 
f 1254 1245 1242 
f 1254 1242 1241 
f 1255 1256 1257 
f 1255 1257 1258 
f 1254 1259 1260 
f 1254 1260 1253 
f 1258 1257 1260 
f 1258 1260 1250 
f 1247 1259 1256 
f 1247 1256 1255 
f 1256 1241 1244 
f 1256 1244 1257 
f 1259 1247 1250 
f 1259 1250 1260 
f 1257 1244 1253 
f 1257 1253 1260 
f 1259 1254 1241 
f 1259 1241 1256 
f 1258 1251 1252 
f 1258 1252 1255 
f 1245 1254 1253 
f 1245 1253 1246 
f 1251 1258 1250 
f 1251 1250 1249 
f 1248 1247 1255 
f 1248 1255 1252 


# Coordinates
v 0.258627 -0.056544 1.742071
v 0.258627 -0.035916 1.742071
v 0.172424 -0.035916 1.750556
v 0.172424 -0.056544 1.750556
v 0.172353 -0.074148 1.749884
v 0.258521 -0.074148 1.741400
v 0.343875 -0.074148 1.728744
v 0.343999 -0.056544 1.729416
v 0.593523 -0.056544 1.658148
v 0.510625 -0.056544 1.683283
v 0.510413 -0.074148 1.682629
v 0.593293 -0.074148 1.657494
v 0.674529 -0.074148 1.628436
v 0.674777 -0.056544 1.629072
v 0.905600 -0.056544 1.510488
v 0.905600 -0.035916 1.510488
v 0.829207 -0.035916 1.551318
v 0.829207 -0.056544 1.551318
v 0.828889 -0.074148 1.550717
v 0.905246 -0.074148 1.509905
v 0.979253 -0.074148 1.465557
v 0.979642 -0.056544 1.466123
v 1.182874 -0.056544 1.304799
v 1.182874 -0.035916 1.304799
v 1.115920 -0.035916 1.359752
v 1.115920 -0.056544 1.359752
v 1.115478 -0.074148 1.359222
v 1.182415 -0.074148 1.304286
v 1.246364 -0.074148 1.246364
v 1.246841 -0.056544 1.246841
v 1.246841 -0.035916 1.246841
v 1.414705 -0.056544 1.048948
v 1.359752 -0.035916 1.115920
v 1.359752 -0.056544 1.115920
v 1.359222 -0.074148 1.115478
v 1.414157 -0.074148 1.048541
v 1.465557 -0.074148 0.979253
v 1.466123 -0.056544 0.979642
v 1.592166 -0.056544 0.752814
v 1.592166 -0.035916 0.752814
v 1.551318 -0.056544 0.829207
v 1.550717 -0.074148 0.828889
v 1.591547 -0.074148 0.752513
v 1.628436 -0.074148 0.674529
v 1.629072 -0.056544 0.674777
v 1.708435 -0.056544 0.427727
v 1.683283 -0.035916 0.510625
v 1.683283 -0.056544 0.510625
v 1.682629 -0.074148 0.510413
v 1.707763 -0.074148 0.427551
v 1.728744 -0.074148 0.343875
v 1.729416 -0.056544 0.343999
v 1.759057 -0.056544 0.086203
v 1.750556 -0.056544 0.172424
v 1.749884 -0.074148 0.172353
v 1.758368 -0.074148 0.086168
v 1.762610 -0.074148 -0.000000
v 1.763299 -0.056544 -0.000000
v 1.763299 -0.035916 -0.000000
v 1.742071 -0.056544 -0.258627
v 1.742071 -0.025612 -0.258627
v 1.750556 -0.035916 -0.172424
v 1.750556 -0.056544 -0.172424
v 1.749884 -0.074148 -0.172353
v 1.741400 -0.074148 -0.258521
v 1.728744 -0.074148 -0.343875
v 1.729416 -0.056544 -0.343999
v 1.658148 -0.056544 -0.593505
v 1.658148 -0.035916 -0.593523
v 1.683283 -0.035916 -0.510625
v 1.683283 -0.056544 -0.510625
v 1.682629 -0.074148 -0.510413
v 1.657494 -0.074148 -0.593275
v 1.628436 -0.074148 -0.674529
v 1.629072 -0.056544 -0.674777
v 1.629072 -0.035916 -0.674777
v 1.510488 -0.056544 -0.905600
v 1.510488 -0.035916 -0.905600
v 1.551318 -0.035916 -0.829207
v 1.551318 -0.056544 -0.829207
v 1.550717 -0.074148 -0.828871
v 1.509905 -0.074148 -0.905246
v 1.465557 -0.074148 -0.979253
v 1.466123 -0.056544 -0.979642
v 1.304799 -0.056544 -1.182874
v 1.359752 -0.035916 -1.115920
v 1.359752 -0.056544 -1.115920
v 1.359222 -0.074148 -1.115478
v 1.304286 -0.074148 -1.182415
v 1.246364 -0.074148 -1.246346
v 1.246841 -0.056544 -1.246841
v 1.246841 -0.035916 -1.246841
v 1.048948 -0.056544 -1.414705
v 1.115920 -0.035916 -1.359752
v 1.115920 -0.056544 -1.359752
v 1.115478 -0.074148 -1.359222
v 1.048541 -0.074148 -1.414157
v 0.979253 -0.074148 -1.465557
v 0.979642 -0.056544 -1.466123
v 0.752796 -0.056544 -1.592166
v 0.829207 -0.035916 -1.551318
v 0.829207 -0.056544 -1.551318
v 0.828871 -0.074148 -1.550717
v 0.752513 -0.074148 -1.591547
v 0.674529 -0.074148 -1.628436
v 0.674777 -0.056544 -1.629072
v 0.427727 -0.056544 -1.708435
v 0.510625 -0.056544 -1.683283
v 0.510413 -0.074148 -1.682629
v 0.427551 -0.074148 -1.707763
v 0.343875 -0.074148 -1.728744
v 0.343999 -0.056544 -1.729416
v 0.086203 -0.056544 -1.759057
v 0.172406 -0.056544 -1.750556
v 0.172353 -0.074148 -1.749884
v 0.086168 -0.074148 -1.758368
v 0.000000 -0.074148 -1.762610
v 0.000000 -0.056544 -1.763299
v 0.000000 -0.035916 -1.763299
v -0.258627 -0.056544 -1.742071
v -0.258627 -0.035916 -1.742071
v -0.172424 -0.035916 -1.750556
v -0.172424 -0.056544 -1.750556
v -0.172353 -0.074148 -1.749884
v -0.258521 -0.074148 -1.741400
v -0.343875 -0.074148 -1.728744
v -0.343999 -0.056544 -1.729416
v -0.593523 -0.056544 -1.658148
v -0.510625 -0.056544 -1.683283
v -0.510431 -0.074148 -1.682629
v -0.593293 -0.074148 -1.657494
v -0.674529 -0.074148 -1.628436
v -0.674777 -0.056544 -1.629072
v -0.905600 -0.056544 -1.510488
v -0.905600 -0.035916 -1.510488
v -0.829207 -0.035916 -1.551318
v -0.829207 -0.056544 -1.551318
v -0.828889 -0.074148 -1.550717
v -0.905246 -0.074148 -1.509905
v -0.979253 -0.074148 -1.465557
v -0.979642 -0.056544 -1.466123
v -1.182874 -0.056544 -1.304799
v -1.182874 -0.035916 -1.304799
v -1.115920 -0.035916 -1.359752
v -1.115920 -0.056544 -1.359752
v -1.115478 -0.074148 -1.359222
v -1.182415 -0.074148 -1.304286
v -1.246364 -0.074148 -1.246346
v -1.246841 -0.056544 -1.246841
v -1.246841 -0.035916 -1.246841
v -1.414705 -0.056544 -1.048948
v -1.359752 -0.035916 -1.115920
v -1.359752 -0.056544 -1.115920
v -1.359222 -0.074148 -1.115478
v -1.414157 -0.074148 -1.048541
v -1.465557 -0.074148 -0.979253
v -1.466123 -0.056544 -0.979642
v -1.592166 -0.056544 -0.752796
v -1.592166 -0.035916 -0.752796
v -1.551318 -0.056544 -0.829207
v -1.550717 -0.074148 -0.828871
v -1.591547 -0.074148 -0.752513
v -1.628436 -0.074148 -0.674529
v -1.629072 -0.056544 -0.674777
v -1.708435 -0.056544 -0.427727
v -1.683283 -0.056544 -0.510625
v -1.682629 -0.074148 -0.510413
v -1.707763 -0.074148 -0.427551
v -1.728744 -0.074148 -0.343875
v -1.729416 -0.056544 -0.343999
v -1.759057 -0.056544 -0.086203
v -1.750556 -0.035916 -0.172406
v -1.750556 -0.056544 -0.172406
v -1.749884 -0.074148 -0.172353
v -1.758368 -0.074148 -0.086168
v -1.762610 -0.074148 -0.000000
v -1.763299 -0.056544 -0.000000
v -1.763299 -0.035916 -0.000000
v -1.742071 -0.056544 0.258627
v -1.742071 -0.025612 0.258627
v -1.750556 -0.035916 0.172424
v -1.750556 -0.056544 0.172424
v -1.749884 -0.074148 0.172353
v -1.741400 -0.074148 0.258521
v -1.728744 -0.074148 0.343875
v -1.729416 -0.056544 0.343999
v -1.658148 -0.056544 0.593523
v -1.683283 -0.056544 0.510625
v -1.682629 -0.074148 0.510431
v -1.657494 -0.074148 0.593293
v -1.628436 -0.074148 0.674529
v -1.629072 -0.056544 0.674794
v -1.629072 -0.035916 0.674794
v -1.510488 -0.056544 0.905600
v -1.510488 -0.035916 0.905600
v -1.551318 -0.025612 0.829207
v -1.551318 -0.056544 0.829207
v -1.550717 -0.074148 0.828889
v -1.509905 -0.074148 0.905246
v -1.465557 -0.074148 0.979253
v -1.466123 -0.056544 0.979642
v -1.304799 -0.056544 1.182874
v -1.304799 -0.035916 1.182874
v -1.359752 -0.035916 1.115920
v -1.359752 -0.056544 1.115920
v -1.359222 -0.074148 1.115478
v -1.304286 -0.074148 1.182415
v -1.246346 -0.074148 1.246364
v -1.246841 -0.056544 1.246841
v -1.246841 -0.035916 1.246841
v -1.048948 -0.056544 1.414705
v -1.048948 -0.035916 1.414705
v -1.115920 -0.035916 1.359752
v -1.115920 -0.056544 1.359752
v -1.115478 -0.074148 1.359222
v -1.048541 -0.074148 1.414157
v -0.979253 -0.074148 1.465557
v -0.979625 -0.056544 1.466123
v -0.752796 -0.056544 1.592166
v -0.829207 -0.056544 1.551336
v -0.828871 -0.074148 1.550735
v -0.752513 -0.074148 1.591547
v -0.674512 -0.074148 1.628436
v -0.674777 -0.056544 1.629072
v 1.502393 -0.102871 0.900739
v 1.543011 -0.102871 0.824753
v 1.546245 -0.094298 0.826485
v 1.505539 -0.094298 0.902630
v 1.461315 -0.094298 0.976425
v 1.458257 -0.102871 0.974375
v 1.446468 -0.109305 0.966509
v 1.490250 -0.109305 0.893457
v 1.530532 -0.109305 0.818089
v -0.086203 -0.056544 1.759057
v -0.172406 -0.056544 1.750556
v -0.172353 -0.074148 1.749884
v -0.086168 -0.074148 1.758368
v 0.000000 -0.074148 1.762610
v 0.000000 -0.056544 1.763299
v -0.427727 -0.056544 1.708435
v -0.510625 -0.056544 1.683283
v -0.510413 -0.074148 1.682629
v -0.427551 -0.074148 1.707763
v -0.343858 -0.074148 1.728744
v -0.343999 -0.056544 1.729416
v -0.968507 -0.111443 -1.306213
v -1.030335 -0.111443 -1.255467
v -1.052765 -0.111443 -1.282793
v -0.924194 -0.111443 -1.383154
v -0.904504 -0.111443 -1.353689
v -0.891035 -0.109428 -1.333539
v -0.954101 -0.109428 -1.286770
v -1.014993 -0.109428 -1.236784
v -1.749619 -0.102871 0.085743
v -1.741170 -0.102871 0.171487
v -1.744829 -0.094298 0.171858
v -1.753278 -0.094298 0.085920
v -1.757520 -0.094298 -0.000000
v -1.753843 -0.102871 -0.000000
v -1.739667 -0.109305 -0.000000
v -1.735478 -0.109305 0.085054
v -1.727100 -0.109305 0.170108
v 1.176529 -0.102871 -1.297800
v 1.109928 -0.102871 -1.352452
v 1.112261 -0.094298 -1.355298
v 1.179003 -0.094298 -1.300522
v 1.242759 -0.094298 -1.242759
v 1.240142 -0.102871 -1.240142
v 1.230120 -0.109305 -1.230120
v 1.167019 -0.109305 -1.287300
v 1.100966 -0.109305 -1.341529
v -0.257230 -0.102871 1.732721
v -0.171487 -0.102871 1.741170
v -0.171840 -0.094298 1.744829
v -0.257778 -0.094298 1.736362
v -0.342868 -0.094298 1.723742
v -0.342161 -0.102871 1.720136
v -0.339386 -0.109305 1.706243
v -0.255162 -0.109305 1.718722
v -0.170108 -0.109305 1.727100
v -1.043327 -0.102871 -1.407104
v -1.109928 -0.102871 -1.352452
v -1.112261 -0.094298 -1.355298
v -1.045519 -0.094298 -1.410056
v -0.976425 -0.094298 -1.461315
v -0.974375 -0.102871 -1.458257
v -0.966509 -0.109305 -1.446468
v -1.034896 -0.109305 -1.395739
v -1.100966 -0.109305 -1.341529
v 1.732721 -0.102871 0.257230
v 1.741170 -0.102871 0.171487
v 1.744829 -0.094298 0.171858
v 1.736362 -0.094298 0.257778
v 1.723742 -0.094298 0.342868
v 1.720136 -0.102871 0.342161
v 1.706243 -0.109305 0.339386
v 1.718722 -0.109305 0.255162
v 1.727100 -0.109305 0.170108
v -1.583611 -0.102871 0.748766
v -1.543011 -0.102871 0.824753
v -1.546245 -0.094298 0.826485
v -1.586934 -0.094298 0.750339
v -1.623734 -0.094298 0.672567
v -1.620341 -0.102871 0.671171
v -1.607243 -0.109305 0.665745
v -1.570814 -0.109305 0.742721
v -1.530532 -0.109305 0.818089
v 0.590324 -0.102871 -1.649240
v 0.507885 -0.102871 -1.674251
v 0.508946 -0.094298 -1.677768
v 0.591561 -0.094298 -1.652704
v 0.672567 -0.094298 -1.623734
v 0.671171 -0.102871 -1.620341
v 0.665745 -0.109305 -1.607243
v 0.585551 -0.109305 -1.635913
v 0.503767 -0.109305 -1.660729
v 0.748766 -0.102871 1.583611
v 0.824753 -0.102871 1.543011
v 0.826485 -0.094298 1.546245
v 0.750339 -0.094298 1.586934
v 0.672567 -0.094298 1.623734
v 0.671171 -0.102871 1.620341
v 0.665745 -0.109305 1.607243
v 0.742721 -0.109305 1.570814
v 0.818089 -0.109305 1.530532
v -1.502393 -0.102871 -0.900739
v -1.543011 -0.102871 -0.824753
v -1.546245 -0.094298 -0.826485
v -1.505539 -0.094298 -0.902630
v -1.461315 -0.094298 -0.976425
v -1.458257 -0.102871 -0.974375
v -1.446485 -0.109305 -0.966509
v -1.490250 -0.109305 -0.893457
v -1.530532 -0.109305 -0.818089
v 1.699261 -0.102871 -0.425430
v 1.674251 -0.102871 -0.507885
v 1.677768 -0.094298 -0.508946
v 1.702832 -0.094298 -0.426313
v 1.723742 -0.094298 -0.342868
v 1.720136 -0.102871 -0.342161
v 1.706243 -0.109305 -0.339386
v 1.685528 -0.109305 -0.421983
v 1.660729 -0.109305 -0.503767
v -1.176529 -0.102871 1.297800
v -1.109928 -0.102871 1.352452
v -1.112261 -0.094298 1.355298
v -1.179003 -0.094298 1.300522
v -1.242741 -0.094298 1.242759
v -1.240142 -0.102871 1.240160
v -1.230120 -0.109305 1.230120
v -1.167019 -0.109305 1.287300
v -1.100966 -0.109305 1.341529
v -0.085743 -0.102871 -1.749619
v -0.171487 -0.102871 -1.741170
v -0.171858 -0.094298 -1.744829
v -0.085920 -0.094298 -1.753278
v 0.000000 -0.094298 -1.757520
v 0.000000 -0.102871 -1.753843
v 0.000000 -0.109305 -1.739667
v -0.085054 -0.109305 -1.735478
v -0.170108 -0.109305 -1.727100
v 1.297800 -0.102871 1.176529
v 1.352452 -0.102871 1.109928
v 1.355298 -0.094298 1.112261
v 1.300522 -0.094298 1.179003
v 1.242759 -0.094298 1.242759
v 1.240142 -0.102871 1.240142
v 1.230120 -0.109305 1.230120
v 1.287300 -0.109305 1.167019
v 1.341529 -0.109305 1.100966
v -1.732721 -0.102871 -0.257230
v -1.744829 -0.094298 -0.171840
v -1.736362 -0.094298 -0.257778
v -1.723742 -0.094298 -0.342868
v -1.720136 -0.102871 -0.342161
v -1.706243 -0.109305 -0.339386
v -1.718722 -0.109305 -0.255162
v -1.727100 -0.109305 -0.170108
v 1.407122 -0.102871 -1.043327
v 1.352452 -0.102871 -1.109928
v 1.355298 -0.094298 -1.112261
v 1.410056 -0.094298 -1.045519
v 1.461315 -0.094298 -0.976425
v 1.458257 -0.102871 -0.974375
v 1.446468 -0.109305 -0.966509
v 1.395739 -0.109305 -1.034896
v 1.341529 -0.109305 -1.100966
v -0.590324 -0.102871 1.649240
v -0.507885 -0.102871 1.674251
v -0.508946 -0.094298 1.677768
v -0.591561 -0.094298 1.652704
v -0.672567 -0.094298 1.623734
v -0.671153 -0.102871 1.620341
v -0.665745 -0.109305 1.607243
v -0.585551 -0.109305 1.635913
v -0.503767 -0.109305 1.660729
v -0.748766 -0.102871 -1.583611
v -0.824753 -0.102871 -1.543011
v -0.826485 -0.094298 -1.546245
v -0.750339 -0.094298 -1.586934
v -0.672567 -0.094298 -1.623734
v -0.671171 -0.102871 -1.620341
v -0.665745 -0.109305 -1.607243
v -0.742721 -0.109305 -1.570814
v -0.818089 -0.109305 -1.530532
v 1.649240 -0.102871 0.590324
v 1.674251 -0.102871 0.507885
v 1.677768 -0.094298 0.508946
v 1.652704 -0.094298 0.591561
v 1.623734 -0.094298 0.672567
v 1.620341 -0.102871 0.671171
v 1.607243 -0.109305 0.665745
v 1.635913 -0.109305 0.585551
v 1.660729 -0.109305 0.503767
v -1.699261 -0.102871 0.425430
v -1.674251 -0.102871 0.507885
v -1.677768 -0.094298 0.508946
v -1.702832 -0.094298 0.426331
v -1.723742 -0.094298 0.342868
v -1.720136 -0.102871 0.342161
v -1.706226 -0.109305 0.339386
v -1.685528 -0.109305 0.422001
v -1.660729 -0.109305 0.503785
v 0.900739 -0.102871 -1.502393
v 0.824753 -0.102871 -1.543011
v 0.826485 -0.094298 -1.546245
v 0.902630 -0.094298 -1.505539
v 0.976425 -0.094298 -1.461315
v 0.974375 -0.102871 -1.458257
v 0.966509 -0.109305 -1.446468
v 0.893457 -0.109305 -1.490250
v 0.818089 -0.109305 -1.530532
v 0.425430 -0.102871 1.699261
v 0.507885 -0.102871 1.674251
v 0.508946 -0.094298 1.677768
v 0.426331 -0.094298 1.702832
v 0.342868 -0.094298 1.723742
v 0.342161 -0.102871 1.720136
v 0.339386 -0.109305 1.706243
v 0.422001 -0.109305 1.685528
v 0.503767 -0.109305 1.660729
v -1.297800 -0.102871 -1.176529
v -1.352452 -0.102871 -1.109928
v -1.355298 -0.094298 -1.112261
v -1.300522 -0.094298 -1.179003
v -1.242759 -0.094298 -1.242741
v -1.240142 -0.102871 -1.240142
v -1.230120 -0.109305 -1.230120
v -1.287300 -0.109305 -1.167019
v -1.341529 -0.109305 -1.100966
v 1.749619 -0.102871 -0.085743
v 1.741170 -0.102871 -0.171487
v 1.744829 -0.094298 -0.171858
v 1.753278 -0.094298 -0.085920
v 1.757520 -0.094298 -0.000000
v 1.753843 -0.102871 -0.000000
v 1.739667 -0.109305 -0.000000
v 1.735478 -0.109305 -0.085054
v 1.727100 -0.109305 -0.170108
v -1.407104 -0.102871 1.043327
v -1.352452 -0.102871 1.109928
v -1.355280 -0.094298 1.112261
v -1.410056 -0.094298 1.045519
v -1.461315 -0.094298 0.976425
v -1.458257 -0.102871 0.974375
v -1.446468 -0.109305 0.966509
v -1.395739 -0.109305 1.034896
v -1.341529 -0.109305 1.100966
v 0.257230 -0.102871 -1.732721
v 0.171487 -0.102871 -1.741170
v 0.171858 -0.094298 -1.744829
v 0.257778 -0.094298 -1.736362
v 0.342868 -0.094298 -1.723742
v 0.342161 -0.102871 -1.720136
v 0.339386 -0.109305 -1.706243
v 0.255162 -0.109305 -1.718722
v 0.170108 -0.109305 -1.727100
v 1.043327 -0.102871 1.407122
v 1.109928 -0.102871 1.352452
v 1.112261 -0.094298 1.355298
v 1.045519 -0.094298 1.410056
v 0.976425 -0.094298 1.461315
v 0.974375 -0.102871 1.458257
v 0.966509 -0.109305 1.446468
v 1.034896 -0.109305 1.395739
v 1.100966 -0.109305 1.341529
v -1.649240 -0.102871 -0.590324
v -1.674251 -0.102871 -0.507885
v -1.677768 -0.094298 -0.508946
v -1.652704 -0.094298 -0.591561
v -1.623734 -0.094298 -0.672567
v -1.620341 -0.102871 -0.671171
v -1.607243 -0.109305 -0.665745
v -1.635913 -0.109305 -0.585551
v -1.660729 -0.109305 -0.503767
v 0.085743 -0.102871 1.749619
v 0.171487 -0.102871 1.741170
v 0.171858 -0.094298 1.744829
v 0.085920 -0.094298 1.753278
v 0.000000 -0.094298 1.757520
v 0.000000 -0.102871 1.753843
v 0.000000 -0.109305 1.739667
v 0.085054 -0.109305 1.735478
v 0.170108 -0.109305 1.727100
v 1.583611 -0.102871 -0.748766
v 1.543011 -0.102871 -0.824753
v 1.546245 -0.094298 -0.826485
v 1.586934 -0.094298 -0.750339
v 1.623734 -0.094298 -0.672567
v 1.620341 -0.102871 -0.671171
v 1.607243 -0.109305 -0.665745
v 1.570814 -0.109305 -0.742721
v 1.530532 -0.109305 -0.818089
v -0.900739 -0.102871 1.502393
v -0.748766 -0.102871 1.583629
v -0.826485 -0.094298 1.546245
v -0.902630 -0.094298 1.505539
v -0.976425 -0.094298 1.461315
v -0.974375 -0.102871 1.458257
v -0.966509 -0.109305 1.446485
v -0.893457 -0.109305 1.490250
v -0.818089 -0.109305 1.530532
v -0.425430 -0.102871 -1.699261
v -0.507885 -0.102871 -1.674251
v -0.508946 -0.094298 -1.677768
v -0.426331 -0.094298 -1.702832
v -0.342868 -0.094298 -1.723742
v -0.342161 -0.102871 -1.720136
v -0.339386 -0.109305 -1.706226
v -0.422001 -0.109305 -1.685528
v -0.503785 -0.109305 -1.660729
v -1.500590 -0.087228 -0.537121
v -1.523338 -0.087228 -0.462106
v -1.500590 -0.095288 -0.537121
v -1.474289 -0.095288 -0.610668
v -1.474289 -0.087228 -0.610668
v -1.467660 -0.081166 -0.607928
v -1.493838 -0.081166 -0.534699
v -1.516498 -0.081166 -0.460020
v 0.547991 -0.111443 -1.530991
v 0.471456 -0.111443 -1.554199
v 0.481726 -0.111443 -1.588012
v 0.559922 -0.111443 -1.564292
v 0.636598 -0.111443 -1.536877
v 0.623041 -0.111443 -1.504142
v 0.613761 -0.109428 -1.481748
v 0.539843 -0.109428 -1.508190
v 0.464439 -0.109428 -1.531062
v 1.577425 -0.111443 -0.394922
v 1.554199 -0.111443 -0.471456
v 1.588012 -0.111443 -0.481726
v 1.611733 -0.111443 -0.403512
v 1.631529 -0.111443 -0.324538
v 1.596797 -0.111443 -0.317627
v 1.573024 -0.109428 -0.312890
v 1.553934 -0.109428 -0.389036
v 1.531062 -0.109428 -0.464439
v 1.204739 -0.111443 1.092164
v 1.255467 -0.111443 1.030335
v 1.282793 -0.111443 1.052765
v 1.230951 -0.111443 1.115937
v 1.176264 -0.111443 1.176264
v 1.151217 -0.111443 1.151217
v 1.134072 -0.109428 1.134090
v 1.186798 -0.109428 1.075902
v 1.236784 -0.109428 1.014993
v -0.547991 -0.111443 1.530991
v -0.471456 -0.111443 1.554199
v -0.481708 -0.111443 1.588012
v -0.559922 -0.111443 1.564292
v -0.636598 -0.111443 1.536877
v -0.623041 -0.111443 1.504142
v -0.613761 -0.109428 1.481748
v -0.539843 -0.109428 1.508190
v -0.464439 -0.109428 1.531062
v -1.577425 -0.111443 0.394922
v -1.554199 -0.111443 0.471456
v -1.588012 -0.111443 0.481726
v -1.611733 -0.111443 0.403512
v -1.631529 -0.111443 0.324538
v -1.596797 -0.111443 0.317627
v -1.573024 -0.109428 0.312890
v -1.553934 -0.109428 0.389054
v -1.531062 -0.109428 0.464439
v -1.204739 -0.111443 -1.092164
v -1.255467 -0.111443 -1.030335
v -1.282793 -0.111443 -1.052765
v -1.230951 -0.111443 -1.115937
v -1.176264 -0.111443 -1.176264
v -1.151217 -0.111443 -1.151217
v -1.134090 -0.109428 -1.134072
v -1.186798 -0.109428 -1.075902
v -1.236784 -0.109428 -1.014993
v 0.238795 -0.111443 -1.608480
v 0.159185 -0.111443 -1.616311
v 0.162649 -0.111443 -1.651485
v 0.243991 -0.111443 -1.643478
v 0.324538 -0.111443 -1.631529
v 0.317627 -0.111443 -1.596797
v 0.312890 -0.109428 -1.573024
v 0.235242 -0.109428 -1.584530
v 0.156816 -0.109428 -1.592254
v 1.470064 -0.111443 -0.695068
v 1.432363 -0.111443 -0.765611
v 1.463524 -0.111443 -0.782261
v 1.536877 -0.111443 -0.636598
v 1.504142 -0.111443 -0.623041
v 1.481748 -0.109428 -0.613761
v 1.448182 -0.109428 -0.684728
v 1.411029 -0.109428 -0.754210
v 1.394661 -0.111443 0.836153
v 1.432363 -0.111443 0.765611
v 1.463524 -0.111443 0.782261
v 1.424992 -0.111443 0.854341
v 1.353689 -0.111443 0.904504
v 1.333539 -0.109428 0.891035
v 1.373892 -0.109428 0.823692
v 1.411029 -0.109428 0.754210
v 0.079592 -0.111443 1.624159
v 0.159185 -0.111443 1.616311
v 0.162649 -0.111443 1.651485
v 0.081325 -0.111443 1.659492
v 0.000000 -0.111443 1.663504
v 0.000000 -0.111443 1.628083
v 0.000000 -0.109428 1.603832
v 0.078408 -0.109428 1.599979
v 0.156816 -0.109428 1.592254
v -0.238795 -0.111443 1.608480
v -0.159185 -0.111443 1.616311
v -0.162649 -0.111443 1.651485
v -0.243991 -0.111443 1.643478
v -0.324538 -0.111443 1.631529
v -0.317627 -0.111443 1.596797
v -0.312890 -0.109428 1.573024
v -0.235224 -0.109428 1.584530
v -0.156816 -0.109428 1.592254
v -1.470064 -0.111443 0.695068
v -1.432363 -0.111443 0.765611
v -1.536877 -0.111443 0.636598
v -1.504142 -0.111443 0.623041
v -1.481748 -0.109428 0.613761
v -1.448182 -0.109428 0.684728
v -1.411029 -0.109428 0.754210
v -1.394661 -0.111443 -0.836153
v -1.432363 -0.111443 -0.765611
v -1.463524 -0.111443 -0.782261
v -1.383154 -0.111443 -0.924194
v -1.353689 -0.111443 -0.904504
v -1.333539 -0.109428 -0.891035
v -1.373892 -0.109428 -0.823692
v -1.411029 -0.109428 -0.754210
v -0.079592 -0.111443 -1.624159
v -0.159202 -0.111443 -1.616311
v -0.162649 -0.111443 -1.651485
v -0.081325 -0.111443 -1.659492
v 0.000000 -0.111443 -1.663504
v 0.000000 -0.111443 -1.628065
v 0.000000 -0.109428 -1.603832
v -0.078408 -0.109428 -1.599979
v -0.156816 -0.109428 -1.592254
v 1.306213 -0.111443 -0.968507
v 1.255467 -0.111443 -1.030335
v 1.282793 -0.111443 -1.052765
v 1.334635 -0.111443 -0.989594
v 1.353689 -0.111443 -0.904504
v 1.333539 -0.109428 -0.891035
v 1.286770 -0.109428 -0.954101
v 1.236784 -0.109428 -1.014993
v 1.530991 -0.111443 0.547991
v 1.554199 -0.111443 0.471456
v 1.588012 -0.111443 0.481726
v 1.603443 -0.111443 0.573938
v 1.536877 -0.111443 0.636598
v 1.504142 -0.111443 0.623041
v 1.481748 -0.109428 0.613761
v 1.508190 -0.109428 0.539843
v 1.531062 -0.109428 0.464439
v 0.394922 -0.111443 1.577425
v 0.471456 -0.111443 1.554199
v 0.481726 -0.111443 1.588012
v 0.403512 -0.111443 1.611733
v 0.324538 -0.111443 1.631529
v 0.317627 -0.111443 1.596797
v 0.312890 -0.109428 1.573024
v 0.389036 -0.109428 1.553934
v 0.464439 -0.109428 1.531062
v -1.306213 -0.111443 0.968524
v -1.255467 -0.111443 1.030335
v -1.282793 -0.111443 1.052765
v -1.334635 -0.111443 0.989594
v -1.383137 -0.111443 0.924194
v -1.353689 -0.111443 0.904504
v -1.333539 -0.109428 0.891035
v -1.286770 -0.109428 0.954101
v -1.236784 -0.109428 1.014993
v -1.530991 -0.111443 -0.547991
v -1.554199 -0.111443 -0.471456
v -1.588012 -0.111443 -0.481726
v -1.564292 -0.111443 -0.559922
v -1.536877 -0.111443 -0.636598
v -1.504142 -0.111443 -0.623041
v -1.481748 -0.109428 -0.613761
v -1.508190 -0.109428 -0.539843
v -1.531062 -0.109428 -0.464439
v -0.394922 -0.111443 -1.577425
v -0.471456 -0.111443 -1.554199
v -0.481726 -0.111443 -1.588012
v -0.403512 -0.111443 -1.611733
v -0.324538 -0.111443 -1.631529
v -0.317627 -0.111443 -1.596797
v -0.312890 -0.109428 -1.573024
v -0.389036 -0.109428 -1.553934
v -0.464439 -0.109428 -1.531062
v 1.092164 -0.111443 -1.204739
v 1.030335 -0.111443 -1.255467
v 1.052765 -0.111443 -1.282793
v 1.115937 -0.111443 -1.230951
v 1.176264 -0.111443 -1.176264
v 1.151217 -0.111443 -1.151217
v 1.134072 -0.109428 -1.134072
v 1.075902 -0.109428 -1.186798
v 1.014993 -0.109428 -1.236784
v 1.608480 -0.111443 0.238795
v 1.616311 -0.111443 0.159185
v 1.651485 -0.111443 0.162649
v 1.643478 -0.111443 0.243991
v 1.631529 -0.111443 0.324538
v 1.596797 -0.111443 0.317627
v 1.573024 -0.109428 0.312890
v 1.584530 -0.109428 0.235242
v 1.592254 -0.109428 0.156816
v 0.695068 -0.111443 1.470064
v 0.765611 -0.111443 1.432363
v 0.782261 -0.111443 1.463524
v 0.636598 -0.111443 1.536877
v 0.623041 -0.111443 1.504142
v 0.613761 -0.109428 1.481748
v 0.684728 -0.109428 1.448182
v 0.754210 -0.109428 1.411029
v -1.092164 -0.111443 1.204739
v -1.030335 -0.111443 1.255467
v -1.052748 -0.111443 1.282793
v -1.115920 -0.111443 1.230951
v -1.176264 -0.111443 1.176264
v -1.151217 -0.111443 1.151217
v -1.134072 -0.109428 1.134090
v -1.075902 -0.109428 1.186798
v -1.014993 -0.109428 1.236784
v -1.608480 -0.111443 -0.238795
v -1.616311 -0.111443 -0.159185
v -1.651485 -0.111443 -0.162649
v -1.643478 -0.111443 -0.243991
v -1.631529 -0.111443 -0.324538
v -1.596797 -0.111443 -0.317627
v -1.573024 -0.109428 -0.312890
v -1.584530 -0.109428 -0.235224
v -1.592254 -0.109428 -0.156816
v -0.695068 -0.111443 -1.470064
v -0.765611 -0.111443 -1.432363
v -0.636598 -0.111443 -1.536877
v -0.623041 -0.111443 -1.504142
v -0.613761 -0.109428 -1.481748
v -0.684728 -0.109428 -1.448182
v -0.754210 -0.109428 -1.411029
v 0.836153 -0.111443 -1.394661
v 0.765611 -0.111443 -1.432363
v 0.782261 -0.111443 -1.463524
v 0.854341 -0.111443 -1.424992
v 0.904504 -0.111443 -1.353689
v 0.891035 -0.109428 -1.333539
v 0.823692 -0.109428 -1.373892
v 0.754210 -0.109428 -1.411029
v 1.624159 -0.111443 -0.079592
v 1.616311 -0.111443 -0.159185
v 1.651485 -0.111443 -0.162649
v 1.659492 -0.111443 -0.081325
v 1.663504 -0.111443 -0.000000
v 1.628083 -0.111443 -0.000000
v 1.603832 -0.109428 -0.000000
v 1.599979 -0.109428 -0.078408
v 1.592254 -0.109428 -0.156816
v 0.968507 -0.111443 1.306213
v 1.030335 -0.111443 1.255467
v 1.052765 -0.111443 1.282793
v 0.904504 -0.111443 1.353689
v 0.891035 -0.109428 1.333539
v 0.954101 -0.109428 1.286770
v 1.014993 -0.109428 1.236784
v -0.836153 -0.111443 1.394661
v -0.765611 -0.111443 1.432363
v -0.782261 -0.111443 1.463524
v -0.875711 -0.111443 1.460661
v -0.924194 -0.111443 1.383154
v -0.904504 -0.111443 1.353689
v -0.891035 -0.109428 1.333539
v -0.823692 -0.109428 1.373892
v -0.754210 -0.109428 1.411029
v -1.624159 -0.111443 0.079592
v -1.616311 -0.111443 0.159202
v -1.651485 -0.111443 0.162667
v -1.659492 -0.111443 0.081325
v -1.663504 -0.111443 -0.000000
v -1.628065 -0.111443 -0.000000
v -1.603832 -0.109428 -0.000000
v -1.599979 -0.109428 0.078408
v -1.592254 -0.109428 0.156816
v -1.462711 -0.079151 0.366199
v -1.441183 -0.079151 0.437184
v -1.468562 -0.079151 0.445491
v -1.490515 -0.079151 0.373163
v -1.508809 -0.079151 0.300129
v -1.480669 -0.079151 0.294525
v -1.459565 -0.081607 0.290336
v -1.441872 -0.081607 0.360985
v -1.420644 -0.081607 0.430944
v -0.387092 -0.087228 -1.546104
v -0.462106 -0.087228 -1.523338
v -0.462106 -0.095288 -1.523338
v -0.311317 -0.095288 -1.565087
v -0.311317 -0.087228 -1.565087
v -0.309921 -0.081166 -1.558052
v -0.385342 -0.081166 -1.539158
v -0.460020 -0.081166 -1.516498
v 1.070476 -0.087228 -1.180824
v 1.009885 -0.087228 -1.230545
v 1.128363 -0.095288 -1.128363
v 1.128363 -0.087228 -1.128363
v 1.123290 -0.081166 -1.123290
v 1.065668 -0.081166 -1.175503
v 1.005342 -0.081166 -1.225012
v 1.576541 -0.087228 0.234058
v 1.584230 -0.087228 0.156039
v 1.576541 -0.095288 0.234058
v 1.565087 -0.087228 0.311317
v 1.558052 -0.081166 0.309921
v 1.569453 -0.081166 0.232997
v 1.577107 -0.081166 0.155332
v 0.681281 -0.087228 1.440882
v 0.750410 -0.087228 1.403923
v 0.681281 -0.095288 1.440882
v 0.610668 -0.087228 1.474289
v 0.607928 -0.081166 1.467660
v 0.678206 -0.081166 1.434395
v 0.747034 -0.081166 1.397613
v -1.070476 -0.087228 1.180824
v -1.009885 -0.087228 1.230545
v -1.128363 -0.087228 1.128363
v -1.123290 -0.081166 1.123290
v -1.065668 -0.081166 1.175503
v -1.005342 -0.081166 1.225012
v -1.576541 -0.087228 -0.234040
v -1.584230 -0.087228 -0.156039
v -1.576541 -0.095288 -0.234040
v -1.565087 -0.087228 -0.311317
v -1.558052 -0.081166 -0.309921
v -1.569453 -0.081166 -0.232997
v -1.577107 -0.081166 -0.155332
v -0.681281 -0.087228 -1.440882
v -0.750410 -0.087228 -1.403923
v -0.681281 -0.095288 -1.440882
v -0.610668 -0.095288 -1.474289
v -0.610668 -0.087228 -1.474289
v -0.607928 -0.081166 -1.467660
v -0.678206 -0.081166 -1.434395
v -0.747034 -0.081166 -1.397613
v 0.819556 -0.087228 -1.366964
v 0.750410 -0.087228 -1.403923
v 0.819556 -0.095288 -1.366964
v 0.886546 -0.095288 -1.326823
v 0.886546 -0.087228 -1.326823
v 0.882569 -0.081166 -1.320848
v 0.815862 -0.081166 -1.360830
v 0.747034 -0.081166 -1.397613
v 1.591919 -0.087228 -0.078019
v 1.584230 -0.087228 -0.156039
v 1.591919 -0.095288 -0.078019
v 1.595754 -0.095288 -0.000000
v 1.595754 -0.087228 -0.000000
v 1.588578 -0.081166 -0.000000
v 1.584760 -0.081166 -0.077666
v 1.577107 -0.081166 -0.155332
v 0.949293 -0.087228 1.280283
v 1.009885 -0.087228 1.230545
v 0.949293 -0.103366 1.280283
v 0.886546 -0.095288 1.326823
v 0.886546 -0.087228 1.326823
v 0.882569 -0.081166 1.320848
v 0.945016 -0.081166 1.274521
v 1.005342 -0.081166 1.225012
v -0.819556 -0.087228 1.366964
v -0.750410 -0.087228 1.403923
v -0.886546 -0.087228 1.326823
v -0.882569 -0.081166 1.320866
v -0.815862 -0.081166 1.360830
v -0.747034 -0.081166 1.397613
v -1.591919 -0.087228 0.078019
v -1.584230 -0.095288 0.156039
v -1.591919 -0.095288 0.078019
v -1.595754 -0.095288 -0.000000
v -1.595754 -0.087228 -0.000000
v -1.588578 -0.081166 -0.000000
v -1.584760 -0.081166 0.077666
v -1.577107 -0.081166 0.155332
v -0.949293 -0.087228 -1.280283
v -1.009885 -0.087228 -1.230545
v -1.009885 -0.095288 -1.230545
v -0.949293 -0.103366 -1.280283
v -0.886546 -0.095288 -1.326823
v -0.886546 -0.087228 -1.326823
v -0.882569 -0.081166 -1.320848
v -0.945016 -0.081166 -1.274521
v -1.005342 -0.081166 -1.225012
v 0.537121 -0.087228 -1.500590
v 0.462106 -0.087228 -1.523338
v 0.462106 -0.103366 -1.523338
v 0.537121 -0.095288 -1.500590
v 0.610668 -0.095288 -1.474289
v 0.610668 -0.087228 -1.474289
v 0.607928 -0.081166 -1.467660
v 0.534699 -0.081166 -1.493838
v 0.460020 -0.081166 -1.516498
v 1.546104 -0.087228 -0.387092
v 1.523338 -0.087228 -0.462106
v 1.523338 -0.095288 -0.462106
v 1.565087 -0.095288 -0.311317
v 1.565087 -0.087228 -0.311317
v 1.558052 -0.081166 -0.309921
v 1.539158 -0.081166 -0.385342
v 1.516498 -0.081166 -0.460020
v 1.180824 -0.087228 1.070476
v 1.230545 -0.087228 1.009885
v 1.180824 -0.095288 1.070476
v 1.128363 -0.087228 1.128363
v 1.123290 -0.081166 1.123290
v 1.175503 -0.081166 1.065668
v 1.225012 -0.081166 1.005342
v -0.537121 -0.087228 1.500590
v -0.462106 -0.087228 1.523338
v -0.537121 -0.095288 1.500590
v -0.610668 -0.095288 1.474289
v -0.610668 -0.087228 1.474289
v -0.607928 -0.081166 1.467660
v -0.534699 -0.081166 1.493838
v -0.460020 -0.081166 1.516498
v -1.546104 -0.087228 0.387092
v -1.523338 -0.087228 0.462106
v -1.523338 -0.095288 0.462106
v -1.565087 -0.087228 0.311317
v -1.558052 -0.081166 0.309921
v -1.539158 -0.081166 0.385342
v -1.516498 -0.081166 0.460020
v -1.180824 -0.087228 -1.070476
v -1.230545 -0.087228 -1.009885
v -1.180824 -0.095288 -1.070476
v -1.128363 -0.095288 -1.128363
v -1.128363 -0.087228 -1.128363
v -1.123290 -0.081166 -1.123290
v -1.175503 -0.081166 -1.065668
v -1.225012 -0.081166 -1.005342
v 0.234040 -0.087228 -1.576541
v 0.156039 -0.087228 -1.584230
v 0.234040 -0.095288 -1.576541
v 0.311317 -0.087228 -1.565087
v 0.309921 -0.081166 -1.558052
v 0.232997 -0.081166 -1.569453
v 0.155332 -0.081166 -1.577107
v 1.440882 -0.087228 -0.681281
v 1.403923 -0.087228 -0.750410
v 1.403923 -0.095288 -0.750410
v 1.440882 -0.095288 -0.681281
v 1.474289 -0.095288 -0.610668
v 1.474289 -0.087228 -0.610668
v 1.467660 -0.081166 -0.607928
v 1.434395 -0.081166 -0.678206
v 1.397613 -0.081166 -0.747034
v 1.366964 -0.087228 0.819556
v 1.403923 -0.087228 0.750410
v 1.366964 -0.095288 0.819556
v 1.326823 -0.087228 0.886546
v 1.320848 -0.081166 0.882569
v 1.360830 -0.081166 0.815862
v 1.397613 -0.081166 0.747034
v 0.078019 -0.087228 1.591919
v 0.156039 -0.095288 1.584230
v 0.078019 -0.095288 1.591919
v 0.000000 -0.095288 1.595754
v 0.000000 -0.087228 1.595754
v 0.000000 -0.081166 1.588578
v 0.077666 -0.081166 1.584760
v 0.155332 -0.081166 1.577107
v -0.234040 -0.087228 1.576541
v -0.156039 -0.087228 1.584230
v -0.234040 -0.095288 1.576541
v -0.311317 -0.087228 1.565087
v -0.309921 -0.081166 1.558052
v -0.232997 -0.081166 1.569453
v -0.155332 -0.081166 1.577107
v -1.440882 -0.087228 0.681281
v -1.403923 -0.087228 0.750410
v -1.403923 -0.095288 0.750410
v -1.440882 -0.095288 0.681281
v -1.474289 -0.095288 0.610668
v -1.474289 -0.087228 0.610668
v -1.467660 -0.081166 0.607928
v -1.434395 -0.081166 0.678223
v -1.397613 -0.081166 0.747034
v -1.366964 -0.087228 -0.819556
v -1.403923 -0.087228 -0.750410
v -1.366964 -0.095288 -0.819556
v -1.326823 -0.087228 -0.886546
v -1.320848 -0.081166 -0.882569
v -1.360830 -0.081166 -0.815862
v -1.397613 -0.081166 -0.747034
v -0.078019 -0.087228 -1.591919
v -0.156039 -0.095288 -1.584230
v -0.078019 -0.095288 -1.591919
v 0.000000 -0.095288 -1.595754
v 0.000000 -0.087228 -1.595754
v 0.000000 -0.081166 -1.588578
v -0.077666 -0.081166 -1.584760
v -0.155332 -0.081166 -1.577107
v 1.280283 -0.087228 -0.949293
v 1.230545 -0.087228 -1.009885
v 1.280283 -0.103366 -0.949293
v 1.326823 -0.095288 -0.886546
v 1.326823 -0.087228 -0.886546
v 1.320848 -0.081166 -0.882569
v 1.274521 -0.081166 -0.945016
v 1.225012 -0.081166 -1.005342
v 1.500590 -0.087228 0.537121
v 1.523338 -0.087228 0.462106
v 1.523338 -0.103366 0.462106
v 1.500590 -0.095288 0.537121
v 1.474289 -0.095288 0.610668
v 1.474289 -0.087228 0.610668
v 1.467660 -0.081166 0.607928
v 1.493838 -0.081166 0.534699
v 1.516498 -0.081166 0.460020
v 0.387092 -0.087228 1.546104
v 0.462106 -0.087228 1.523338
v 0.462106 -0.095288 1.523338
v 0.311317 -0.095288 1.565087
v 0.311317 -0.087228 1.565087
v 0.309921 -0.081166 1.558052
v 0.385342 -0.081166 1.539158
v 0.460020 -0.081166 1.516498
v -1.280283 -0.087228 0.949293
v -1.230545 -0.087228 1.009885
v -1.230545 -0.095288 1.009885
v -1.280283 -0.103366 0.949293
v -1.326823 -0.095288 0.886546
v -1.326823 -0.087228 0.886546
v -1.320848 -0.081166 0.882569
v -1.274521 -0.081166 0.945016
v -1.225012 -0.081166 1.005342
v -0.993500 -0.108739 1.095894
v -0.937257 -0.108739 1.142062
v -0.993500 -0.098876 1.095894
v -1.047215 -0.098876 1.047215
v -1.047215 -0.108739 1.047215
v -1.044211 -0.116145 1.044211
v -0.990636 -0.116145 1.092747
v -0.934552 -0.116145 1.138774
v -1.117122 -0.079151 -1.012748
v -1.164174 -0.079151 -0.955409
v -1.186303 -0.079151 -0.973580
v -1.138350 -0.079151 -1.031997
v -1.087798 -0.079151 -1.087798
v -1.067507 -0.079151 -1.067507
v -1.052288 -0.081607 -1.052288
v -1.101214 -0.081607 -0.998308
v -1.147594 -0.081607 -0.941799
v 0.221420 -0.079151 -1.491505
v 0.147625 -0.079151 -1.498787
v 0.150418 -0.079151 -1.527262
v 0.225627 -0.079151 -1.519856
v 0.300129 -0.079151 -1.508809
v 0.294525 -0.079151 -1.480669
v 0.290319 -0.081607 -1.459565
v 0.218274 -0.081607 -1.470259
v 0.145504 -0.081607 -1.477417
v 1.363163 -0.079151 -0.644534
v 1.328201 -0.079151 -0.709933
v 1.353442 -0.079151 -0.723437
v 1.389076 -0.079151 -0.656783
v 1.421280 -0.079151 -0.588715
v 1.394767 -0.079151 -0.577739
v 1.374882 -0.081607 -0.569502
v 1.343738 -0.081607 -0.635343
v 1.309271 -0.081607 -0.699823
v 1.293239 -0.079151 0.775350
v 1.328201 -0.079151 0.709933
v 1.353442 -0.079151 0.723437
v 1.317808 -0.079151 0.790073
v 1.279117 -0.079151 0.854677
v 1.255255 -0.079151 0.838734
v 1.237367 -0.081607 0.826785
v 1.274804 -0.081607 0.764303
v 1.309271 -0.081607 0.699823
v 0.073813 -0.079151 1.506051
v 0.147625 -0.079151 1.498787
v 0.150418 -0.079151 1.527262
v 0.075209 -0.079151 1.534668
v 0.000000 -0.079151 1.538380
v 0.000000 -0.079151 1.509693
v 0.000000 -0.081607 1.488164
v 0.072752 -0.081607 1.484576
v 0.145522 -0.081607 1.477417
v -0.221420 -0.079151 1.491505
v -0.147607 -0.079151 1.498787
v -0.150418 -0.079151 1.527262
v -0.225627 -0.079151 1.519856
v -0.300111 -0.079151 1.508809
v -0.294525 -0.079151 1.480669
v -0.290319 -0.081607 1.459565
v -0.218274 -0.081607 1.470259
v -0.145504 -0.081607 1.477417
v -1.363163 -0.079151 0.644534
v -1.328201 -0.079151 0.709933
v -1.353442 -0.079151 0.723437
v -1.389076 -0.079151 0.656783
v -1.421263 -0.079151 0.588715
v -1.394767 -0.079151 0.577739
v -1.374882 -0.081607 0.569502
v -1.343738 -0.081607 0.635343
v -1.309271 -0.081607 0.699823
v -1.293239 -0.079151 -0.775350
v -1.328201 -0.079151 -0.709933
v -1.353442 -0.079151 -0.723437
v -1.317808 -0.079151 -0.790073
v -1.279117 -0.079151 -0.854677
v -1.255255 -0.079151 -0.838734
v -1.237367 -0.081607 -0.826785
v -1.274804 -0.081607 -0.764303
v -1.309271 -0.081607 -0.699823
v -0.073813 -0.079151 -1.506051
v -0.147625 -0.079151 -1.498787
v -0.150418 -0.079151 -1.527262
v -0.075209 -0.079151 -1.534668
v 0.000000 -0.079151 -1.538380
v 0.000000 -0.079151 -1.509675
v 0.000000 -0.081607 -1.488164
v -0.072752 -0.081607 -1.484576
v -0.145522 -0.081607 -1.477417
v 1.211226 -0.079151 -0.898088
v 1.164174 -0.079151 -0.955409
v 1.186303 -0.079151 -0.973580
v 1.234239 -0.079151 -0.915145
v 1.279117 -0.079151 -0.854677
v 1.255255 -0.079151 -0.838734
v 1.237367 -0.081607 -0.826785
v 1.193957 -0.081607 -0.885291
v 1.147594 -0.081607 -0.941799
v 1.419654 -0.079151 0.508151
v 1.441183 -0.079151 0.437184
v 1.468562 -0.079151 0.445491
v 1.421280 -0.079151 0.588715
v 1.394767 -0.079151 0.577739
v 1.374882 -0.081607 0.569502
v 1.399416 -0.081607 0.500904
v 1.420644 -0.081607 0.430944
v 0.366199 -0.079151 1.462711
v 0.437184 -0.079151 1.441183
v 0.445491 -0.079151 1.468562
v 0.300129 -0.079151 1.508809
v 0.294525 -0.079151 1.480669
v 0.290319 -0.081607 1.459565
v 0.360985 -0.081607 1.441872
v 0.430944 -0.081607 1.420644
v -1.211226 -0.079151 0.898088
v -1.164174 -0.079151 0.955409
v -1.186303 -0.079151 0.973580
v -1.234239 -0.079151 0.915162
v -1.279117 -0.079151 0.854677
v -1.255255 -0.079151 0.838734
v -1.237367 -0.081607 0.826785
v -1.193957 -0.081607 0.885291
v -1.147576 -0.081607 0.941799
v -1.419654 -0.079151 -0.508151
v -1.441183 -0.079151 -0.437184
v -1.468562 -0.079151 -0.445491
v -1.394767 -0.079151 -0.577721
v -1.374882 -0.081607 -0.569502
v -1.399416 -0.081607 -0.500904
v -1.420644 -0.081607 -0.430944
v -0.366199 -0.079151 -1.462711
v -0.437184 -0.079151 -1.441183
v -0.445491 -0.079151 -1.468562
v -0.300129 -0.079151 -1.508809
v -0.294525 -0.079151 -1.480669
v -0.290319 -0.081607 -1.459565
v -0.360985 -0.081607 -1.441872
v -0.430944 -0.081607 -1.420644
v 1.012748 -0.079151 -1.117122
v 0.955409 -0.079151 -1.164174
v 0.973580 -0.079151 -1.186303
v 1.031997 -0.079151 -1.138350
v 1.087798 -0.079151 -1.087798
v 1.067507 -0.079151 -1.067507
v 1.052288 -0.081607 -1.052288
v 0.998308 -0.081607 -1.101214
v 0.941799 -0.081607 -1.147594
v 1.491505 -0.079151 0.221420
v 1.498787 -0.079151 0.147625
v 1.527262 -0.079151 0.150418
v 1.508809 -0.079151 0.300129
v 1.480669 -0.079151 0.294525
v 1.459565 -0.081607 0.290319
v 1.470259 -0.081607 0.218274
v 1.477417 -0.081607 0.145522
v 0.644534 -0.079151 1.363163
v 0.709933 -0.079151 1.328201
v 0.723437 -0.079151 1.353442
v 0.656783 -0.079151 1.389076
v 0.588715 -0.079151 1.421280
v 0.577739 -0.079151 1.394767
v 0.569502 -0.081607 1.374882
v 0.635343 -0.081607 1.343738
v 0.699823 -0.081607 1.309271
v -1.012748 -0.079151 1.117122
v -0.955409 -0.079151 1.164174
v -0.973580 -0.079151 1.186303
v -1.031997 -0.079151 1.138367
v -1.087798 -0.079151 1.087798
v -1.067507 -0.079151 1.067507
v -1.052288 -0.081607 1.052288
v -0.998308 -0.081607 1.101214
v -0.941799 -0.081607 1.147594
v -1.491505 -0.079151 -0.221420
v -1.498787 -0.079151 -0.147607
v -1.527262 -0.079151 -0.150418
v -1.519856 -0.079151 -0.225627
v -1.508809 -0.079151 -0.300129
v -1.480669 -0.079151 -0.294525
v -1.459565 -0.081607 -0.290319
v -1.470259 -0.081607 -0.218274
v -1.477417 -0.081607 -0.145504
v -0.644534 -0.079151 -1.363163
v -0.709933 -0.079151 -1.328201
v -0.723437 -0.079151 -1.353442
v -0.656783 -0.079151 -1.389076
v -0.588715 -0.079151 -1.421263
v -0.577739 -0.079151 -1.394767
v -0.569502 -0.081607 -1.374882
v -0.635343 -0.081607 -1.343738
v -0.699823 -0.081607 -1.309271
v 0.775350 -0.079151 -1.293239
v 0.709933 -0.079151 -1.328201
v 0.723437 -0.079151 -1.353442
v 0.854677 -0.079151 -1.279117
v 0.838734 -0.079151 -1.255255
v 0.826785 -0.081607 -1.237367
v 0.764303 -0.081607 -1.274804
v 0.699823 -0.081607 -1.309271
v 1.506051 -0.079151 -0.073813
v 1.498787 -0.079151 -0.147625
v 1.527262 -0.079151 -0.150418
v 1.534668 -0.079151 -0.075209
v 1.538380 -0.079151 -0.000000
v 1.509693 -0.079151 -0.000000
v 1.488164 -0.081607 -0.000000
v 1.484576 -0.081607 -0.072752
v 1.477417 -0.081607 -0.145504
v 0.898088 -0.079151 1.211226
v 0.955409 -0.079151 1.164174
v 0.973580 -0.079151 1.186303
v 0.915145 -0.079151 1.234239
v 0.854677 -0.079151 1.279117
v 0.838734 -0.079151 1.255255
v 0.826785 -0.081607 1.237367
v 0.885291 -0.081607 1.193957
v 0.941799 -0.081607 1.147594
v -0.775350 -0.079151 1.293239
v -0.709933 -0.079151 1.328201
v -0.723419 -0.079151 1.353442
v -0.854677 -0.079151 1.279117
v -0.838734 -0.079151 1.255255
v -0.826785 -0.081607 1.237367
v -0.764285 -0.081607 1.274804
v -0.699823 -0.081607 1.309271
v -1.506051 -0.079151 0.073813
v -1.498787 -0.079151 0.147625
v -1.527262 -0.079151 0.150418
v -1.534668 -0.079151 0.075209
v -1.538380 -0.079151 -0.000000
v -1.509675 -0.079151 -0.000000
v -1.488164 -0.081607 -0.000000
v -1.484576 -0.081607 0.072752
v -1.477417 -0.081607 0.145522
v -0.898088 -0.079151 -1.211226
v -0.955409 -0.079151 -1.164174
v -0.973580 -0.079151 -1.186303
v -0.915145 -0.079151 -1.234239
v -0.854677 -0.079151 -1.279117
v -0.838734 -0.079151 -1.255255
v -0.826785 -0.081607 -1.237367
v -0.885291 -0.081607 -1.193957
v -0.941799 -0.081607 -1.147576
v 0.508151 -0.079151 -1.419654
v 0.437184 -0.079151 -1.441183
v 0.445491 -0.079151 -1.468562
v 0.588715 -0.079151 -1.421280
v 0.577739 -0.079151 -1.394767
v 0.569502 -0.081607 -1.374882
v 0.500904 -0.081607 -1.399416
v 0.430944 -0.081607 -1.420644
v 1.462711 -0.079151 -0.366199
v 1.441183 -0.079151 -0.437184
v 1.468562 -0.079151 -0.445491
v 1.508809 -0.079151 -0.300129
v 1.480669 -0.079151 -0.294525
v 1.459565 -0.081607 -0.290319
v 1.441872 -0.081607 -0.360985
v 1.420644 -0.081607 -0.430944
v 1.117122 -0.079151 1.012748
v 1.164174 -0.079151 0.955409
v 1.186303 -0.079151 0.973580
v 1.138350 -0.079151 1.031997
v 1.087798 -0.079151 1.087798
v 1.067507 -0.079151 1.067507
v 1.052288 -0.081607 1.052288
v 1.101214 -0.081607 0.998308
v 1.147594 -0.081607 0.941799
v -0.508151 -0.079151 1.419654
v -0.437184 -0.079151 1.441183
v -0.445491 -0.079151 1.468580
v -0.517801 -0.079151 1.446627
v -0.577721 -0.079151 1.394767
v -0.569502 -0.081607 1.374882
v -0.500904 -0.081607 1.399416
v -0.430944 -0.081607 1.420644
v 0.070596 -0.118602 1.440476
v 0.141191 -0.118602 1.433529
v 0.000000 -0.118602 1.450409
v 0.000000 -0.118602 1.443958
v 0.000000 -0.111249 1.441766
v 0.070490 -0.111249 1.438302
v 0.140979 -0.111249 1.431355
v -1.463171 -0.108739 -0.217213
v -1.470294 -0.108739 -0.144815
v -1.470294 -0.089013 -0.144815
v -1.463171 -0.098876 -0.217213
v -1.452530 -0.108739 -0.288922
v -1.448359 -0.116145 -0.288092
v -1.458946 -0.116145 -0.216595
v -1.466070 -0.116145 -0.144390
v -0.632285 -0.108739 -1.337251
v -0.696447 -0.098876 -1.302961
v -0.566745 -0.098876 -1.368254
v -0.566745 -0.108739 -1.368254
v -0.565118 -0.116145 -1.364312
v -0.630464 -0.116145 -1.333398
v -0.694449 -0.116145 -1.299214
v 0.760608 -0.108739 -1.268671
v 0.822791 -0.108739 -1.231393
v 0.820422 -0.116145 -1.227858
v 0.758417 -0.116145 -1.265012
v 0.694432 -0.116145 -1.299214
v 1.477435 -0.108739 -0.072398
v 1.470294 -0.108739 -0.144815
v 1.470294 -0.089013 -0.144815
v 1.480988 -0.098876 -0.000000
v 1.480988 -0.108739 -0.000000
v 1.476728 -0.116145 -0.000000
v 1.473175 -0.116145 -0.072204
v 1.466070 -0.116145 -0.144390
v 0.881013 -0.108739 1.188212
v 0.937257 -0.108739 1.142062
v 0.937257 -0.098876 1.142062
v 0.822791 -0.108739 1.231393
v 0.820422 -0.116145 1.227858
v 0.878486 -0.116145 1.184783
v 0.934552 -0.116145 1.138756
v -0.760608 -0.108739 1.268671
v -0.760608 -0.089013 1.268671
v -0.822791 -0.108739 1.231411
v -0.820422 -0.116145 1.227858
v -0.758417 -0.116145 1.265012
v -0.694432 -0.116145 1.299214
v -1.477435 -0.108739 0.072416
v -1.470294 -0.108739 0.144815
v -1.470294 -0.098876 0.144815
v -1.477435 -0.098876 0.072416
v -1.480988 -0.108739 -0.000000
v -1.476728 -0.116145 -0.000000
v -1.473175 -0.116145 0.072204
v -1.466070 -0.116145 0.144390
v -0.881013 -0.108739 -1.188212
v -0.937257 -0.108739 -1.142062
v -0.937257 -0.089013 -1.142062
v -0.822791 -0.108739 -1.231393
v -0.820422 -0.116145 -1.227858
v -0.878486 -0.116145 -1.184783
v -0.934552 -0.116145 -1.138756
v 0.498500 -0.108739 -1.392681
v 0.428876 -0.108739 -1.413786
v 0.428876 -0.098876 -1.413786
v 0.566745 -0.089013 -1.368254
v 0.566745 -0.108739 -1.368254
v 0.565118 -0.116145 -1.364312
v 0.497050 -0.116145 -1.388669
v 0.427639 -0.116145 -1.409720
v 1.434908 -0.108739 -0.359253
v 1.413803 -0.108739 -0.428876
v 1.452530 -0.098876 -0.288922
v 1.452530 -0.108739 -0.288922
v 1.448359 -0.116145 -0.288092
v 1.430790 -0.116145 -0.358210
v 1.409720 -0.116145 -0.427639
v 1.095894 -0.108739 0.993500
v 1.142062 -0.108739 0.937257
v 1.095894 -0.098876 0.993500
v 1.047215 -0.108739 1.047215
v 1.044211 -0.116145 1.044211
v 1.092747 -0.116145 0.990636
v 1.138756 -0.116145 0.934552
v -0.498500 -0.108739 1.392681
v -0.428876 -0.108739 1.413803
v -0.428876 -0.098876 1.413803
v -0.566745 -0.089013 1.368254
v -0.566745 -0.108739 1.368254
v -0.565118 -0.116145 1.364312
v -0.497050 -0.116145 1.388669
v -0.427639 -0.116145 1.409720
v -1.434908 -0.108739 0.359253
v -1.413786 -0.108739 0.428876
v -1.413786 -0.098876 0.428876
v -1.452530 -0.098876 0.288922
v -1.452530 -0.108739 0.288922
v -1.448359 -0.116145 0.288092
v -1.430772 -0.116145 0.358210
v -1.409720 -0.116145 0.427639
v -1.095894 -0.108739 -0.993500
v -1.142062 -0.108739 -0.937257
v -1.095894 -0.098876 -0.993500
v -1.047215 -0.108739 -1.047215
v -1.044211 -0.116145 -1.044211
v -1.092747 -0.116145 -0.990636
v -1.138756 -0.116145 -0.934552
v 0.217213 -0.108739 -1.463171
v 0.144815 -0.108739 -1.470294
v 0.144815 -0.089013 -1.470294
v 0.288922 -0.098876 -1.452530
v 0.288922 -0.108739 -1.452530
v 0.288092 -0.116145 -1.448359
v 0.216595 -0.116145 -1.458946
v 0.144390 -0.116145 -1.466070
v 1.337251 -0.108739 -0.632285
v 1.302961 -0.098876 -0.696447
v 1.337251 -0.098876 -0.632285
v 1.368254 -0.108739 -0.566745
v 1.364312 -0.116145 -0.565118
v 1.333398 -0.116145 -0.630464
v 1.299214 -0.116145 -0.694432
v 1.268671 -0.108739 0.760608
v 1.302961 -0.098876 0.696447
v 1.231393 -0.108739 0.822791
v 1.227858 -0.116145 0.820422
v 1.265012 -0.116145 0.758417
v 1.299214 -0.116145 0.694449
v 0.072398 -0.108739 1.477435
v 0.144815 -0.108739 1.470294
v 0.000000 -0.098876 1.480988
v 0.000000 -0.108739 1.480988
v 0.000000 -0.116145 1.476728
v 0.072204 -0.116145 1.473175
v 0.144390 -0.116145 1.466070
v -0.217213 -0.108739 1.463171
v -0.144815 -0.108739 1.470294
v -0.144815 -0.089013 1.470294
v -0.288922 -0.098876 1.452530
v -0.288922 -0.108739 1.452530
v -0.288092 -0.116145 1.448359
v -0.216595 -0.116145 1.458946
v -0.144390 -0.116145 1.466070
v -1.337251 -0.108739 0.632285
v -1.337251 -0.098876 0.632285
v -1.368254 -0.089013 0.566762
v -1.368254 -0.108739 0.566762
v -1.364312 -0.116145 0.565118
v -1.333398 -0.116145 0.630464
v -1.299214 -0.116145 0.694449
v -1.268671 -0.108739 -0.760608
v -1.302961 -0.098876 -0.696447
v -1.231411 -0.108739 -0.822791
v -1.227858 -0.116145 -0.820422
v -1.265012 -0.116145 -0.758417
v -1.299214 -0.116145 -0.694432
v -0.072398 -0.108739 -1.477435
v -0.144815 -0.108739 -1.470294
v 0.000000 -0.098876 -1.480988
v 0.000000 -0.108739 -1.480988
v 0.000000 -0.116145 -1.476728
v -0.072204 -0.116145 -1.473175
v -0.144390 -0.116145 -1.466070
v 1.188212 -0.108739 -0.881013
v 1.142062 -0.108739 -0.937257
v 1.142062 -0.098876 -0.937257
v 1.188212 -0.098876 -0.881013
v 1.231393 -0.108739 -0.822791
v 1.227858 -0.116145 -0.820422
v 1.184783 -0.116145 -0.878486
v 1.138756 -0.116145 -0.934552
v 1.392681 -0.108739 0.498500
v 1.413803 -0.108739 0.428876
v 1.413803 -0.098876 0.428876
v 1.368254 -0.089013 0.566745
v 1.368254 -0.108739 0.566745
v 1.364312 -0.116145 0.565118
v 1.388669 -0.116145 0.497050
v 1.409720 -0.116145 0.427639
v 0.359253 -0.108739 1.434908
v 0.428876 -0.108739 1.413803
v 0.428876 -0.098876 1.413803
v 0.359253 -0.098876 1.434908
v 0.288922 -0.098876 1.452530
v 0.288922 -0.108739 1.452530
v 0.288092 -0.116145 1.448359
v 0.358210 -0.116145 1.430790
v 0.427639 -0.116145 1.409720
v -1.188212 -0.108739 0.881013
v -1.142062 -0.108739 0.937257
v -1.142062 -0.089013 0.937257
v -1.231393 -0.089013 0.822791
v -1.231393 -0.108739 0.822791
v -1.227858 -0.116145 0.820422
v -1.184783 -0.116145 0.878486
v -1.138756 -0.116145 0.934570
v -1.392681 -0.108739 -0.498500
v -1.413803 -0.108739 -0.428876
v -1.413803 -0.098876 -0.428876
v -1.368254 -0.089013 -0.566745
v -1.368254 -0.108739 -0.566745
v -1.364312 -0.116145 -0.565118
v -1.388669 -0.116145 -0.497050
v -1.409720 -0.116145 -0.427639
v -0.359253 -0.108739 -1.434908
v -0.428876 -0.108739 -1.413786
v -0.428876 -0.098876 -1.413786
v -0.288922 -0.098876 -1.452530
v -0.288922 -0.108739 -1.452530
v -0.288092 -0.116145 -1.448359
v -0.358210 -0.116145 -1.430772
v -0.427639 -0.116145 -1.409720
v 0.993500 -0.108739 -1.095894
v 0.937257 -0.108739 -1.142062
v 0.993500 -0.098876 -1.095894
v 1.047215 -0.108739 -1.047215
v 1.044211 -0.116145 -1.044211
v 0.990636 -0.116145 -1.092747
v 0.934552 -0.116145 -1.138756
v 1.463171 -0.108739 0.217213
v 1.470294 -0.108739 0.144815
v 1.463171 -0.098876 0.217213
v 1.452530 -0.098876 0.288922
v 1.452530 -0.108739 0.288922
v 1.448359 -0.116145 0.288092
v 1.458946 -0.116145 0.216595
v 1.466070 -0.116145 0.144390
v 0.632285 -0.108739 1.337251
v 0.696447 -0.098876 1.302961
v 0.566745 -0.098876 1.368254
v 0.566745 -0.108739 1.368254
v 0.565118 -0.116145 1.364312
v 0.630464 -0.116145 1.333398
v 0.694449 -0.116145 1.299214
v 0.857240 -0.029854 1.156149
v 0.800590 -0.059602 1.198181
v 0.800590 -0.000000 1.198181
v 0.857240 -0.000000 1.156149
v 0.911981 -0.000000 1.111236
v -0.211787 -0.118602 1.426565
v -0.141191 -0.118602 1.433529
v -0.281693 -0.118602 1.416207
v -0.281269 -0.111249 1.414069
v -0.211469 -0.111249 1.424409
v -0.140979 -0.111249 1.431355
v -1.303809 -0.118602 0.616465
v -1.270368 -0.118602 0.679036
v -1.276041 -0.118602 0.682059
v -1.309625 -0.118602 0.619223
v -1.339991 -0.118602 0.555043
v -1.334034 -0.118602 0.552569
v -1.332019 -0.111249 0.551738
v -1.301830 -0.111249 0.615529
v -1.268441 -0.111249 0.677994
v -1.236926 -0.118602 -0.741590
v -1.270368 -0.118602 -0.679019
v -1.205958 -0.118602 -0.805804
v -1.200603 -0.118602 -0.802216
v -1.198782 -0.111249 -0.800997
v -1.235052 -0.111249 -0.740458
v -1.268441 -0.111249 -0.677994
v -0.070596 -0.118602 -1.440476
v -0.141191 -0.118602 -1.433512
v -0.141828 -0.118602 -1.439928
v 0.000000 -0.118602 -1.450409
v 0.000000 -0.118602 -1.443958
v 0.000000 -0.111249 -1.441766
v -0.070490 -0.111249 -1.438302
v -0.140979 -0.111249 -1.431355
v 1.158482 -0.118602 -0.858990
v 1.113480 -0.118602 -0.913819
v 1.163661 -0.118602 -0.862825
v 1.200603 -0.118602 -0.802216
v 1.198782 -0.111249 -0.800997
v 1.156732 -0.111249 -0.857682
v 1.111801 -0.111249 -0.912440
v 1.357843 -0.118602 0.486021
v 1.378435 -0.118602 0.418147
v 1.363906 -0.118602 0.488195
v 1.339991 -0.118602 0.555043
v 1.334034 -0.118602 0.552569
v 1.332019 -0.111249 0.551738
v 1.355793 -0.111249 0.485296
v 1.376349 -0.111249 0.417511
v 0.350256 -0.118602 1.399027
v 0.418147 -0.118602 1.378435
v 0.281693 -0.118602 1.416207
v 0.281269 -0.111249 1.414069
v 0.349726 -0.111249 1.396906
v 0.417511 -0.111249 1.376349
v -1.158482 -0.118602 0.858990
v -1.113480 -0.118602 0.913819
v -1.200603 -0.118602 0.802216
v -1.198782 -0.111249 0.800997
v -1.156732 -0.111249 0.857682
v -1.111801 -0.111249 0.912440
v -1.357843 -0.118602 -0.486021
v -1.378435 -0.118602 -0.418147
v -1.363906 -0.118602 -0.488195
v -1.339991 -0.118602 -0.555043
v -1.334034 -0.118602 -0.552569
v -1.332019 -0.111249 -0.551738
v -1.355793 -0.111249 -0.485296
v -1.376349 -0.111249 -0.417511
v -0.350256 -0.118602 -1.399027
v -0.418147 -0.118602 -1.378435
v -0.355099 -0.118602 -1.418381
v -0.281693 -0.118602 -1.416207
v -0.281269 -0.111249 -1.414069
v -0.349726 -0.111249 -1.396906
v -0.417511 -0.111249 -1.376349
v 0.968648 -0.118602 -1.068479
v 0.913819 -0.118602 -1.113480
v 0.982046 -0.118602 -1.083273
v 1.025581 -0.118602 -1.025581
v 1.021020 -0.118602 -1.021020
v 1.019483 -0.111249 -1.019483
v 0.967181 -0.111249 -1.066870
v 0.912440 -0.111249 -1.111801
v 1.426565 -0.118602 0.211787
v 1.433529 -0.118602 0.141191
v 1.439928 -0.118602 0.141828
v 1.432946 -0.118602 0.212724
v 1.416207 -0.118602 0.281693
v 1.414069 -0.111249 0.281269
v 1.424409 -0.111249 0.211469
v 1.431355 -0.111249 0.140979
v 0.616465 -0.118602 1.303809
v 0.679019 -0.118602 1.270368
v 0.555043 -0.118602 1.339991
v 0.552569 -0.118602 1.334034
v 0.551738 -0.111249 1.332019
v 0.615529 -0.111249 1.301830
v 0.677994 -0.111249 1.268441
v -0.968648 -0.118602 1.068497
v -0.913819 -0.118602 1.113498
v -1.025581 -0.118602 1.025598
v -1.021020 -0.118602 1.021020
v -1.019483 -0.111249 1.019483
v -0.967181 -0.111249 1.066870
v -0.912440 -0.111249 1.111801
v -1.426565 -0.118602 -0.211787
v -1.433512 -0.118602 -0.141191
v -1.439928 -0.118602 -0.141810
v -1.432946 -0.118602 -0.212724
v -1.416207 -0.118602 -0.281693
v -1.414069 -0.111249 -0.281269
v -1.424409 -0.111249 -0.211469
v -1.431355 -0.111249 -0.140979
v -0.616465 -0.118602 -1.303809
v -0.679019 -0.118602 -1.270368
v -0.619223 -0.118602 -1.309625
v -0.555043 -0.118602 -1.339991
v -0.552569 -0.118602 -1.334034
v -0.551738 -0.111249 -1.332019
v -0.615529 -0.111249 -1.301830
v -0.677994 -0.111249 -1.268441
v 0.741590 -0.118602 -1.236926
v 0.679019 -0.118602 -1.270368
v 0.744895 -0.118602 -1.242458
v 0.802216 -0.118602 -1.200603
v 0.800997 -0.111249 -1.198782
v 0.740458 -0.111249 -1.235052
v 0.677994 -0.111249 -1.268441
v 1.440476 -0.118602 -0.070596
v 1.433529 -0.118602 -0.141191
v 1.439928 -0.118602 -0.141828
v 1.450409 -0.118602 -0.000000
v 1.443958 -0.118602 -0.000000
v 1.441766 -0.111249 -0.000000
v 1.438302 -0.111249 -0.070490
v 1.431355 -0.111249 -0.140979
v 0.858990 -0.118602 1.158482
v 0.913819 -0.118602 1.113480
v 0.862825 -0.118602 1.163661
v 0.802216 -0.118602 1.200603
v 0.800997 -0.111249 1.198782
v 0.857682 -0.111249 1.156732
v 0.912440 -0.111249 1.111801
v -0.741590 -0.118602 1.236926
v -0.679019 -0.118602 1.270368
v -0.744895 -0.118602 1.242458
v -0.805804 -0.118602 1.205958
v -0.802216 -0.118602 1.200603
v -0.800997 -0.111249 1.198782
v -0.740458 -0.111249 1.235052
v -0.677994 -0.111249 1.268441
v -1.440476 -0.118602 0.070596
v -1.433512 -0.118602 0.141191
v -1.439928 -0.118602 0.141828
v -1.450409 -0.118602 -0.000000
v -1.443958 -0.118602 -0.000000
v -1.441766 -0.111249 -0.000000
v -1.438302 -0.111249 0.070490
v -1.431355 -0.111249 0.140979
v -0.858990 -0.118602 -1.158482
v -0.913819 -0.118602 -1.113480
v -0.862825 -0.118602 -1.163661
v -0.802216 -0.118602 -1.200603
v -0.800997 -0.111249 -1.198782
v -0.857682 -0.111249 -1.156732
v -0.912440 -0.111249 -1.111801
v 0.486021 -0.118602 -1.357843
v 0.418147 -0.118602 -1.378435
v 0.488195 -0.118602 -1.363906
v 0.555043 -0.118602 -1.339991
v 0.552569 -0.118602 -1.334034
v 0.551738 -0.111249 -1.332019
v 0.485296 -0.111249 -1.355793
v 0.417511 -0.111249 -1.376349
v 1.399027 -0.118602 -0.350256
v 1.378435 -0.118602 -0.418147
v 1.416207 -0.118602 -0.281693
v 1.414069 -0.111249 -0.281269
v 1.396906 -0.111249 -0.349726
v 1.376349 -0.111249 -0.417511
v 1.068479 -0.118602 0.968648
v 1.113480 -0.118602 0.913819
v 1.073269 -0.118602 0.972979
v 1.025581 -0.118602 1.025581
v 1.021020 -0.118602 1.021020
v 1.019483 -0.111249 1.019483
v 1.066870 -0.111249 0.967181
v 1.111801 -0.111249 0.912440
v -0.486021 -0.118602 1.357843
v -0.418147 -0.118602 1.378435
v -0.555043 -0.118602 1.339991
v -0.552569 -0.118602 1.334034
v -0.551738 -0.111249 1.332019
v -0.485279 -0.111249 1.355793
v -0.417511 -0.111249 1.376349
v -1.399027 -0.118602 0.350256
v -1.378435 -0.118602 0.418147
v -1.422535 -0.118602 0.282966
v -1.416207 -0.118602 0.281711
v -1.414069 -0.111249 0.281269
v -1.396906 -0.111249 0.349726
v -1.376349 -0.111249 0.417511
v -1.068479 -0.118602 -0.968648
v -1.113480 -0.118602 -0.913819
v -1.118465 -0.118602 -0.917902
v -1.073269 -0.118602 -0.972979
v -1.025581 -0.118602 -1.025581
v -1.021020 -0.118602 -1.021020
v -1.019483 -0.111249 -1.019483
v -1.066870 -0.111249 -0.967181
v -1.111801 -0.111249 -0.912440
v 0.211787 -0.118602 -1.426565
v 0.141191 -0.118602 -1.433512
v 0.141828 -0.118602 -1.439928
v 0.281693 -0.118602 -1.416207
v 0.281269 -0.111249 -1.414069
v 0.211469 -0.111249 -1.424409
v 0.140979 -0.111249 -1.431355
v 1.303809 -0.118602 -0.616465
v 1.270368 -0.118602 -0.679019
v 1.309625 -0.118602 -0.619223
v 1.339991 -0.118602 -0.555043
v 1.334034 -0.118602 -0.552569
v 1.332019 -0.111249 -0.551738
v 1.301830 -0.111249 -0.615529
v 1.268441 -0.111249 -0.677994
v 1.236926 -0.118602 0.741590
v 1.270368 -0.118602 0.679019
v 1.200603 -0.118602 0.802216
v 1.198782 -0.111249 0.800997
v 1.235052 -0.111249 0.740458
v 1.268441 -0.111249 0.677994
v -0.740087 -0.029854 1.234433
v -0.615228 -0.089155 1.301176
v -0.800590 -0.059602 1.198181
v -0.800590 -0.029854 1.198181
v -0.800590 -0.000000 1.198181
v -0.740087 -0.000000 1.234433
v -0.677658 -0.000000 1.267805
v -1.437559 -0.029836 0.070454
v -1.437559 -0.089155 0.070454
v -1.441041 -0.059602 -0.000000
v -1.441041 -0.029836 -0.000000
v -1.441041 0.000000 0.000000
v -1.437559 -0.000000 0.070454
v -1.430630 -0.000000 0.140908
v -0.857258 -0.029836 -1.156149
v -0.800590 -0.059602 -1.198181
v -0.800590 -0.029836 -1.198181
v -0.800590 0.000000 -1.198181
v -0.857258 0.000000 -1.156149
v -0.911981 0.000000 -1.111236
v 0.485049 -0.044719 -1.355103
v 0.551455 0.000000 -1.331348
v 0.485049 0.000000 -1.355103
v 0.417299 0.000000 -1.375642
v 1.375642 -0.029836 -0.417299
v 1.375642 -0.059602 -0.417299
v 1.396199 -0.059602 -0.349549
v 1.413344 -0.044719 -0.281127
v 1.413344 0.000000 -0.281127
v 1.396199 0.000000 -0.349549
v 1.375642 0.000000 -0.417299
v 1.066322 -0.089155 0.966704
v 1.018970 -0.000000 1.018970
v 1.066322 -0.000000 0.966704
v 1.111236 -0.000000 0.911981
v -0.417299 -0.059602 1.375660
v -0.551455 -0.000000 1.331348
v -0.485049 -0.000000 1.355103
v -0.417299 -0.000000 1.375660
v -1.375642 -0.029836 0.417299
v -1.375642 -0.059602 0.417299
v -1.396199 -0.059602 0.349549
v -1.413344 -0.044719 0.281127
v -1.413344 -0.000000 0.281127
v -1.396199 -0.000000 0.349549
v -1.375642 -0.000000 0.417299
v -1.018970 0.000000 -1.018970
v -1.066340 0.000000 -0.966704
v -1.111236 0.000000 -0.911963
v 0.211363 -0.029836 -1.423684
v 0.211363 -0.059602 -1.423684
v 0.281127 0.000000 -1.413344
v 0.211363 0.000000 -1.423684
v 0.140908 0.000000 -1.430630
v 1.301176 -0.089155 -0.615228
v 1.331348 0.000000 -0.551455
v 1.301176 0.000000 -0.615228
v 1.234433 -0.089155 0.740087
v 1.198181 -0.044728 0.800590
v 1.198181 -0.000000 0.800590
v 1.234433 -0.000000 0.740087
v 1.267805 -0.000000 0.677658
v 0.070454 -0.089155 1.437559
v 0.000000 -0.059602 1.441041
v 0.000000 -0.029854 1.441041
v 0.000000 -0.000000 1.441041
v 0.070454 -0.000000 1.437559
v 0.140908 -0.000000 1.430630
v -0.281127 -0.044728 1.413344
v -0.281127 -0.000000 1.413344
v -0.211363 -0.000000 1.423684
v -0.140908 -0.000000 1.430630
v -1.301176 -0.089155 0.615228
v -1.331348 -0.000000 0.551455
v -1.301176 -0.000000 0.615228
v -1.198181 -0.059602 -0.800590
v -1.198181 -0.029836 -0.800590
v -1.198181 0.000000 -0.800590
v -1.234433 0.000000 -0.740087
v -1.301176 0.000000 -0.615228
v -0.140908 -0.044719 -1.430630
v 0.000000 -0.059602 -1.441041
v 0.000000 -0.029836 -1.441041
v 0.000000 0.000000 -1.441041
v -0.070454 0.000000 -1.437559
v -0.140908 0.000000 -1.430630
v 1.156149 -0.029836 -0.857240
v 1.111236 -0.089155 -0.911981
v 1.156149 -0.059602 -0.857240
v 1.198181 -0.059602 -0.800590
v 1.198181 -0.029836 -0.800590
v 1.198181 0.000000 -0.800590
v 1.156149 0.000000 -0.857240
v 1.111236 0.000000 -0.911981
v 1.355103 -0.044719 0.485049
v 1.331348 -0.000000 0.551455
v 1.355103 -0.000000 0.485049
v 1.375642 -0.000000 0.417299
v 0.349549 -0.044728 1.396199
v 0.417299 -0.029854 1.375642
v 0.417299 -0.059602 1.375642
v 0.281127 -0.059602 1.413344
v 0.281127 -0.029854 1.413344
v 0.281127 -0.000000 1.413344
v 0.349549 -0.000000 1.396199
v 0.417299 -0.000000 1.375642
v -1.156149 -0.029854 0.857258
v -1.198181 -0.089155 0.800590
v -1.198181 -0.000000 0.800590
v -1.156149 -0.000000 0.857258
v -1.111236 -0.000000 0.911981
v -1.355103 -0.044719 -0.485049
v -1.331348 0.000000 -0.551455
v -1.355103 0.000000 -0.485049
v -1.375642 0.000000 -0.417299
v -0.349549 -0.044719 -1.396199
v -0.417299 -0.029836 -1.375642
v -0.417299 -0.059602 -1.375642
v -0.281127 -0.059602 -1.413344
v -0.281127 -0.029836 -1.413344
v -0.281127 0.000000 -1.413344
v -0.349549 0.000000 -1.396199
v -0.417299 0.000000 -1.375642
v 0.966704 -0.089155 -1.066322
v 0.911981 -0.089155 -1.111236
v 1.018970 0.000000 -1.018970
v 0.966704 0.000000 -1.066322
v 0.911981 0.000000 -1.111236
v 1.423684 -0.089155 0.211363
v 1.413344 -0.000000 0.281127
v 1.423684 -0.000000 0.211363
v 1.430630 -0.000000 0.140908
v 0.551455 -0.029854 1.331348
v 0.551455 -0.000000 1.331348
v 0.615228 -0.000000 1.301176
v -0.966686 -0.029854 1.066340
v -0.911963 -0.029854 1.111236
v -0.911963 -0.059602 1.111236
v -0.966686 -0.059602 1.066340
v -1.018970 -0.029854 1.018970
v -1.018970 -0.000000 1.018970
v -0.966686 -0.000000 1.066340
v -0.911963 -0.000000 1.111236
v -1.423684 -0.089155 -0.211363
v -1.413344 0.000000 -0.281127
v -1.423684 0.000000 -0.211363
v -1.430630 0.000000 -0.140908
v -0.615228 -0.089155 -1.301176
v -0.551455 0.000000 -1.331348
v -0.615228 0.000000 -1.301176
v 0.740087 -0.089155 -1.234433
v 0.800590 -0.059602 -1.198181
v 0.800590 -0.029836 -1.198181
v 0.800590 0.000000 -1.198181
v 0.740087 0.000000 -1.234433
v 0.615228 0.000000 -1.301176
v 1.437559 -0.029836 -0.070454
v 1.437559 -0.089155 -0.070454
v 1.441041 -0.059602 -0.000000
v 1.441041 -0.029836 -0.000000
v 1.441041 0.000000 0.000000
v 1.437559 0.000000 -0.070454
v 1.430630 0.000000 -0.140908
v 0.258627 -0.015307 1.742071
v 0.258627 0.005320 1.742071
v 0.172424 0.005320 1.750556
v 0.172424 -0.015307 1.750556
v 0.343999 0.005320 1.729416
v 0.086203 -0.015307 1.759057
v 0.086203 0.005320 1.759057
v 0.000000 0.005320 1.763299
v 0.086203 -0.056544 1.759057
v 0.086168 -0.074148 1.758368
v 0.593523 0.005320 1.658148
v 0.510625 0.005320 1.683283
v 0.674777 0.005320 1.629072
v 0.427727 -0.015307 1.708435
v 0.427727 0.005320 1.708435
v 0.427727 -0.035916 1.708435
v 0.427727 -0.056544 1.708435
v 0.427551 -0.074148 1.707763
v 0.905600 -0.015307 1.510488
v 0.905600 0.005320 1.510488
v 0.829207 0.005320 1.551318
v 0.829207 -0.015307 1.551318
v 0.979642 -0.015307 1.466123
v 0.979642 0.005320 1.466123
v 0.752814 0.005320 1.592166
v 0.752814 -0.035916 1.592166
v 0.752814 -0.056544 1.592166
v 0.752513 -0.074148 1.591547
v 1.182874 -0.015307 1.304799
v 1.182874 0.005320 1.304799
v 1.115920 0.005320 1.359752
v 1.115920 -0.015307 1.359752
v 1.246841 -0.015307 1.246841
v 1.246841 0.005320 1.246841
v 1.048948 0.005320 1.414705
v 1.048948 -0.035916 1.414705
v 1.048948 -0.056544 1.414705
v 1.048541 -0.074148 1.414157
v 1.414705 0.005320 1.048948
v 1.359752 0.005320 1.115920
v 1.359752 -0.015307 1.115920
v 1.466123 0.005320 0.979642
v 1.304799 -0.015307 1.182874
v 1.304799 0.005320 1.182874
v 1.304799 -0.035916 1.182874
v 1.304799 -0.056544 1.182874
v 1.304286 -0.074148 1.182415
v 1.592166 0.005320 0.752814
v 1.551318 0.005320 0.829207
v 1.629072 0.005320 0.674777
v 1.510488 0.005320 0.905600
v 1.510488 -0.035916 0.905600
v 1.510488 -0.056544 0.905600
v 1.509905 -0.074148 0.905246
v 1.708435 0.005320 0.427727
v 1.683283 0.005320 0.510625
v 1.683283 -0.015307 0.510625
v 1.729416 0.005320 0.343999
v 1.658148 -0.015307 0.593523
v 1.658148 0.005320 0.593523
v 1.658148 -0.035916 0.593523
v 1.658148 -0.056544 0.593523
v 1.657494 -0.074148 0.593293
v 1.759057 0.005320 0.086203
v 1.750556 0.005320 0.172424
v 1.763299 -0.015307 -0.000000
v 1.763299 0.005320 0.000000
v 1.742071 0.005320 0.258627
v 1.742071 -0.056544 0.258627
v 1.741400 -0.074148 0.258521
v 1.742071 0.005320 -0.258627
v 1.750556 0.005320 -0.172424
v 1.750556 -0.015307 -0.172424
v 1.729416 0.005320 -0.343999
v 1.759057 -0.015307 -0.086203
v 1.759057 0.005320 -0.086203
v 1.759057 -0.056544 -0.086203
v 1.758368 -0.074148 -0.086168
v 1.658148 0.005320 -0.593523
v 1.683283 0.005320 -0.510625
v 1.629072 -0.015307 -0.674777
v 1.629072 0.005320 -0.674777
v 1.708435 -0.015307 -0.427727
v 1.708435 0.005320 -0.427727
v 1.708435 -0.056544 -0.427727
v 1.707763 -0.074148 -0.427551
v 1.510488 -0.015307 -0.905600
v 1.510488 0.005320 -0.905600
v 1.551318 0.005320 -0.829207
v 1.551318 -0.015307 -0.829207
v 1.466123 0.005320 -0.979642
v 1.592166 -0.015307 -0.752814
v 1.592166 0.005320 -0.752814
v 1.592166 -0.035916 -0.752796
v 1.592166 -0.056544 -0.752796
v 1.591547 -0.074148 -0.752513
v 1.304799 -0.015307 -1.182874
v 1.304799 0.005320 -1.182874
v 1.359752 0.005320 -1.115920
v 1.359752 -0.015307 -1.115920
v 1.246841 -0.015307 -1.246841
v 1.246841 0.005320 -1.246841
v 1.414705 0.005320 -1.048948
v 1.414705 -0.056544 -1.048948
v 1.414157 -0.074148 -1.048541
v 1.048948 0.005320 -1.414705
v 1.115920 0.005320 -1.359752
v 1.115920 -0.015307 -1.359752
v 0.979642 0.005320 -1.466123
v 1.182874 -0.015307 -1.304799
v 1.182874 0.005320 -1.304799
v 1.182874 -0.056544 -1.304799
v 1.182415 -0.074148 -1.304286
v 0.752796 0.005320 -1.592166
v 0.829207 0.005320 -1.551318
v 0.674777 0.005320 -1.629072
v 0.905600 -0.015307 -1.510488
v 0.905600 0.005320 -1.510488
v 0.905600 -0.035916 -1.510488
v 0.905600 -0.056544 -1.510488
v 0.905246 -0.074148 -1.509905
v 0.427727 0.005320 -1.708435
v 0.510625 0.005320 -1.683283
v 0.343999 0.005320 -1.729416
v 0.593505 -0.015307 -1.658148
v 0.593505 0.005320 -1.658148
v 0.593505 -0.035916 -1.658148
v 0.593505 -0.056544 -1.658148
v 0.593275 -0.074148 -1.657494
v 0.086203 0.005320 -1.759057
v 0.172406 0.005320 -1.750556
v 0.000000 -0.015307 -1.763299
v 0.000000 0.005320 -1.763299
v 0.258627 0.005320 -1.742071
v 0.258627 -0.056544 -1.742071
v 0.258521 -0.074148 -1.741400
v -0.258627 -0.015307 -1.742071
v -0.258627 0.005320 -1.742071
v -0.172424 0.005320 -1.750556
v -0.172424 -0.015307 -1.750556
v -0.343999 0.005320 -1.729416
v -0.086203 -0.015307 -1.759057
v -0.086203 0.005320 -1.759057
v -0.086203 -0.056544 -1.759057
v -0.086168 -0.074148 -1.758368
v -0.593523 0.005320 -1.658148
v -0.510625 0.005320 -1.683283
v -0.674777 0.005320 -1.629072
v -0.427727 0.005320 -1.708435
v -0.427727 -0.056544 -1.708435
v -0.427568 -0.074148 -1.707763
v -0.905600 -0.015307 -1.510488
v -0.905600 0.005320 -1.510488
v -0.829207 0.005320 -1.551318
v -0.829207 -0.015307 -1.551318
v -0.979642 0.005320 -1.466123
v -0.752814 0.005320 -1.592166
v -0.752814 -0.035916 -1.592166
v -0.752814 -0.056544 -1.592166
v -0.752513 -0.074148 -1.591547
v -1.182874 -0.015307 -1.304799
v -1.182874 0.005320 -1.304799
v -1.115920 0.005320 -1.359752
v -1.115920 -0.015307 -1.359752
v -1.246841 -0.015307 -1.246841
v -1.246841 0.005320 -1.246841
v -1.048948 0.005320 -1.414705
v -1.048948 -0.035916 -1.414705
v -1.048948 -0.056544 -1.414705
v -1.048541 -0.074148 -1.414157
v -1.414705 0.005320 -1.048948
v -1.359752 0.005320 -1.115920
v -1.359752 -0.015307 -1.115920
v -1.466123 0.005320 -0.979642
v -1.304799 -0.015307 -1.182874
v -1.304799 0.005320 -1.182874
v -1.304799 -0.035916 -1.182874
v -1.304799 -0.056544 -1.182874
v -1.304286 -0.074148 -1.182415
v -1.592166 0.005320 -0.752796
v -1.551318 0.005320 -0.829207
v -1.629072 0.005320 -0.674777
v -1.510488 0.005320 -0.905600
v -1.510488 -0.035916 -0.905600
v -1.510488 -0.056544 -0.905600
v -1.509905 -0.074148 -0.905246
v -1.708435 0.005320 -0.427727
v -1.683283 0.005320 -0.510625
v -1.729416 0.005320 -0.343999
v -1.658148 0.005320 -0.593505
v -1.658148 -0.056544 -0.593505
v -1.657494 -0.074148 -0.593275
v -1.759057 0.005320 -0.086203
v -1.750556 0.005320 -0.172406
v -1.763299 -0.015307 -0.000000
v -1.763299 0.005320 0.000000
v -1.742071 -0.015307 -0.258627
v -1.742071 0.005320 -0.258627
v -1.742071 -0.035916 -0.258627
v -1.742071 -0.056544 -0.258627
v -1.741400 -0.074148 -0.258521
v -1.742071 0.005320 0.258627
v -1.750556 0.005320 0.172424
v -1.750556 -0.015307 0.172424
v -1.729416 0.005320 0.343999
v -1.759057 -0.015307 0.086203
v -1.759057 0.005320 0.086203
v -1.759057 -0.056544 0.086203
v -1.758368 -0.074148 0.086168
v -1.658148 0.005320 0.593523
v -1.683283 0.005320 0.510625
v -1.683283 -0.015307 0.510625
v -1.629072 -0.015307 0.674794
v -1.629072 0.005320 0.674794
v -1.708435 0.005320 0.427727
v -1.708435 -0.056544 0.427727
v -1.707763 -0.074148 0.427568
v -1.510488 -0.015307 0.905600
v -1.510488 0.005320 0.905600
v -1.551318 0.005320 0.829207
v -1.466123 0.005320 0.979642
v -1.592166 0.005320 0.752814
v -1.592166 -0.056544 0.752814
v -1.591547 -0.074148 0.752513
v -1.304799 -0.015307 1.182874
v -1.304799 0.005320 1.182874
v -1.359752 0.005320 1.115920
v -1.246841 -0.015307 1.246841
v -1.246841 0.005320 1.246841
v -1.414705 0.005320 1.048965
v -1.414705 -0.035916 1.048965
v -1.414705 -0.056544 1.048965
v -1.414157 -0.074148 1.048559
v -1.048948 0.005320 1.414705
v -1.115920 0.005320 1.359752
v -1.115920 -0.015307 1.359752
v -0.979625 -0.015307 1.466123
v -0.979625 0.005320 1.466123
v -1.182874 -0.015307 1.304799
v -1.182874 0.005320 1.304799
v -1.182874 -0.035916 1.304799
v -1.182874 -0.056544 1.304799
v -1.182415 -0.074148 1.304286
v -0.752796 -0.015307 1.592166
v -0.752796 0.005320 1.592166
v -0.829207 0.005320 1.551336
v -0.674777 0.005320 1.629072
v -0.905600 0.005320 1.510488
v -0.905600 -0.056544 1.510488
v -0.905246 -0.074148 1.509905
v 1.583611 -0.102871 0.748766
v 1.586934 -0.094298 0.750339
v 1.570814 -0.109305 0.742721
v 1.589692 -0.085726 0.751629
v 1.626545 -0.085726 0.673734
v 1.548914 -0.085726 0.827916
v 1.508155 -0.085726 0.904186
v 1.463860 -0.085726 0.978122
v -0.086203 0.005320 1.759057
v -0.172406 0.005320 1.750556
v -0.258627 0.005320 1.742071
v -0.343999 0.005320 1.729416
v -0.258627 -0.056544 1.742071
v -0.258521 -0.074148 1.741400
v -0.427727 0.005320 1.708435
v -0.510625 0.005320 1.683283
v -0.593505 -0.015307 1.658148
v -0.593505 0.005320 1.658148
v -0.593505 -0.035916 1.658148
v -0.593505 -0.056544 1.658148
v -0.593275 -0.074148 1.657494
v -1.092164 -0.111443 -1.204739
v -1.143847 -0.111443 -1.261742
v -1.075902 -0.109428 -1.186798
v -1.205711 -0.111443 -1.205693
v -1.167019 -0.109305 -1.287300
v -1.079102 -0.111443 -1.314892
v -1.014357 -0.111443 -1.368024
v -0.947314 -0.111443 -1.417763
v -1.732721 -0.102871 0.257230
v -1.736362 -0.094298 0.257778
v -1.718722 -0.109305 0.255162
v -1.739367 -0.085726 0.258220
v -1.726729 -0.085726 0.343469
v -1.747851 -0.085726 0.172159
v -1.756318 -0.085726 0.086079
v -1.760560 -0.085726 -0.000000
v 1.043327 -0.102871 -1.407122
v 1.045519 -0.094298 -1.410056
v 1.034896 -0.109305 -1.395739
v 1.047321 -0.085726 -1.412513
v 0.978122 -0.085726 -1.463860
v 1.114187 -0.085726 -1.357649
v 1.181054 -0.085726 -1.302766
v 1.244897 -0.085726 -1.244897
v -0.085743 -0.102871 1.749619
v -0.085920 -0.094298 1.753278
v -0.085054 -0.109305 1.735478
v -0.086079 -0.085726 1.756318
v 0.000000 -0.085726 1.760560
v -0.172141 -0.085726 1.747851
v -0.258220 -0.085726 1.739367
v -0.343469 -0.085726 1.726729
v -1.176529 -0.102871 -1.297800
v -1.179003 -0.094298 -1.300522
v -1.181054 -0.085726 -1.302766
v -1.244915 -0.085726 -1.244897
v -1.114187 -0.085726 -1.357649
v -1.047321 -0.085726 -1.412513
v -0.978122 -0.085726 -1.463860
v 1.749619 -0.102871 0.085743
v 1.753278 -0.094298 0.085920
v 1.735478 -0.109305 0.085054
v 1.756318 -0.085726 0.086079
v 1.760560 -0.085726 -0.000000
v 1.747851 -0.085726 0.172141
v 1.739367 -0.085726 0.258220
v 1.726729 -0.085726 0.343469
v -1.502393 -0.102871 0.900739
v -1.505539 -0.094298 0.902630
v -1.490250 -0.109305 0.893457
v -1.508155 -0.085726 0.904204
v -1.463860 -0.085726 0.978122
v -1.548914 -0.085726 0.827916
v -1.589692 -0.085726 0.751647
v -1.626545 -0.085726 0.673734
v 0.425430 -0.102871 -1.699261
v 0.426313 -0.094298 -1.702832
v 0.421983 -0.109305 -1.685528
v 0.427056 -0.085726 -1.705784
v 0.343469 -0.085726 -1.726729
v 0.509830 -0.085726 -1.680685
v 0.592586 -0.085726 -1.655568
v 0.673734 -0.085726 -1.626545
v 0.900739 -0.102871 1.502393
v 0.902630 -0.094298 1.505539
v 0.893457 -0.109305 1.490250
v 0.904186 -0.085726 1.508155
v 0.978122 -0.085726 1.463860
v 0.827916 -0.085726 1.548914
v 0.751629 -0.085726 1.589692
v 0.673734 -0.085726 1.626545
v -1.583629 -0.102871 -0.748766
v -1.586934 -0.094298 -0.750339
v -1.570814 -0.109305 -0.742721
v -1.589692 -0.085726 -0.751629
v -1.626545 -0.085726 -0.673734
v -1.548914 -0.085726 -0.827916
v -1.508155 -0.085726 -0.904186
v -1.463860 -0.085726 -0.978122
v 1.649240 -0.102871 -0.590324
v 1.652704 -0.094298 -0.591561
v 1.635913 -0.109305 -0.585551
v 1.655568 -0.085726 -0.592586
v 1.626545 -0.085726 -0.673734
v 1.680685 -0.085726 -0.509830
v 1.705784 -0.085726 -0.427056
v 1.726729 -0.085726 -0.343469
v -1.043327 -0.102871 1.407122
v -1.045519 -0.094298 1.410074
v -1.034896 -0.109305 1.395739
v -1.047321 -0.085726 1.412513
v -0.978122 -0.085726 1.463860
v -1.114187 -0.085726 1.357649
v -1.181036 -0.085726 1.302766
v -1.244897 -0.085726 1.244915
v -0.257230 -0.102871 -1.732721
v -0.257778 -0.094298 -1.736362
v -0.255162 -0.109305 -1.718722
v -0.258220 -0.085726 -1.739367
v -0.343469 -0.085726 -1.726729
v -0.172141 -0.085726 -1.747851
v -0.086079 -0.085726 -1.756318
v 0.000000 -0.085726 -1.760560
v 1.407122 -0.102871 1.043327
v 1.410056 -0.094298 1.045519
v 1.395739 -0.109305 1.034896
v 1.412513 -0.085726 1.047321
v 1.357649 -0.085726 1.114187
v 1.302766 -0.085726 1.181054
v 1.244897 -0.085726 1.244897
v -1.749619 -0.102871 -0.085743
v -1.753278 -0.094298 -0.085920
v -1.735478 -0.109305 -0.085054
v -1.756318 -0.085726 -0.086079
v -1.747851 -0.085726 -0.172141
v -1.739367 -0.085726 -0.258220
v -1.726729 -0.085726 -0.343469
v 1.297800 -0.102871 -1.176529
v 1.300522 -0.094298 -1.179003
v 1.287300 -0.109305 -1.167019
v 1.302766 -0.085726 -1.181054
v 1.357649 -0.085726 -1.114187
v 1.412513 -0.085726 -1.047321
v 1.463860 -0.085726 -0.978122
v -0.425430 -0.102871 1.699261
v -0.426313 -0.094298 1.702832
v -0.421983 -0.109305 1.685528
v -0.427056 -0.085726 1.705784
v -0.509830 -0.085726 1.680685
v -0.592586 -0.085726 1.655568
v -0.673734 -0.085726 1.626545
v -0.900739 -0.102871 -1.502393
v -0.902630 -0.094298 -1.505539
v -0.893457 -0.109305 -1.490250
v -0.904186 -0.085726 -1.508155
v -0.827916 -0.085726 -1.548914
v -0.751647 -0.085726 -1.589692
v -0.673734 -0.085726 -1.626545
v 1.699261 -0.102871 0.425430
v 1.702832 -0.094298 0.426331
v 1.685528 -0.109305 0.422001
v 1.705784 -0.085726 0.427056
v 1.680685 -0.085726 0.509830
v 1.655568 -0.085726 0.592586
v -1.649240 -0.102871 0.590324
v -1.652704 -0.094298 0.591578
v -1.635913 -0.109305 0.585569
v -1.655568 -0.085726 0.592604
v -1.680685 -0.085726 0.509830
v -1.705784 -0.085726 0.427056
v 0.748766 -0.102871 -1.583611
v 0.750339 -0.094298 -1.586934
v 0.742721 -0.109305 -1.570814
v 0.751629 -0.085726 -1.589692
v 0.827916 -0.085726 -1.548914
v 0.904186 -0.085726 -1.508155
v 0.590324 -0.102871 1.649240
v 0.591561 -0.094298 1.652704
v 0.585551 -0.109305 1.635913
v 0.592586 -0.085726 1.655568
v 0.509830 -0.085726 1.680685
v 0.427056 -0.085726 1.705784
v 0.343469 -0.085726 1.726729
v -1.407122 -0.102871 -1.043327
v -1.410074 -0.094298 -1.045519
v -1.395739 -0.109305 -1.034896
v -1.412513 -0.085726 -1.047321
v -1.357649 -0.085726 -1.114187
v -1.302766 -0.085726 -1.181036
v 1.732721 -0.102871 -0.257230
v 1.736362 -0.094298 -0.257778
v 1.718722 -0.109305 -0.255162
v 1.739367 -0.085726 -0.258220
v 1.747851 -0.085726 -0.172141
v 1.756318 -0.085726 -0.086079
v -1.297800 -0.102871 1.176529
v -1.300522 -0.094298 1.179003
v -1.287300 -0.109305 1.167019
v -1.302766 -0.085726 1.181054
v -1.357631 -0.085726 1.114187
v -1.412513 -0.085726 1.047339
v 0.085743 -0.102871 -1.749619
v 0.085920 -0.094298 -1.753278
v 0.085054 -0.109305 -1.735478
v 0.086079 -0.085726 -1.756318
v 0.172141 -0.085726 -1.747851
v 0.258220 -0.085726 -1.739367
v 1.176529 -0.102871 1.297800
v 1.179003 -0.094298 1.300522
v 1.167019 -0.109305 1.287300
v 1.181054 -0.085726 1.302766
v 1.114187 -0.085726 1.357649
v 1.047321 -0.085726 1.412513
v -1.699261 -0.102871 -0.425430
v -1.702832 -0.094298 -0.426313
v -1.685528 -0.109305 -0.421983
v -1.705784 -0.085726 -0.427056
v -1.680685 -0.085726 -0.509830
v -1.655568 -0.085726 -0.592586
v 0.257230 -0.102871 1.732721
v 0.257778 -0.094298 1.736362
v 0.255162 -0.109305 1.718722
v 0.258220 -0.085726 1.739367
v 0.172141 -0.085726 1.747851
v 0.086079 -0.085726 1.756318
v 1.502393 -0.102871 -0.900739
v 1.505539 -0.094298 -0.902630
v 1.490250 -0.109305 -0.893457
v 1.508155 -0.085726 -0.904186
v 1.548914 -0.085726 -0.827916
v 1.589692 -0.085726 -0.751629
v -0.750339 -0.094298 1.586934
v -0.742721 -0.109305 1.570814
v -0.751629 -0.085726 1.589692
v -0.827916 -0.085726 1.548914
v -0.904186 -0.085726 1.508155
v -0.590324 -0.102871 -1.649240
v -0.591561 -0.094298 -1.652704
v -0.585551 -0.109305 -1.635913
v -0.592604 -0.085726 -1.655568
v -0.509830 -0.085726 -1.680685
v -0.427056 -0.085726 -1.705784
v -1.546104 -0.087228 -0.387074
v -1.546104 -0.095288 -0.387074
v -1.539158 -0.081166 -0.385342
v -1.546104 -0.103366 -0.387074
v -1.565087 -0.103366 -0.311317
v -1.553934 -0.109428 -0.389036
v -1.523338 -0.103366 -0.462106
v -1.500590 -0.103366 -0.537121
v -1.474289 -0.103366 -0.610668
v 0.394922 -0.111443 -1.577425
v 0.403512 -0.111443 -1.611733
v 0.389036 -0.109428 -1.553934
v 0.413605 -0.111443 -1.652068
v 0.332651 -0.111443 -1.672359
v 0.493780 -0.111443 -1.627747
v 0.573938 -0.111443 -1.603443
v 0.652523 -0.111443 -1.575321
v 1.530991 -0.111443 -0.547991
v 1.603443 -0.111443 -0.573938
v 1.508190 -0.109428 -0.539843
v 1.575321 -0.111443 -0.652523
v 1.627747 -0.111443 -0.493780
v 1.652068 -0.111443 -0.413605
v 1.672359 -0.111443 -0.332651
v 1.306213 -0.111443 0.968507
v 1.334635 -0.111443 0.989594
v 1.286770 -0.109428 0.954101
v 1.368024 -0.111443 1.014339
v 1.417763 -0.111443 0.947314
v 1.314892 -0.111443 1.079102
v 1.261742 -0.111443 1.143847
v 1.205693 -0.111443 1.205693
v -0.394922 -0.111443 1.577425
v -0.403512 -0.111443 1.611733
v -0.389036 -0.109428 1.553934
v -0.413605 -0.111443 1.652068
v -0.332651 -0.111443 1.672359
v -0.493763 -0.111443 1.627747
v -0.573938 -0.111443 1.603443
v -0.652523 -0.111443 1.575321
v -1.530974 -0.111443 0.548009
v -1.508190 -0.109428 0.539843
v -1.603425 -0.111443 0.573938
v -1.575321 -0.111443 0.652523
v -1.627747 -0.111443 0.493780
v -1.652068 -0.111443 0.413622
v -1.672359 -0.111443 0.332651
v -1.306213 -0.111443 -0.968507
v -1.334635 -0.111443 -0.989594
v -1.286770 -0.109428 -0.954084
v -1.368024 -0.111443 -1.014339
v -1.417763 -0.111443 -0.947314
v -1.314892 -0.111443 -1.079102
v -1.261742 -0.111443 -1.143847
v 0.079592 -0.111443 -1.624159
v 0.081325 -0.111443 -1.659492
v 0.078408 -0.109428 -1.599979
v 0.083357 -0.111443 -1.701011
v 0.000000 -0.111443 -1.705112
v 0.166732 -0.111443 -1.692810
v 0.250089 -0.111443 -1.684591
v 1.394661 -0.111443 -0.836153
v 1.424992 -0.111443 -0.854341
v 1.373892 -0.109428 -0.823692
v 1.460661 -0.111443 -0.875711
v 1.417763 -0.111443 -0.947314
v 1.500148 -0.111443 -0.801845
v 1.539635 -0.111443 -0.727962
v 1.470064 -0.111443 0.695068
v 1.502039 -0.111443 0.710198
v 1.448182 -0.109428 0.684728
v 1.539635 -0.111443 0.727962
v 1.575321 -0.111443 0.652523
v 1.500148 -0.111443 0.801845
v 1.460661 -0.111443 0.875711
v 0.238795 -0.111443 1.608480
v 0.235242 -0.109428 1.584530
v 0.250089 -0.111443 1.684591
v 0.332651 -0.111443 1.672359
v 0.166732 -0.111443 1.692810
v 0.083357 -0.111443 1.701011
v 0.000000 -0.111443 1.705112
v -0.079592 -0.111443 1.624159
v -0.081325 -0.111443 1.659492
v -0.078408 -0.109428 1.599979
v -0.083357 -0.111443 1.701011
v -0.166732 -0.111443 1.692810
v -0.250089 -0.111443 1.684591
v -1.394661 -0.111443 0.836153
v -1.373892 -0.109428 0.823710
v -1.460661 -0.111443 0.875728
v -1.417763 -0.111443 0.947314
v -1.539635 -0.111443 0.727962
v -1.470064 -0.111443 -0.695068
v -1.502039 -0.111443 -0.710198
v -1.448182 -0.109428 -0.684728
v -1.539635 -0.111443 -0.727962
v -1.575321 -0.111443 -0.652523
v -1.500148 -0.111443 -0.801845
v -1.460661 -0.111443 -0.875711
v -0.238795 -0.111443 -1.608480
v -0.243991 -0.111443 -1.643478
v -0.235242 -0.109428 -1.584530
v -0.250089 -0.111443 -1.684591
v -0.332651 -0.111443 -1.672359
v -0.166732 -0.111443 -1.692810
v -0.083357 -0.111443 -1.701011
v 1.204739 -0.111443 -1.092164
v 1.230951 -0.111443 -1.115937
v 1.186798 -0.109428 -1.075902
v 1.261742 -0.111443 -1.143847
v 1.205693 -0.111443 -1.205693
v 1.314892 -0.111443 -1.079102
v 1.368024 -0.111443 -1.014339
v 1.577425 -0.111443 0.394922
v 1.611733 -0.111443 0.403512
v 1.553934 -0.109428 0.389036
v 1.652068 -0.111443 0.413605
v 1.672359 -0.111443 0.332651
v 1.627747 -0.111443 0.493780
v 0.547991 -0.111443 1.530991
v 0.573938 -0.111443 1.603443
v 0.539843 -0.109428 1.508190
v 0.652523 -0.111443 1.575321
v 0.493780 -0.111443 1.627747
v 0.413605 -0.111443 1.652068
v -1.204739 -0.111443 1.092164
v -1.261742 -0.111443 1.143847
v -1.186798 -0.109428 1.075902
v -1.205693 -0.111443 1.205711
v -1.314892 -0.111443 1.079102
v -1.368024 -0.111443 1.014357
v -1.577425 -0.111443 -0.394922
v -1.611733 -0.111443 -0.403512
v -1.652068 -0.111443 -0.413605
v -1.672359 -0.111443 -0.332651
v -1.627747 -0.111443 -0.493763
v -1.603443 -0.111443 -0.573938
v -0.548009 -0.111443 -1.530974
v -0.559922 -0.111443 -1.564292
v -0.539843 -0.109428 -1.508190
v -0.573938 -0.111443 -1.603425
v -0.652523 -0.111443 -1.575321
v -0.493780 -0.111443 -1.627747
v -0.413622 -0.111443 -1.652068
v 0.968507 -0.111443 -1.306213
v 0.989594 -0.111443 -1.334635
v 0.954101 -0.109428 -1.286770
v 1.014339 -0.111443 -1.368024
v 0.947314 -0.111443 -1.417763
v 1.079102 -0.111443 -1.314892
v 1.143847 -0.111443 -1.261742
v 1.624159 -0.111443 0.079592
v 1.659492 -0.111443 0.081325
v 1.599979 -0.109428 0.078408
v 1.701011 -0.111443 0.083357
v 1.705112 -0.111443 -0.000000
v 1.692810 -0.111443 0.166732
v 1.684591 -0.111443 0.250089
v 0.836153 -0.111443 1.394661
v 0.854341 -0.111443 1.424992
v 0.823692 -0.109428 1.373892
v 0.875711 -0.111443 1.460661
v 0.947314 -0.111443 1.417763
v 0.801845 -0.111443 1.500148
v 0.727962 -0.111443 1.539635
v -0.968507 -0.111443 1.306213
v -0.989576 -0.111443 1.334635
v -0.954084 -0.109428 1.286770
v -1.014339 -0.111443 1.368024
v -0.947314 -0.111443 1.417763
v -1.079102 -0.111443 1.314892
v -1.143847 -0.111443 1.261742
v -1.624159 -0.111443 -0.079592
v -1.599979 -0.109428 -0.078408
v -1.701011 -0.111443 -0.083357
v -1.705112 -0.111443 -0.000000
v -1.692810 -0.111443 -0.166732
v -1.684591 -0.111443 -0.250089
v -0.836153 -0.111443 -1.394661
v -0.823692 -0.109428 -1.373892
v -0.875728 -0.111443 -1.460661
v -0.727962 -0.111443 -1.539635
v 0.695068 -0.111443 -1.470064
v 0.710198 -0.111443 -1.502039
v 0.684728 -0.109428 -1.448182
v 0.727962 -0.111443 -1.539635
v 0.801845 -0.111443 -1.500148
v 0.875711 -0.111443 -1.460661
v 1.608480 -0.111443 -0.238795
v 1.584530 -0.109428 -0.235242
v 1.684591 -0.111443 -0.250089
v 1.692810 -0.111443 -0.166732
v 1.701011 -0.111443 -0.083357
v 1.092164 -0.111443 1.204739
v 1.115937 -0.111443 1.230951
v 1.075902 -0.109428 1.186798
v 1.143847 -0.111443 1.261742
v 1.079102 -0.111443 1.314892
v 1.014339 -0.111443 1.368024
v -0.695068 -0.111443 1.470064
v -0.710198 -0.111443 1.502039
v -0.684728 -0.109428 1.448182
v -0.727962 -0.111443 1.539635
v -0.801845 -0.111443 1.500148
v -1.608480 -0.111443 0.238795
v -1.643478 -0.111443 0.243991
v -1.584530 -0.109428 0.235242
v -1.684591 -0.111443 0.250089
v -1.692810 -0.111443 0.166732
v -1.701011 -0.111443 0.083357
v -1.419654 -0.079151 0.508151
v -1.446627 -0.079151 0.517801
v -1.399416 -0.081607 0.500904
v -1.473617 -0.079151 0.527470
v -1.447776 -0.079151 0.599692
v -1.493838 -0.081166 0.534699
v -1.495959 -0.079151 0.453799
v -1.518301 -0.079151 0.380127
v -1.536948 -0.079151 0.305714
v -0.537121 -0.087228 -1.500590
v -0.537121 -0.095288 -1.500590
v -0.534699 -0.081166 -1.493838
v -0.537121 -0.103366 -1.500590
v -0.610668 -0.103366 -1.474289
v -0.462106 -0.103366 -1.523338
v -0.387092 -0.103366 -1.546104
v -0.311317 -0.103366 -1.565087
v 0.949293 -0.087228 -1.280283
v 0.945016 -0.081166 -1.274521
v 0.949293 -0.103366 -1.280283
v 0.886546 -0.103366 -1.326823
v 1.009885 -0.103366 -1.230545
v 1.070476 -0.103366 -1.180824
v 1.128363 -0.103366 -1.128363
v 1.591919 -0.087228 0.078019
v 1.591919 -0.095288 0.078019
v 1.584760 -0.081166 0.077666
v 1.591919 -0.103366 0.078019
v 1.595754 -0.103366 -0.000000
v 1.584230 -0.103366 0.156039
v 1.576541 -0.103366 0.234058
v 1.565087 -0.103366 0.311317
v 0.819556 -0.087228 1.366964
v 0.819556 -0.095288 1.366964
v 0.815862 -0.081166 1.360830
v 0.819556 -0.103366 1.366964
v 0.886546 -0.103366 1.326823
v 0.750410 -0.103366 1.403923
v 0.681281 -0.103366 1.440882
v 0.610668 -0.103366 1.474289
v -0.949276 -0.087228 1.280283
v -0.949276 -0.103366 1.280283
v -0.945016 -0.081166 1.274521
v -0.886546 -0.103366 1.326823
v -1.009885 -0.103366 1.230545
v -1.070476 -0.103366 1.180824
v -1.128363 -0.103366 1.128363
v -1.591919 -0.087228 -0.078019
v -1.591919 -0.095288 -0.078019
v -1.584760 -0.081166 -0.077666
v -1.591919 -0.103366 -0.078019
v -1.595754 -0.103366 -0.000000
v -1.584230 -0.103366 -0.156039
v -1.576541 -0.103366 -0.234040
v -0.819556 -0.087228 -1.366964
v -0.819556 -0.095288 -1.366964
v -0.815862 -0.081166 -1.360830
v -0.819556 -0.103366 -1.366964
v -0.886546 -0.103366 -1.326823
v -0.750410 -0.103366 -1.403923
v -0.681281 -0.103366 -1.440882
v 0.681281 -0.087228 -1.440882
v 0.681281 -0.095288 -1.440882
v 0.678206 -0.081166 -1.434395
v 0.681281 -0.103366 -1.440882
v 0.610668 -0.103366 -1.474289
v 0.750410 -0.103366 -1.403923
v 0.819556 -0.103366 -1.366964
v 1.576541 -0.087228 -0.234040
v 1.569453 -0.081166 -0.232997
v 1.576541 -0.103366 -0.234040
v 1.565087 -0.103366 -0.311317
v 1.584230 -0.103366 -0.156039
v 1.591919 -0.103366 -0.078019
v 1.070476 -0.087228 1.180824
v 1.070476 -0.095288 1.180824
v 1.065668 -0.081166 1.175503
v 1.070476 -0.103366 1.180824
v 1.128363 -0.103366 1.128363
v 1.009885 -0.103366 1.230545
v -0.681281 -0.087228 1.440882
v -0.681281 -0.095288 1.440882
v -0.678206 -0.081166 1.434395
v -0.681281 -0.103366 1.440882
v -0.610668 -0.103366 1.474289
v -0.750410 -0.103366 1.403923
v -0.819556 -0.103366 1.366964
v -1.576541 -0.087228 0.234058
v -1.576541 -0.095288 0.234058
v -1.569453 -0.081166 0.232997
v -1.576541 -0.103366 0.234058
v -1.565087 -0.103366 0.311317
v -1.584230 -0.103366 0.156039
v -1.591919 -0.103366 0.078019
v -1.070494 -0.087228 -1.180824
v -1.065668 -0.081166 -1.175503
v -1.070494 -0.103366 -1.180824
v -1.128363 -0.103366 -1.128363
v -1.009885 -0.103366 -1.230545
v 0.387092 -0.087228 -1.546104
v 0.385342 -0.081166 -1.539158
v 0.387092 -0.103366 -1.546104
v 0.311317 -0.103366 -1.565087
v 0.537121 -0.103366 -1.500590
v 1.500590 -0.087228 -0.537121
v 1.500590 -0.095288 -0.537121
v 1.493838 -0.081166 -0.534699
v 1.500590 -0.103366 -0.537121
v 1.474289 -0.103366 -0.610668
v 1.523338 -0.103366 -0.462106
v 1.546104 -0.103366 -0.387092
v 1.280283 -0.087228 0.949293
v 1.280283 -0.103366 0.949293
v 1.274521 -0.081166 0.945016
v 1.326823 -0.103366 0.886546
v 1.230545 -0.103366 1.009885
v 1.180824 -0.103366 1.070476
v -0.387074 -0.087228 1.546104
v -0.387074 -0.095288 1.546104
v -0.385342 -0.081166 1.539158
v -0.387074 -0.103366 1.546104
v -0.311317 -0.103366 1.565087
v -0.462106 -0.103366 1.523338
v -0.537121 -0.103366 1.500590
v -1.500590 -0.087228 0.537121
v -1.500590 -0.095288 0.537121
v -1.500590 -0.103366 0.537121
v -1.474289 -0.103366 0.610668
v -1.523338 -0.103366 0.462106
v -1.546104 -0.103366 0.387092
v -1.280283 -0.087228 -0.949293
v -1.280283 -0.095288 -0.949293
v -1.274521 -0.081166 -0.945016
v -1.280283 -0.103366 -0.949293
v -1.326823 -0.103366 -0.886546
v -1.230545 -0.103366 -1.009885
v -1.180824 -0.103366 -1.070476
v 0.078019 -0.087228 -1.591919
v 0.078019 -0.095288 -1.591919
v 0.077666 -0.081166 -1.584760
v 0.078019 -0.103366 -1.591919
v 0.000000 -0.103366 -1.595754
v 0.156039 -0.103366 -1.584230
v 0.234040 -0.103366 -1.576541
v 1.366964 -0.087228 -0.819556
v 1.366964 -0.095288 -0.819556
v 1.360830 -0.081166 -0.815862
v 1.366964 -0.103366 -0.819556
v 1.326823 -0.103366 -0.886546
v 1.403923 -0.103366 -0.750410
v 1.440882 -0.103366 -0.681281
v 1.440882 -0.087228 0.681281
v 1.440882 -0.095288 0.681281
v 1.434395 -0.081166 0.678206
v 1.440882 -0.103366 0.681281
v 1.474289 -0.103366 0.610668
v 1.403923 -0.103366 0.750410
v 1.366964 -0.103366 0.819556
v 0.234058 -0.087228 1.576541
v 0.234058 -0.095288 1.576541
v 0.232997 -0.081166 1.569453
v 0.234058 -0.103366 1.576541
v 0.311317 -0.103366 1.565087
v 0.156039 -0.103366 1.584230
v 0.078019 -0.103366 1.591919
v 0.000000 -0.103366 1.595754
v -0.078019 -0.087228 1.591919
v -0.078019 -0.095288 1.591919
v -0.077666 -0.081166 1.584760
v -0.078019 -0.103366 1.591919
v -0.156039 -0.103366 1.584230
v -0.234040 -0.103366 1.576541
v -1.366964 -0.087228 0.819556
v -1.366964 -0.095288 0.819556
v -1.360830 -0.081166 0.815862
v -1.366964 -0.103366 0.819556
v -1.326823 -0.103366 0.886546
v -1.403923 -0.103366 0.750410
v -1.440882 -0.103366 0.681281
v -1.440882 -0.087228 -0.681281
v -1.440882 -0.095288 -0.681281
v -1.434395 -0.081166 -0.678206
v -1.440882 -0.103366 -0.681281
v -1.403923 -0.103366 -0.750410
v -1.366964 -0.103366 -0.819556
v -0.234058 -0.087228 -1.576541
v -0.234058 -0.095288 -1.576541
v -0.232997 -0.081166 -1.569453
v -0.234058 -0.103366 -1.576541
v -0.156039 -0.103366 -1.584230
v -0.078019 -0.103366 -1.591919
v 1.180824 -0.087228 -1.070476
v 1.180824 -0.095288 -1.070476
v 1.175503 -0.081166 -1.065668
v 1.180824 -0.103366 -1.070476
v 1.230545 -0.103366 -1.009885
v 1.546104 -0.087228 0.387092
v 1.546104 -0.095288 0.387092
v 1.539158 -0.081166 0.385342
v 1.546104 -0.103366 0.387092
v 1.500590 -0.103366 0.537121
v 0.537121 -0.087228 1.500590
v 0.537121 -0.095288 1.500590
v 0.534699 -0.081166 1.493838
v 0.537121 -0.103366 1.500590
v 0.462106 -0.103366 1.523338
v 0.387092 -0.103366 1.546104
v -1.180824 -0.087228 1.070494
v -1.175503 -0.081166 1.065668
v -1.180824 -0.103366 1.070494
v -1.230545 -0.103366 1.009885
v -0.881013 -0.108739 1.188212
v -0.878486 -0.116145 1.184783
v -0.881013 -0.089013 1.188212
v -0.822791 -0.089013 1.231411
v -0.885291 -0.081607 1.193974
v -0.937257 -0.089013 1.142062
v -0.993500 -0.089013 1.095894
v -1.047215 -0.089013 1.047215
v -1.211226 -0.079151 -0.898088
v -1.234239 -0.079151 -0.915145
v -1.193957 -0.081607 -0.885291
v -1.257270 -0.079151 -0.932219
v -1.302961 -0.079151 -0.870620
v -1.208433 -0.079151 -0.991732
v -1.159596 -0.079151 -1.051245
v -1.108089 -0.079151 -1.108072
v 0.073813 -0.079151 -1.506051
v 0.075209 -0.079151 -1.534668
v 0.072752 -0.081607 -1.484576
v 0.076605 -0.079151 -1.563284
v 0.000000 -0.079151 -1.567067
v 0.153228 -0.079151 -1.555737
v 0.229833 -0.079151 -1.548190
v 0.305714 -0.079151 -1.536948
v 1.293239 -0.079151 -0.775350
v 1.317808 -0.079151 -0.790073
v 1.274804 -0.081607 -0.764303
v 1.342395 -0.079151 -0.804815
v 1.302961 -0.079151 -0.870620
v 1.378682 -0.079151 -0.736923
v 1.414970 -0.079151 -0.669032
v 1.447776 -0.079151 -0.599692
v 1.363163 -0.079151 0.644534
v 1.389076 -0.079151 0.656783
v 1.343738 -0.081607 0.635343
v 1.414970 -0.079151 0.669032
v 1.447776 -0.079151 0.599692
v 1.378682 -0.079151 0.736923
v 1.342395 -0.079151 0.804815
v 1.302961 -0.079151 0.870620
v 0.221420 -0.079151 1.491505
v 0.218274 -0.081607 1.470259
v 0.229833 -0.079151 1.548207
v 0.305714 -0.079151 1.536948
v 0.153228 -0.079151 1.555737
v 0.076605 -0.079151 1.563284
v 0.000000 -0.079151 1.567067
v -0.073813 -0.079151 1.506051
v -0.072752 -0.081607 1.484576
v -0.076605 -0.079151 1.563284
v -0.153228 -0.079151 1.555737
v -0.229833 -0.079151 1.548207
v -0.305714 -0.079151 1.536948
v -1.293239 -0.079151 0.775350
v -1.317808 -0.079151 0.790091
v -1.274804 -0.081607 0.764303
v -1.342395 -0.079151 0.804815
v -1.302961 -0.079151 0.870620
v -1.378682 -0.079151 0.736923
v -1.414970 -0.079151 0.669032
v -1.363163 -0.079151 -0.644534
v -1.343738 -0.081607 -0.635343
v -1.414970 -0.079151 -0.669032
v -1.447776 -0.079151 -0.599692
v -1.378682 -0.079151 -0.736923
v -1.342395 -0.079151 -0.804815
v -0.221420 -0.079151 -1.491505
v -0.218274 -0.081607 -1.470259
v -0.229833 -0.079151 -1.548190
v -0.305714 -0.079151 -1.536948
v -0.153228 -0.079151 -1.555737
v -0.076623 -0.079151 -1.563284
v 1.117122 -0.079151 -1.012748
v 1.138350 -0.079151 -1.031997
v 1.101214 -0.081607 -0.998308
v 1.159596 -0.079151 -1.051245
v 1.108089 -0.079151 -1.108089
v 1.208433 -0.079151 -0.991732
v 1.257270 -0.079151 -0.932219
v 1.462711 -0.079151 0.366199
v 1.441872 -0.081607 0.360985
v 1.518301 -0.079151 0.380127
v 1.536948 -0.079151 0.305714
v 1.495959 -0.079151 0.453799
v 1.473617 -0.079151 0.527470
v 0.508151 -0.079151 1.419654
v 0.517801 -0.079151 1.446627
v 0.500904 -0.081607 1.399416
v 0.527470 -0.079151 1.473617
v 0.599692 -0.079151 1.447776
v 0.453799 -0.079151 1.495959
v 0.380127 -0.079151 1.518301
v -1.117122 -0.079151 1.012748
v -1.101196 -0.081607 0.998308
v -1.159578 -0.079151 1.051245
v -1.108072 -0.079151 1.108089
v -1.208433 -0.079151 0.991732
v -1.257270 -0.079151 0.932219
v -1.462711 -0.079151 -0.366199
v -1.441872 -0.081607 -0.360985
v -1.518301 -0.079151 -0.380127
v -1.536948 -0.079151 -0.305714
v -1.495959 -0.079151 -0.453799
v -1.473617 -0.079151 -0.527470
v -0.508151 -0.079151 -1.419654
v -0.517801 -0.079151 -1.446627
v -0.500904 -0.081607 -1.399416
v -0.527470 -0.079151 -1.473617
v -0.599692 -0.079151 -1.447776
v -0.453799 -0.079151 -1.495959
v -0.380127 -0.079151 -1.518301
v 0.898088 -0.079151 -1.211226
v 0.915145 -0.079151 -1.234239
v 0.885291 -0.081607 -1.193957
v 0.932219 -0.079151 -1.257270
v 0.870620 -0.079151 -1.302961
v 0.991732 -0.079151 -1.208433
v 1.051245 -0.079151 -1.159596
v 1.506051 -0.079151 0.073813
v 1.534668 -0.079151 0.075209
v 1.484576 -0.081607 0.072752
v 1.563284 -0.079151 0.076605
v 1.567067 -0.079151 -0.000000
v 1.555737 -0.079151 0.153228
v 1.548207 -0.079151 0.229833
v 0.775350 -0.079151 1.293239
v 0.790073 -0.079151 1.317808
v 0.764303 -0.081607 1.274804
v 0.804815 -0.079151 1.342395
v 0.870620 -0.079151 1.302961
v 0.736923 -0.079151 1.378682
v 0.669032 -0.079151 1.414970
v -0.898088 -0.079151 1.211226
v -0.915145 -0.079151 1.234239
v -0.932219 -0.079151 1.257270
v -0.870620 -0.079151 1.302961
v -0.991732 -0.079151 1.208433
v -1.051245 -0.079151 1.159596
v -1.506051 -0.079151 -0.073813
v -1.534668 -0.079151 -0.075209
v -1.484576 -0.081607 -0.072752
v -1.563284 -0.079151 -0.076605
v -1.567067 -0.079151 -0.000000
v -1.555737 -0.079151 -0.153228
v -1.548207 -0.079151 -0.229833
v -0.775350 -0.079151 -1.293239
v -0.790073 -0.079151 -1.317808
v -0.764303 -0.081607 -1.274804
v -0.804815 -0.079151 -1.342395
v -0.870620 -0.079151 -1.302961
v -0.736923 -0.079151 -1.378682
v -0.669032 -0.079151 -1.414970
v 0.644534 -0.079151 -1.363163
v 0.656783 -0.079151 -1.389076
v 0.635343 -0.081607 -1.343738
v 0.669032 -0.079151 -1.414970
v 0.599692 -0.079151 -1.447776
v 0.736923 -0.079151 -1.378682
v 0.804815 -0.079151 -1.342395
v 1.491505 -0.079151 -0.221420
v 1.519856 -0.079151 -0.225627
v 1.470259 -0.081607 -0.218274
v 1.548207 -0.079151 -0.229833
v 1.536948 -0.079151 -0.305714
v 1.555737 -0.079151 -0.153228
v 1.563284 -0.079151 -0.076605
v 1.012748 -0.079151 1.117122
v 1.031997 -0.079151 1.138350
v 0.998308 -0.081607 1.101214
v 1.051245 -0.079151 1.159596
v 1.108089 -0.079151 1.108089
v 0.991732 -0.079151 1.208433
v 0.932219 -0.079151 1.257270
v -0.644534 -0.079151 1.363163
v -0.635343 -0.081607 1.343738
v -0.669032 -0.079151 1.414970
v -0.599692 -0.079151 1.447776
v -0.736923 -0.079151 1.378682
v -0.804815 -0.079151 1.342395
v -1.491505 -0.079151 0.221420
v -1.470259 -0.081607 0.218274
v -1.548190 -0.079151 0.229851
v -1.555737 -0.079151 0.153228
v -1.563284 -0.079151 0.076623
v -1.012748 -0.079151 -1.117122
v -1.031997 -0.079151 -1.138350
v -0.998308 -0.081607 -1.101214
v -1.051245 -0.079151 -1.159578
v -0.991732 -0.079151 -1.208433
v -0.932219 -0.079151 -1.257270
v 0.366199 -0.079151 -1.462711
v 0.360985 -0.081607 -1.441872
v 0.380127 -0.079151 -1.518301
v 0.453799 -0.079151 -1.495959
v 0.527470 -0.079151 -1.473617
v 1.419654 -0.079151 -0.508151
v 1.446627 -0.079151 -0.517801
v 1.399416 -0.081607 -0.500904
v 1.473617 -0.079151 -0.527470
v 1.495959 -0.079151 -0.453799
v 1.518301 -0.079151 -0.380127
v 1.211226 -0.079151 0.898088
v 1.234239 -0.079151 0.915145
v 1.193957 -0.081607 0.885291
v 1.257270 -0.079151 0.932219
v 1.208433 -0.079151 0.991732
v 1.159596 -0.079151 1.051245
v -0.366199 -0.079151 1.462711
v -0.360985 -0.081607 1.441872
v -0.380127 -0.079151 1.518301
v -0.453799 -0.079151 1.495959
v -0.527470 -0.079151 1.473617
v 0.211787 -0.118602 1.426565
v 0.211469 -0.111249 1.424409
v 0.214721 -0.118602 1.446309
v 0.285599 -0.118602 1.435792
v 0.216595 -0.116145 1.458946
v 0.143136 -0.118602 1.453361
v 0.071568 -0.118602 1.460396
v 0.000000 -0.118602 1.463931
v -1.477435 -0.108739 -0.072398
v -1.473175 -0.116145 -0.072204
v -1.477435 -0.089013 -0.072398
v -1.480988 -0.089013 -0.000000
v -1.463171 -0.089013 -0.217213
v -1.452530 -0.089013 -0.288922
v -0.760608 -0.108739 -1.268671
v -0.758417 -0.116145 -1.265012
v -0.760608 -0.089013 -1.268671
v -0.822791 -0.089013 -1.231393
v -0.632285 -0.089013 -1.337251
v -0.566745 -0.089013 -1.368254
v 0.632285 -0.108739 -1.337251
v 0.630464 -0.116145 -1.333398
v 0.632285 -0.089013 -1.337251
v 0.760608 -0.089013 -1.268671
v 0.822791 -0.089013 -1.231393
v 1.463171 -0.108739 -0.217213
v 1.463171 -0.098876 -0.217213
v 1.458946 -0.116145 -0.216595
v 1.463171 -0.089013 -0.217213
v 1.452530 -0.089013 -0.288922
v 1.477435 -0.089013 -0.072398
v 1.480988 -0.089013 -0.000000
v 0.993500 -0.108739 1.095894
v 0.993500 -0.098876 1.095894
v 0.990636 -0.116145 1.092747
v 0.993500 -0.089013 1.095894
v 1.047215 -0.089013 1.047215
v 0.937257 -0.089013 1.142062
v 0.881013 -0.089013 1.188212
v 0.822791 -0.089013 1.231393
v -0.632285 -0.108739 1.337251
v -0.632285 -0.098876 1.337251
v -0.630464 -0.116145 1.333398
v -0.632285 -0.089013 1.337251
v -1.463171 -0.108739 0.217213
v -1.463171 -0.098876 0.217213
v -1.458946 -0.116145 0.216595
v -1.463171 -0.089013 0.217213
v -1.452530 -0.089013 0.288922
v -1.470294 -0.089013 0.144815
v -1.477435 -0.089013 0.072416
v -0.993500 -0.108739 -1.095894
v -0.993500 -0.098876 -1.095894
v -0.990636 -0.116145 -1.092747
v -0.993500 -0.089013 -1.095894
v -1.047215 -0.089013 -1.047215
v -0.881013 -0.089013 -1.188212
v 0.359253 -0.108739 -1.434908
v 0.358210 -0.116145 -1.430790
v 0.359253 -0.089013 -1.434908
v 0.288922 -0.089013 -1.452530
v 0.428876 -0.089013 -1.413786
v 0.498500 -0.089013 -1.392681
v 1.392681 -0.108739 -0.498500
v 1.392681 -0.098876 -0.498500
v 1.388669 -0.116145 -0.497050
v 1.392681 -0.089013 -0.498500
v 1.368254 -0.089013 -0.566745
v 1.413803 -0.089013 -0.428876
v 1.434908 -0.089013 -0.359253
v 1.188212 -0.108739 0.881013
v 1.188212 -0.098876 0.881013
v 1.184783 -0.116145 0.878486
v 1.188212 -0.089013 0.881013
v 1.231393 -0.089013 0.822791
v 1.142062 -0.089013 0.937257
v 1.095894 -0.089013 0.993500
v -0.359253 -0.108739 1.434908
v -0.358210 -0.116145 1.430790
v -0.359253 -0.089013 1.434908
v -0.288922 -0.089013 1.452530
v -0.428876 -0.089013 1.413803
v -0.498500 -0.089013 1.392681
v -1.392681 -0.108739 0.498500
v -1.388669 -0.116145 0.497050
v -1.392681 -0.089013 0.498500
v -1.413786 -0.089013 0.428876
v -1.434908 -0.089013 0.359253
v -1.188212 -0.108739 -0.881013
v -1.184783 -0.116145 -0.878486
v -1.188212 -0.089013 -0.881013
v -1.231411 -0.089013 -0.822791
v -1.142062 -0.089013 -0.937257
v -1.095894 -0.089013 -0.993500
v 0.072398 -0.108739 -1.477435
v 0.072204 -0.116145 -1.473175
v 0.072398 -0.089013 -1.477435
v 0.000000 -0.089013 -1.480988
v 0.217213 -0.089013 -1.463171
v 1.268671 -0.108739 -0.760608
v 1.265012 -0.116145 -0.758417
v 1.268671 -0.089013 -0.760608
v 1.231393 -0.089013 -0.822791
v 1.337251 -0.089013 -0.632285
v 1.337251 -0.108739 0.632285
v 1.333398 -0.116145 0.630464
v 1.337251 -0.089013 0.632285
v 1.302961 -0.089013 0.696447
v 1.268671 -0.089013 0.760608
v 0.217213 -0.108739 1.463171
v 0.217213 -0.098876 1.463171
v 0.217213 -0.089013 1.463171
v 0.288922 -0.089013 1.452530
v 0.144815 -0.089013 1.470294
v 0.072398 -0.089013 1.477435
v 0.000000 -0.089013 1.480988
v -0.072398 -0.108739 1.477435
v -0.072204 -0.116145 1.473175
v -0.072398 -0.089013 1.477435
v -0.217213 -0.089013 1.463171
v -1.268671 -0.108739 0.760608
v -1.265012 -0.116145 0.758417
v -1.268671 -0.089013 0.760608
v -1.337251 -0.089013 0.632285
v -1.337251 -0.108739 -0.632285
v -1.333398 -0.116145 -0.630464
v -1.337251 -0.089013 -0.632285
v -1.302961 -0.089013 -0.696447
v -1.268671 -0.089013 -0.760608
v -0.217213 -0.108739 -1.463171
v -0.217213 -0.098876 -1.463171
v -0.216595 -0.116145 -1.458946
v -0.217213 -0.089013 -1.463171
v -0.288922 -0.089013 -1.452530
v -0.144815 -0.089013 -1.470294
v -0.072398 -0.089013 -1.477435
v 1.095894 -0.108739 -0.993500
v 1.095894 -0.098876 -0.993500
v 1.092747 -0.116145 -0.990636
v 1.095894 -0.089013 -0.993500
v 1.047215 -0.089013 -1.047215
v 1.142062 -0.089013 -0.937257
v 1.188212 -0.089013 -0.881013
v 1.434908 -0.108739 0.359253
v 1.430790 -0.116145 0.358210
v 1.434908 -0.089013 0.359253
v 1.452530 -0.089013 0.288922
v 1.413803 -0.089013 0.428876
v 1.392681 -0.089013 0.498500
v 0.498500 -0.108739 1.392681
v 0.498500 -0.098876 1.392681
v 0.497050 -0.116145 1.388669
v 0.498500 -0.089013 1.392681
v 0.566745 -0.089013 1.368254
v 0.428876 -0.089013 1.413803
v 0.359253 -0.089013 1.434908
v -1.095894 -0.108739 0.993500
v -1.095894 -0.098876 0.993500
v -1.092747 -0.116145 0.990636
v -1.095894 -0.089013 0.993500
v -1.188212 -0.089013 0.881013
v -1.434908 -0.108739 -0.359253
v -1.430790 -0.116145 -0.358210
v -1.434908 -0.089013 -0.359253
v -1.413803 -0.089013 -0.428876
v -1.392681 -0.089013 -0.498500
v -0.498500 -0.108739 -1.392681
v -0.497050 -0.116145 -1.388669
v -0.498500 -0.089013 -1.392681
v -0.428876 -0.089013 -1.413786
v -0.359253 -0.089013 -1.434908
v 0.881013 -0.108739 -1.188212
v 0.881013 -0.098876 -1.188212
v 0.878486 -0.116145 -1.184783
v 0.881013 -0.089013 -1.188212
v 0.937257 -0.089013 -1.142062
v 0.993500 -0.089013 -1.095894
v 1.477435 -0.108739 0.072398
v 1.473175 -0.116145 0.072204
v 1.477435 -0.089013 0.072398
v 1.470294 -0.089013 0.144815
v 1.463171 -0.089013 0.217213
v 0.760608 -0.108739 1.268671
v 0.758417 -0.116145 1.265012
v 0.760608 -0.089013 1.268671
v 0.632285 -0.089013 1.337251
v 0.966704 -0.029854 1.066322
v 0.966704 -0.089155 1.066322
v 0.966704 -0.000000 1.066322
v 1.018970 -0.089155 1.018970
v 0.967181 -0.111249 1.066870
v 0.911981 -0.089155 1.111236
v 0.857240 -0.089155 1.156149
v 0.800590 -0.089155 1.198181
v -0.070596 -0.118602 1.440476
v -0.070914 -0.118602 1.446910
v -0.070490 -0.111249 1.438302
v -0.071568 -0.118602 1.460396
v -0.143136 -0.118602 1.453361
v -0.214721 -0.118602 1.446309
v -0.285599 -0.118602 1.435792
v -1.236926 -0.118602 0.741590
v -1.242458 -0.118602 0.744895
v -1.235052 -0.111249 0.740458
v -1.254035 -0.118602 0.751841
v -1.217217 -0.118602 0.813317
v -1.287937 -0.118602 0.688422
v -1.321856 -0.118602 0.625003
v -1.352487 -0.118602 0.560222
v -1.303809 -0.118602 -0.616465
v -1.301830 -0.111249 -0.615529
v -1.321856 -0.118602 -0.625003
v -1.352487 -0.118602 -0.560222
v -1.287954 -0.118602 -0.688422
v -1.254053 -0.118602 -0.751841
v -1.217217 -0.118602 -0.813317
v -0.211787 -0.118602 -1.426565
v -0.211469 -0.111249 -1.424409
v -0.214721 -0.118602 -1.446309
v -0.285599 -0.118602 -1.435792
v -0.143136 -0.118602 -1.453361
v -0.071568 -0.118602 -1.460396
v 0.000000 -0.118602 -1.463931
v 1.068479 -0.118602 -0.968648
v 1.083273 -0.118602 -0.982046
v 1.066870 -0.111249 -0.967181
v 1.035161 -0.118602 -1.035161
v 1.128893 -0.118602 -0.926457
v 1.174514 -0.118602 -0.870868
v 1.217217 -0.118602 -0.813317
v 1.399027 -0.118602 0.350256
v 1.396906 -0.111249 0.349726
v 1.418381 -0.118602 0.355099
v 1.435792 -0.118602 0.285599
v 1.397507 -0.118602 0.423927
v 1.376632 -0.118602 0.492755
v 1.352487 -0.118602 0.560222
v 0.486021 -0.118602 1.357843
v 0.492755 -0.118602 1.376632
v 0.485296 -0.111249 1.355793
v 0.560222 -0.118602 1.352487
v 0.423927 -0.118602 1.397507
v 0.355099 -0.118602 1.418381
v -1.068479 -0.118602 0.968648
v -1.083273 -0.118602 0.982046
v -1.066870 -0.111249 0.967181
v -1.035161 -0.118602 1.035161
v -1.174514 -0.118602 0.870868
v -1.399027 -0.118602 -0.350256
v -1.396906 -0.111249 -0.349726
v -1.418381 -0.118602 -0.355099
v -1.435792 -0.118602 -0.285599
v -1.397507 -0.118602 -0.423927
v -1.376632 -0.118602 -0.492755
v -0.486021 -0.118602 -1.357843
v -0.492755 -0.118602 -1.376632
v -0.485296 -0.111249 -1.355793
v -0.560222 -0.118602 -1.352487
v -0.423927 -0.118602 -1.397507
v 0.858990 -0.118602 -1.158482
v 0.862825 -0.118602 -1.163661
v 0.857682 -0.111249 -1.156732
v 0.870868 -0.118602 -1.174514
v 0.813317 -0.118602 -1.217217
v 0.926457 -0.118602 -1.128893
v 1.440476 -0.118602 0.070596
v 1.446910 -0.118602 0.070914
v 1.438302 -0.111249 0.070490
v 1.460396 -0.118602 0.071568
v 1.463931 -0.118602 -0.000000
v 1.453361 -0.118602 0.143136
v 1.446309 -0.118602 0.214721
v 0.741590 -0.118602 1.236926
v 0.740458 -0.111249 1.235052
v 0.751841 -0.118602 1.254053
v 0.813317 -0.118602 1.217217
v 0.625003 -0.118602 1.321856
v -0.858972 -0.118602 1.158500
v -0.857682 -0.111249 1.156732
v -0.870868 -0.118602 1.174514
v -0.813317 -0.118602 1.217217
v -0.982046 -0.118602 1.083273
v -1.440476 -0.118602 -0.070596
v -1.446910 -0.118602 -0.070914
v -1.438302 -0.111249 -0.070490
v -1.460396 -0.118602 -0.071568
v -1.463931 -0.118602 -0.000000
v -1.453361 -0.118602 -0.143136
v -1.446309 -0.118602 -0.214721
v -0.741590 -0.118602 -1.236926
v -0.740458 -0.111249 -1.235052
v -0.751841 -0.118602 -1.254035
v -0.813317 -0.118602 -1.217217
v -0.688422 -0.118602 -1.287937
v -0.625003 -0.118602 -1.321856
v 0.616465 -0.118602 -1.303809
v 0.615529 -0.111249 -1.301830
v 0.625003 -0.118602 -1.321856
v 0.560222 -0.118602 -1.352487
v 0.688422 -0.118602 -1.287954
v 0.751841 -0.118602 -1.254053
v 1.426565 -0.118602 -0.211787
v 1.424409 -0.111249 -0.211469
v 1.446309 -0.118602 -0.214721
v 1.435792 -0.118602 -0.285599
v 1.453361 -0.118602 -0.143136
v 1.460396 -0.118602 -0.071568
v 0.968648 -0.118602 1.068479
v 0.982046 -0.118602 1.083273
v 1.035161 -0.118602 1.035161
v 0.926457 -0.118602 1.128893
v 0.870868 -0.118602 1.174514
v -0.616465 -0.118602 1.303809
v -0.615529 -0.111249 1.301830
v -0.624985 -0.118602 1.321856
v -0.560222 -0.118602 1.352487
v -0.688422 -0.118602 1.287954
v -0.751841 -0.118602 1.254053
v -1.426565 -0.118602 0.211787
v -1.432946 -0.118602 0.212724
v -1.424409 -0.111249 0.211469
v -1.446309 -0.118602 0.214721
v -1.435792 -0.118602 0.285599
v -1.453361 -0.118602 0.143153
v -1.460396 -0.118602 0.071568
v -0.968648 -0.118602 -1.068479
v -0.982046 -0.118602 -1.083273
v -0.967181 -0.111249 -1.066870
v -1.035161 -0.118602 -1.035161
v -0.926457 -0.118602 -1.128893
v -0.870868 -0.118602 -1.174514
v 0.350256 -0.118602 -1.399027
v 0.349726 -0.111249 -1.396906
v 0.355099 -0.118602 -1.418381
v 0.285599 -0.118602 -1.435792
v 0.423927 -0.118602 -1.397507
v 0.492755 -0.118602 -1.376632
v 1.357843 -0.118602 -0.486021
v 1.363906 -0.118602 -0.488195
v 1.355793 -0.111249 -0.485296
v 1.376632 -0.118602 -0.492755
v 1.352487 -0.118602 -0.560222
v 1.397507 -0.118602 -0.423927
v 1.418381 -0.118602 -0.355099
v 1.158482 -0.118602 0.858990
v 1.163661 -0.118602 0.862825
v 1.156732 -0.111249 0.857682
v 1.174514 -0.118602 0.870868
v 1.217217 -0.118602 0.813317
v 1.128893 -0.118602 0.926457
v 1.083273 -0.118602 0.982046
v -0.350256 -0.118602 1.399027
v -0.349726 -0.111249 1.396906
v -0.355099 -0.118602 1.418381
v -0.423927 -0.118602 1.397507
v -0.492755 -0.118602 1.376632
v -1.357843 -0.118602 0.486021
v -1.363906 -0.118602 0.488195
v -1.355793 -0.111249 0.485296
v -1.376632 -0.118602 0.492755
v -1.397507 -0.118602 0.423927
v -1.418381 -0.118602 0.355117
v -1.158482 -0.118602 -0.858972
v -1.156732 -0.111249 -0.857682
v -1.174514 -0.118602 -0.870868
v -1.128893 -0.118602 -0.926457
v -1.083273 -0.118602 -0.982046
v 0.070596 -0.118602 -1.440476
v 0.070914 -0.118602 -1.446910
v 0.070490 -0.111249 -1.438302
v 0.071568 -0.118602 -1.460396
v 0.143136 -0.118602 -1.453361
v 0.214721 -0.118602 -1.446309
v 1.236926 -0.118602 -0.741590
v 1.235052 -0.111249 -0.740458
v 1.254053 -0.118602 -0.751841
v 1.287954 -0.118602 -0.688422
v 1.321856 -0.118602 -0.625003
v 1.303809 -0.118602 0.616465
v 1.301830 -0.111249 0.615529
v 1.321856 -0.118602 0.625003
v 1.254053 -0.118602 0.751841
v -0.615228 -0.000000 1.301176
v -0.551455 -0.089155 1.331348
v -0.740087 -0.089155 1.234433
v -0.800590 -0.089155 1.198181
v -1.423684 -0.089155 0.211363
v -1.423684 -0.000000 0.211363
v -1.413344 -0.089155 0.281127
v -1.430630 -0.089155 0.140908
v -1.441041 -0.089155 -0.000000
v -0.966704 0.000000 -1.066322
v -0.966704 -0.089155 -1.066322
v -1.018970 -0.089155 -1.018970
v -0.911981 -0.089155 -1.111236
v -0.857258 -0.089155 -1.156149
v -0.800590 -0.089155 -1.198181
v 0.349549 -0.044719 -1.396199
v 0.349549 0.000000 -1.396199
v 0.349549 -0.089155 -1.396199
v 0.281127 -0.089155 -1.413344
v 0.417299 -0.089155 -1.375642
v 0.485049 -0.089155 -1.355103
v 0.551455 -0.089155 -1.331348
v 1.355103 -0.029836 -0.485049
v 1.355103 -0.089155 -0.485049
v 1.355103 0.000000 -0.485049
v 1.331348 -0.089155 -0.551455
v 1.375642 -0.089155 -0.417299
v 1.396199 -0.089155 -0.349549
v 1.413344 -0.089155 -0.281127
v 1.156149 -0.000000 0.857258
v 1.156149 -0.089155 0.857258
v 1.198181 -0.089155 0.800590
v 1.111236 -0.089155 0.911981
v -0.349549 -0.029854 1.396199
v -0.349549 -0.059602 1.396199
v -0.349549 -0.000000 1.396199
v -0.349549 -0.089155 1.396199
v -0.281127 -0.089155 1.413344
v -0.417299 -0.089155 1.375660
v -0.485049 -0.089155 1.355103
v -1.355103 -0.029836 0.485049
v -1.355103 -0.089155 0.485049
v -1.355103 -0.000000 0.485049
v -1.331348 -0.089155 0.551455
v -1.375642 -0.089155 0.417299
v -1.396199 -0.089155 0.349549
v -1.156149 -0.029836 -0.857240
v -1.156149 -0.089155 -0.857240
v -1.156149 0.000000 -0.857240
v -1.198181 -0.089155 -0.800590
v -1.111236 -0.089155 -0.911963
v -1.066340 -0.089155 -0.966704
v 0.070454 0.000000 -1.437559
v 0.070454 -0.089155 -1.437559
v 0.000000 -0.089155 -1.441041
v 0.140908 -0.089155 -1.430630
v 0.211363 -0.089155 -1.423684
v 1.234433 -0.029836 -0.740087
v 1.234433 -0.059602 -0.740087
v 1.234433 0.000000 -0.740087
v 1.234433 -0.089155 -0.740087
v 1.198181 -0.089155 -0.800590
v 1.301176 -0.000000 0.615228
v 1.301176 -0.089155 0.615228
v 1.331348 -0.089155 0.551455
v 0.211363 -0.029854 1.423684
v 0.211363 -0.089155 1.423684
v 0.211363 -0.000000 1.423684
v 0.281127 -0.089155 1.413344
v 0.140908 -0.089155 1.430630
v 0.000000 -0.089155 1.441041
v -0.070454 -0.059602 1.437559
v -0.070454 -0.000000 1.437559
v -0.070454 -0.089155 1.437559
v -0.140908 -0.089155 1.430630
v -0.211363 -0.089155 1.423684
v -1.234433 -0.059602 0.740087
v -1.234433 -0.000000 0.740087
v -1.234433 -0.089155 0.740087
v -1.301176 -0.089155 -0.615228
v -1.331348 -0.089155 -0.551455
v -1.234433 -0.089155 -0.740087
v -0.211363 -0.029836 -1.423684
v -0.211363 -0.089155 -1.423684
v -0.211363 0.000000 -1.423684
v -0.281127 -0.089155 -1.413344
v -0.140908 -0.089155 -1.430630
v -0.070454 -0.089155 -1.437559
v 1.066322 -0.089155 -0.966704
v 1.066322 0.000000 -0.966704
v 1.018970 -0.089155 -1.018970
v 1.156149 -0.089155 -0.857240
v 1.396199 -0.089155 0.349549
v 1.396199 -0.000000 0.349549
v 1.413344 -0.089155 0.281127
v 1.375642 -0.089155 0.417299
v 1.355103 -0.089155 0.485049
v 0.485049 -0.044728 1.355103
v 0.485049 -0.000000 1.355103
v 0.485049 -0.089155 1.355103
v 0.551455 -0.089155 1.331348
v 0.417299 -0.089155 1.375642
v 0.349549 -0.089155 1.396199
v -1.066322 -0.029854 0.966704
v -1.066322 -0.059602 0.966704
v -1.066322 -0.000000 0.966704
v -1.066322 -0.089155 0.966704
v -1.018970 -0.089155 1.018970
v -1.111236 -0.089155 0.911981
v -1.156149 -0.089155 0.857258
v -1.396199 -0.089155 -0.349549
v -1.396199 0.000000 -0.349549
v -1.413344 -0.089155 -0.281127
v -1.375642 -0.089155 -0.417299
v -1.355103 -0.089155 -0.485049
v -0.485049 -0.029836 -1.355103
v -0.485049 -0.059602 -1.355103
v -0.485049 0.000000 -1.355103
v -0.485049 -0.089155 -1.355103
v -0.551455 -0.089155 -1.331348
v -0.417299 -0.089155 -1.375642
v -0.349549 -0.089155 -1.396199
v 0.857240 0.000000 -1.156149
v 0.857240 -0.089155 -1.156149
v 0.800590 -0.089155 -1.198181
v 1.437559 -0.029836 0.070454
v 1.437559 -0.089155 0.070454
v 1.437559 -0.000000 0.070454
v 1.441041 -0.089155 -0.000000
v 1.430630 -0.089155 0.140908
v 0.740087 -0.029854 1.234433
v 0.740087 -0.059602 1.234433
v 0.740087 -0.000000 1.234433
v 0.740087 -0.089155 1.234433
v 0.615228 -0.089155 1.301176
v -0.857240 -0.089155 1.156149
v -0.857240 -0.000000 1.156149
v -0.911963 -0.089155 1.111236
v -0.966686 -0.089155 1.066340
v -1.437559 -0.029836 -0.070454
v -1.437559 -0.089155 -0.070454
v -1.437559 0.000000 -0.070454
v -1.430630 -0.089155 -0.140908
v -0.740087 -0.029836 -1.234433
v -0.740087 -0.059602 -1.234433
v -0.740087 0.000000 -1.234433
v -0.740087 -0.089155 -1.234433
v 0.615228 -0.089155 -1.301176
v 1.423684 -0.089155 -0.211363
v 1.423684 0.000000 -0.211363
v 1.430630 -0.089155 -0.140908
v 0.258627 0.056544 1.742071
v 0.172424 0.056544 1.750556
v 0.172424 0.035916 1.750556
v 0.258627 0.035916 1.742071
v 0.343999 0.056544 1.729416
v 0.343875 0.074148 1.728744
v 0.258521 0.074148 1.741400
v 0.172353 0.074148 1.749884
v 0.593523 0.056544 1.658148
v 0.510625 0.056544 1.683283
v 0.674777 0.056544 1.629072
v 0.674529 0.074148 1.628436
v 0.593293 0.074148 1.657494
v 0.510413 0.074148 1.682629
v 0.905600 0.056544 1.510488
v 0.829207 0.056544 1.551318
v 0.979642 0.056544 1.466123
v 0.979253 0.074148 1.465557
v 0.905246 0.074148 1.509905
v 0.828889 0.074148 1.550717
v 1.182874 0.056544 1.304799
v 1.115920 0.056544 1.359752
v 1.115920 0.035916 1.359752
v 1.182874 0.035916 1.304799
v 1.246841 0.035916 1.246841
v 1.246841 0.056544 1.246841
v 1.246364 0.074148 1.246364
v 1.182415 0.074148 1.304286
v 1.115478 0.074148 1.359222
v 1.414705 0.056544 1.048948
v 1.359752 0.056544 1.115920
v 1.359752 0.035916 1.115920
v 1.466123 0.056544 0.979642
v 1.465557 0.074148 0.979253
v 1.414157 0.074148 1.048541
v 1.359222 0.074148 1.115478
v 1.592166 0.056544 0.752814
v 1.551318 0.056544 0.829207
v 1.592166 0.035916 0.752814
v 1.629072 0.056544 0.674777
v 1.628436 0.074148 0.674529
v 1.591547 0.074148 0.752513
v 1.550717 0.074148 0.828889
v 1.708435 0.056544 0.427727
v 1.683283 0.056544 0.510625
v 1.683283 0.035916 0.510625
v 1.729416 0.056544 0.343999
v 1.728744 0.074148 0.343875
v 1.707763 0.074148 0.427551
v 1.682629 0.074148 0.510413
v 1.759057 0.056544 0.086203
v 1.750556 0.056544 0.172424
v 1.763299 0.035916 0.000000
v 1.763299 0.056544 0.000000
v 1.762610 0.074148 0.000000
v 1.758368 0.074148 0.086168
v 1.749884 0.074148 0.172353
v 1.742071 0.056544 -0.258627
v 1.750556 0.056544 -0.172424
v 1.750556 0.035916 -0.172424
v 1.729416 0.056544 -0.343999
v 1.728744 0.074148 -0.343875
v 1.741400 0.074148 -0.258521
v 1.749884 0.074148 -0.172353
v 1.658148 0.056544 -0.593505
v 1.683283 0.056544 -0.510625
v 1.683283 0.035916 -0.510625
v 1.658148 0.035916 -0.593523
v 1.629072 0.035916 -0.674777
v 1.629072 0.056544 -0.674777
v 1.628436 0.074148 -0.674529
v 1.657494 0.074148 -0.593275
v 1.682629 0.074148 -0.510413
v 1.510488 0.056544 -0.905600
v 1.551318 0.056544 -0.829207
v 1.551318 0.035916 -0.829207
v 1.510488 0.025612 -0.905600
v 1.466123 0.056544 -0.979642
v 1.465557 0.074148 -0.979253
v 1.509905 0.074148 -0.905246
v 1.550717 0.074148 -0.828871
v 1.304799 0.056544 -1.182874
v 1.359752 0.056544 -1.115920
v 1.359752 0.035916 -1.115920
v 1.246841 0.035916 -1.246841
v 1.246841 0.056544 -1.246841
v 1.246364 0.074148 -1.246346
v 1.304286 0.074148 -1.182415
v 1.359222 0.074148 -1.115478
v 1.048948 0.056544 -1.414705
v 1.115920 0.056544 -1.359752
v 1.115920 0.035916 -1.359752
v 0.979642 0.056544 -1.466123
v 0.979253 0.074148 -1.465557
v 1.048541 0.074148 -1.414157
v 1.115478 0.074148 -1.359222
v 0.752796 0.056544 -1.592166
v 0.829207 0.056544 -1.551318
v 0.829207 0.035916 -1.551318
v 0.674777 0.056544 -1.629072
v 0.674529 0.074148 -1.628436
v 0.752513 0.074148 -1.591547
v 0.828871 0.074148 -1.550717
v 0.427727 0.056544 -1.708435
v 0.510625 0.056544 -1.683283
v 0.343999 0.056544 -1.729416
v 0.343875 0.074148 -1.728744
v 0.427551 0.074148 -1.707763
v 0.510413 0.074148 -1.682629
v 0.086203 0.056544 -1.759057
v 0.172406 0.056544 -1.750556
v 0.000000 0.035916 -1.763299
v 0.000000 0.056544 -1.763299
v 0.000000 0.074148 -1.762610
v 0.086168 0.074148 -1.758368
v 0.172353 0.074148 -1.749884
v -0.258627 0.056544 -1.742071
v -0.172424 0.056544 -1.750556
v -0.172424 0.035916 -1.750556
v -0.258627 0.035916 -1.742071
v -0.343999 0.056544 -1.729416
v -0.343875 0.074148 -1.728744
v -0.258521 0.074148 -1.741400
v -0.172353 0.074148 -1.749884
v -0.593523 0.056544 -1.658148
v -0.510625 0.056544 -1.683283
v -0.674777 0.056544 -1.629072
v -0.674529 0.074148 -1.628436
v -0.593293 0.074148 -1.657494
v -0.510431 0.074148 -1.682629
v -0.905600 0.056544 -1.510488
v -0.829207 0.056544 -1.551318
v -0.979642 0.056544 -1.466123
v -0.979253 0.074148 -1.465557
v -0.905246 0.074148 -1.509905
v -0.828889 0.074148 -1.550717
v -1.182874 0.056544 -1.304799
v -1.115920 0.056544 -1.359752
v -1.246841 0.035916 -1.246841
v -1.246841 0.056544 -1.246841
v -1.246364 0.074148 -1.246346
v -1.182415 0.074148 -1.304286
v -1.115478 0.074148 -1.359222
v -1.414705 0.056544 -1.048948
v -1.359752 0.056544 -1.115920
v -1.359752 0.035916 -1.115920
v -1.466123 0.056544 -0.979642
v -1.465557 0.074148 -0.979253
v -1.414157 0.074148 -1.048541
v -1.359222 0.074148 -1.115478
v -1.592166 0.056544 -0.752796
v -1.551318 0.056544 -0.829207
v -1.629072 0.056544 -0.674777
v -1.628436 0.074148 -0.674529
v -1.591547 0.074148 -0.752513
v -1.550717 0.074148 -0.828871
v -1.708435 0.056544 -0.427727
v -1.683283 0.056544 -0.510625
v -1.729416 0.056544 -0.343999
v -1.728744 0.074148 -0.343875
v -1.707763 0.074148 -0.427551
v -1.682629 0.074148 -0.510413
v -1.759057 0.056544 -0.086203
v -1.750556 0.056544 -0.172406
v -1.750556 0.035916 -0.172406
v -1.759057 0.035916 -0.086203
v -1.763299 0.035916 0.000000
v -1.763299 0.056544 0.000000
v -1.762610 0.074148 0.000000
v -1.758368 0.074148 -0.086168
v -1.749884 0.074148 -0.172353
v -1.742071 0.056544 0.258627
v -1.750556 0.056544 0.172424
v -1.750556 0.035916 0.172424
v -1.729416 0.056544 0.343999
v -1.728744 0.074148 0.343875
v -1.741400 0.074148 0.258521
v -1.749884 0.074148 0.172353
v -1.658148 0.056544 0.593523
v -1.683283 0.056544 0.510625
v -1.683283 0.025612 0.510625
v -1.658148 0.025612 0.593523
v -1.629072 0.035916 0.674794
v -1.629072 0.056544 0.674794
v -1.628436 0.074148 0.674529
v -1.657494 0.074148 0.593293
v -1.682629 0.074148 0.510431
v -1.510488 0.056544 0.905600
v -1.551318 0.056544 0.829207
v -1.466123 0.056544 0.979642
v -1.465557 0.074148 0.979253
v -1.509905 0.074148 0.905246
v -1.550717 0.074148 0.828889
v -1.304799 0.056544 1.182874
v -1.359752 0.056544 1.115920
v -1.359752 0.035916 1.115920
v -1.246841 0.035916 1.246841
v -1.246841 0.056544 1.246841
v -1.246346 0.074148 1.246364
v -1.304286 0.074148 1.182415
v -1.359222 0.074148 1.115478
v -1.048948 0.056544 1.414705
v -1.115920 0.056544 1.359752
v -1.115920 0.035916 1.359752
v -0.979625 0.056544 1.466123
v -0.979253 0.074148 1.465557
v -1.048541 0.074148 1.414157
v -1.115478 0.074148 1.359222
v -0.752796 0.056544 1.592166
v -0.829207 0.056544 1.551336
v -0.674777 0.056544 1.629072
v -0.674512 0.074148 1.628436
v -0.752513 0.074148 1.591547
v -0.828871 0.074148 1.550735
v 1.502393 0.102871 0.900739
v 1.505539 0.094298 0.902630
v 1.546245 0.094298 0.826485
v 1.543011 0.102871 0.824753
v 1.530532 0.109305 0.818089
v 1.490250 0.109305 0.893457
v 1.446468 0.109305 0.966509
v 1.458257 0.102871 0.974375
v 1.461315 0.094298 0.976425
v -0.086203 0.056544 1.759057
v -0.172406 0.056544 1.750556
v 0.000000 0.056544 1.763299
v 0.000000 0.074148 1.762610
v -0.086168 0.074148 1.758368
v -0.172353 0.074148 1.749884
v -0.427727 0.056544 1.708435
v -0.510625 0.056544 1.683283
v -0.343999 0.056544 1.729416
v -0.343858 0.074148 1.728744
v -0.427551 0.074148 1.707763
v -0.510413 0.074148 1.682629
v -0.968507 0.111443 -1.306213
v -0.989594 0.111443 -1.334635
v -1.052765 0.111443 -1.282793
v -1.030335 0.111443 -1.255467
v -1.014993 0.109428 -1.236784
v -0.954101 0.109428 -1.286770
v -0.891035 0.109428 -1.333539
v -0.904504 0.111443 -1.353689
v -0.924194 0.111443 -1.383154
v -1.749619 0.102871 0.085743
v -1.753278 0.094298 0.085920
v -1.744829 0.094298 0.171858
v -1.741170 0.102871 0.171487
v -1.727100 0.109305 0.170108
v -1.735478 0.109305 0.085054
v -1.739667 0.109305 0.000000
v -1.753843 0.102871 0.000000
v -1.757520 0.094298 0.000000
v 1.176529 0.102871 -1.297800
v 1.179003 0.094298 -1.300522
v 1.112261 0.094298 -1.355298
v 1.109928 0.102871 -1.352452
v 1.100966 0.109305 -1.341529
v 1.167019 0.109305 -1.287300
v 1.230120 0.109305 -1.230120
v 1.240142 0.102871 -1.240142
v 1.242759 0.094298 -1.242759
v -0.257230 0.102871 1.732721
v -0.257778 0.094298 1.736362
v -0.171840 0.094298 1.744829
v -0.170108 0.109305 1.727100
v -0.255162 0.109305 1.718722
v -0.339386 0.109305 1.706243
v -0.342161 0.102871 1.720136
v -0.342868 0.094298 1.723742
v -1.043327 0.102871 -1.407104
v -1.045519 0.094298 -1.410056
v -1.112261 0.094298 -1.355298
v -1.109928 0.102871 -1.352452
v -1.100966 0.109305 -1.341529
v -1.034896 0.109305 -1.395739
v -0.966509 0.109305 -1.446468
v -0.974375 0.102871 -1.458257
v -0.976425 0.094298 -1.461315
v 1.732721 0.102871 0.257230
v 1.736362 0.094298 0.257778
v 1.744829 0.094298 0.171858
v 1.741170 0.102871 0.171487
v 1.727100 0.109305 0.170108
v 1.718722 0.109305 0.255162
v 1.706243 0.109305 0.339386
v 1.720136 0.102871 0.342161
v 1.723742 0.094298 0.342868
v -1.583611 0.102871 0.748766
v -1.586934 0.094298 0.750339
v -1.546245 0.094298 0.826485
v -1.543011 0.102871 0.824753
v -1.530532 0.109305 0.818089
v -1.570814 0.109305 0.742721
v -1.607243 0.109305 0.665745
v -1.620341 0.102871 0.671171
v -1.623734 0.094298 0.672567
v 0.590324 0.102871 -1.649240
v 0.591561 0.094298 -1.652704
v 0.508946 0.094298 -1.677768
v 0.507885 0.102871 -1.674251
v 0.503767 0.109305 -1.660729
v 0.585551 0.109305 -1.635913
v 0.665745 0.109305 -1.607243
v 0.671171 0.102871 -1.620341
v 0.672567 0.094298 -1.623734
v 0.748766 0.102871 1.583611
v 0.750339 0.094298 1.586934
v 0.826485 0.094298 1.546245
v 0.824753 0.102871 1.543011
v 0.818089 0.109305 1.530532
v 0.742721 0.109305 1.570814
v 0.665745 0.109305 1.607243
v 0.671171 0.102871 1.620341
v 0.672567 0.094298 1.623734
v -1.502393 0.102871 -0.900739
v -1.505539 0.094298 -0.902630
v -1.546245 0.094298 -0.826485
v -1.543011 0.102871 -0.824753
v -1.530532 0.109305 -0.818089
v -1.490250 0.109305 -0.893457
v -1.446485 0.109305 -0.966509
v -1.458257 0.102871 -0.974375
v -1.461315 0.094298 -0.976425
v 1.699261 0.102871 -0.425430
v 1.702832 0.094298 -0.426313
v 1.677768 0.094298 -0.508946
v 1.674251 0.102871 -0.507885
v 1.660729 0.109305 -0.503767
v 1.685528 0.109305 -0.421983
v 1.706243 0.109305 -0.339386
v 1.720136 0.102871 -0.342161
v 1.723742 0.094298 -0.342868
v -1.176529 0.102871 1.297800
v -1.179003 0.094298 1.300522
v -1.112261 0.094298 1.355298
v -1.109928 0.102871 1.352452
v -1.100966 0.109305 1.341529
v -1.167019 0.109305 1.287300
v -1.230120 0.109305 1.230120
v -1.240142 0.102871 1.240160
v -1.242741 0.094298 1.242759
v -0.085743 0.102871 -1.749619
v -0.085920 0.094298 -1.753278
v -0.171858 0.094298 -1.744829
v -0.171487 0.102871 -1.741170
v -0.170108 0.109305 -1.727100
v -0.085054 0.109305 -1.735478
v 0.000000 0.109305 -1.739667
v 0.000000 0.102871 -1.753843
v 0.000000 0.094298 -1.757520
v 1.297800 0.102871 1.176529
v 1.300522 0.094298 1.179003
v 1.355298 0.094298 1.112261
v 1.352452 0.102871 1.109928
v 1.341529 0.109305 1.100966
v 1.287300 0.109305 1.167019
v 1.230120 0.109305 1.230120
v 1.240142 0.102871 1.240142
v 1.242759 0.094298 1.242759
v -1.732721 0.102871 -0.257230
v -1.736362 0.094298 -0.257778
v -1.744829 0.094298 -0.171840
v -1.727100 0.109305 -0.170108
v -1.718722 0.109305 -0.255162
v -1.706243 0.109305 -0.339386
v -1.720136 0.102871 -0.342161
v -1.723742 0.094298 -0.342868
v 1.407122 0.102871 -1.043327
v 1.410056 0.094298 -1.045519
v 1.355298 0.094298 -1.112261
v 1.352452 0.102871 -1.109928
v 1.341529 0.109305 -1.100966
v 1.395739 0.109305 -1.034896
v 1.446468 0.109305 -0.966509
v 1.458257 0.102871 -0.974375
v 1.461315 0.094298 -0.976425
v -0.590324 0.102871 1.649240
v -0.591561 0.094298 1.652704
v -0.508946 0.094298 1.677768
v -0.507885 0.102871 1.674251
v -0.503767 0.109305 1.660729
v -0.585551 0.109305 1.635913
v -0.665745 0.109305 1.607243
v -0.671153 0.102871 1.620341
v -0.672567 0.094298 1.623734
v -0.748766 0.102871 -1.583611
v -0.750339 0.094298 -1.586934
v -0.826485 0.094298 -1.546245
v -0.824753 0.102871 -1.543011
v -0.818089 0.109305 -1.530532
v -0.742721 0.109305 -1.570814
v -0.665745 0.109305 -1.607243
v -0.671171 0.102871 -1.620341
v -0.672567 0.094298 -1.623734
v 1.649240 0.102871 0.590324
v 1.652704 0.094298 0.591561
v 1.677768 0.094298 0.508946
v 1.674251 0.102871 0.507885
v 1.660729 0.109305 0.503767
v 1.635913 0.109305 0.585551
v 1.607243 0.109305 0.665745
v 1.620341 0.102871 0.671171
v 1.623734 0.094298 0.672567
v -1.699261 0.102871 0.425430
v -1.702832 0.094298 0.426331
v -1.677768 0.094298 0.508946
v -1.674251 0.102871 0.507885
v -1.660729 0.109305 0.503785
v -1.685528 0.109305 0.422001
v -1.706226 0.109305 0.339386
v -1.720136 0.102871 0.342161
v -1.723742 0.094298 0.342868
v 0.900739 0.102871 -1.502393
v 0.902630 0.094298 -1.505539
v 0.826485 0.094298 -1.546245
v 0.824753 0.102871 -1.543011
v 0.818089 0.109305 -1.530532
v 0.893457 0.109305 -1.490250
v 0.966509 0.109305 -1.446468
v 0.974375 0.102871 -1.458257
v 0.976425 0.094298 -1.461315
v 0.425430 0.102871 1.699261
v 0.426331 0.094298 1.702832
v 0.508946 0.094298 1.677768
v 0.507885 0.102871 1.674251
v 0.503767 0.109305 1.660729
v 0.422001 0.109305 1.685528
v 0.339386 0.109305 1.706243
v 0.342161 0.102871 1.720136
v 0.342868 0.094298 1.723742
v -1.297800 0.102871 -1.176529
v -1.300522 0.094298 -1.179003
v -1.355298 0.094298 -1.112261
v -1.352452 0.102871 -1.109928
v -1.341529 0.109305 -1.100966
v -1.287300 0.109305 -1.167019
v -1.230120 0.109305 -1.230120
v -1.240142 0.102871 -1.240142
v -1.242759 0.094298 -1.242741
v 1.749619 0.102871 -0.085743
v 1.753278 0.094298 -0.085920
v 1.744829 0.094298 -0.171858
v 1.741170 0.102871 -0.171487
v 1.727100 0.109305 -0.170108
v 1.735478 0.109305 -0.085054
v 1.739667 0.109305 0.000000
v 1.753843 0.102871 0.000000
v 1.757520 0.094298 0.000000
v -1.407104 0.102871 1.043327
v -1.410056 0.094298 1.045519
v -1.355280 0.094298 1.112261
v -1.352452 0.102871 1.109928
v -1.341529 0.109305 1.100966
v -1.395739 0.109305 1.034896
v -1.446468 0.109305 0.966509
v -1.458257 0.102871 0.974375
v -1.461315 0.094298 0.976425
v 0.257230 0.102871 -1.732721
v 0.257778 0.094298 -1.736362
v 0.171858 0.094298 -1.744829
v 0.171487 0.102871 -1.741170
v 0.170108 0.109305 -1.727100
v 0.255162 0.109305 -1.718722
v 0.339386 0.109305 -1.706243
v 0.342161 0.102871 -1.720136
v 0.342868 0.094298 -1.723742
v 1.043327 0.102871 1.407122
v 1.045519 0.094298 1.410056
v 1.112261 0.094298 1.355298
v 1.109928 0.102871 1.352452
v 1.100966 0.109305 1.341529
v 1.034896 0.109305 1.395739
v 0.966509 0.109305 1.446468
v 0.974375 0.102871 1.458257
v 0.976425 0.094298 1.461315
v -1.649240 0.102871 -0.590324
v -1.652704 0.094298 -0.591561
v -1.677768 0.094298 -0.508946
v -1.674251 0.102871 -0.507885
v -1.660729 0.109305 -0.503767
v -1.635913 0.109305 -0.585551
v -1.607243 0.109305 -0.665745
v -1.620341 0.102871 -0.671171
v -1.623734 0.094298 -0.672567
v 0.085743 0.102871 1.749619
v 0.085920 0.094298 1.753278
v 0.171858 0.094298 1.744829
v 0.171487 0.102871 1.741170
v 0.170108 0.109305 1.727100
v 0.085054 0.109305 1.735478
v 0.000000 0.109305 1.739667
v 0.000000 0.102871 1.753843
v 0.000000 0.094298 1.757520
v 1.583611 0.102871 -0.748766
v 1.586934 0.094298 -0.750339
v 1.546245 0.094298 -0.826485
v 1.543011 0.102871 -0.824753
v 1.530532 0.109305 -0.818089
v 1.570814 0.109305 -0.742721
v 1.607243 0.109305 -0.665745
v 1.620341 0.102871 -0.671171
v 1.623734 0.094298 -0.672567
v -0.900739 0.102871 1.502393
v -0.902630 0.094298 1.505539
v -0.826485 0.094298 1.546245
v -0.748766 0.102871 1.583629
v -0.818089 0.109305 1.530532
v -0.893457 0.109305 1.490250
v -0.966509 0.109305 1.446485
v -0.974375 0.102871 1.458257
v -0.976425 0.094298 1.461315
v -0.425430 0.102871 -1.699261
v -0.426331 0.094298 -1.702832
v -0.508946 0.094298 -1.677768
v -0.507885 0.102871 -1.674251
v -0.503785 0.109305 -1.660729
v -0.422001 0.109305 -1.685528
v -0.339386 0.109305 -1.706226
v -0.342161 0.102871 -1.720136
v -0.342868 0.094298 -1.723742
v -1.500590 0.087228 -0.537121
v -1.500590 0.095288 -0.537121
v -1.523338 0.095288 -0.462106
v -1.523338 0.087228 -0.462106
v -1.516498 0.081166 -0.460020
v -1.493838 0.081166 -0.534699
v -1.467660 0.081166 -0.607928
v -1.474289 0.087228 -0.610668
v -1.474289 0.095288 -0.610668
v 0.547991 0.111443 -1.530991
v 0.573938 0.111443 -1.603443
v 0.481726 0.111443 -1.588012
v 0.471456 0.111443 -1.554199
v 0.464439 0.109428 -1.531062
v 0.539843 0.109428 -1.508190
v 0.613761 0.109428 -1.481748
v 0.623041 0.111443 -1.504142
v 0.636598 0.111443 -1.536877
v 1.577425 0.111443 -0.394922
v 1.611733 0.111443 -0.403512
v 1.588012 0.111443 -0.481726
v 1.554199 0.111443 -0.471456
v 1.531062 0.109428 -0.464439
v 1.553934 0.109428 -0.389036
v 1.573024 0.109428 -0.312890
v 1.596797 0.111443 -0.317627
v 1.631529 0.111443 -0.324538
v 1.204739 0.111443 1.092164
v 1.230951 0.111443 1.115937
v 1.282793 0.111443 1.052765
v 1.255467 0.111443 1.030335
v 1.236784 0.109428 1.014993
v 1.186798 0.109428 1.075902
v 1.134072 0.109428 1.134090
v 1.151217 0.111443 1.151217
v 1.176264 0.111443 1.176264
v -0.547991 0.111443 1.530991
v -0.559922 0.111443 1.564292
v -0.481708 0.111443 1.588012
v -0.471456 0.111443 1.554199
v -0.464439 0.109428 1.531062
v -0.539843 0.109428 1.508190
v -0.613761 0.109428 1.481748
v -0.623041 0.111443 1.504142
v -0.636598 0.111443 1.536877
v -1.577425 0.111443 0.394922
v -1.652068 0.111443 0.413622
v -1.588012 0.111443 0.481726
v -1.554199 0.111443 0.471456
v -1.531062 0.109428 0.464439
v -1.553934 0.109428 0.389054
v -1.573024 0.109428 0.312890
v -1.596797 0.111443 0.317627
v -1.631529 0.111443 0.324538
v -1.204739 0.111443 -1.092164
v -1.230951 0.111443 -1.115937
v -1.282793 0.111443 -1.052765
v -1.255467 0.111443 -1.030335
v -1.236784 0.109428 -1.014993
v -1.186798 0.109428 -1.075902
v -1.134090 0.109428 -1.134072
v -1.151217 0.111443 -1.151217
v -1.176264 0.111443 -1.176264
v 0.238795 0.111443 -1.608480
v 0.243991 0.111443 -1.643478
v 0.162649 0.111443 -1.651485
v 0.159185 0.111443 -1.616311
v 0.156816 0.109428 -1.592254
v 0.235242 0.109428 -1.584530
v 0.312890 0.109428 -1.573024
v 0.317627 0.111443 -1.596797
v 0.324538 0.111443 -1.631529
v 1.470064 0.111443 -0.695068
v 1.463524 0.111443 -0.782261
v 1.432363 0.111443 -0.765611
v 1.411029 0.109428 -0.754210
v 1.448182 0.109428 -0.684728
v 1.481748 0.109428 -0.613761
v 1.504142 0.111443 -0.623041
v 1.536877 0.111443 -0.636598
v 1.394661 0.111443 0.836153
v 1.424992 0.111443 0.854341
v 1.463524 0.111443 0.782261
v 1.432363 0.111443 0.765611
v 1.411029 0.109428 0.754210
v 1.373892 0.109428 0.823692
v 1.333539 0.109428 0.891035
v 1.353689 0.111443 0.904504
v 0.079592 0.111443 1.624159
v 0.081325 0.111443 1.659492
v 0.162649 0.111443 1.651485
v 0.159185 0.111443 1.616311
v 0.156816 0.109428 1.592254
v 0.078408 0.109428 1.599979
v 0.000000 0.109428 1.603832
v 0.000000 0.111443 1.628083
v 0.000000 0.111443 1.663504
v -0.238795 0.111443 1.608480
v -0.243991 0.111443 1.643478
v -0.162649 0.111443 1.651485
v -0.159185 0.111443 1.616311
v -0.156816 0.109428 1.592254
v -0.235224 0.109428 1.584530
v -0.312890 0.109428 1.573024
v -0.317627 0.111443 1.596797
v -0.324538 0.111443 1.631529
v -1.470064 0.111443 0.695068
v -1.463524 0.111443 0.782279
v -1.432363 0.111443 0.765611
v -1.411029 0.109428 0.754210
v -1.448182 0.109428 0.684728
v -1.481748 0.109428 0.613761
v -1.504142 0.111443 0.623041
v -1.536877 0.111443 0.636598
v -1.394661 0.111443 -0.836153
v -1.463524 0.111443 -0.782261
v -1.432363 0.111443 -0.765611
v -1.411029 0.109428 -0.754210
v -1.373892 0.109428 -0.823692
v -1.333539 0.109428 -0.891035
v -1.353689 0.111443 -0.904504
v -1.383154 0.111443 -0.924194
v -0.079592 0.111443 -1.624159
v -0.081325 0.111443 -1.659492
v -0.162649 0.111443 -1.651485
v -0.159202 0.111443 -1.616311
v -0.156816 0.109428 -1.592254
v -0.078408 0.109428 -1.599979
v 0.000000 0.109428 -1.603832
v 0.000000 0.111443 -1.628065
v 0.000000 0.111443 -1.663504
v 1.306213 0.111443 -0.968507
v 1.282793 0.111443 -1.052765
v 1.255467 0.111443 -1.030335
v 1.236784 0.109428 -1.014993
v 1.286770 0.109428 -0.954101
v 1.333539 0.109428 -0.891035
v 1.353689 0.111443 -0.904504
v 1.530991 0.111443 0.547991
v 1.564292 0.111443 0.559922
v 1.588012 0.111443 0.481726
v 1.554199 0.111443 0.471456
v 1.531062 0.109428 0.464439
v 1.508190 0.109428 0.539843
v 1.481748 0.109428 0.613761
v 1.504142 0.111443 0.623041
v 1.536877 0.111443 0.636598
v 0.394922 0.111443 1.577425
v 0.403512 0.111443 1.611733
v 0.481726 0.111443 1.588012
v 0.471456 0.111443 1.554199
v 0.464439 0.109428 1.531062
v 0.389036 0.109428 1.553934
v 0.312890 0.109428 1.573024
v 0.317627 0.111443 1.596797
v 0.324538 0.111443 1.631529
v -1.306213 0.111443 0.968507
v -1.334635 0.111443 0.989594
v -1.282793 0.111443 1.052765
v -1.255467 0.111443 1.030335
v -1.236784 0.109428 1.014993
v -1.286770 0.109428 0.954101
v -1.333539 0.109428 0.891035
v -1.353689 0.111443 0.904504
v -1.383137 0.111443 0.924194
v -1.530991 0.111443 -0.547991
v -1.564292 0.111443 -0.559922
v -1.588012 0.111443 -0.481726
v -1.554199 0.111443 -0.471456
v -1.531062 0.109428 -0.464439
v -1.508190 0.109428 -0.539843
v -1.481748 0.109428 -0.613761
v -1.504142 0.111443 -0.623041
v -1.536877 0.111443 -0.636598
v -0.394922 0.111443 -1.577425
v -0.413622 0.111443 -1.652068
v -0.481726 0.111443 -1.588012
v -0.471456 0.111443 -1.554199
v -0.464439 0.109428 -1.531062
v -0.389036 0.109428 -1.553934
v -0.312890 0.109428 -1.573024
v -0.317627 0.111443 -1.596797
v -0.324538 0.111443 -1.631529
v 1.092164 0.111443 -1.204739
v 1.115937 0.111443 -1.230951
v 1.052765 0.111443 -1.282793
v 1.030335 0.111443 -1.255467
v 1.014993 0.109428 -1.236784
v 1.075902 0.109428 -1.186798
v 1.134072 0.109428 -1.134072
v 1.151217 0.111443 -1.151217
v 1.176264 0.111443 -1.176264
v 1.608480 0.111443 0.238795
v 1.643478 0.111443 0.243991
v 1.651485 0.111443 0.162649
v 1.616311 0.111443 0.159185
v 1.592254 0.109428 0.156816
v 1.584530 0.109428 0.235242
v 1.573024 0.109428 0.312890
v 1.596797 0.111443 0.317627
v 1.631529 0.111443 0.324538
v 0.695068 0.111443 1.470064
v 0.782261 0.111443 1.463524
v 0.765611 0.111443 1.432363
v 0.754210 0.109428 1.411029
v 0.684728 0.109428 1.448182
v 0.613761 0.109428 1.481748
v 0.623041 0.111443 1.504142
v 0.636598 0.111443 1.536877
v -1.092164 0.111443 1.204739
v -1.115920 0.111443 1.230951
v -1.052748 0.111443 1.282793
v -1.030335 0.111443 1.255467
v -1.014993 0.109428 1.236784
v -1.075902 0.109428 1.186798
v -1.134072 0.109428 1.134090
v -1.151217 0.111443 1.151217
v -1.176264 0.111443 1.176264
v -1.608480 0.111443 -0.238795
v -1.643478 0.111443 -0.243991
v -1.651485 0.111443 -0.162649
v -1.616311 0.111443 -0.159185
v -1.592254 0.109428 -0.156816
v -1.584530 0.109428 -0.235224
v -1.573024 0.109428 -0.312890
v -1.596797 0.111443 -0.317627
v -1.631529 0.111443 -0.324538
v -0.695068 0.111443 -1.470064
v -0.782279 0.111443 -1.463524
v -0.765611 0.111443 -1.432363
v -0.754210 0.109428 -1.411029
v -0.684728 0.109428 -1.448182
v -0.613761 0.109428 -1.481748
v -0.623041 0.111443 -1.504142
v -0.636598 0.111443 -1.536877
v 0.836153 0.111443 -1.394661
v 0.854341 0.111443 -1.424992
v 0.782261 0.111443 -1.463524
v 0.765611 0.111443 -1.432363
v 0.754210 0.109428 -1.411029
v 0.823692 0.109428 -1.373892
v 0.891035 0.109428 -1.333539
v 0.904504 0.111443 -1.353689
v 1.624159 0.111443 -0.079592
v 1.659492 0.111443 -0.081325
v 1.651485 0.111443 -0.162649
v 1.616311 0.111443 -0.159185
v 1.592254 0.109428 -0.156816
v 1.599979 0.109428 -0.078408
v 1.603832 0.109428 0.000000
v 1.628083 0.111443 0.000000
v 1.663504 0.111443 0.000000
v 0.968507 0.111443 1.306213
v 1.052765 0.111443 1.282793
v 1.030335 0.111443 1.255467
v 1.014993 0.109428 1.236784
v 0.954101 0.109428 1.286770
v 0.891035 0.109428 1.333539
v 0.904504 0.111443 1.353689
v -0.836153 0.111443 1.394661
v -0.782261 0.111443 1.463524
v -0.765611 0.111443 1.432363
v -0.754210 0.109428 1.411029
v -0.823692 0.109428 1.373892
v -0.891035 0.109428 1.333539
v -0.904504 0.111443 1.353689
v -0.924194 0.111443 1.383154
v -1.624159 0.111443 0.079592
v -1.659492 0.111443 0.081325
v -1.651485 0.111443 0.162667
v -1.616311 0.111443 0.159202
v -1.592254 0.109428 0.156816
v -1.599979 0.109428 0.078408
v -1.603832 0.109428 0.000000
v -1.628065 0.111443 0.000000
v -1.663504 0.111443 0.000000
v -1.462711 0.079151 0.366199
v -1.490515 0.079151 0.373163
v -1.468562 0.079151 0.445491
v -1.441183 0.079151 0.437184
v -1.420644 0.081607 0.430944
v -1.441872 0.081607 0.360985
v -1.459565 0.081607 0.290336
v -1.480669 0.079151 0.294525
v -1.508809 0.079151 0.300129
v -0.387092 0.087228 -1.546104
v -0.462106 0.095288 -1.523338
v -0.462106 0.087228 -1.523338
v -0.460020 0.081166 -1.516498
v -0.385342 0.081166 -1.539158
v -0.309921 0.081166 -1.558052
v -0.311317 0.087228 -1.565087
v -0.311317 0.095288 -1.565087
v 1.070476 0.087228 -1.180824
v 1.009885 0.087228 -1.230545
v 1.005342 0.081166 -1.225012
v 1.065668 0.081166 -1.175503
v 1.123290 0.081166 -1.123290
v 1.128363 0.087228 -1.128363
v 1.128363 0.095288 -1.128363
v 1.576541 0.087228 0.234058
v 1.576541 0.095288 0.234058
v 1.591919 0.087228 0.078019
v 1.577107 0.081166 0.155332
v 1.569453 0.081166 0.232997
v 1.558052 0.081166 0.309921
v 1.565087 0.087228 0.311317
v 0.681281 0.087228 1.440882
v 0.750410 0.087228 1.403923
v 0.747034 0.081166 1.397613
v 0.678206 0.081166 1.434395
v 0.607928 0.081166 1.467660
v 0.610668 0.087228 1.474289
v -1.070476 0.087228 1.180824
v -1.009885 0.087228 1.230545
v -1.005342 0.081166 1.225012
v -1.065668 0.081166 1.175503
v -1.123290 0.081166 1.123290
v -1.128363 0.087228 1.128363
v -1.576541 0.087228 -0.234040
v -1.584230 0.087228 -0.156039
v -1.577107 0.081166 -0.155332
v -1.569453 0.081166 -0.232997
v -1.558052 0.081166 -0.309921
v -1.565087 0.087228 -0.311317
v -0.681281 0.087228 -1.440882
v -0.750410 0.087228 -1.403923
v -0.747034 0.081166 -1.397613
v -0.678206 0.081166 -1.434395
v -0.607928 0.081166 -1.467660
v -0.610668 0.087228 -1.474289
v -0.610668 0.095288 -1.474289
v 0.819556 0.087228 -1.366964
v 0.819556 0.095288 -1.366964
v 0.750410 0.087228 -1.403923
v 0.747034 0.081166 -1.397613
v 0.815862 0.081166 -1.360830
v 0.882569 0.081166 -1.320848
v 0.886546 0.087228 -1.326823
v 0.886546 0.095288 -1.326823
v 1.591919 0.087228 -0.078019
v 1.591919 0.095288 -0.078019
v 1.584230 0.087228 -0.156039
v 1.577107 0.081166 -0.155332
v 1.584760 0.081166 -0.077666
v 1.588578 0.081166 0.000000
v 1.595754 0.087228 0.000000
v 1.595754 0.095288 0.000000
v 0.949293 0.087228 1.280283
v 1.009885 0.087228 1.230545
v 1.005342 0.081166 1.225012
v 0.945016 0.081166 1.274521
v 0.882569 0.081166 1.320848
v 0.886546 0.087228 1.326823
v 0.886546 0.095288 1.326823
v -0.819556 0.087228 1.366964
v -0.750410 0.087228 1.403923
v -0.747034 0.081166 1.397613
v -0.815862 0.081166 1.360830
v -0.882569 0.081166 1.320866
v -0.886546 0.087228 1.326823
v -1.591919 0.087228 0.078019
v -1.584230 0.095288 0.156039
v -1.577107 0.081166 0.155332
v -1.584760 0.081166 0.077666
v -1.588578 0.081166 0.000000
v -1.595754 0.087228 0.000000
v -1.595754 0.095288 0.000000
v -0.949293 0.087228 -1.280283
v -1.009885 0.095288 -1.230545
v -1.009885 0.087228 -1.230545
v -1.005342 0.081166 -1.225012
v -0.945016 0.081166 -1.274521
v -0.882569 0.081166 -1.320848
v -0.886546 0.087228 -1.326823
v -0.886546 0.095288 -1.326823
v 0.537121 0.087228 -1.500590
v 0.537121 0.095288 -1.500590
v 0.462106 0.087228 -1.523338
v 0.460020 0.081166 -1.516498
v 0.534699 0.081166 -1.493838
v 0.607928 0.081166 -1.467660
v 0.610668 0.087228 -1.474289
v 0.610668 0.095288 -1.474289
v 1.546104 0.087228 -0.387092
v 1.546104 0.095288 -0.387092
v 1.523338 0.095288 -0.462106
v 1.523338 0.087228 -0.462106
v 1.516498 0.081166 -0.460020
v 1.539158 0.081166 -0.385342
v 1.558052 0.081166 -0.309921
v 1.565087 0.087228 -0.311317
v 1.565087 0.095288 -0.311317
v 1.180824 0.087228 1.070476
v 1.180824 0.095288 1.070476
v 1.230545 0.087228 1.009885
v 1.225012 0.081166 1.005342
v 1.175503 0.081166 1.065668
v 1.123290 0.081166 1.123290
v 1.128363 0.087228 1.128363
v -0.537121 0.087228 1.500590
v -0.537121 0.095288 1.500590
v -0.462106 0.095288 1.523338
v -0.462106 0.087228 1.523338
v -0.460020 0.081166 1.516498
v -0.534699 0.081166 1.493838
v -0.607928 0.081166 1.467660
v -0.610668 0.087228 1.474289
v -0.610668 0.095288 1.474289
v -1.546104 0.087228 0.387092
v -1.546104 0.095288 0.387092
v -1.523338 0.095288 0.462106
v -1.523338 0.087228 0.462106
v -1.516498 0.081166 0.460020
v -1.539158 0.081166 0.385342
v -1.558052 0.081166 0.309921
v -1.565087 0.087228 0.311317
v -1.180824 0.087228 -1.070476
v -1.180824 0.095288 -1.070476
v -1.230545 0.087228 -1.009885
v -1.225012 0.081166 -1.005342
v -1.175503 0.081166 -1.065668
v -1.123290 0.081166 -1.123290
v -1.128363 0.087228 -1.128363
v -1.128363 0.095288 -1.128363
v 0.234040 0.087228 -1.576541
v 0.156039 0.087228 -1.584230
v 0.155332 0.081166 -1.577107
v 0.232997 0.081166 -1.569453
v 0.309921 0.081166 -1.558052
v 0.311317 0.087228 -1.565087
v 1.440882 0.087228 -0.681281
v 1.440882 0.095288 -0.681281
v 1.403923 0.095288 -0.750410
v 1.403923 0.087228 -0.750410
v 1.397613 0.081166 -0.747034
v 1.434395 0.081166 -0.678206
v 1.467660 0.081166 -0.607928
v 1.474289 0.087228 -0.610668
v 1.474289 0.095288 -0.610668
v 1.366964 0.087228 0.819556
v 1.366964 0.095288 0.819556
v 1.403923 0.087228 0.750410
v 1.397613 0.081166 0.747034
v 1.360830 0.081166 0.815862
v 1.320848 0.081166 0.882569
v 1.326823 0.087228 0.886546
v 0.078019 0.087228 1.591919
v 0.156039 0.095288 1.584230
v 0.155332 0.081166 1.577107
v 0.077666 0.081166 1.584760
v 0.000000 0.081166 1.588578
v 0.000000 0.087228 1.595754
v 0.000000 0.095288 1.595754
v -0.234040 0.087228 1.576541
v -0.156039 0.087228 1.584230
v -0.155332 0.081166 1.577107
v -0.232997 0.081166 1.569453
v -0.309921 0.081166 1.558052
v -0.311317 0.087228 1.565087
v -1.440882 0.087228 0.681281
v -1.440882 0.095288 0.681281
v -1.403923 0.095288 0.750410
v -1.403923 0.087228 0.750410
v -1.397613 0.081166 0.747034
v -1.434395 0.081166 0.678223
v -1.467660 0.081166 0.607928
v -1.474289 0.087228 0.610668
v -1.474289 0.095288 0.610668
v -1.366964 0.087228 -0.819556
v -1.366964 0.095288 -0.819556
v -1.403923 0.087228 -0.750410
v -1.397613 0.081166 -0.747034
v -1.360830 0.081166 -0.815862
v -1.320848 0.081166 -0.882569
v -1.326823 0.087228 -0.886546
v -0.078019 0.087228 -1.591919
v -0.156039 0.095288 -1.584230
v -0.155332 0.081166 -1.577107
v -0.077666 0.081166 -1.584760
v 0.000000 0.081166 -1.588578
v 0.000000 0.087228 -1.595754
v 0.000000 0.095288 -1.595754
v 1.280283 0.087228 -0.949293
v 1.230545 0.087228 -1.009885
v 1.225012 0.081166 -1.005342
v 1.274521 0.081166 -0.945016
v 1.320848 0.081166 -0.882569
v 1.326823 0.087228 -0.886546
v 1.326823 0.095288 -0.886546
v 1.500590 0.087228 0.537121
v 1.500590 0.095288 0.537121
v 1.523338 0.087228 0.462106
v 1.516498 0.081166 0.460020
v 1.493838 0.081166 0.534699
v 1.467660 0.081166 0.607928
v 1.474289 0.087228 0.610668
v 1.474289 0.095288 0.610668
v 0.387092 0.087228 1.546104
v 0.462106 0.095288 1.523338
v 0.462106 0.087228 1.523338
v 0.460020 0.081166 1.516498
v 0.385342 0.081166 1.539158
v 0.309921 0.081166 1.558052
v 0.311317 0.087228 1.565087
v 0.311317 0.103366 1.565087
v -1.280283 0.087228 0.949293
v -1.230545 0.095288 1.009885
v -1.230545 0.087228 1.009885
v -1.225012 0.081166 1.005342
v -1.274521 0.081166 0.945016
v -1.320848 0.081166 0.882569
v -1.326823 0.087228 0.886546
v -1.326823 0.095288 0.886546
v -0.993500 0.108739 1.095894
v -0.993500 0.098876 1.095894
v -0.937257 0.108739 1.142062
v -0.934552 0.116145 1.138774
v -0.990636 0.116145 1.092747
v -1.044211 0.116145 1.044211
v -1.047215 0.108739 1.047215
v -1.047215 0.098876 1.047215
v -1.117122 0.079151 -1.012748
v -1.138350 0.079151 -1.031997
v -1.186303 0.079151 -0.973580
v -1.164174 0.079151 -0.955409
v -1.147594 0.081607 -0.941799
v -1.101214 0.081607 -0.998308
v -1.052288 0.081607 -1.052288
v -1.067507 0.079151 -1.067507
v -1.087798 0.079151 -1.087798
v 0.221420 0.079151 -1.491505
v 0.150418 0.079151 -1.527262
v 0.147625 0.079151 -1.498787
v 0.145504 0.081607 -1.477417
v 0.218274 0.081607 -1.470259
v 0.290319 0.081607 -1.459565
v 0.294525 0.079151 -1.480669
v 0.300129 0.079151 -1.508809
v 1.363163 0.079151 -0.644534
v 1.389076 0.079151 -0.656783
v 1.353442 0.079151 -0.723437
v 1.328201 0.079151 -0.709933
v 1.309271 0.081607 -0.699823
v 1.343738 0.081607 -0.635343
v 1.374882 0.081607 -0.569502
v 1.394767 0.079151 -0.577739
v 1.421280 0.079151 -0.588715
v 1.293239 0.079151 0.775350
v 1.317808 0.079151 0.790073
v 1.353442 0.079151 0.723437
v 1.328201 0.079151 0.709933
v 1.309271 0.081607 0.699823
v 1.274804 0.081607 0.764303
v 1.237367 0.081607 0.826785
v 1.255255 0.079151 0.838734
v 1.279117 0.079151 0.854677
v 0.073813 0.079151 1.506051
v 0.075209 0.079151 1.534668
v 0.150418 0.079151 1.527262
v 0.147625 0.079151 1.498787
v 0.145522 0.081607 1.477417
v 0.072752 0.081607 1.484576
v 0.000000 0.081607 1.488164
v 0.000000 0.079151 1.509693
v 0.000000 0.079151 1.538380
v -0.221420 0.079151 1.491505
v -0.150418 0.079151 1.527262
v -0.147607 0.079151 1.498787
v -0.145504 0.081607 1.477417
v -0.218274 0.081607 1.470259
v -0.290319 0.081607 1.459565
v -0.294525 0.079151 1.480669
v -0.300111 0.079151 1.508809
v -1.363163 0.079151 0.644534
v -1.389076 0.079151 0.656783
v -1.353442 0.079151 0.723437
v -1.328201 0.079151 0.709933
v -1.309271 0.081607 0.699823
v -1.343738 0.081607 0.635343
v -1.374882 0.081607 0.569502
v -1.394767 0.079151 0.577739
v -1.421263 0.079151 0.588715
v -1.293239 0.079151 -0.775350
v -1.317808 0.079151 -0.790073
v -1.353442 0.079151 -0.723437
v -1.328201 0.079151 -0.709933
v -1.309271 0.081607 -0.699823
v -1.274804 0.081607 -0.764303
v -1.237367 0.081607 -0.826785
v -1.255255 0.079151 -0.838734
v -1.279117 0.079151 -0.854677
v -0.073813 0.079151 -1.506051
v -0.075209 0.079151 -1.534668
v -0.150418 0.079151 -1.527262
v -0.147625 0.079151 -1.498787
v -0.145522 0.081607 -1.477417
v -0.072752 0.081607 -1.484576
v 0.000000 0.081607 -1.488164
v 0.000000 0.079151 -1.509675
v 0.000000 0.079151 -1.538380
v 1.211226 0.079151 -0.898088
v 1.234239 0.079151 -0.915145
v 1.186303 0.079151 -0.973580
v 1.164174 0.079151 -0.955409
v 1.147594 0.081607 -0.941799
v 1.193957 0.081607 -0.885291
v 1.237367 0.081607 -0.826785
v 1.255255 0.079151 -0.838734
v 1.279117 0.079151 -0.854677
v 1.419654 0.079151 0.508151
v 1.446627 0.079151 0.517801
v 1.468562 0.079151 0.445491
v 1.441183 0.079151 0.437184
v 1.420644 0.081607 0.430944
v 1.399416 0.081607 0.500904
v 1.374882 0.081607 0.569502
v 1.394767 0.079151 0.577739
v 1.421280 0.079151 0.588715
v 0.366199 0.079151 1.462711
v 0.445491 0.079151 1.468562
v 0.437184 0.079151 1.441183
v 0.430944 0.081607 1.420644
v 0.360985 0.081607 1.441872
v 0.290319 0.081607 1.459565
v 0.294525 0.079151 1.480669
v 0.300129 0.079151 1.508809
v -1.211226 0.079151 0.898088
v -1.234239 0.079151 0.915162
v -1.186303 0.079151 0.973580
v -1.164174 0.079151 0.955409
v -1.147576 0.081607 0.941799
v -1.193957 0.081607 0.885291
v -1.237367 0.081607 0.826785
v -1.255255 0.079151 0.838734
v -1.279117 0.079151 0.854677
v -1.419654 0.079151 -0.508151
v -1.446627 0.079151 -0.517801
v -1.468562 0.079151 -0.445491
v -1.441183 0.079151 -0.437184
v -1.420644 0.081607 -0.430944
v -1.399416 0.081607 -0.500904
v -1.374882 0.081607 -0.569502
v -1.394767 0.079151 -0.577721
v -0.366199 0.079151 -1.462711
v -0.445491 0.079151 -1.468562
v -0.437184 0.079151 -1.441183
v -0.430944 0.081607 -1.420644
v -0.360985 0.081607 -1.441872
v -0.290319 0.081607 -1.459565
v -0.294525 0.079151 -1.480669
v -0.300129 0.079151 -1.508809
v 1.012748 0.079151 -1.117122
v 1.031997 0.079151 -1.138350
v 0.973580 0.079151 -1.186303
v 0.955409 0.079151 -1.164174
v 0.941799 0.081607 -1.147594
v 0.998308 0.081607 -1.101214
v 1.052288 0.081607 -1.052288
v 1.067507 0.079151 -1.067507
v 1.087798 0.079151 -1.087798
v 1.491505 0.079151 0.221420
v 1.527262 0.079151 0.150418
v 1.498787 0.079151 0.147625
v 1.477417 0.081607 0.145522
v 1.470259 0.081607 0.218274
v 1.459565 0.081607 0.290319
v 1.480669 0.079151 0.294525
v 1.508809 0.079151 0.300129
v 0.644534 0.079151 1.363163
v 0.656783 0.079151 1.389076
v 0.723437 0.079151 1.353442
v 0.709933 0.079151 1.328201
v 0.699823 0.081607 1.309271
v 0.635343 0.081607 1.343738
v 0.569502 0.081607 1.374882
v 0.577739 0.079151 1.394767
v 0.588715 0.079151 1.421280
v -1.012748 0.079151 1.117122
v -1.031997 0.079151 1.138367
v -0.973580 0.079151 1.186303
v -0.955409 0.079151 1.164174
v -0.941799 0.081607 1.147594
v -0.998308 0.081607 1.101214
v -1.052288 0.081607 1.052288
v -1.067507 0.079151 1.067507
v -1.087798 0.079151 1.087798
v -1.491505 0.079151 -0.221420
v -1.519856 0.079151 -0.225627
v -1.527262 0.079151 -0.150418
v -1.498787 0.079151 -0.147607
v -1.477417 0.081607 -0.145504
v -1.470259 0.081607 -0.218274
v -1.459565 0.081607 -0.290319
v -1.480669 0.079151 -0.294525
v -1.508809 0.079151 -0.300129
v -0.644534 0.079151 -1.363163
v -0.656783 0.079151 -1.389076
v -0.723437 0.079151 -1.353442
v -0.709933 0.079151 -1.328201
v -0.699823 0.081607 -1.309271
v -0.635343 0.081607 -1.343738
v -0.569502 0.081607 -1.374882
v -0.577739 0.079151 -1.394767
v -0.588715 0.079151 -1.421263
v 0.775350 0.079151 -1.293239
v 0.790073 0.079151 -1.317808
v 0.723437 0.079151 -1.353442
v 0.709933 0.079151 -1.328201
v 0.699823 0.081607 -1.309271
v 0.764303 0.081607 -1.274804
v 0.826785 0.081607 -1.237367
v 0.838734 0.079151 -1.255255
v 0.854677 0.079151 -1.279117
v 1.506051 0.079151 -0.073813
v 1.534668 0.079151 -0.075209
v 1.527262 0.079151 -0.150418
v 1.498787 0.079151 -0.147625
v 1.477417 0.081607 -0.145504
v 1.484576 0.081607 -0.072752
v 1.488164 0.081607 0.000000
v 1.509693 0.079151 0.000000
v 1.538380 0.079151 0.000000
v 0.898088 0.079151 1.211226
v 0.915145 0.079151 1.234239
v 0.973580 0.079151 1.186303
v 0.955409 0.079151 1.164174
v 0.941799 0.081607 1.147594
v 0.885291 0.081607 1.193957
v 0.826785 0.081607 1.237367
v 0.838734 0.079151 1.255255
v 0.854677 0.079151 1.279117
v -0.775350 0.079151 1.293239
v -0.723419 0.079151 1.353442
v -0.709933 0.079151 1.328201
v -0.699823 0.081607 1.309271
v -0.764285 0.081607 1.274804
v -0.826785 0.081607 1.237367
v -0.838734 0.079151 1.255255
v -0.854677 0.079151 1.279117
v -1.506051 0.079151 0.073813
v -1.534668 0.079151 0.075209
v -1.527262 0.079151 0.150418
v -1.498787 0.079151 0.147625
v -1.477417 0.081607 0.145522
v -1.484576 0.081607 0.072752
v -1.488164 0.081607 0.000000
v -1.509675 0.079151 0.000000
v -1.538380 0.079151 0.000000
v -0.898088 0.079151 -1.211226
v -0.915145 0.079151 -1.234239
v -0.973580 0.079151 -1.186303
v -0.955409 0.079151 -1.164174
v -0.941799 0.081607 -1.147576
v -0.885291 0.081607 -1.193957
v -0.826785 0.081607 -1.237367
v -0.838734 0.079151 -1.255255
v -0.854677 0.079151 -1.279117
v 0.508151 0.079151 -1.419654
v 0.517801 0.079151 -1.446627
v 0.445491 0.079151 -1.468562
v 0.437184 0.079151 -1.441183
v 0.430944 0.081607 -1.420644
v 0.500904 0.081607 -1.399416
v 0.569502 0.081607 -1.374882
v 0.577739 0.079151 -1.394767
v 0.588715 0.079151 -1.421280
v 1.462711 0.079151 -0.366199
v 1.468562 0.079151 -0.445491
v 1.441183 0.079151 -0.437184
v 1.420644 0.081607 -0.430944
v 1.441872 0.081607 -0.360985
v 1.459565 0.081607 -0.290319
v 1.480669 0.079151 -0.294525
v 1.508809 0.079151 -0.300129
v 1.117122 0.079151 1.012748
v 1.138350 0.079151 1.031997
v 1.186303 0.079151 0.973580
v 1.164174 0.079151 0.955409
v 1.147594 0.081607 0.941799
v 1.101214 0.081607 0.998308
v 1.052288 0.081607 1.052288
v 1.067507 0.079151 1.067507
v 1.087798 0.079151 1.087798
v -0.508151 0.079151 1.419654
v -0.517801 0.079151 1.446627
v -0.445491 0.079151 1.468580
v -0.437184 0.079151 1.441183
v -0.430944 0.081607 1.420644
v -0.500904 0.081607 1.399416
v -0.569502 0.081607 1.374882
v -0.577721 0.079151 1.394767
v 0.070596 0.118602 1.440476
v 0.070914 0.118602 1.446910
v 0.141828 0.118602 1.439928
v 0.141191 0.118602 1.433529
v 0.140979 0.111249 1.431355
v 0.070490 0.111249 1.438302
v 0.000000 0.111249 1.441766
v 0.000000 0.118602 1.443958
v 0.000000 0.118602 1.450409
v -1.463171 0.108739 -0.217213
v -1.463171 0.098876 -0.217213
v -1.470294 0.089013 -0.144815
v -1.470294 0.108739 -0.144815
v -1.466070 0.116145 -0.144390
v -1.458946 0.116145 -0.216595
v -1.448359 0.116145 -0.288092
v -1.452530 0.108739 -0.288922
v -0.632285 0.108739 -1.337251
v -0.760608 0.108739 -1.268671
v -0.694449 0.116145 -1.299214
v -0.630464 0.116145 -1.333398
v -0.565118 0.116145 -1.364312
v -0.566745 0.108739 -1.368254
v -0.566745 0.098876 -1.368254
v 0.760608 0.108739 -1.268671
v 0.696447 0.098876 -1.302961
v 0.694432 0.116145 -1.299214
v 0.758417 0.116145 -1.265012
v 0.820422 0.116145 -1.227858
v 0.822791 0.108739 -1.231393
v 1.477435 0.108739 -0.072398
v 1.470294 0.089013 -0.144815
v 1.470294 0.108739 -0.144815
v 1.466070 0.116145 -0.144390
v 1.473175 0.116145 -0.072204
v 1.476728 0.116145 0.000000
v 1.480988 0.108739 0.000000
v 1.480988 0.098876 0.000000
v 0.881013 0.108739 1.188212
v 0.937257 0.108739 1.142062
v 0.934552 0.116145 1.138756
v 0.878486 0.116145 1.184783
v 0.820422 0.116145 1.227858
v 0.822791 0.108739 1.231393
v -0.760608 0.108739 1.268671
v -0.760608 0.089013 1.268671
v -0.696447 0.108739 1.302961
v -0.694432 0.116145 1.299214
v -0.758417 0.116145 1.265012
v -0.820422 0.116145 1.227858
v -0.822791 0.108739 1.231411
v -1.477435 0.108739 0.072416
v -1.477435 0.098876 0.072416
v -1.470294 0.098876 0.144815
v -1.470294 0.108739 0.144815
v -1.466070 0.116145 0.144390
v -1.473175 0.116145 0.072204
v -1.476728 0.116145 0.000000
v -1.480988 0.108739 0.000000
v -0.881013 0.108739 -1.188212
v -0.881013 0.089013 -1.188212
v -0.937257 0.108739 -1.142062
v -0.934552 0.116145 -1.138756
v -0.878486 0.116145 -1.184783
v -0.820422 0.116145 -1.227858
v -0.822791 0.108739 -1.231393
v 0.498500 0.108739 -1.392681
v 0.428876 0.098876 -1.413786
v 0.428876 0.108739 -1.413786
v 0.427639 0.116145 -1.409720
v 0.497050 0.116145 -1.388669
v 0.565118 0.116145 -1.364312
v 0.566745 0.108739 -1.368254
v 0.566745 0.089013 -1.368254
v 1.434908 0.108739 -0.359253
v 1.434908 0.098876 -0.359253
v 1.413803 0.108739 -0.428876
v 1.409720 0.116145 -0.427639
v 1.430790 0.116145 -0.358210
v 1.448359 0.116145 -0.288092
v 1.452530 0.108739 -0.288922
v 1.452530 0.098876 -0.288922
v 1.095894 0.108739 0.993500
v 1.095894 0.098876 0.993500
v 1.142062 0.108739 0.937257
v 1.138756 0.116145 0.934552
v 1.092747 0.116145 0.990636
v 1.044211 0.116145 1.044211
v 1.047215 0.108739 1.047215
v -0.498500 0.108739 1.392681
v -0.498500 0.098876 1.392681
v -0.428876 0.098876 1.413803
v -0.428876 0.108739 1.413803
v -0.427639 0.116145 1.409720
v -0.497050 0.116145 1.388669
v -0.565118 0.116145 1.364312
v -0.566745 0.108739 1.368254
v -0.566745 0.089013 1.368254
v -1.434908 0.108739 0.359253
v -1.413786 0.098876 0.428876
v -1.413786 0.108739 0.428876
v -1.409720 0.116145 0.427639
v -1.430772 0.116145 0.358210
v -1.448359 0.116145 0.288092
v -1.452530 0.108739 0.288922
v -1.452530 0.098876 0.288922
v -1.095894 0.108739 -0.993500
v -1.095894 0.098876 -0.993500
v -1.142062 0.108739 -0.937257
v -1.138756 0.116145 -0.934552
v -1.092747 0.116145 -0.990636
v -1.044211 0.116145 -1.044211
v -1.047215 0.108739 -1.047215
v 0.217213 0.108739 -1.463171
v 0.144815 0.089013 -1.470294
v 0.144815 0.108739 -1.470294
v 0.144390 0.116145 -1.466070
v 0.216595 0.116145 -1.458946
v 0.288092 0.116145 -1.448359
v 0.288922 0.108739 -1.452530
v 0.288922 0.098876 -1.452530
v 1.337251 0.108739 -0.632285
v 1.302961 0.098876 -0.696447
v 1.302961 0.108739 -0.696447
v 1.299214 0.116145 -0.694432
v 1.333398 0.116145 -0.630464
v 1.364312 0.116145 -0.565118
v 1.368254 0.108739 -0.566745
v 1.268671 0.108739 0.760608
v 1.302961 0.098876 0.696447
v 1.299214 0.116145 0.694449
v 1.265012 0.116145 0.758417
v 1.227858 0.116145 0.820422
v 1.231393 0.108739 0.822791
v 0.072398 0.108739 1.477435
v 0.144815 0.108739 1.470294
v 0.144390 0.116145 1.466070
v 0.072204 0.116145 1.473175
v 0.000000 0.116145 1.476728
v 0.000000 0.108739 1.480988
v 0.000000 0.098876 1.480988
v -0.217213 0.108739 1.463171
v -0.144815 0.089013 1.470294
v -0.144815 0.108739 1.470294
v -0.144390 0.116145 1.466070
v -0.216595 0.116145 1.458946
v -0.288092 0.116145 1.448359
v -0.288922 0.108739 1.452530
v -0.288922 0.098876 1.452530
v -1.337251 0.108739 0.632285
v -1.337251 0.098876 0.632285
v -1.302961 0.098876 0.696447
v -1.268671 0.108739 0.760608
v -1.299214 0.116145 0.694449
v -1.333398 0.116145 0.630464
v -1.364312 0.116145 0.565118
v -1.368254 0.108739 0.566762
v -1.368254 0.089013 0.566762
v -1.268671 0.108739 -0.760608
v -1.302961 0.098876 -0.696447
v -1.302961 0.108739 -0.696447
v -1.299214 0.116145 -0.694432
v -1.265012 0.116145 -0.758417
v -1.227858 0.116145 -0.820422
v -1.231411 0.108739 -0.822791
v -0.072398 0.108739 -1.477435
v -0.144815 0.108739 -1.470294
v -0.144390 0.116145 -1.466070
v -0.072204 0.116145 -1.473175
v 0.000000 0.116145 -1.476728
v 0.000000 0.108739 -1.480988
v 0.000000 0.098876 -1.480988
v 1.188212 0.108739 -0.881013
v 1.188212 0.098876 -0.881013
v 1.142062 0.098876 -0.937257
v 1.142062 0.108739 -0.937257
v 1.138756 0.116145 -0.934552
v 1.184783 0.116145 -0.878486
v 1.227858 0.116145 -0.820422
v 1.231393 0.108739 -0.822791
v 1.392681 0.108739 0.498500
v 1.392681 0.098876 0.498500
v 1.413803 0.098876 0.428876
v 1.413803 0.108739 0.428876
v 1.409720 0.116145 0.427639
v 1.388669 0.116145 0.497050
v 1.364312 0.116145 0.565118
v 1.368254 0.108739 0.566745
v 1.368254 0.098876 0.566745
v 0.359253 0.108739 1.434908
v 0.428876 0.098876 1.413803
v 0.428876 0.108739 1.413803
v 0.427639 0.116145 1.409720
v 0.358210 0.116145 1.430790
v 0.288092 0.116145 1.448359
v 0.288922 0.108739 1.452530
v 0.288922 0.098876 1.452530
v -1.188212 0.108739 0.881013
v -1.188212 0.089013 0.881013
v -1.142062 0.089013 0.937257
v -1.142062 0.108739 0.937257
v -1.138756 0.116145 0.934570
v -1.184783 0.116145 0.878486
v -1.227858 0.116145 0.820422
v -1.231393 0.108739 0.822791
v -1.231393 0.089013 0.822791
v -1.392681 0.108739 -0.498500
v -1.392681 0.098876 -0.498500
v -1.413803 0.098876 -0.428876
v -1.413803 0.108739 -0.428876
v -1.409720 0.116145 -0.427639
v -1.388669 0.116145 -0.497050
v -1.364312 0.116145 -0.565118
v -1.368254 0.108739 -0.566745
v -1.368254 0.098876 -0.566745
v -0.359253 0.108739 -1.434908
v -0.428876 0.098876 -1.413786
v -0.428876 0.108739 -1.413786
v -0.427639 0.116145 -1.409720
v -0.358210 0.116145 -1.430772
v -0.288092 0.116145 -1.448359
v -0.288922 0.108739 -1.452530
v -0.288922 0.098876 -1.452530
v 0.993500 0.108739 -1.095894
v 0.993500 0.098876 -1.095894
v 0.937257 0.108739 -1.142062
v 0.934552 0.116145 -1.138756
v 0.990636 0.116145 -1.092747
v 1.044211 0.116145 -1.044211
v 1.047215 0.108739 -1.047215
v 1.463171 0.108739 0.217213
v 1.463171 0.098876 0.217213
v 1.470294 0.108739 0.144815
v 1.466070 0.116145 0.144390
v 1.458946 0.116145 0.216595
v 1.448359 0.116145 0.288092
v 1.452530 0.108739 0.288922
v 1.452530 0.098876 0.288922
v 0.632285 0.108739 1.337251
v 0.760608 0.108739 1.268671
v 0.694449 0.116145 1.299214
v 0.630464 0.116145 1.333398
v 0.565118 0.116145 1.364312
v 0.566745 0.108739 1.368254
v 0.566745 0.098876 1.368254
v 0.857240 0.029854 1.156149
v 0.800590 0.059602 1.198181
v -0.211787 0.118602 1.426565
v -0.141828 0.118602 1.439928
v -0.141191 0.118602 1.433529
v -0.140979 0.111249 1.431355
v -0.211469 0.111249 1.424409
v -0.281269 0.111249 1.414069
v -0.281693 0.118602 1.416207
v -1.303809 0.118602 0.616465
v -1.276041 0.118602 0.682059
v -1.270368 0.118602 0.679036
v -1.268441 0.111249 0.677994
v -1.301830 0.111249 0.615529
v -1.332019 0.111249 0.551738
v -1.334034 0.118602 0.552569
v -1.339991 0.118602 0.555043
v -1.236926 0.118602 -0.741590
v -1.270368 0.118602 -0.679019
v -1.268441 0.111249 -0.677994
v -1.235052 0.111249 -0.740458
v -1.198782 0.111249 -0.800997
v -1.200603 0.118602 -0.802216
v -1.205958 0.118602 -0.805804
v -0.070596 0.118602 -1.440476
v -0.070914 0.118602 -1.446910
v -0.141191 0.118602 -1.433512
v -0.140979 0.111249 -1.431355
v -0.070490 0.111249 -1.438302
v 0.000000 0.111249 -1.441766
v 0.000000 0.118602 -1.443958
v 0.000000 0.118602 -1.450409
v 1.158482 0.118602 -0.858990
v 1.118465 0.118602 -0.917902
v 1.111801 0.111249 -0.912440
v 1.156732 0.111249 -0.857682
v 1.198782 0.111249 -0.800997
v 1.200603 0.118602 -0.802216
v 1.357843 0.118602 0.486021
v 1.363906 0.118602 0.488195
v 1.378435 0.118602 0.418147
v 1.376349 0.111249 0.417511
v 1.355793 0.111249 0.485296
v 1.332019 0.111249 0.551738
v 1.334034 0.118602 0.552569
v 1.339991 0.118602 0.555043
v 0.350256 0.118602 1.399027
v 0.418147 0.118602 1.378435
v 0.417511 0.111249 1.376349
v 0.349726 0.111249 1.396906
v 0.281269 0.111249 1.414069
v 0.281693 0.118602 1.416207
v -1.158482 0.118602 0.858990
v -1.118465 0.118602 0.917902
v -1.111801 0.111249 0.912440
v -1.156732 0.111249 0.857682
v -1.198782 0.111249 0.800997
v -1.200603 0.118602 0.802216
v -1.357843 0.118602 -0.486021
v -1.363906 0.118602 -0.488195
v -1.378435 0.118602 -0.418147
v -1.376349 0.111249 -0.417511
v -1.355793 0.111249 -0.485296
v -1.332019 0.111249 -0.551738
v -1.334034 0.118602 -0.552569
v -1.339991 0.118602 -0.555043
v -0.350256 0.118602 -1.399027
v -0.418147 0.118602 -1.378435
v -0.417511 0.111249 -1.376349
v -0.349726 0.111249 -1.396906
v -0.281269 0.111249 -1.414069
v -0.281693 0.118602 -1.416207
v 0.968648 0.118602 -1.068479
v 0.972979 0.118602 -1.073251
v 0.917902 0.118602 -1.118465
v 0.913819 0.118602 -1.113480
v 0.912440 0.111249 -1.111801
v 0.967181 0.111249 -1.066870
v 1.019483 0.111249 -1.019483
v 1.021020 0.118602 -1.021020
v 1.025581 0.118602 -1.025581
v 1.426565 0.118602 0.211787
v 1.439928 0.118602 0.141828
v 1.433529 0.118602 0.141191
v 1.431355 0.111249 0.140979
v 1.424409 0.111249 0.211469
v 1.414069 0.111249 0.281269
v 1.416207 0.118602 0.281693
v 0.616465 0.118602 1.303809
v 0.679019 0.118602 1.270368
v 0.677994 0.111249 1.268441
v 0.615529 0.111249 1.301830
v 0.551738 0.111249 1.332019
v 0.552569 0.118602 1.334034
v 0.555043 0.118602 1.339991
v -0.968648 0.118602 1.068497
v -0.913819 0.118602 1.113498
v -0.912440 0.111249 1.111801
v -0.967181 0.111249 1.066870
v -1.019483 0.111249 1.019483
v -1.021020 0.118602 1.021020
v -1.025581 0.118602 1.025598
v -1.426565 0.118602 -0.211787
v -1.432946 0.118602 -0.212724
v -1.433512 0.118602 -0.141191
v -1.431355 0.111249 -0.140979
v -1.424409 0.111249 -0.211469
v -1.414069 0.111249 -0.281269
v -1.416207 0.118602 -0.281693
v -0.616465 0.118602 -1.303809
v -0.679019 0.118602 -1.270368
v -0.677994 0.111249 -1.268441
v -0.615529 0.111249 -1.301830
v -0.551738 0.111249 -1.332019
v -0.552569 0.118602 -1.334034
v -0.555043 0.118602 -1.339991
v 0.741590 0.118602 -1.236926
v 0.679019 0.118602 -1.270368
v 0.677994 0.111249 -1.268441
v 0.740458 0.111249 -1.235052
v 0.800997 0.111249 -1.198782
v 0.802216 0.118602 -1.200603
v 1.440476 0.118602 -0.070596
v 1.439928 0.118602 -0.141828
v 1.433529 0.118602 -0.141191
v 1.431355 0.111249 -0.140979
v 1.438302 0.111249 -0.070490
v 1.441766 0.111249 0.000000
v 1.443958 0.118602 0.000000
v 1.450409 0.118602 0.000000
v 0.858990 0.118602 1.158482
v 0.917902 0.118602 1.118465
v 0.913819 0.118602 1.113480
v 0.912440 0.111249 1.111801
v 0.857682 0.111249 1.156732
v 0.800997 0.111249 1.198782
v 0.802216 0.118602 1.200603
v -0.741590 0.118602 1.236926
v -0.679019 0.118602 1.270368
v -0.677994 0.111249 1.268441
v -0.740458 0.111249 1.235052
v -0.800997 0.111249 1.198782
v -0.802216 0.118602 1.200603
v -0.805804 0.118602 1.205958
v -1.440476 0.118602 0.070596
v -1.446910 0.118602 0.070914
v -1.433512 0.118602 0.141191
v -1.431355 0.111249 0.140979
v -1.438302 0.111249 0.070490
v -1.441766 0.111249 0.000000
v -1.443958 0.118602 0.000000
v -1.450409 0.118602 0.000000
v -0.858990 0.118602 -1.158482
v -0.917902 0.118602 -1.118465
v -0.913819 0.118602 -1.113480
v -0.912440 0.111249 -1.111801
v -0.857682 0.111249 -1.156732
v -0.800997 0.111249 -1.198782
v -0.802216 0.118602 -1.200603
v 0.486021 0.118602 -1.357843
v 0.488195 0.118602 -1.363906
v 0.418147 0.118602 -1.378435
v 0.417511 0.111249 -1.376349
v 0.485296 0.111249 -1.355793
v 0.551738 0.111249 -1.332019
v 0.552569 0.118602 -1.334034
v 0.555043 0.118602 -1.339991
v 1.399027 0.118602 -0.350256
v 1.378435 0.118602 -0.418147
v 1.376349 0.111249 -0.417511
v 1.396906 0.111249 -0.349726
v 1.414069 0.111249 -0.281269
v 1.416207 0.118602 -0.281693
v 1.068479 0.118602 0.968648
v 1.073269 0.118602 0.972979
v 1.118465 0.118602 0.917902
v 1.113480 0.118602 0.913819
v 1.111801 0.111249 0.912440
v 1.066870 0.111249 0.967181
v 1.019483 0.111249 1.019483
v 1.021020 0.118602 1.021020
v 1.025581 0.118602 1.025581
v -0.486021 0.118602 1.357843
v -0.418147 0.118602 1.378435
v -0.417511 0.111249 1.376349
v -0.485279 0.111249 1.355793
v -0.551738 0.111249 1.332019
v -0.552569 0.118602 1.334034
v -0.555043 0.118602 1.339991
v -1.399027 0.118602 0.350256
v -1.378435 0.118602 0.418147
v -1.376349 0.111249 0.417511
v -1.396906 0.111249 0.349726
v -1.414069 0.111249 0.281269
v -1.416207 0.118602 0.281711
v -1.422535 0.118602 0.282966
v -1.068479 0.118602 -0.968648
v -1.073269 0.118602 -0.972979
v -1.118465 0.118602 -0.917902
v -1.113480 0.118602 -0.913819
v -1.111801 0.111249 -0.912440
v -1.066870 0.111249 -0.967181
v -1.019483 0.111249 -1.019483
v -1.021020 0.118602 -1.021020
v -1.025581 0.118602 -1.025581
v 0.211787 0.118602 -1.426565
v 0.141191 0.118602 -1.433512
v 0.140979 0.111249 -1.431355
v 0.211469 0.111249 -1.424409
v 0.281269 0.111249 -1.414069
v 0.281693 0.118602 -1.416207
v 1.303809 0.118602 -0.616465
v 1.270368 0.118602 -0.679019
v 1.268441 0.111249 -0.677994
v 1.301830 0.111249 -0.615529
v 1.332019 0.111249 -0.551738
v 1.334034 0.118602 -0.552569
v 1.339991 0.118602 -0.555043
v 1.236926 0.118602 0.741590
v 1.270368 0.118602 0.679019
v 1.268441 0.111249 0.677994
v 1.235052 0.111249 0.740458
v 1.198782 0.111249 0.800997
v 1.200603 0.118602 0.802216
v -0.740087 0.029854 1.234433
v -0.615228 0.089155 1.301176
v -0.800590 0.029854 1.198181
v -0.800590 0.059602 1.198181
v -1.441041 0.029836 0.000000
v -1.441041 0.059602 0.000000
v -0.857258 0.029836 -1.156149
v -0.857258 0.059602 -1.156149
v -0.800590 0.029836 -1.198181
v -0.800590 0.059602 -1.198181
v 0.485049 0.044719 -1.355103
v 1.375642 0.059602 -0.417299
v 1.375642 0.029836 -0.417299
v 1.066322 0.089155 0.966704
v -0.417299 0.059602 1.375660
v -1.375642 0.059602 0.417299
v -1.375642 0.029836 0.417299
v 0.211363 0.029836 -1.423684
v 0.211363 0.059602 -1.423684
v 1.234433 0.089155 -0.740087
v 1.234433 0.029854 0.740087
v 1.267805 0.059602 0.677658
v 1.267805 0.029854 0.677658
v 1.198181 0.044728 0.800590
v 0.000000 0.029854 1.441041
v 0.000000 0.059602 1.441041
v -0.211363 0.029854 1.423684
v -0.211363 0.059602 1.423684
v -0.281127 0.044728 1.413344
v -1.234433 0.029836 -0.740087
v -1.198181 0.029836 -0.800590
v -1.198181 0.059602 -0.800590
v -0.140908 0.044719 -1.430630
v 0.000000 0.029836 -1.441041
v 0.000000 0.059602 -1.441041
v 1.111236 0.089155 -0.911981
v 1.198181 0.029836 -0.800590
v 1.198181 0.059602 -0.800590
v 1.355103 0.044719 0.485049
v 0.417299 0.059602 1.375642
v 0.417299 0.029854 1.375642
v 0.281127 0.029854 1.413344
v -1.156149 0.029854 0.857258
v -1.156149 0.059602 0.857258
v -1.198181 0.089155 0.800590
v -1.355103 0.044719 -0.485049
v -0.349549 0.044719 -1.396199
v -0.417299 0.059602 -1.375642
v -0.417299 0.029836 -1.375642
v -0.281127 0.029836 -1.413344
v 0.966704 0.089155 -1.066322
v 0.911981 0.089155 -1.111236
v 1.423684 0.044719 0.211363
v 1.430630 0.059602 0.140908
v 0.551455 0.029854 1.331348
v -0.911963 0.059602 1.111236
v -0.911963 0.029854 1.111236
v -1.018970 0.029854 1.018970
v -1.423684 0.044719 -0.211363
v -1.430630 0.059602 -0.140908
v -0.740087 0.089155 -1.234433
v 0.740087 0.029836 -1.234433
v 0.740087 0.059602 -1.234433
v 0.800590 0.029836 -1.198181
v 0.800590 0.059602 -1.198181
v 1.441041 0.029836 0.000000
v 1.441041 0.059602 0.000000
v 0.258627 0.015307 1.742071
v 0.172424 0.015307 1.750556
v 0.172424 -0.005320 1.750556
v 0.258627 -0.005320 1.742071
v 0.343999 -0.005320 1.729416
v 0.086203 0.015307 1.759057
v 0.000000 -0.005320 1.763299
v 0.086203 -0.005320 1.759057
v 0.086203 0.035916 1.759057
v 0.086203 0.056544 1.759057
v 0.086168 0.074148 1.758368
v 0.510625 -0.005320 1.683283
v 0.593523 -0.005320 1.658148
v 0.674777 -0.005320 1.629072
v 0.427727 0.015307 1.708435
v 0.427727 -0.005320 1.708435
v 0.427727 0.035916 1.708435
v 0.427727 0.056544 1.708435
v 0.427551 0.074148 1.707763
v 0.829207 -0.005320 1.551318
v 0.905600 -0.005320 1.510488
v 0.979642 -0.005320 1.466123
v 0.979642 0.015307 1.466123
v 0.752814 -0.005320 1.592166
v 0.752814 0.035916 1.592166
v 0.752814 0.056544 1.592166
v 0.752513 0.074148 1.591547
v 1.182874 0.015307 1.304799
v 1.115920 0.015307 1.359752
v 1.115920 -0.005320 1.359752
v 1.182874 -0.005320 1.304799
v 1.246841 -0.005320 1.246841
v 1.246841 0.015307 1.246841
v 1.048948 0.056544 1.414705
v 1.048948 -0.005320 1.414705
v 1.048541 0.074148 1.414157
v 1.359752 0.015307 1.115920
v 1.359752 -0.005320 1.115920
v 1.414705 -0.005320 1.048948
v 1.466123 -0.005320 0.979642
v 1.304799 0.015307 1.182874
v 1.304799 -0.005320 1.182874
v 1.304799 0.056544 1.182874
v 1.304286 0.074148 1.182415
v 1.551318 -0.005320 0.829207
v 1.592166 -0.005320 0.752814
v 1.629072 -0.005320 0.674777
v 1.510488 0.015307 0.905600
v 1.510488 -0.005320 0.905600
v 1.510488 0.035916 0.905600
v 1.510488 0.056544 0.905600
v 1.509905 0.074148 0.905246
v 1.683283 0.015307 0.510625
v 1.683283 -0.005320 0.510625
v 1.708435 -0.005320 0.427727
v 1.729416 -0.005320 0.343999
v 1.658148 0.015307 0.593523
v 1.658148 -0.005320 0.593523
v 1.658148 0.035916 0.593523
v 1.658148 0.056544 0.593523
v 1.657494 0.074148 0.593293
v 1.759057 0.015307 0.086203
v 1.750556 -0.005320 0.172424
v 1.759057 -0.005320 0.086203
v 1.763299 -0.005320 -0.000000
v 1.763299 0.015307 0.000000
v 1.742071 0.025612 0.258627
v 1.742071 -0.005320 0.258627
v 1.742071 0.056544 0.258627
v 1.741400 0.074148 0.258521
v 1.750556 0.015307 -0.172424
v 1.750556 -0.005320 -0.172424
v 1.742071 -0.005320 -0.258627
v 1.729416 -0.005320 -0.343999
v 1.759057 -0.005320 -0.086203
v 1.759057 0.056544 -0.086203
v 1.758368 0.074148 -0.086168
v 1.683283 -0.005320 -0.510625
v 1.658148 -0.005320 -0.593523
v 1.629072 -0.005320 -0.674777
v 1.629072 0.015307 -0.674777
v 1.708435 0.025612 -0.427727
v 1.708435 -0.005320 -0.427727
v 1.708435 0.056544 -0.427727
v 1.707763 0.074148 -0.427551
v 1.551318 0.015307 -0.829207
v 1.551318 -0.005320 -0.829207
v 1.510488 -0.005320 -0.905600
v 1.466123 -0.005320 -0.979642
v 1.592166 0.015307 -0.752814
v 1.592166 -0.005320 -0.752814
v 1.592166 0.035916 -0.752796
v 1.592166 0.056544 -0.752796
v 1.591547 0.074148 -0.752513
v 1.304799 0.015307 -1.182874
v 1.359752 0.015307 -1.115920
v 1.359752 -0.005320 -1.115920
v 1.304799 -0.005320 -1.182874
v 1.246841 -0.005320 -1.246841
v 1.246841 0.015307 -1.246841
v 1.414705 0.056544 -1.048948
v 1.414705 -0.005320 -1.048948
v 1.414157 0.074148 -1.048541
v 1.115920 0.015307 -1.359752
v 1.115920 -0.005320 -1.359752
v 1.048948 -0.005320 -1.414705
v 0.979642 -0.005320 -1.466123
v 1.182874 0.015307 -1.304799
v 1.182874 -0.005320 -1.304799
v 1.182874 0.056544 -1.304799
v 1.182415 0.074148 -1.304286
v 0.829207 -0.005320 -1.551318
v 0.752796 -0.005320 -1.592166
v 0.674777 -0.005320 -1.629072
v 0.905600 0.015307 -1.510488
v 0.905600 -0.005320 -1.510488
v 0.905600 0.035916 -1.510488
v 0.905600 0.056544 -1.510488
v 0.905246 0.074148 -1.509905
v 0.510625 -0.005320 -1.683283
v 0.427727 -0.005320 -1.708435
v 0.343999 -0.005320 -1.729416
v 0.593505 0.015307 -1.658148
v 0.593505 -0.005320 -1.658148
v 0.593505 0.035916 -1.658148
v 0.593505 0.056544 -1.658148
v 0.593275 0.074148 -1.657494
v 0.172406 -0.005320 -1.750556
v 0.086203 -0.005320 -1.759057
v 0.000000 -0.005320 -1.763299
v 0.000000 0.015307 -1.763299
v 0.258627 0.015307 -1.742071
v 0.258627 -0.005320 -1.742071
v 0.258627 0.035916 -1.742071
v 0.258627 0.056544 -1.742071
v 0.258521 0.074148 -1.741400
v -0.258627 0.015307 -1.742071
v -0.172424 0.015307 -1.750556
v -0.172424 -0.005320 -1.750556
v -0.258627 -0.005320 -1.742071
v -0.343999 -0.005320 -1.729416
v -0.086203 0.015307 -1.759057
v -0.086203 -0.005320 -1.759057
v -0.086203 0.035916 -1.759057
v -0.086203 0.056544 -1.759057
v -0.086168 0.074148 -1.758368
v -0.510625 -0.005320 -1.683283
v -0.593523 -0.005320 -1.658148
v -0.674777 -0.005320 -1.629072
v -0.427727 0.015307 -1.708435
v -0.427727 -0.005320 -1.708435
v -0.427727 0.056544 -1.708435
v -0.427568 0.074148 -1.707763
v -0.829207 -0.005320 -1.551318
v -0.905600 -0.005320 -1.510488
v -0.979642 -0.005320 -1.466123
v -0.752814 -0.005320 -1.592166
v -0.752814 0.035916 -1.592166
v -0.752814 0.056544 -1.592166
v -0.752513 0.074148 -1.591547
v -1.182874 0.015307 -1.304799
v -1.115920 0.015307 -1.359752
v -1.115920 -0.005320 -1.359752
v -1.182874 -0.005320 -1.304799
v -1.246841 -0.005320 -1.246841
v -1.246841 0.015307 -1.246841
v -1.048948 0.056544 -1.414705
v -1.048948 -0.005320 -1.414705
v -1.048541 0.074148 -1.414157
v -1.359752 0.015307 -1.115920
v -1.359752 -0.005320 -1.115920
v -1.414705 -0.005320 -1.048948
v -1.466123 -0.005320 -0.979642
v -1.304799 0.015307 -1.182874
v -1.304799 -0.005320 -1.182874
v -1.304799 0.056544 -1.182874
v -1.304286 0.074148 -1.182415
v -1.551318 -0.005320 -0.829207
v -1.592166 -0.005320 -0.752796
v -1.629072 -0.005320 -0.674777
v -1.510488 0.015307 -0.905600
v -1.510488 -0.005320 -0.905600
v -1.510488 0.035916 -0.905600
v -1.510488 0.056544 -0.905600
v -1.509905 0.074148 -0.905246
v -1.683283 -0.005320 -0.510625
v -1.708435 -0.005320 -0.427727
v -1.729416 -0.005320 -0.343999
v -1.658148 0.015307 -0.593505
v -1.658148 -0.005320 -0.593505
v -1.658148 0.035916 -0.593505
v -1.658148 0.056544 -0.593505
v -1.657494 0.074148 -0.593275
v -1.759057 0.015307 -0.086203
v -1.750556 -0.005320 -0.172406
v -1.759057 -0.005320 -0.086203
v -1.763299 -0.005320 -0.000000
v -1.763299 0.015307 0.000000
v -1.742071 0.015307 -0.258627
v -1.742071 -0.005320 -0.258627
v -1.742071 0.035916 -0.258627
v -1.742071 0.056544 -0.258627
v -1.741400 0.074148 -0.258521
v -1.750556 0.015307 0.172424
v -1.750556 -0.005320 0.172424
v -1.742071 -0.005320 0.258627
v -1.729416 -0.005320 0.343999
v -1.759057 -0.005320 0.086203
v -1.759057 0.056544 0.086203
v -1.758368 0.074148 0.086168
v -1.683283 -0.005320 0.510625
v -1.658148 -0.005320 0.593523
v -1.629072 -0.005320 0.674794
v -1.629072 0.015307 0.674794
v -1.708435 0.025612 0.427727
v -1.708435 -0.005320 0.427727
v -1.708435 0.056544 0.427727
v -1.707763 0.074148 0.427568
v -1.551318 -0.005320 0.829207
v -1.510488 -0.005320 0.905600
v -1.466123 -0.005320 0.979642
v -1.592166 0.015307 0.752814
v -1.592166 -0.005320 0.752814
v -1.592166 0.056544 0.752814
v -1.591547 0.074148 0.752513
v -1.304799 0.015307 1.182874
v -1.414705 0.025612 1.048965
v -1.359752 -0.005320 1.115920
v -1.304799 -0.005320 1.182874
v -1.246841 -0.005320 1.246841
v -1.246841 0.015307 1.246841
v -1.414705 -0.005320 1.048965
v -1.414705 0.056544 1.048965
v -1.414157 0.074148 1.048559
v -1.115920 0.015307 1.359752
v -1.115920 -0.005320 1.359752
v -1.048948 -0.005320 1.414705
v -0.979625 -0.005320 1.466123
v -0.979625 0.015307 1.466123
v -1.182874 0.015307 1.304799
v -1.182874 -0.005320 1.304799
v -1.182874 0.056544 1.304799
v -1.182415 0.074148 1.304286
v -0.829207 -0.005320 1.551336
v -0.752796 -0.005320 1.592166
v -0.674777 -0.005320 1.629072
v -0.905600 -0.005320 1.510488
v -0.905600 0.056544 1.510488
v -0.905246 0.074148 1.509905
v 1.583611 0.102871 0.748766
v 1.586934 0.094298 0.750339
v 1.570814 0.109305 0.742721
v 1.589692 0.085726 0.751629
v 1.626545 0.085726 0.673734
v 1.548914 0.085726 0.827916
v 1.508155 0.085726 0.904186
v 1.463860 0.085726 0.978122
v -0.172406 -0.005320 1.750556
v -0.086203 -0.005320 1.759057
v -0.258627 0.015307 1.742071
v -0.343999 -0.005320 1.729416
v -0.258627 -0.005320 1.742071
v -0.258627 0.035916 1.742071
v -0.258627 0.056544 1.742071
v -0.258521 0.074148 1.741400
v -0.510625 -0.005320 1.683283
v -0.427727 -0.005320 1.708435
v -0.593505 0.015307 1.658148
v -0.593505 -0.005320 1.658148
v -0.593505 0.035916 1.658148
v -0.593505 0.056544 1.658148
v -0.593275 0.074148 1.657494
v -1.092164 0.111443 -1.204739
v -1.075902 0.109428 -1.186798
v -1.143847 0.111443 -1.261742
v -1.167019 0.109305 -1.287300
v -1.205711 0.111443 -1.205693
v -1.079102 0.111443 -1.314892
v -1.014357 0.111443 -1.368024
v -0.947314 0.111443 -1.417763
v -1.732721 0.102871 0.257230
v -1.736362 0.094298 0.257778
v -1.718722 0.109305 0.255162
v -1.739367 0.085726 0.258220
v -1.726729 0.085726 0.343469
v -1.747851 0.085726 0.172159
v -1.756318 0.085726 0.086079
v -1.760560 0.085726 0.000000
v 1.043327 0.102871 -1.407122
v 1.045519 0.094298 -1.410056
v 1.034896 0.109305 -1.395739
v 1.047321 0.085726 -1.412513
v 0.978122 0.085726 -1.463860
v 1.114187 0.085726 -1.357649
v 1.181054 0.085726 -1.302766
v 1.244897 0.085726 -1.244897
v -0.085743 0.102871 1.749619
v -0.085920 0.094298 1.753278
v -0.085054 0.109305 1.735478
v -0.086079 0.085726 1.756318
v 0.000000 0.085726 1.760560
v -0.172141 0.085726 1.747851
v -0.258220 0.085726 1.739367
v -0.343469 0.085726 1.726729
v -1.176529 0.102871 -1.297800
v -1.179003 0.094298 -1.300522
v -1.181054 0.085726 -1.302766
v -1.244915 0.085726 -1.244897
v -1.114187 0.085726 -1.357649
v -1.047321 0.085726 -1.412513
v -0.978122 0.085726 -1.463860
v 1.749619 0.102871 0.085743
v 1.753278 0.094298 0.085920
v 1.735478 0.109305 0.085054
v 1.756318 0.085726 0.086079
v 1.760560 0.085726 0.000000
v 1.747851 0.085726 0.172141
v 1.739367 0.085726 0.258220
v 1.726729 0.085726 0.343469
v -1.502393 0.102871 0.900739
v -1.505539 0.094298 0.902630
v -1.490250 0.109305 0.893457
v -1.508155 0.085726 0.904204
v -1.463860 0.085726 0.978122
v -1.548914 0.085726 0.827916
v -1.589692 0.085726 0.751647
v -1.626545 0.085726 0.673734
v 0.425430 0.102871 -1.699261
v 0.426313 0.094298 -1.702832
v 0.421983 0.109305 -1.685528
v 0.427056 0.085726 -1.705784
v 0.343469 0.085726 -1.726729
v 0.509830 0.085726 -1.680685
v 0.592586 0.085726 -1.655568
v 0.673734 0.085726 -1.626545
v 0.900739 0.102871 1.502393
v 0.902630 0.094298 1.505539
v 0.893457 0.109305 1.490250
v 0.904186 0.085726 1.508155
v 0.978122 0.085726 1.463860
v 0.827916 0.085726 1.548914
v 0.751629 0.085726 1.589692
v 0.673734 0.085726 1.626545
v -1.583629 0.102871 -0.748766
v -1.586934 0.094298 -0.750339
v -1.570814 0.109305 -0.742721
v -1.589692 0.085726 -0.751629
v -1.626545 0.085726 -0.673734
v -1.548914 0.085726 -0.827916
v -1.508155 0.085726 -0.904186
v -1.463860 0.085726 -0.978122
v 1.649240 0.102871 -0.590324
v 1.652704 0.094298 -0.591561
v 1.635913 0.109305 -0.585551
v 1.655568 0.085726 -0.592586
v 1.626545 0.085726 -0.673734
v 1.680685 0.085726 -0.509830
v 1.705784 0.085726 -0.427056
v 1.726729 0.085726 -0.343469
v -1.043327 0.102871 1.407122
v -1.045519 0.094298 1.410074
v -1.034896 0.109305 1.395739
v -1.047321 0.085726 1.412513
v -0.978122 0.085726 1.463860
v -1.114187 0.085726 1.357649
v -1.181036 0.085726 1.302766
v -1.244897 0.085726 1.244915
v -0.257230 0.102871 -1.732721
v -0.257778 0.094298 -1.736362
v -0.255162 0.109305 -1.718722
v -0.258220 0.085726 -1.739367
v -0.343469 0.085726 -1.726729
v -0.172141 0.085726 -1.747851
v -0.086079 0.085726 -1.756318
v 0.000000 0.085726 -1.760560
v 1.407122 0.102871 1.043327
v 1.410056 0.094298 1.045519
v 1.395739 0.109305 1.034896
v 1.412513 0.085726 1.047321
v 1.357649 0.085726 1.114187
v 1.302766 0.085726 1.181054
v 1.244897 0.085726 1.244897
v -1.749619 0.102871 -0.085743
v -1.753278 0.094298 -0.085920
v -1.735478 0.109305 -0.085054
v -1.756318 0.085726 -0.086079
v -1.747851 0.085726 -0.172141
v -1.739367 0.085726 -0.258220
v -1.726729 0.085726 -0.343469
v 1.297800 0.102871 -1.176529
v 1.300522 0.094298 -1.179003
v 1.287300 0.109305 -1.167019
v 1.302766 0.085726 -1.181054
v 1.357649 0.085726 -1.114187
v 1.412513 0.085726 -1.047321
v 1.463860 0.085726 -0.978122
v -0.425430 0.102871 1.699261
v -0.426313 0.094298 1.702832
v -0.421983 0.109305 1.685528
v -0.427056 0.085726 1.705784
v -0.509830 0.085726 1.680685
v -0.592586 0.085726 1.655568
v -0.673734 0.085726 1.626545
v -0.900739 0.102871 -1.502393
v -0.902630 0.094298 -1.505539
v -0.893457 0.109305 -1.490250
v -0.904186 0.085726 -1.508155
v -0.827916 0.085726 -1.548914
v -0.751647 0.085726 -1.589692
v -0.673734 0.085726 -1.626545
v 1.699261 0.102871 0.425430
v 1.702832 0.094298 0.426331
v 1.685528 0.109305 0.422001
v 1.705784 0.085726 0.427056
v 1.680685 0.085726 0.509830
v 1.655568 0.085726 0.592586
v -1.649240 0.102871 0.590324
v -1.652704 0.094298 0.591578
v -1.635913 0.109305 0.585569
v -1.655568 0.085726 0.592604
v -1.680685 0.085726 0.509830
v -1.705784 0.085726 0.427056
v 0.748766 0.102871 -1.583611
v 0.750339 0.094298 -1.586934
v 0.742721 0.109305 -1.570814
v 0.751629 0.085726 -1.589692
v 0.827916 0.085726 -1.548914
v 0.904186 0.085726 -1.508155
v 0.590324 0.102871 1.649240
v 0.591561 0.094298 1.652704
v 0.585551 0.109305 1.635913
v 0.592586 0.085726 1.655568
v 0.509830 0.085726 1.680685
v 0.427056 0.085726 1.705784
v 0.343469 0.085726 1.726729
v -1.407122 0.102871 -1.043327
v -1.410074 0.094298 -1.045519
v -1.395739 0.109305 -1.034896
v -1.412513 0.085726 -1.047321
v -1.357649 0.085726 -1.114187
v -1.302766 0.085726 -1.181036
v 1.732721 0.102871 -0.257230
v 1.736362 0.094298 -0.257778
v 1.718722 0.109305 -0.255162
v 1.739367 0.085726 -0.258220
v 1.747851 0.085726 -0.172141
v 1.756318 0.085726 -0.086079
v -1.297800 0.102871 1.176529
v -1.300522 0.094298 1.179003
v -1.287300 0.109305 1.167019
v -1.302766 0.085726 1.181054
v -1.357631 0.085726 1.114187
v -1.412513 0.085726 1.047339
v 0.085743 0.102871 -1.749619
v 0.085920 0.094298 -1.753278
v 0.085054 0.109305 -1.735478
v 0.086079 0.085726 -1.756318
v 0.172141 0.085726 -1.747851
v 0.258220 0.085726 -1.739367
v 1.176529 0.102871 1.297800
v 1.179003 0.094298 1.300522
v 1.167019 0.109305 1.287300
v 1.181054 0.085726 1.302766
v 1.114187 0.085726 1.357649
v 1.047321 0.085726 1.412513
v -1.699261 0.102871 -0.425430
v -1.702832 0.094298 -0.426313
v -1.685528 0.109305 -0.421983
v -1.705784 0.085726 -0.427056
v -1.680685 0.085726 -0.509830
v -1.655568 0.085726 -0.592586
v 0.257230 0.102871 1.732721
v 0.257778 0.094298 1.736362
v 0.255162 0.109305 1.718722
v 0.258220 0.085726 1.739367
v 0.172141 0.085726 1.747851
v 0.086079 0.085726 1.756318
v 1.502393 0.102871 -0.900739
v 1.505539 0.094298 -0.902630
v 1.490250 0.109305 -0.893457
v 1.508155 0.085726 -0.904186
v 1.548914 0.085726 -0.827916
v 1.589692 0.085726 -0.751629
v -0.750339 0.094298 1.586934
v -0.742721 0.109305 1.570814
v -0.751629 0.085726 1.589692
v -0.827916 0.085726 1.548914
v -0.904186 0.085726 1.508155
v -0.590324 0.102871 -1.649240
v -0.591561 0.094298 -1.652704
v -0.585551 0.109305 -1.635913
v -0.592604 0.085726 -1.655568
v -0.509830 0.085726 -1.680685
v -0.427056 0.085726 -1.705784
v -1.546104 0.087228 -0.387074
v -1.539158 0.081166 -0.385342
v -1.546104 0.103366 -0.387074
v -1.553934 0.109428 -0.389036
v -1.565087 0.103366 -0.311317
v -1.523338 0.103366 -0.462106
v -1.500590 0.103366 -0.537121
v -1.474289 0.103366 -0.610668
v 0.394922 0.111443 -1.577425
v 0.403512 0.111443 -1.611733
v 0.389036 0.109428 -1.553934
v 0.413605 0.111443 -1.652068
v 0.332651 0.111443 -1.672359
v 0.493780 0.111443 -1.627747
v 0.652523 0.111443 -1.575321
v 1.530991 0.111443 -0.547991
v 1.603443 0.111443 -0.573938
v 1.508190 0.109428 -0.539843
v 1.575321 0.111443 -0.652523
v 1.627747 0.111443 -0.493780
v 1.652068 0.111443 -0.413605
v 1.672359 0.111443 -0.332651
v 1.306213 0.111443 0.968507
v 1.334635 0.111443 0.989594
v 1.286770 0.109428 0.954101
v 1.368024 0.111443 1.014339
v 1.417763 0.111443 0.947314
v 1.314892 0.111443 1.079102
v 1.261742 0.111443 1.143847
v 1.205693 0.111443 1.205693
v -0.394922 0.111443 1.577425
v -0.403512 0.111443 1.611733
v -0.389036 0.109428 1.553934
v -0.413605 0.111443 1.652068
v -0.332651 0.111443 1.672359
v -0.493763 0.111443 1.627747
v -0.573938 0.111443 1.603443
v -0.652523 0.111443 1.575321
v -1.530974 0.111443 0.548009
v -1.508190 0.109428 0.539843
v -1.603425 0.111443 0.573938
v -1.575321 0.111443 0.652523
v -1.627747 0.111443 0.493780
v -1.672359 0.111443 0.332651
v -1.306213 0.111443 -0.968507
v -1.334635 0.111443 -0.989576
v -1.286770 0.109428 -0.954084
v -1.368024 0.111443 -1.014339
v -1.417763 0.111443 -0.947314
v -1.314892 0.111443 -1.079102
v -1.261742 0.111443 -1.143847
v 0.079592 0.111443 -1.624159
v 0.083357 0.111443 -1.701011
v 0.078408 0.109428 -1.599979
v 0.000000 0.111443 -1.705112
v 0.166732 0.111443 -1.692810
v 0.250089 0.111443 -1.684591
v 1.394661 0.111443 -0.836153
v 1.424992 0.111443 -0.854341
v 1.373892 0.109428 -0.823692
v 1.460661 0.111443 -0.875711
v 1.417763 0.111443 -0.947314
v 1.500148 0.111443 -0.801845
v 1.539635 0.111443 -0.727962
v 1.470064 0.111443 0.695068
v 1.502039 0.111443 0.710198
v 1.448182 0.109428 0.684728
v 1.539635 0.111443 0.727962
v 1.575321 0.111443 0.652523
v 1.500148 0.111443 0.801845
v 1.460661 0.111443 0.875711
v 0.238795 0.111443 1.608480
v 0.243991 0.111443 1.643478
v 0.235242 0.109428 1.584530
v 0.250089 0.111443 1.684591
v 0.332651 0.111443 1.672359
v 0.166732 0.111443 1.692810
v 0.083357 0.111443 1.701011
v 0.000000 0.111443 1.705112
v -0.079592 0.111443 1.624159
v -0.083357 0.111443 1.701011
v -0.078408 0.109428 1.599979
v -0.166732 0.111443 1.692810
v -0.250089 0.111443 1.684591
v -1.394661 0.111443 0.836153
v -1.424992 0.111443 0.854341
v -1.373892 0.109428 0.823710
v -1.460661 0.111443 0.875728
v -1.417763 0.111443 0.947314
v -1.539635 0.111443 0.727962
v -1.470064 0.111443 -0.695068
v -1.502039 0.111443 -0.710198
v -1.448182 0.109428 -0.684728
v -1.539635 0.111443 -0.727962
v -1.575321 0.111443 -0.652523
v -1.500148 0.111443 -0.801845
v -1.460661 0.111443 -0.875711
v -0.238795 0.111443 -1.608480
v -0.243991 0.111443 -1.643478
v -0.235242 0.109428 -1.584530
v -0.250089 0.111443 -1.684591
v -0.332651 0.111443 -1.672359
v -0.166732 0.111443 -1.692810
v -0.083357 0.111443 -1.701011
v 1.204739 0.111443 -1.092164
v 1.186798 0.109428 -1.075902
v 1.261742 0.111443 -1.143847
v 1.205693 0.111443 -1.205693
v 1.314892 0.111443 -1.079102
v 1.368024 0.111443 -1.014339
v 1.577425 0.111443 0.394922
v 1.611733 0.111443 0.403512
v 1.553934 0.109428 0.389036
v 1.652068 0.111443 0.413605
v 1.672359 0.111443 0.332651
v 1.627747 0.111443 0.493780
v 1.603443 0.111443 0.573938
v 0.547991 0.111443 1.530991
v 0.573938 0.111443 1.603443
v 0.539843 0.109428 1.508190
v 0.652523 0.111443 1.575321
v 0.493780 0.111443 1.627747
v 0.413605 0.111443 1.652068
v -1.204739 0.111443 1.092164
v -1.186798 0.109428 1.075902
v -1.261742 0.111443 1.143847
v -1.205693 0.111443 1.205711
v -1.314892 0.111443 1.079102
v -1.368024 0.111443 1.014357
v -1.577425 0.111443 -0.394922
v -1.611733 0.111443 -0.403512
v -1.652068 0.111443 -0.413605
v -1.672359 0.111443 -0.332651
v -1.627747 0.111443 -0.493763
v -1.603443 0.111443 -0.573938
v -0.548009 0.111443 -1.530974
v -0.539843 0.109428 -1.508190
v -0.573938 0.111443 -1.603425
v -0.652523 0.111443 -1.575321
v -0.493780 0.111443 -1.627747
v 0.968507 0.111443 -1.306213
v 0.954101 0.109428 -1.286770
v 1.014339 0.111443 -1.368024
v 0.947314 0.111443 -1.417763
v 1.079102 0.111443 -1.314892
v 1.143847 0.111443 -1.261742
v 1.624159 0.111443 0.079592
v 1.659492 0.111443 0.081325
v 1.599979 0.109428 0.078408
v 1.701011 0.111443 0.083357
v 1.705112 0.111443 0.000000
v 1.692810 0.111443 0.166732
v 1.684591 0.111443 0.250089
v 0.836153 0.111443 1.394661
v 0.854341 0.111443 1.424992
v 0.823692 0.109428 1.373892
v 0.875711 0.111443 1.460661
v 0.947314 0.111443 1.417763
v 0.801845 0.111443 1.500148
v 0.727962 0.111443 1.539635
v -0.968507 0.111443 1.306213
v -0.989576 0.111443 1.334635
v -0.954084 0.109428 1.286770
v -1.014339 0.111443 1.368024
v -0.947314 0.111443 1.417763
v -1.079102 0.111443 1.314892
v -1.143847 0.111443 1.261742
v -1.624159 0.111443 -0.079592
v -1.659492 0.111443 -0.081325
v -1.599979 0.109428 -0.078408
v -1.701011 0.111443 -0.083357
v -1.705112 0.111443 0.000000
v -1.692810 0.111443 -0.166732
v -1.684591 0.111443 -0.250089
v -0.836153 0.111443 -1.394661
v -0.854341 0.111443 -1.424992
v -0.823692 0.109428 -1.373892
v -0.875728 0.111443 -1.460661
v -0.727962 0.111443 -1.539635
v 0.695068 0.111443 -1.470064
v 0.710198 0.111443 -1.502039
v 0.684728 0.109428 -1.448182
v 0.727962 0.111443 -1.539635
v 0.801845 0.111443 -1.500148
v 0.875711 0.111443 -1.460661
v 1.608480 0.111443 -0.238795
v 1.643478 0.111443 -0.243991
v 1.584530 0.109428 -0.235242
v 1.684591 0.111443 -0.250089
v 1.692810 0.111443 -0.166732
v 1.701011 0.111443 -0.083357
v 1.092164 0.111443 1.204739
v 1.075902 0.109428 1.186798
v 1.143847 0.111443 1.261742
v 1.079102 0.111443 1.314892
v 1.014339 0.111443 1.368024
v -0.695068 0.111443 1.470064
v -0.710198 0.111443 1.502039
v -0.684728 0.109428 1.448182
v -0.727962 0.111443 1.539635
v -0.801845 0.111443 1.500148
v -0.875711 0.111443 1.460661
v -1.608480 0.111443 0.238795
v -1.643478 0.111443 0.243991
v -1.584530 0.109428 0.235242
v -1.684591 0.111443 0.250089
v -1.692810 0.111443 0.166732
v -1.701011 0.111443 0.083357
v -1.419654 0.079151 0.508151
v -1.399416 0.081607 0.500904
v -1.473617 0.079151 0.527470
v -1.493838 0.081166 0.534699
v -1.447776 0.079151 0.599692
v -1.495959 0.079151 0.453799
v -1.518301 0.079151 0.380127
v -1.536948 0.079151 0.305714
v -0.537121 0.087228 -1.500590
v -0.537121 0.095288 -1.500590
v -0.534699 0.081166 -1.493838
v -0.537121 0.103366 -1.500590
v -0.610668 0.103366 -1.474289
v -0.462106 0.103366 -1.523338
v -0.387092 0.103366 -1.546104
v -0.311317 0.103366 -1.565087
v 0.949293 0.087228 -1.280283
v 0.949293 0.095288 -1.280283
v 0.945016 0.081166 -1.274521
v 0.949293 0.103366 -1.280283
v 0.886546 0.103366 -1.326823
v 1.009885 0.103366 -1.230545
v 1.070476 0.103366 -1.180824
v 1.128363 0.103366 -1.128363
v 1.584760 0.081166 0.077666
v 1.591919 0.103366 0.078019
v 1.595754 0.103366 0.000000
v 1.576541 0.103366 0.234058
v 1.565087 0.103366 0.311317
v 0.819556 0.087228 1.366964
v 0.815862 0.081166 1.360830
v 0.819556 0.103366 1.366964
v 0.886546 0.103366 1.326823
v 0.750410 0.103366 1.403923
v 0.681281 0.103366 1.440882
v 0.610668 0.103366 1.474289
v -0.949276 0.087228 1.280283
v -0.949276 0.095288 1.280283
v -0.945016 0.081166 1.274521
v -0.949276 0.103366 1.280283
v -0.886546 0.103366 1.326823
v -1.009885 0.103366 1.230545
v -1.070476 0.103366 1.180824
v -1.128363 0.103366 1.128363
v -1.591919 0.087228 -0.078019
v -1.591919 0.095288 -0.078019
v -1.584760 0.081166 -0.077666
v -1.591919 0.103366 -0.078019
v -1.595754 0.103366 0.000000
v -1.584230 0.103366 -0.156039
v -1.576541 0.103366 -0.234040
v -0.819556 0.087228 -1.366964
v -0.815862 0.081166 -1.360830
v -0.819556 0.103366 -1.366964
v -0.886546 0.103366 -1.326823
v -0.750410 0.103366 -1.403923
v -0.681281 0.103366 -1.440882
v 0.681281 0.087228 -1.440882
v 0.681281 0.103366 -1.440882
v 0.678206 0.081166 -1.434395
v 0.610668 0.103366 -1.474289
v 0.750410 0.103366 -1.403923
v 0.819556 0.103366 -1.366964
v 1.576541 0.087228 -0.234040
v 1.576541 0.095288 -0.234040
v 1.569453 0.081166 -0.232997
v 1.576541 0.103366 -0.234040
v 1.565087 0.103366 -0.311317
v 1.584230 0.103366 -0.156039
v 1.591919 0.103366 -0.078019
v 1.070476 0.087228 1.180824
v 1.070476 0.095288 1.180824
v 1.065668 0.081166 1.175503
v 1.070476 0.103366 1.180824
v 1.128363 0.103366 1.128363
v 1.009885 0.103366 1.230545
v 0.949293 0.103366 1.280283
v -0.681281 0.087228 1.440882
v -0.681281 0.103366 1.440882
v -0.678206 0.081166 1.434395
v -0.610668 0.103366 1.474289
v -0.750410 0.103366 1.403923
v -0.819556 0.103366 1.366964
v -1.576541 0.087228 0.234058
v -1.576541 0.095288 0.234058
v -1.569453 0.081166 0.232997
v -1.576541 0.103366 0.234058
v -1.565087 0.103366 0.311317
v -1.584230 0.103366 0.156039
v -1.591919 0.103366 0.078019
v -1.070494 0.087228 -1.180824
v -1.070494 0.095288 -1.180824
v -1.065668 0.081166 -1.175503
v -1.070494 0.103366 -1.180824
v -1.128363 0.103366 -1.128363
v -1.009885 0.103366 -1.230545
v -0.949293 0.103366 -1.280283
v 0.387092 0.087228 -1.546104
v 0.385342 0.081166 -1.539158
v 0.387092 0.103366 -1.546104
v 0.311317 0.103366 -1.565087
v 0.462106 0.103366 -1.523338
v 0.537121 0.103366 -1.500590
v 1.500590 0.087228 -0.537121
v 1.500590 0.095288 -0.537121
v 1.493838 0.081166 -0.534699
v 1.500590 0.103366 -0.537121
v 1.474289 0.103366 -0.610668
v 1.523338 0.103366 -0.462106
v 1.546104 0.103366 -0.387092
v 1.280283 0.087228 0.949293
v 1.280283 0.095288 0.949293
v 1.274521 0.081166 0.945016
v 1.280283 0.103366 0.949293
v 1.326823 0.103366 0.886546
v 1.230545 0.103366 1.009885
v 1.180824 0.103366 1.070476
v -0.387074 0.087228 1.546104
v -0.385342 0.081166 1.539158
v -0.387074 0.103366 1.546104
v -0.311317 0.103366 1.565087
v -0.462106 0.103366 1.523338
v -0.537121 0.103366 1.500590
v -1.500590 0.087228 0.537121
v -1.500590 0.095288 0.537121
v -1.500590 0.103366 0.537121
v -1.474289 0.103366 0.610668
v -1.523338 0.103366 0.462106
v -1.546104 0.103366 0.387092
v -1.280283 0.087228 -0.949293
v -1.274521 0.081166 -0.945016
v -1.280283 0.103366 -0.949293
v -1.326823 0.103366 -0.886546
v -1.230545 0.103366 -1.009885
v -1.180824 0.103366 -1.070476
v 0.078019 0.087228 -1.591919
v 0.078019 0.095288 -1.591919
v 0.077666 0.081166 -1.584760
v 0.078019 0.103366 -1.591919
v 0.000000 0.103366 -1.595754
v 0.156039 0.103366 -1.584230
v 0.234040 0.103366 -1.576541
v 1.366964 0.087228 -0.819556
v 1.360830 0.081166 -0.815862
v 1.366964 0.103366 -0.819556
v 1.326823 0.103366 -0.886546
v 1.403923 0.103366 -0.750410
v 1.440882 0.103366 -0.681281
v 1.440882 0.087228 0.681281
v 1.440882 0.103366 0.681281
v 1.434395 0.081166 0.678206
v 1.474289 0.103366 0.610668
v 1.403923 0.103366 0.750410
v 1.366964 0.103366 0.819556
v 0.234058 0.087228 1.576541
v 0.234058 0.095288 1.576541
v 0.232997 0.081166 1.569453
v 0.234058 0.103366 1.576541
v 0.156039 0.103366 1.584230
v 0.078019 0.103366 1.591919
v 0.000000 0.103366 1.595754
v -0.078019 0.087228 1.591919
v -0.078019 0.095288 1.591919
v -0.077666 0.081166 1.584760
v -0.078019 0.103366 1.591919
v -0.156039 0.103366 1.584230
v -0.234040 0.103366 1.576541
v -1.366964 0.087228 0.819556
v -1.360830 0.081166 0.815862
v -1.366964 0.103366 0.819556
v -1.326823 0.103366 0.886546
v -1.403923 0.103366 0.750410
v -1.440882 0.103366 0.681281
v -1.440882 0.087228 -0.681281
v -1.440882 0.103366 -0.681281
v -1.434395 0.081166 -0.678206
v -1.403923 0.103366 -0.750410
v -1.366964 0.103366 -0.819556
v -0.234058 0.087228 -1.576541
v -0.234058 0.095288 -1.576541
v -0.232997 0.081166 -1.569453
v -0.234058 0.103366 -1.576541
v -0.156039 0.103366 -1.584230
v -0.078019 0.103366 -1.591919
v 1.180824 0.087228 -1.070476
v 1.180824 0.095288 -1.070476
v 1.175503 0.081166 -1.065668
v 1.180824 0.103366 -1.070476
v 1.230545 0.103366 -1.009885
v 1.280283 0.103366 -0.949293
v 1.546104 0.087228 0.387092
v 1.539158 0.081166 0.385342
v 1.546104 0.103366 0.387092
v 1.523338 0.103366 0.462106
v 1.500590 0.103366 0.537121
v 0.537121 0.087228 1.500590
v 0.537121 0.095288 1.500590
v 0.534699 0.081166 1.493838
v 0.537121 0.103366 1.500590
v 0.462106 0.103366 1.523338
v 0.387092 0.103366 1.546104
v -1.180824 0.087228 1.070494
v -1.180824 0.103366 1.070494
v -1.175503 0.081166 1.065668
v -1.230545 0.103366 1.009885
v -1.280283 0.103366 0.949293
v -0.881013 0.108739 1.188212
v -0.878486 0.116145 1.184783
v -0.881013 0.089013 1.188212
v -0.885291 0.081607 1.193974
v -0.822791 0.089013 1.231411
v -0.937257 0.089013 1.142062
v -0.993500 0.089013 1.095894
v -1.047215 0.089013 1.047215
v -1.211226 0.079151 -0.898088
v -1.234239 0.079151 -0.915145
v -1.193957 0.081607 -0.885291
v -1.257270 0.079151 -0.932219
v -1.302961 0.079151 -0.870620
v -1.208433 0.079151 -0.991732
v -1.159596 0.079151 -1.051245
v -1.108089 0.079151 -1.108072
v 0.073813 0.079151 -1.506051
v 0.075209 0.079151 -1.534668
v 0.072752 0.081607 -1.484576
v 0.076605 0.079151 -1.563284
v 0.000000 0.079151 -1.567067
v 0.153228 0.079151 -1.555737
v 0.229833 0.079151 -1.548190
v 0.305714 0.079151 -1.536948
v 1.293239 0.079151 -0.775350
v 1.317808 0.079151 -0.790073
v 1.274804 0.081607 -0.764303
v 1.342395 0.079151 -0.804815
v 1.302961 0.079151 -0.870620
v 1.378682 0.079151 -0.736923
v 1.414970 0.079151 -0.669032
v 1.447776 0.079151 -0.599692
v 1.363163 0.079151 0.644534
v 1.389076 0.079151 0.656783
v 1.343738 0.081607 0.635343
v 1.414970 0.079151 0.669032
v 1.447776 0.079151 0.599692
v 1.378682 0.079151 0.736923
v 1.342395 0.079151 0.804815
v 1.302961 0.079151 0.870620
v 0.221420 0.079151 1.491505
v 0.218274 0.081607 1.470259
v 0.229833 0.079151 1.548207
v 0.305714 0.079151 1.536948
v 0.153228 0.079151 1.555737
v 0.076605 0.079151 1.563284
v 0.000000 0.079151 1.567067
v -0.073813 0.079151 1.506051
v -0.072752 0.081607 1.484576
v -0.076605 0.079151 1.563284
v -0.153228 0.079151 1.555737
v -0.229833 0.079151 1.548207
v -0.305714 0.079151 1.536948
v -1.293239 0.079151 0.775350
v -1.317808 0.079151 0.790091
v -1.274804 0.081607 0.764303
v -1.342395 0.079151 0.804815
v -1.302961 0.079151 0.870620
v -1.378682 0.079151 0.736923
v -1.414970 0.079151 0.669032
v -1.363163 0.079151 -0.644534
v -1.343738 0.081607 -0.635343
v -1.414970 0.079151 -0.669032
v -1.447776 0.079151 -0.599692
v -1.378682 0.079151 -0.736923
v -1.342395 0.079151 -0.804815
v -0.221420 0.079151 -1.491505
v -0.218274 0.081607 -1.470259
v -0.229833 0.079151 -1.548190
v -0.305714 0.079151 -1.536948
v -0.153228 0.079151 -1.555737
v -0.076623 0.079151 -1.563284
v 1.117122 0.079151 -1.012748
v 1.138350 0.079151 -1.031997
v 1.101214 0.081607 -0.998308
v 1.159596 0.079151 -1.051245
v 1.108089 0.079151 -1.108089
v 1.208433 0.079151 -0.991732
v 1.257270 0.079151 -0.932219
v 1.462711 0.079151 0.366199
v 1.441872 0.081607 0.360985
v 1.518301 0.079151 0.380127
v 1.536948 0.079151 0.305714
v 1.495959 0.079151 0.453799
v 1.473617 0.079151 0.527470
v 0.508151 0.079151 1.419654
v 0.500904 0.081607 1.399416
v 0.527470 0.079151 1.473617
v 0.599692 0.079151 1.447776
v 0.453799 0.079151 1.495959
v 0.380127 0.079151 1.518301
v -1.117122 0.079151 1.012748
v -1.138350 0.079151 1.031997
v -1.101196 0.081607 0.998308
v -1.159578 0.079151 1.051245
v -1.108072 0.079151 1.108089
v -1.208433 0.079151 0.991732
v -1.257270 0.079151 0.932219
v -1.462711 0.079151 -0.366199
v -1.441872 0.081607 -0.360985
v -1.518301 0.079151 -0.380127
v -1.536948 0.079151 -0.305714
v -1.495959 0.079151 -0.453799
v -1.473617 0.079151 -0.527470
v -0.508151 0.079151 -1.419654
v -0.500904 0.081607 -1.399416
v -0.527470 0.079151 -1.473617
v -0.599692 0.079151 -1.447776
v -0.453799 0.079151 -1.495959
v -0.380127 0.079151 -1.518301
v 0.898088 0.079151 -1.211226
v 0.915145 0.079151 -1.234239
v 0.885291 0.081607 -1.193957
v 0.932219 0.079151 -1.257270
v 0.870620 0.079151 -1.302961
v 0.991732 0.079151 -1.208433
v 1.051245 0.079151 -1.159596
v 1.506051 0.079151 0.073813
v 1.534668 0.079151 0.075209
v 1.484576 0.081607 0.072752
v 1.563284 0.079151 0.076605
v 1.567067 0.079151 0.000000
v 1.555737 0.079151 0.153228
v 1.548207 0.079151 0.229833
v 0.775350 0.079151 1.293239
v 0.764303 0.081607 1.274804
v 0.804815 0.079151 1.342395
v 0.870620 0.079151 1.302961
v 0.736923 0.079151 1.378682
v 0.669032 0.079151 1.414970
v -0.898088 0.079151 1.211226
v -0.932219 0.079151 1.257270
v -0.870620 0.079151 1.302961
v -0.991732 0.079151 1.208433
v -1.051245 0.079151 1.159596
v -1.506051 0.079151 -0.073813
v -1.534668 0.079151 -0.075209
v -1.484576 0.081607 -0.072752
v -1.563284 0.079151 -0.076605
v -1.567067 0.079151 0.000000
v -1.555737 0.079151 -0.153228
v -1.548207 0.079151 -0.229833
v -0.775350 0.079151 -1.293239
v -0.764303 0.081607 -1.274804
v -0.804815 0.079151 -1.342395
v -0.870620 0.079151 -1.302961
v -0.736923 0.079151 -1.378682
v -0.669032 0.079151 -1.414970
v 0.644534 0.079151 -1.363163
v 0.656783 0.079151 -1.389076
v 0.635343 0.081607 -1.343738
v 0.669032 0.079151 -1.414970
v 0.599692 0.079151 -1.447776
v 0.736923 0.079151 -1.378682
v 0.804815 0.079151 -1.342395
v 1.491505 0.079151 -0.221420
v 1.519856 0.079151 -0.225627
v 1.470259 0.081607 -0.218274
v 1.548207 0.079151 -0.229833
v 1.536948 0.079151 -0.305714
v 1.555737 0.079151 -0.153228
v 1.563284 0.079151 -0.076605
v 1.012748 0.079151 1.117122
v 1.031997 0.079151 1.138350
v 0.998308 0.081607 1.101214
v 1.051245 0.079151 1.159596
v 1.108089 0.079151 1.108089
v 0.991732 0.079151 1.208433
v 0.932219 0.079151 1.257270
v -0.644534 0.079151 1.363163
v -0.635343 0.081607 1.343738
v -0.669032 0.079151 1.414970
v -0.599692 0.079151 1.447776
v -0.736923 0.079151 1.378682
v -0.804815 0.079151 1.342395
v -1.491505 0.079151 0.221420
v -1.519856 0.079151 0.225627
v -1.470259 0.081607 0.218274
v -1.548190 0.079151 0.229851
v -1.555737 0.079151 0.153228
v -1.563284 0.079151 0.076623
v -1.012748 0.079151 -1.117122
v -1.031997 0.079151 -1.138350
v -0.998308 0.081607 -1.101214
v -1.051245 0.079151 -1.159578
v -0.991732 0.079151 -1.208433
v -0.932219 0.079151 -1.257270
v 0.366199 0.079151 -1.462711
v 0.360985 0.081607 -1.441872
v 0.380127 0.079151 -1.518301
v 0.453799 0.079151 -1.495959
v 0.527470 0.079151 -1.473617
v 1.419654 0.079151 -0.508151
v 1.399416 0.081607 -0.500904
v 1.473617 0.079151 -0.527470
v 1.495959 0.079151 -0.453799
v 1.518301 0.079151 -0.380127
v 1.211226 0.079151 0.898088
v 1.234239 0.079151 0.915145
v 1.193957 0.081607 0.885291
v 1.257270 0.079151 0.932219
v 1.208433 0.079151 0.991732
v 1.159596 0.079151 1.051245
v -0.366199 0.079151 1.462711
v -0.360985 0.081607 1.441872
v -0.380127 0.079151 1.518301
v -0.453799 0.079151 1.495959
v -0.527470 0.079151 1.473617
v 0.211787 0.118602 1.426565
v 0.211469 0.111249 1.424409
v 0.214721 0.118602 1.446309
v 0.216595 0.116145 1.458946
v 0.285599 0.118602 1.435792
v 0.143136 0.118602 1.453361
v 0.071568 0.118602 1.460396
v 0.000000 0.118602 1.463931
v -1.477435 0.108739 -0.072398
v -1.477435 0.098876 -0.072398
v -1.473175 0.116145 -0.072204
v -1.477435 0.089013 -0.072398
v -1.480988 0.089013 0.000000
v -1.463171 0.089013 -0.217213
v -1.452530 0.089013 -0.288922
v -0.758417 0.116145 -1.265012
v -0.760608 0.089013 -1.268671
v -0.822791 0.089013 -1.231393
v -0.632285 0.089013 -1.337251
v -0.566745 0.089013 -1.368254
v 0.632285 0.108739 -1.337251
v 0.632285 0.089013 -1.337251
v 0.630464 0.116145 -1.333398
v 0.760608 0.089013 -1.268671
v 0.822791 0.089013 -1.231393
v 1.463171 0.108739 -0.217213
v 1.463171 0.098876 -0.217213
v 1.458946 0.116145 -0.216595
v 1.463171 0.089013 -0.217213
v 1.452530 0.089013 -0.288922
v 1.477435 0.089013 -0.072398
v 1.480988 0.089013 0.000000
v 0.993500 0.108739 1.095894
v 0.993500 0.098876 1.095894
v 0.990636 0.116145 1.092747
v 0.993500 0.089013 1.095894
v 1.047215 0.089013 1.047215
v 0.937257 0.089013 1.142062
v 0.881013 0.089013 1.188212
v 0.822791 0.089013 1.231393
v -0.632285 0.108739 1.337251
v -0.632285 0.089013 1.337251
v -0.630464 0.116145 1.333398
v -1.463171 0.108739 0.217213
v -1.458946 0.116145 0.216595
v -1.463171 0.089013 0.217213
v -1.452530 0.089013 0.288922
v -1.470294 0.089013 0.144815
v -1.477435 0.089013 0.072416
v -0.993500 0.108739 -1.095894
v -0.993500 0.098876 -1.095894
v -0.990636 0.116145 -1.092747
v -0.993500 0.089013 -1.095894
v -1.047215 0.089013 -1.047215
v -0.937257 0.089013 -1.142062
v 0.359253 0.108739 -1.434908
v 0.359253 0.098876 -1.434908
v 0.358210 0.116145 -1.430790
v 0.359253 0.089013 -1.434908
v 0.288922 0.089013 -1.452530
v 0.428876 0.089013 -1.413786
v 0.498500 0.089013 -1.392681
v 1.392681 0.108739 -0.498500
v 1.392681 0.098876 -0.498500
v 1.388669 0.116145 -0.497050
v 1.392681 0.089013 -0.498500
v 1.368254 0.089013 -0.566745
v 1.413803 0.089013 -0.428876
v 1.434908 0.089013 -0.359253
v 1.188212 0.108739 0.881013
v 1.188212 0.098876 0.881013
v 1.184783 0.116145 0.878486
v 1.188212 0.089013 0.881013
v 1.231393 0.089013 0.822791
v 1.142062 0.089013 0.937257
v 1.095894 0.089013 0.993500
v -0.359253 0.108739 1.434908
v -0.358210 0.116145 1.430790
v -0.359253 0.089013 1.434908
v -0.288922 0.089013 1.452530
v -0.428876 0.089013 1.413803
v -0.498500 0.089013 1.392681
v -1.392681 0.108739 0.498500
v -1.388669 0.116145 0.497050
v -1.392681 0.089013 0.498500
v -1.413786 0.089013 0.428876
v -1.434908 0.089013 0.359253
v -1.188212 0.108739 -0.881013
v -1.184783 0.116145 -0.878486
v -1.188212 0.089013 -0.881013
v -1.231411 0.089013 -0.822791
v -1.142062 0.089013 -0.937257
v -1.095894 0.089013 -0.993500
v 0.072398 0.108739 -1.477435
v 0.072398 0.098876 -1.477435
v 0.072204 0.116145 -1.473175
v 0.072398 0.089013 -1.477435
v 0.000000 0.089013 -1.480988
v 0.217213 0.089013 -1.463171
v 1.268671 0.108739 -0.760608
v 1.265012 0.116145 -0.758417
v 1.268671 0.089013 -0.760608
v 1.231393 0.089013 -0.822791
v 1.337251 0.089013 -0.632285
v 1.337251 0.108739 0.632285
v 1.337251 0.089013 0.632285
v 1.333398 0.116145 0.630464
v 1.368254 0.089013 0.566745
v 1.268671 0.089013 0.760608
v 0.217213 0.108739 1.463171
v 0.217213 0.089013 1.463171
v 0.288922 0.089013 1.452530
v 0.144815 0.089013 1.470294
v 0.072398 0.089013 1.477435
v 0.000000 0.089013 1.480988
v -0.072398 0.108739 1.477435
v -0.072398 0.098876 1.477435
v -0.072204 0.116145 1.473175
v -0.072398 0.089013 1.477435
v -0.217213 0.089013 1.463171
v -1.265012 0.116145 0.758417
v -1.268671 0.089013 0.760608
v -1.337251 0.089013 0.632285
v -1.337251 0.108739 -0.632285
v -1.337251 0.089013 -0.632285
v -1.333398 0.116145 -0.630464
v -1.368254 0.089013 -0.566745
v -1.302961 0.089013 -0.696447
v -1.268671 0.089013 -0.760608
v -0.217213 0.108739 -1.463171
v -0.216595 0.116145 -1.458946
v -0.217213 0.089013 -1.463171
v -0.288922 0.089013 -1.452530
v -0.144815 0.089013 -1.470294
v -0.072398 0.089013 -1.477435
v 1.095894 0.108739 -0.993500
v 1.095894 0.098876 -0.993500
v 1.092747 0.116145 -0.990636
v 1.095894 0.089013 -0.993500
v 1.047215 0.089013 -1.047215
v 1.142062 0.089013 -0.937257
v 1.188212 0.089013 -0.881013
v 1.434908 0.108739 0.359253
v 1.434908 0.098876 0.359253
v 1.430790 0.116145 0.358210
v 1.434908 0.089013 0.359253
v 1.452530 0.089013 0.288922
v 1.413803 0.089013 0.428876
v 1.392681 0.089013 0.498500
v 0.498500 0.108739 1.392681
v 0.498500 0.098876 1.392681
v 0.497050 0.116145 1.388669
v 0.498500 0.089013 1.392681
v 0.566745 0.089013 1.368254
v 0.428876 0.089013 1.413803
v 0.359253 0.089013 1.434908
v -1.095894 0.108739 0.993500
v -1.095894 0.098876 0.993500
v -1.092747 0.116145 0.990636
v -1.095894 0.089013 0.993500
v -1.434908 0.108739 -0.359253
v -1.434908 0.098876 -0.359253
v -1.430790 0.116145 -0.358210
v -1.434908 0.089013 -0.359253
v -1.413803 0.089013 -0.428876
v -1.392681 0.089013 -0.498500
v -0.498500 0.108739 -1.392681
v -0.497050 0.116145 -1.388669
v -0.498500 0.089013 -1.392681
v -0.428876 0.089013 -1.413786
v -0.359253 0.089013 -1.434908
v 0.881013 0.108739 -1.188212
v 0.881013 0.098876 -1.188212
v 0.878486 0.116145 -1.184783
v 0.881013 0.089013 -1.188212
v 0.937257 0.089013 -1.142062
v 0.993500 0.089013 -1.095894
v 1.477435 0.108739 0.072398
v 1.473175 0.116145 0.072204
v 1.477435 0.089013 0.072398
v 1.470294 0.089013 0.144815
v 1.463171 0.089013 0.217213
v 0.758417 0.116145 1.265012
v 0.760608 0.089013 1.268671
v 0.632285 0.089013 1.337251
v 0.966704 0.089155 1.066322
v 0.967181 0.111249 1.066870
v 1.018970 0.089155 1.018970
v 0.911981 0.089155 1.111236
v 0.857240 0.089155 1.156149
v 0.800590 0.089155 1.198181
v -0.070596 0.118602 1.440476
v -0.070490 0.111249 1.438302
v -0.071568 0.118602 1.460396
v -0.143136 0.118602 1.453361
v -0.214721 0.118602 1.446309
v -0.285599 0.118602 1.435792
v -1.236926 0.118602 0.741590
v -1.242458 0.118602 0.744895
v -1.235052 0.111249 0.740458
v -1.254035 0.118602 0.751841
v -1.217217 0.118602 0.813317
v -1.287937 0.118602 0.688422
v -1.321856 0.118602 0.625003
v -1.352487 0.118602 0.560222
v -1.303809 0.118602 -0.616465
v -1.301830 0.111249 -0.615529
v -1.321856 0.118602 -0.625003
v -1.352487 0.118602 -0.560222
v -1.254053 0.118602 -0.751841
v -1.217217 0.118602 -0.813317
v -0.211787 0.118602 -1.426565
v -0.211469 0.111249 -1.424409
v -0.214721 0.118602 -1.446309
v -0.285599 0.118602 -1.435792
v -0.143136 0.118602 -1.453361
v -0.071568 0.118602 -1.460396
v 0.000000 0.118602 -1.463931
v 1.068479 0.118602 -0.968648
v 1.073269 0.118602 -0.972979
v 1.066870 0.111249 -0.967181
v 1.083273 0.118602 -0.982046
v 1.035161 0.118602 -1.035161
v 1.128893 0.118602 -0.926457
v 1.174514 0.118602 -0.870868
v 1.217217 0.118602 -0.813317
v 1.399027 0.118602 0.350256
v 1.396906 0.111249 0.349726
v 1.418381 0.118602 0.355099
v 1.435792 0.118602 0.285599
v 1.397507 0.118602 0.423927
v 1.376632 0.118602 0.492755
v 1.352487 0.118602 0.560222
v 0.486021 0.118602 1.357843
v 0.492755 0.118602 1.376632
v 0.485296 0.111249 1.355793
v 0.560222 0.118602 1.352487
v 0.423927 0.118602 1.397507
v 0.355099 0.118602 1.418381
v -1.068479 0.118602 0.968648
v -1.083273 0.118602 0.982046
v -1.066870 0.111249 0.967181
v -1.035161 0.118602 1.035161
v -1.128893 0.118602 0.926457
v -1.174514 0.118602 0.870868
v -1.399027 0.118602 -0.350256
v -1.396906 0.111249 -0.349726
v -1.418381 0.118602 -0.355099
v -1.435792 0.118602 -0.285599
v -1.397507 0.118602 -0.423927
v -1.376632 0.118602 -0.492755
v -0.486021 0.118602 -1.357843
v -0.492755 0.118602 -1.376632
v -0.485296 0.111249 -1.355793
v -0.560222 0.118602 -1.352487
v -0.423927 0.118602 -1.397507
v -0.355099 0.118602 -1.418381
v 0.858990 0.118602 -1.158482
v 0.862825 0.118602 -1.163661
v 0.857682 0.111249 -1.156732
v 0.870868 0.118602 -1.174514
v 0.813317 0.118602 -1.217217
v 0.926457 0.118602 -1.128893
v 0.982046 0.118602 -1.083273
v 1.440476 0.118602 0.070596
v 1.438302 0.111249 0.070490
v 1.460396 0.118602 0.071568
v 1.463931 0.118602 0.000000
v 1.453361 0.118602 0.143136
v 1.446309 0.118602 0.214721
v 0.741590 0.118602 1.236926
v 0.740458 0.111249 1.235052
v 0.751841 0.118602 1.254053
v 0.813317 0.118602 1.217217
v 0.688422 0.118602 1.287954
v 0.625003 0.118602 1.321856
v -0.858972 0.118602 1.158500
v -0.857682 0.111249 1.156732
v -0.870868 0.118602 1.174514
v -0.813317 0.118602 1.217217
v -0.982046 0.118602 1.083273
v -1.440476 0.118602 -0.070596
v -1.438302 0.111249 -0.070490
v -1.460396 0.118602 -0.071568
v -1.463931 0.118602 0.000000
v -1.453361 0.118602 -0.143136
v -1.446309 0.118602 -0.214721
v -0.741590 0.118602 -1.236926
v -0.744895 0.118602 -1.242458
v -0.740458 0.111249 -1.235052
v -0.751841 0.118602 -1.254035
v -0.813317 0.118602 -1.217217
v -0.688422 0.118602 -1.287937
v -0.625003 0.118602 -1.321856
v 0.616465 0.118602 -1.303809
v 0.615529 0.111249 -1.301830
v 0.625003 0.118602 -1.321856
v 0.560222 0.118602 -1.352487
v 0.751841 0.118602 -1.254053
v 1.426565 0.118602 -0.211787
v 1.432946 0.118602 -0.212724
v 1.424409 0.111249 -0.211469
v 1.446309 0.118602 -0.214721
v 1.435792 0.118602 -0.285599
v 1.453361 0.118602 -0.143136
v 1.460396 0.118602 -0.071568
v 0.968648 0.118602 1.068479
v 0.982046 0.118602 1.083273
v 1.035161 0.118602 1.035161
v 0.926457 0.118602 1.128893
v 0.870868 0.118602 1.174514
v -0.616465 0.118602 1.303809
v -0.619223 0.118602 1.309642
v -0.615529 0.111249 1.301830
v -0.624985 0.118602 1.321856
v -0.560222 0.118602 1.352487
v -0.688422 0.118602 1.287954
v -0.751841 0.118602 1.254053
v -1.426565 0.118602 0.211787
v -1.424409 0.111249 0.211469
v -1.446309 0.118602 0.214721
v -1.435792 0.118602 0.285599
v -1.453361 0.118602 0.143153
v -1.460396 0.118602 0.071568
v -0.968648 0.118602 -1.068479
v -0.982046 0.118602 -1.083273
v -0.967181 0.111249 -1.066870
v -1.035161 0.118602 -1.035161
v -0.926457 0.118602 -1.128893
v -0.870868 0.118602 -1.174514
v 0.350256 0.118602 -1.399027
v 0.349726 0.111249 -1.396906
v 0.355099 0.118602 -1.418381
v 0.285599 0.118602 -1.435792
v 0.423927 0.118602 -1.397507
v 0.492755 0.118602 -1.376632
v 1.357843 0.118602 -0.486021
v 1.376632 0.118602 -0.492755
v 1.355793 0.111249 -0.485296
v 1.352487 0.118602 -0.560222
v 1.397507 0.118602 -0.423927
v 1.418381 0.118602 -0.355099
v 1.158482 0.118602 0.858990
v 1.163661 0.118602 0.862825
v 1.156732 0.111249 0.857682
v 1.174514 0.118602 0.870868
v 1.217217 0.118602 0.813317
v 1.128893 0.118602 0.926457
v 1.083273 0.118602 0.982046
v -0.350256 0.118602 1.399027
v -0.349726 0.111249 1.396906
v -0.355099 0.118602 1.418381
v -0.423927 0.118602 1.397507
v -0.492755 0.118602 1.376632
v -1.357843 0.118602 0.486021
v -1.376632 0.118602 0.492755
v -1.355793 0.111249 0.485296
v -1.397507 0.118602 0.423927
v -1.418381 0.118602 0.355117
v -1.158482 0.118602 -0.858972
v -1.156732 0.111249 -0.857682
v -1.174514 0.118602 -0.870868
v -1.128893 0.118602 -0.926457
v -1.083273 0.118602 -0.982046
v 0.070596 0.118602 -1.440476
v 0.070914 0.118602 -1.446910
v 0.070490 0.111249 -1.438302
v 0.071568 0.118602 -1.460396
v 0.143136 0.118602 -1.453361
v 0.214721 0.118602 -1.446309
v 1.236926 0.118602 -0.741590
v 1.235052 0.111249 -0.740458
v 1.254053 0.118602 -0.751841
v 1.287954 0.118602 -0.688422
v 1.321856 0.118602 -0.625003
v 1.303809 0.118602 0.616465
v 1.301830 0.111249 0.615529
v 1.321856 0.118602 0.625003
v 1.287954 0.118602 0.688422
v 1.254053 0.118602 0.751841
v -0.551455 0.089155 1.331348
v -0.740087 0.089155 1.234433
v -0.800590 0.089155 1.198181
v -1.423684 0.059602 0.211363
v -1.423684 0.089155 0.211363
v -1.413344 0.089155 0.281127
v -1.430630 0.089155 0.140908
v -1.437559 0.089155 0.070454
v -1.441041 0.089155 0.000000
v -0.966704 0.089155 -1.066322
v -1.018970 0.089155 -1.018970
v -0.911981 0.089155 -1.111236
v -0.857258 0.089155 -1.156149
v -0.800590 0.089155 -1.198181
v 0.349549 0.089155 -1.396199
v 0.281127 0.089155 -1.413344
v 0.417299 0.089155 -1.375642
v 0.485049 0.089155 -1.355103
v 0.551455 0.089155 -1.331348
v 1.355103 0.089155 -0.485049
v 1.331348 0.089155 -0.551455
v 1.375642 0.089155 -0.417299
v 1.396199 0.089155 -0.349549
v 1.413344 0.089155 -0.281127
v 1.156149 0.089155 0.857258
v 1.198181 0.089155 0.800590
v 1.111236 0.089155 0.911981
v -0.349549 0.044728 1.396199
v -0.349549 0.089155 1.396199
v -0.281127 0.089155 1.413344
v -0.417299 0.089155 1.375660
v -0.485049 0.089155 1.355103
v -1.355103 0.089155 0.485049
v -1.331348 0.089155 0.551455
v -1.375642 0.089155 0.417299
v -1.396199 0.089155 0.349549
v -1.156149 0.029836 -0.857240
v -1.156149 0.059602 -0.857240
v -1.156149 0.089155 -0.857240
v -1.198181 0.089155 -0.800590
v -1.111236 0.089155 -0.911963
v -1.066340 0.089155 -0.966704
v 0.070454 0.059602 -1.437559
v 0.070454 0.089155 -1.437559
v 0.000000 0.089155 -1.441041
v 0.140908 0.089155 -1.430630
v 0.211363 0.089155 -1.423684
v 1.198181 0.089155 -0.800590
v 1.301176 0.089155 -0.615228
v 1.301176 0.089155 0.615228
v 1.331348 0.089155 0.551455
v 1.234433 0.089155 0.740087
v 0.211363 0.089155 1.423684
v 0.281127 0.089155 1.413344
v 0.140908 0.089155 1.430630
v 0.070454 0.089155 1.437559
v 0.000000 0.089155 1.441041
v -0.070454 0.089155 1.437559
v -0.140908 0.089155 1.430630
v -0.211363 0.089155 1.423684
v -1.234433 0.089155 0.740087
v -1.267805 0.089155 0.677658
v -1.301176 0.089155 0.615228
v -1.301176 0.089155 -0.615228
v -1.331348 0.089155 -0.551455
v -1.234433 0.089155 -0.740087
v -0.211363 0.029836 -1.423684
v -0.211363 0.059602 -1.423684
v -0.211363 0.089155 -1.423684
v -0.281127 0.089155 -1.413344
v -0.140908 0.089155 -1.430630
v -0.070454 0.089155 -1.437559
v 1.066322 0.089155 -0.966704
v 1.018970 0.089155 -1.018970
v 1.156149 0.089155 -0.857240
v 1.396199 0.089155 0.349549
v 1.413344 0.089155 0.281127
v 1.375642 0.089155 0.417299
v 1.355103 0.089155 0.485049
v 0.485049 0.029854 1.355103
v 0.485049 0.059602 1.355103
v 0.485049 0.089155 1.355103
v 0.551455 0.089155 1.331348
v 0.417299 0.089155 1.375642
v 0.349549 0.089155 1.396199
v -1.066322 0.089155 0.966704
v -1.018970 0.089155 1.018970
v -1.111236 0.089155 0.911981
v -1.156149 0.089155 0.857258
v -1.396199 0.089155 -0.349549
v -1.413344 0.089155 -0.281127
v -1.375642 0.089155 -0.417299
v -1.355103 0.089155 -0.485049
v -0.485049 0.044719 -1.355103
v -0.485049 0.089155 -1.355103
v -0.551455 0.089155 -1.331348
v -0.417299 0.089155 -1.375642
v -0.349549 0.089155 -1.396199
v 0.857240 0.089155 -1.156149
v 0.800590 0.089155 -1.198181
v 1.437559 0.029836 0.070454
v 1.437559 0.059602 0.070454
v 1.437559 0.089155 0.070454
v 1.441041 0.089155 0.000000
v 1.430630 0.089155 0.140908
v 1.423684 0.089155 0.211363
v 0.740087 0.089155 1.234433
v 0.615228 0.089155 1.301176
v -0.857240 0.089155 1.156149
v -0.911963 0.089155 1.111236
v -0.966686 0.089155 1.066340
v -1.437559 0.029836 -0.070454
v -1.437559 0.059602 -0.070454
v -1.437559 0.089155 -0.070454
v -1.430630 0.089155 -0.140908
v -1.423684 0.089155 -0.211363
v -0.615228 0.089155 -1.301176
v 0.615228 0.089155 -1.301176
v 0.740087 0.089155 -1.234433
v 1.423684 0.059602 -0.211363
v 1.423684 0.089155 -0.211363
v 1.430630 0.089155 -0.140908
v 1.437559 0.089155 -0.070454

# UV Coordinates
vt 0.510520 -0.906970
vt 0.510560 -0.906970
vt 0.510560 -0.907130
vt 0.510520 -0.907130
vt 0.510480 -0.907130
vt 0.510480 -0.906970
vt 0.510480 -0.906810
vt 0.510510 -0.906800
vt 0.510500 -0.906330
vt 0.510620 -0.906330
vt 0.510630 -0.906490
vt 0.510510 -0.906490
vt 0.510470 -0.906490
vt 0.510470 -0.906340
vt 0.510460 -0.906180
vt 0.510500 -0.906180
vt 0.510480 -0.905760
vt 0.510520 -0.905760
vt 0.510520 -0.905900
vt 0.510480 -0.905900
vt 0.510450 -0.905900
vt 0.510440 -0.905760
vt 0.510430 -0.905590
vt 0.510470 -0.905620
vt 0.510450 -0.905260
vt 0.510490 -0.905260
vt 0.510500 -0.905380
vt 0.510460 -0.905380
vt 0.510410 -0.905410
vt 0.510410 -0.905260
vt 0.510410 -0.905140
vt 0.510440 -0.905140
vt 0.510480 -0.905140
vt 0.510810 -0.905560
vt 0.510780 -0.905420
vt 0.510820 -0.905420
vt 0.510850 -0.905420
vt 0.510840 -0.905560
vt 0.510840 -0.905710
vt 0.510800 -0.905710
vt 0.510790 -0.906170
vt 0.510750 -0.906170
vt 0.510670 -0.906010
vt 0.510790 -0.906010
vt 0.510830 -0.906010
vt 0.510820 -0.906170
vt 0.510820 -0.906330
vt 0.510780 -0.906330
vt 0.510770 -0.906820
vt 0.510740 -0.906660
vt 0.510780 -0.906660
vt 0.510810 -0.906660
vt 0.510810 -0.906820
vt 0.510810 -0.906990
vt 0.510770 -0.906990
vt 0.510650 -0.906990
vt 0.510770 -0.907490
vt 0.510650 -0.907490
vt 0.510770 -0.907330
vt 0.510800 -0.907330
vt 0.510800 -0.907490
vt 0.510800 -0.907660
vt 0.510770 -0.907660
vt 0.510730 -0.907660
vt 0.510770 -0.908160
vt 0.510710 -0.908160
vt 0.510730 -0.907990
vt 0.510770 -0.907990
vt 0.510800 -0.907990
vt 0.510800 -0.908160
vt 0.510810 -0.908320
vt 0.510770 -0.908320
vt 0.510650 -0.908320
vt 0.510780 -0.908790
vt 0.510740 -0.908790
vt 0.510740 -0.908640
vt 0.510780 -0.908640
vt 0.510810 -0.908640
vt 0.510810 -0.908790
vt 0.510820 -0.908940
vt 0.510780 -0.908950
vt 0.510740 -0.908940
vt 0.510800 -0.909370
vt 0.510760 -0.909370
vt 0.510750 -0.909230
vt 0.510790 -0.909230
vt 0.510830 -0.909230
vt 0.510830 -0.909370
vt 0.510850 -0.909540
vt 0.510800 -0.909510
vt 0.510820 -0.909870
vt 0.510770 -0.909750
vt 0.510810 -0.909750
vt 0.510860 -0.909720
vt 0.510860 -0.909870
vt 0.510860 -0.909990
vt 0.510830 -0.909990
vt 0.510790 -0.909990
vt 0.511650 -0.909090
vt 0.511690 -0.909230
vt 0.511650 -0.909230
vt 0.511610 -0.909230
vt 0.511620 -0.909090
vt 0.511620 -0.908940
vt 0.511660 -0.908940
vt 0.511670 -0.908480
vt 0.511710 -0.908640
vt 0.511670 -0.908640
vt 0.511630 -0.908640
vt 0.511640 -0.908480
vt 0.511640 -0.908320
vt 0.511670 -0.908320
vt 0.511680 -0.907830
vt 0.511800 -0.907990
vt 0.511680 -0.907990
vt 0.511640 -0.907990
vt 0.511640 -0.907830
vt 0.511640 -0.907660
vt 0.511680 -0.907660
vt 0.511680 -0.907160
vt 0.511800 -0.907160
vt 0.511680 -0.907320
vt 0.511640 -0.907330
vt 0.511640 -0.907160
vt 0.511640 -0.906990
vt 0.511680 -0.906990
vt 0.511720 -0.906990
vt 0.511670 -0.906490
vt 0.511710 -0.906490
vt 0.511710 -0.906660
vt 0.511670 -0.906660
vt 0.511640 -0.906660
vt 0.511640 -0.906490
vt 0.511630 -0.906330
vt 0.511670 -0.906330
vt 0.511650 -0.905860
vt 0.511780 -0.906010
vt 0.511660 -0.906010
vt 0.511620 -0.906010
vt 0.511620 -0.905860
vt 0.511610 -0.905710
vt 0.511650 -0.905710
vt 0.511630 -0.905280
vt 0.511670 -0.905280
vt 0.511680 -0.905420
vt 0.511640 -0.905420
vt 0.511600 -0.905420
vt 0.511600 -0.905280
vt 0.511590 -0.905140
vt 0.511630 -0.905140
vt 0.510210 -0.906310
vt 0.510250 -0.906310
vt 0.510250 -0.906430
vt 0.510210 -0.906430
vt 0.510180 -0.906430
vt 0.510180 -0.906310
vt 0.510180 -0.906190
vt 0.510210 -0.906190
vt 0.510250 -0.906190
vt 0.511370 -0.909090
vt 0.511410 -0.909230
vt 0.511370 -0.909230
vt 0.511330 -0.909230
vt 0.511340 -0.909090
vt 0.511340 -0.908940
vt 0.511380 -0.908940
vt 0.511390 -0.908480
vt 0.511430 -0.908480
vt 0.511380 -0.908640
vt 0.511350 -0.908640
vt 0.511350 -0.908480
vt 0.511360 -0.908320
vt 0.511390 -0.908320
vt 0.511400 -0.907830
vt 0.511390 -0.907990
vt 0.511360 -0.907990
vt 0.511360 -0.907830
vt 0.511360 -0.907660
vt 0.511400 -0.907660
vt 0.511520 -0.907660
vt 0.511400 -0.907160
vt 0.511520 -0.907160
vt 0.511440 -0.907320
vt 0.511400 -0.907320
vt 0.511360 -0.907330
vt 0.511360 -0.907160
vt 0.511360 -0.906990
vt 0.511390 -0.906990
vt 0.511430 -0.906990
vt 0.511390 -0.906490
vt 0.511450 -0.906490
vt 0.511430 -0.906660
vt 0.511390 -0.906660
vt 0.511360 -0.906660
vt 0.511350 -0.906490
vt 0.511350 -0.906330
vt 0.511380 -0.906330
vt 0.511500 -0.906330
vt 0.511370 -0.905860
vt 0.511380 -0.906010
vt 0.511340 -0.906010
vt 0.511340 -0.905860
vt 0.511330 -0.905710
vt 0.511370 -0.905710
vt 0.511410 -0.905710
vt 0.511350 -0.905280
vt 0.511390 -0.905280
vt 0.511420 -0.905420
vt 0.511360 -0.905420
vt 0.511320 -0.905420
vt 0.511310 -0.905280
vt 0.511310 -0.905140
vt 0.511340 -0.905140
vt 0.510480 -0.910110
vt 0.510520 -0.910110
vt 0.510510 -0.910230
vt 0.510470 -0.910230
vt 0.510440 -0.910230
vt 0.510440 -0.910110
vt 0.510450 -0.909980
vt 0.510480 -0.909980
vt 0.510520 -0.909980
vt 0.510500 -0.909570
vt 0.510540 -0.909570
vt 0.510540 -0.909710
vt 0.510500 -0.909710
vt 0.510460 -0.909710
vt 0.510470 -0.909570
vt 0.510470 -0.909420
vt 0.510510 -0.909420
vt 0.510520 -0.908960
vt 0.510510 -0.909110
vt 0.510480 -0.909110
vt 0.510480 -0.908960
vt 0.510490 -0.908800
vt 0.510520 -0.908800
vt 0.510640 -0.908800
vt 0.510890 -0.905870
vt 0.510880 -0.906020
vt 0.510870 -0.906020
vt 0.510870 -0.905860
vt 0.510880 -0.905710
vt 0.510890 -0.905710
vt 0.510910 -0.905720
vt 0.510910 -0.905870
vt 0.510900 -0.906020
vt 0.510520 -0.907630
vt 0.510640 -0.907630
vt 0.510530 -0.907800
vt 0.510490 -0.907800
vt 0.510490 -0.907630
vt 0.510490 -0.907470
vt 0.510520 -0.907470
vt 0.510520 -0.908310
vt 0.510640 -0.908470
vt 0.510520 -0.908470
vt 0.510490 -0.908470
vt 0.510490 -0.908310
vt 0.510490 -0.908140
vt 0.510530 -0.908140
vt 0.510650 -0.908140
vt 0.803260 -0.169440
vt 0.786420 -0.155440
vt 0.792600 -0.147920
vt 0.826240 -0.177300
vt 0.819340 -0.184200
vt 0.813050 -0.190490
vt 0.797290 -0.176030
vt 0.780780 -0.162310
vt 0.511300 -0.906820
vt 0.511300 -0.906660
vt 0.511320 -0.906660
vt 0.511320 -0.906820
vt 0.511320 -0.906990
vt 0.511300 -0.906990
vt 0.511290 -0.906990
vt 0.511280 -0.906830
vt 0.511280 -0.906660
vt 0.511550 -0.909360
vt 0.511560 -0.909220
vt 0.511580 -0.909220
vt 0.511570 -0.909360
vt 0.511560 -0.909500
vt 0.511550 -0.909500
vt 0.511530 -0.909490
vt 0.511540 -0.909350
vt 0.511540 -0.909220
vt 0.510430 -0.907970
vt 0.510430 -0.907800
vt 0.510450 -0.907800
vt 0.510450 -0.907970
vt 0.510450 -0.908140
vt 0.510430 -0.908140
vt 0.510420 -0.908140
vt 0.510420 -0.907970
vt 0.510420 -0.907800
vt 0.509750 -0.906310
vt 0.509750 -0.906190
vt 0.509770 -0.906190
vt 0.509770 -0.906310
vt 0.509770 -0.906430
vt 0.509750 -0.906430
vt 0.509730 -0.906420
vt 0.509730 -0.906300
vt 0.509730 -0.906180
vt 0.510860 -0.907160
vt 0.510860 -0.907330
vt 0.510840 -0.907330
vt 0.510840 -0.907160
vt 0.510850 -0.906990
vt 0.510860 -0.906990
vt 0.510880 -0.906990
vt 0.510880 -0.907160
vt 0.510880 -0.907330
vt 0.511270 -0.905570
vt 0.511260 -0.905430
vt 0.511280 -0.905430
vt 0.511290 -0.905570
vt 0.511290 -0.905710
vt 0.511280 -0.905710
vt 0.511260 -0.905720
vt 0.511250 -0.905570
vt 0.511250 -0.905440
vt 0.511580 -0.908160
vt 0.511590 -0.907990
vt 0.511600 -0.907990
vt 0.511600 -0.908160
vt 0.511600 -0.908320
vt 0.511580 -0.908320
vt 0.511560 -0.908320
vt 0.511570 -0.908150
vt 0.511570 -0.907990
vt 0.510400 -0.906050
vt 0.510390 -0.905910
vt 0.510410 -0.905900
vt 0.510420 -0.906040
vt 0.510420 -0.906190
vt 0.510400 -0.906190
vt 0.510390 -0.906200
vt 0.510380 -0.906050
vt 0.510380 -0.905910
vt 0.511290 -0.908790
vt 0.511290 -0.908630
vt 0.511310 -0.908630
vt 0.511310 -0.908790
vt 0.511300 -0.908940
vt 0.511290 -0.908940
vt 0.511270 -0.908930
vt 0.511270 -0.908780
vt 0.511280 -0.908630
vt 0.510860 -0.908480
vt 0.510870 -0.908630
vt 0.510850 -0.908630
vt 0.510850 -0.908480
vt 0.510850 -0.908320
vt 0.510860 -0.908320
vt 0.510880 -0.908320
vt 0.510880 -0.908470
vt 0.510880 -0.908630
vt 0.510400 -0.909840
vt 0.510400 -0.909700
vt 0.510420 -0.909700
vt 0.510420 -0.909840
vt 0.510410 -0.909980
vt 0.510390 -0.909970
vt 0.510380 -0.909970
vt 0.510380 -0.909830
vt 0.510390 -0.909690
vt 0.511580 -0.906820
vt 0.511580 -0.906660
vt 0.511600 -0.906660
vt 0.511600 -0.906820
vt 0.511600 -0.906990
vt 0.511590 -0.906990
vt 0.511570 -0.906990
vt 0.511570 -0.906830
vt 0.511560 -0.906660
vt 0.510910 -0.905290
vt 0.510910 -0.905430
vt 0.510890 -0.905430
vt 0.510900 -0.905290
vt 0.510900 -0.905150
vt 0.510920 -0.905150
vt 0.510940 -0.905160
vt 0.510930 -0.905300
vt 0.510920 -0.905440
vt 0.511310 -0.907490
vt 0.511300 -0.907160
vt 0.511320 -0.907330
vt 0.511320 -0.907490
vt 0.511320 -0.907660
vt 0.511310 -0.907660
vt 0.511290 -0.907660
vt 0.511290 -0.907490
vt 0.511290 -0.907330
vt 0.509980 -0.906310
vt 0.509980 -0.906190
vt 0.510000 -0.906190
vt 0.510000 -0.906310
vt 0.510000 -0.906430
vt 0.509980 -0.906430
vt 0.509960 -0.906420
vt 0.509960 -0.906300
vt 0.509960 -0.906180
vt 0.510430 -0.908630
vt 0.510430 -0.908470
vt 0.510450 -0.908470
vt 0.510450 -0.908630
vt 0.510450 -0.908800
vt 0.510430 -0.908790
vt 0.510410 -0.908790
vt 0.510410 -0.908630
vt 0.510410 -0.908470
vt 0.511550 -0.905570
vt 0.511550 -0.905430
vt 0.511560 -0.905430
vt 0.511570 -0.905570
vt 0.511580 -0.905710
vt 0.511560 -0.905710
vt 0.511540 -0.905720
vt 0.511540 -0.905570
vt 0.511530 -0.905440
vt 0.510870 -0.906500
vt 0.510870 -0.906660
vt 0.510850 -0.906660
vt 0.510850 -0.906490
vt 0.510860 -0.906330
vt 0.510870 -0.906330
vt 0.510890 -0.906340
vt 0.510890 -0.906500
vt 0.510890 -0.906660
vt 0.511290 -0.906180
vt 0.511280 -0.906020
vt 0.511300 -0.906020
vt 0.511310 -0.906170
vt 0.511310 -0.906330
vt 0.511290 -0.906330
vt 0.511280 -0.906340
vt 0.511270 -0.906180
vt 0.511270 -0.906020
vt 0.511570 -0.908790
vt 0.511580 -0.908630
vt 0.511590 -0.908630
vt 0.511590 -0.908790
vt 0.511590 -0.908940
vt 0.511570 -0.908940
vt 0.511550 -0.908930
vt 0.511550 -0.908780
vt 0.511560 -0.908630
vt 0.510420 -0.906650
vt 0.510410 -0.906500
vt 0.510430 -0.906500
vt 0.510440 -0.906650
vt 0.510440 -0.906810
vt 0.510420 -0.906810
vt 0.510410 -0.906810
vt 0.510400 -0.906660
vt 0.510400 -0.906500
vt 0.511270 -0.909360
vt 0.511280 -0.909220
vt 0.511290 -0.909220
vt 0.511290 -0.909360
vt 0.511280 -0.909500
vt 0.511270 -0.909500
vt 0.511250 -0.909490
vt 0.511250 -0.909350
vt 0.511260 -0.909220
vt 0.510860 -0.907830
vt 0.510860 -0.907990
vt 0.510840 -0.907990
vt 0.510840 -0.907830
vt 0.510840 -0.907660
vt 0.510860 -0.907660
vt 0.510880 -0.907660
vt 0.510880 -0.907830
vt 0.510880 -0.907990
vt 0.510370 -0.910330
vt 0.510380 -0.910210
vt 0.510400 -0.910220
vt 0.510390 -0.910340
vt 0.510380 -0.910460
vt 0.510370 -0.910450
vt 0.510350 -0.910450
vt 0.510360 -0.910330
vt 0.510360 -0.910210
vt 0.511590 -0.907490
vt 0.511590 -0.907330
vt 0.511600 -0.907330
vt 0.511600 -0.907490
vt 0.511600 -0.907660
vt 0.511590 -0.907660
vt 0.511570 -0.907660
vt 0.511570 -0.907490
vt 0.511570 -0.907330
vt 0.510050 -0.906310
vt 0.510050 -0.906190
vt 0.510070 -0.906190
vt 0.510070 -0.906310
vt 0.510070 -0.906430
vt 0.510050 -0.906430
vt 0.510040 -0.906420
vt 0.510040 -0.906300
vt 0.510040 -0.906180
vt 0.511300 -0.908160
vt 0.511300 -0.907990
vt 0.511320 -0.907990
vt 0.511320 -0.908160
vt 0.511320 -0.908320
vt 0.511300 -0.908320
vt 0.511280 -0.908320
vt 0.511280 -0.908150
vt 0.511290 -0.907990
vt 0.510430 -0.907300
vt 0.510430 -0.907140
vt 0.510440 -0.907140
vt 0.510450 -0.907300
vt 0.510450 -0.907470
vt 0.510430 -0.907470
vt 0.510420 -0.907470
vt 0.510410 -0.907300
vt 0.510410 -0.907140
vt 0.510880 -0.909080
vt 0.510880 -0.909220
vt 0.510870 -0.909220
vt 0.510860 -0.909080
vt 0.510860 -0.908940
vt 0.510870 -0.908940
vt 0.510890 -0.908930
vt 0.510900 -0.909080
vt 0.510900 -0.909220
vt 0.510420 -0.909260
vt 0.510430 -0.908950
vt 0.510440 -0.909110
vt 0.510440 -0.909270
vt 0.510430 -0.909420
vt 0.510410 -0.909410
vt 0.510400 -0.909410
vt 0.510400 -0.909260
vt 0.510400 -0.909100
vt 0.511570 -0.906180
vt 0.511570 -0.906020
vt 0.511580 -0.906020
vt 0.511590 -0.906170
vt 0.511590 -0.906330
vt 0.511580 -0.906330
vt 0.511560 -0.906340
vt 0.511550 -0.906180
vt 0.511550 -0.906020
vt 0.513460 -0.906360
vt 0.513460 -0.906510
vt 0.513450 -0.906360
vt 0.513450 -0.906210
vt 0.513460 -0.906210
vt 0.513480 -0.906210
vt 0.513480 -0.906360
vt 0.513480 -0.906510
vt 0.942260 -0.567350
vt 0.944530 -0.545420
vt 0.954160 -0.546380
vt 0.951830 -0.568790
vt 0.948430 -0.590990
vt 0.938930 -0.589080
vt 0.930260 -0.587330
vt 0.933520 -0.566040
vt 0.935750 -0.544540
vt 0.690130 -0.906500
vt 0.709510 -0.896130
vt 0.714020 -0.904720
vt 0.694220 -0.915320
vt 0.674010 -0.924900
vt 0.670350 -0.915880
vt 0.667010 -0.907650
vt 0.686400 -0.898460
vt 0.705390 -0.888290
vt 0.270990 -0.885430
vt 0.290240 -0.895840
vt 0.285630 -0.904420
vt 0.265960 -0.893790
vt 0.246900 -0.882250
vt 0.252340 -0.874130
vt 0.257300 -0.866730
vt 0.275580 -0.877810
vt 0.294450 -0.888000
vt 0.062210 -0.435130
vt 0.059930 -0.457070
vt 0.050310 -0.456110
vt 0.052640 -0.433700
vt 0.056040 -0.411500
vt 0.065540 -0.413410
vt 0.074210 -0.415150
vt 0.070950 -0.436450
vt 0.068710 -0.457940
vt 0.314330 -0.095980
vt 0.294960 -0.106360
vt 0.290450 -0.097770
vt 0.310250 -0.087170
vt 0.330460 -0.077580
vt 0.334110 -0.086600
vt 0.337450 -0.094840
vt 0.318060 -0.104030
vt 0.299070 -0.114200
vt 0.733470 -0.117050
vt 0.714220 -0.106650
vt 0.718830 -0.098060
vt 0.738510 -0.108690
vt 0.757560 -0.120240
vt 0.752120 -0.128350
vt 0.747160 -0.135760
vt 0.728880 -0.124680
vt 0.710010 -0.114480
vt 0.947070 -0.479610
vt 0.945060 -0.457680
vt 0.954690 -0.456730
vt 0.956750 -0.479140
vt 0.957710 -0.501560
vt 0.948020 -0.501550
vt 0.939170 -0.501540
vt 0.938240 -0.480040
vt 0.936270 -0.458540
vt 0.765270 -0.861400
vt 0.782280 -0.847430
vt 0.788380 -0.854960
vt 0.777720 -0.878440
vt 0.753010 -0.882590
vt 0.747670 -0.874470
vt 0.742800 -0.867060
vt 0.760050 -0.854250
vt 0.776720 -0.840560
vt 0.349670 -0.923060
vt 0.370580 -0.929470
vt 0.367720 -0.938790
vt 0.346350 -0.932240
vt 0.320970 -0.935260
vt 0.329160 -0.915650
vt 0.332600 -0.907420
vt 0.352690 -0.914680
vt 0.373200 -0.920970
vt 0.069670 -0.609780
vt 0.075900 -0.630880
vt 0.066630 -0.633700
vt 0.060260 -0.612140
vt 0.054970 -0.590370
vt 0.064490 -0.588470
vt 0.073180 -0.586740
vt 0.078260 -0.607630
vt 0.084370 -0.628310
vt 0.057390 -0.522870
vt 0.059410 -0.544810
vt 0.049770 -0.545760
vt 0.047710 -0.523340
vt 0.046750 -0.500930
vt 0.056450 -0.500940
vt 0.065300 -0.500940
vt 0.066220 -0.522440
vt 0.068200 -0.543950
vt 0.239190 -0.141090
vt 0.222180 -0.155060
vt 0.226750 -0.124040
vt 0.251460 -0.119890
vt 0.256800 -0.128010
vt 0.261670 -0.135420
vt 0.244420 -0.148240
vt 0.227740 -0.161930
vt 0.654800 -0.079430
vt 0.633880 -0.073010
vt 0.636750 -0.063700
vt 0.662020 -0.059470
vt 0.679070 -0.077820
vt 0.675300 -0.086840
vt 0.671870 -0.095070
vt 0.651770 -0.087800
vt 0.631270 -0.081520
vt 0.934800 -0.392700
vt 0.928560 -0.371610
vt 0.937840 -0.368790
vt 0.944210 -0.390340
vt 0.949500 -0.412110
vt 0.939970 -0.414010
vt 0.931280 -0.415740
vt 0.926210 -0.394860
vt 0.920100 -0.374180
vt 0.830300 -0.802460
vt 0.844300 -0.785430
vt 0.851740 -0.791610
vt 0.837440 -0.809010
vt 0.830380 -0.833740
vt 0.815550 -0.818720
vt 0.809330 -0.812420
vt 0.823790 -0.796480
vt 0.837510 -0.779780
vt 0.434200 -0.944470
vt 0.455980 -0.946650
vt 0.454980 -0.956340
vt 0.430980 -0.965450
vt 0.410690 -0.950810
vt 0.412640 -0.941240
vt 0.414420 -0.932500
vt 0.435550 -0.935670
vt 0.456900 -0.937800
vt 0.098570 -0.692520
vt 0.108780 -0.711970
vt 0.100220 -0.716550
vt 0.089790 -0.696680
vt 0.080380 -0.676390
vt 0.089360 -0.672660
vt 0.097550 -0.669260
vt 0.106590 -0.688720
vt 0.116590 -0.707780
vt 0.174160 -0.200030
vt 0.160170 -0.217060
vt 0.152730 -0.210880
vt 0.167020 -0.193480
vt 0.182090 -0.176860
vt 0.188910 -0.183770
vt 0.195130 -0.190070
vt 0.180680 -0.206010
vt 0.166960 -0.222700
vt 0.570260 -0.058010
vt 0.548480 -0.055840
vt 0.549490 -0.046150
vt 0.571740 -0.048370
vt 0.593780 -0.051680
vt 0.591830 -0.061250
vt 0.590050 -0.069980
vt 0.568910 -0.066810
vt 0.547560 -0.064680
vt 0.905890 -0.309970
vt 0.895690 -0.290520
vt 0.904250 -0.285940
vt 0.914680 -0.305800
vt 0.924090 -0.326100
vt 0.915110 -0.329830
vt 0.906910 -0.333230
vt 0.897880 -0.313760
vt 0.887880 -0.294700
vt 0.882730 -0.731940
vt 0.893170 -0.712500
vt 0.901670 -0.717100
vt 0.891010 -0.736960
vt 0.879430 -0.756200
vt 0.871400 -0.750770
vt 0.864070 -0.745810
vt 0.875170 -0.727360
vt 0.885410 -0.708310
vt 0.521350 -0.948850
vt 0.543160 -0.946710
vt 0.544050 -0.956400
vt 0.521770 -0.958590
vt 0.499500 -0.959680
vt 0.499550 -0.949920
vt 0.499610 -0.941010
vt 0.520970 -0.939970
vt 0.542350 -0.937860
vt 0.142980 -0.767910
vt 0.156780 -0.784950
vt 0.149260 -0.791130
vt 0.125980 -0.780530
vt 0.121990 -0.755680
vt 0.130090 -0.750260
vt 0.137480 -0.745310
vt 0.150120 -0.762610
vt 0.163630 -0.779320
vt 0.121740 -0.270550
vt 0.111300 -0.289980
vt 0.102790 -0.285390
vt 0.113460 -0.265530
vt 0.125030 -0.246290
vt 0.133070 -0.251720
vt 0.140400 -0.256670
vt 0.129290 -0.275130
vt 0.119060 -0.294180
vt 0.483110 -0.053630
vt 0.461300 -0.055780
vt 0.460410 -0.046090
vt 0.482700 -0.043890
vt 0.504970 -0.042810
vt 0.504910 -0.052570
vt 0.504860 -0.061470
vt 0.483490 -0.062520
vt 0.462120 -0.064620
vt 0.861480 -0.234580
vt 0.847690 -0.217530
vt 0.878480 -0.221960
vt 0.882470 -0.246810
vt 0.874380 -0.252230
vt 0.866990 -0.257170
vt 0.854350 -0.239870
vt 0.840830 -0.223160
vt 0.920530 -0.652550
vt 0.927010 -0.631460
vt 0.936250 -0.634300
vt 0.929630 -0.655840
vt 0.932500 -0.681360
vt 0.913060 -0.673230
vt 0.904900 -0.669810
vt 0.912230 -0.649550
vt 0.918580 -0.628880
vt 0.607770 -0.936030
vt 0.628770 -0.929650
vt 0.631520 -0.938970
vt 0.610070 -0.945490
vt 0.588410 -0.950930
vt 0.586570 -0.941360
vt 0.584900 -0.932620
vt 0.605680 -0.927400
vt 0.626250 -0.921140
vt 0.201200 -0.833050
vt 0.218050 -0.847040
vt 0.211870 -0.854560
vt 0.170120 -0.833290
vt 0.185120 -0.818290
vt 0.191420 -0.811990
vt 0.207180 -0.826460
vt 0.223690 -0.840180
vt 0.083940 -0.349930
vt 0.077450 -0.371020
vt 0.068210 -0.368190
vt 0.064140 -0.342770
vt 0.082470 -0.325520
vt 0.091410 -0.329260
vt 0.099560 -0.332670
vt 0.092240 -0.352940
vt 0.085890 -0.373610
vt 0.396690 -0.066450
vt 0.375700 -0.072840
vt 0.372950 -0.063520
vt 0.394400 -0.056990
vt 0.416060 -0.051550
vt 0.417890 -0.061130
vt 0.419570 -0.069870
vt 0.398790 -0.075090
vt 0.378210 -0.081340
vt 0.596360 -0.112440
vt 0.577140 -0.108620
vt 0.579380 -0.097330
vt 0.599160 -0.101270
vt 0.618650 -0.106150
vt 0.615300 -0.117190
vt 0.611900 -0.128390
vt 0.593520 -0.123780
vt 0.574860 -0.120070
vt 0.513590 -0.908160
vt 0.513590 -0.908300
vt 0.513570 -0.908300
vt 0.513570 -0.908020
vt 0.513580 -0.908020
vt 0.513600 -0.908020
vt 0.513600 -0.908160
vt 0.513610 -0.908300
vt 0.513600 -0.905270
vt 0.513600 -0.905390
vt 0.513570 -0.905390
vt 0.513590 -0.905140
vt 0.513610 -0.905140
vt 0.513620 -0.905140
vt 0.513620 -0.905270
vt 0.513610 -0.905390
vt 0.513350 -0.906960
vt 0.513350 -0.907120
vt 0.513330 -0.906960
vt 0.513350 -0.906810
vt 0.513360 -0.906810
vt 0.513360 -0.906960
vt 0.513360 -0.907120
vt 0.512710 -0.909150
vt 0.512720 -0.909270
vt 0.512700 -0.909150
vt 0.512680 -0.909020
vt 0.512710 -0.909020
vt 0.512720 -0.909020
vt 0.512730 -0.909150
vt 0.512730 -0.909270
vt 0.512710 -0.905700
vt 0.512720 -0.905580
vt 0.512730 -0.905580
vt 0.512730 -0.905700
vt 0.512720 -0.905830
vt 0.512710 -0.905830
vt 0.513460 -0.906960
vt 0.513460 -0.907120
vt 0.513440 -0.906960
vt 0.513460 -0.906810
vt 0.513470 -0.906810
vt 0.513470 -0.906960
vt 0.513480 -0.907120
vt 0.513600 -0.908710
vt 0.513610 -0.908840
vt 0.513590 -0.908710
vt 0.513580 -0.908580
vt 0.513600 -0.908580
vt 0.513610 -0.908580
vt 0.513620 -0.908710
vt 0.513620 -0.908840
vt 0.513590 -0.905790
vt 0.513580 -0.905930
vt 0.513570 -0.905790
vt 0.513570 -0.905650
vt 0.513590 -0.905650
vt 0.513600 -0.905650
vt 0.513600 -0.905790
vt 0.513600 -0.905930
vt 0.513350 -0.907570
vt 0.513350 -0.907720
vt 0.513340 -0.907570
vt 0.513330 -0.907420
vt 0.513350 -0.907420
vt 0.513360 -0.907420
vt 0.513370 -0.907570
vt 0.513370 -0.907720
vt 0.512740 -0.909630
vt 0.512740 -0.909740
vt 0.512710 -0.909740
vt 0.512700 -0.909630
vt 0.512710 -0.909520
vt 0.512730 -0.909520
vt 0.512740 -0.909520
vt 0.512750 -0.909630
vt 0.512760 -0.909740
vt 0.512690 -0.906220
vt 0.512700 -0.906080
vt 0.512710 -0.906080
vt 0.512710 -0.906220
vt 0.512710 -0.906360
vt 0.512690 -0.906360
vt 0.513460 -0.907570
vt 0.513450 -0.907720
vt 0.513450 -0.907570
vt 0.513450 -0.907420
vt 0.513460 -0.907420
vt 0.513480 -0.907420
vt 0.513480 -0.907570
vt 0.513480 -0.907720
vt 0.510010 -0.906550
vt 0.510010 -0.906660
vt 0.510000 -0.906660
vt 0.509980 -0.906550
vt 0.510000 -0.906440
vt 0.510010 -0.906440
vt 0.510030 -0.906440
vt 0.510030 -0.906550
vt 0.510030 -0.906650
vt 0.513570 -0.906360
vt 0.513570 -0.906510
vt 0.513540 -0.906510
vt 0.513560 -0.906360
vt 0.513560 -0.906210
vt 0.513580 -0.906210
vt 0.513590 -0.906210
vt 0.513590 -0.906360
vt 0.513590 -0.906510
vt 0.513360 -0.908160
vt 0.513370 -0.908300
vt 0.513350 -0.908300
vt 0.513330 -0.908160
vt 0.513340 -0.908020
vt 0.513360 -0.908020
vt 0.513370 -0.908020
vt 0.513380 -0.908160
vt 0.513380 -0.908300
vt 0.513380 -0.905270
vt 0.513370 -0.905390
vt 0.513340 -0.905390
vt 0.513360 -0.905270
vt 0.513380 -0.905140
vt 0.513400 -0.905140
vt 0.513390 -0.905270
vt 0.513390 -0.905390
vt 0.512680 -0.906790
vt 0.512680 -0.906940
vt 0.512670 -0.906790
vt 0.512670 -0.906650
vt 0.512690 -0.906650
vt 0.512700 -0.906650
vt 0.512700 -0.906790
vt 0.512700 -0.906940
vt 0.513470 -0.908160
vt 0.513480 -0.908300
vt 0.513460 -0.908300
vt 0.513440 -0.908160
vt 0.513470 -0.908020
vt 0.513490 -0.908020
vt 0.513490 -0.908160
vt 0.513490 -0.908300
vt 0.513490 -0.905270
vt 0.513490 -0.905390
vt 0.513450 -0.905390
vt 0.513480 -0.905270
vt 0.513480 -0.905140
vt 0.513500 -0.905140
vt 0.513510 -0.905140
vt 0.513510 -0.905270
vt 0.513500 -0.905390
vt 0.513570 -0.906960
vt 0.513570 -0.907120
vt 0.513560 -0.906960
vt 0.513570 -0.906810
vt 0.513590 -0.906810
vt 0.513590 -0.906960
vt 0.513590 -0.907120
vt 0.513380 -0.908710
vt 0.513380 -0.908840
vt 0.513370 -0.908840
vt 0.513360 -0.908710
vt 0.513360 -0.908580
vt 0.513370 -0.908580
vt 0.513390 -0.908580
vt 0.513390 -0.908710
vt 0.513400 -0.908840
vt 0.513360 -0.905790
vt 0.513360 -0.905930
vt 0.513350 -0.905790
vt 0.513370 -0.905650
vt 0.513380 -0.905650
vt 0.513380 -0.905790
vt 0.513370 -0.905930
vt 0.512680 -0.908000
vt 0.512670 -0.908150
vt 0.512670 -0.908000
vt 0.512670 -0.907850
vt 0.512680 -0.907850
vt 0.512700 -0.907850
vt 0.512700 -0.908000
vt 0.512700 -0.908150
vt 0.512680 -0.907400
vt 0.512680 -0.907550
vt 0.512660 -0.907400
vt 0.512680 -0.907240
vt 0.512700 -0.907240
vt 0.512700 -0.907400
vt 0.512700 -0.907550
vt 0.513490 -0.908710
vt 0.513500 -0.908840
vt 0.513480 -0.908840
vt 0.513480 -0.908710
vt 0.513470 -0.908580
vt 0.513490 -0.908580
vt 0.513500 -0.908580
vt 0.513510 -0.908710
vt 0.513510 -0.908840
vt 0.513470 -0.905790
vt 0.513470 -0.905930
vt 0.513460 -0.905790
vt 0.513480 -0.905650
vt 0.513490 -0.905650
vt 0.513490 -0.905790
vt 0.513490 -0.905930
vt 0.513570 -0.907570
vt 0.513560 -0.907720
vt 0.513560 -0.907570
vt 0.513560 -0.907420
vt 0.513570 -0.907420
vt 0.513590 -0.907420
vt 0.513590 -0.907570
vt 0.513590 -0.907720
vt 0.510090 -0.906550
vt 0.510090 -0.906600
vt 0.510060 -0.906660
vt 0.510060 -0.906550
vt 0.510070 -0.906440
vt 0.510090 -0.906440
vt 0.510100 -0.906440
vt 0.510100 -0.906550
vt 0.510100 -0.906600
vt 0.513350 -0.906360
vt 0.513350 -0.906510
vt 0.513320 -0.906510
vt 0.513340 -0.906360
vt 0.513340 -0.906210
vt 0.513350 -0.906210
vt 0.513370 -0.906210
vt 0.513370 -0.906360
vt 0.513370 -0.906510
vt 0.512690 -0.908600
vt 0.512700 -0.908740
vt 0.512680 -0.908740
vt 0.512680 -0.908450
vt 0.512690 -0.908450
vt 0.512710 -0.908450
vt 0.512710 -0.908600
vt 0.512710 -0.908740
vt 0.512740 -0.905250
vt 0.512730 -0.905360
vt 0.512710 -0.905360
vt 0.512700 -0.905250
vt 0.512730 -0.905140
vt 0.512740 -0.905140
vt 0.512760 -0.905140
vt 0.512750 -0.905250
vt 0.512740 -0.905360
vt 0.512830 -0.909090
vt 0.512840 -0.908980
vt 0.512850 -0.909090
vt 0.512850 -0.909210
vt 0.512830 -0.909210
vt 0.512810 -0.909210
vt 0.512810 -0.909090
vt 0.512820 -0.908980
vt 0.874660 -0.364740
vt 0.867160 -0.346630
vt 0.877790 -0.342230
vt 0.885510 -0.360860
vt 0.892280 -0.379770
vt 0.881240 -0.383120
vt 0.870040 -0.386520
vt 0.863650 -0.368680
vt 0.856370 -0.351100
vt 0.819490 -0.736300
vt 0.830380 -0.720010
vt 0.839950 -0.726400
vt 0.828750 -0.743170
vt 0.816780 -0.759310
vt 0.807860 -0.751990
vt 0.798820 -0.744560
vt 0.810110 -0.729340
vt 0.820670 -0.713520
vt 0.479910 -0.896870
vt 0.499500 -0.896870
vt 0.499500 -0.908380
vt 0.479340 -0.908380
vt 0.459270 -0.907390
vt 0.460400 -0.895910
vt 0.461550 -0.884260
vt 0.480480 -0.885190
vt 0.499500 -0.885190
vt 0.157730 -0.703710
vt 0.168620 -0.720010
vt 0.159050 -0.726400
vt 0.147850 -0.709640
vt 0.137520 -0.692400
vt 0.147690 -0.686970
vt 0.158020 -0.681450
vt 0.167760 -0.697700
vt 0.178330 -0.713520
vt 0.139350 -0.328530
vt 0.131850 -0.346630
vt 0.121210 -0.342230
vt 0.128930 -0.323600
vt 0.137520 -0.305440
vt 0.147690 -0.310870
vt 0.158020 -0.316390
vt 0.149910 -0.333530
vt 0.142640 -0.351100
vt 0.179510 -0.261540
vt 0.168620 -0.277830
vt 0.159050 -0.271440
vt 0.170250 -0.254670
vt 0.182220 -0.238530
vt 0.191140 -0.245850
vt 0.200190 -0.253280
vt 0.188900 -0.268500
vt 0.178330 -0.284320
vt 0.519100 -0.100970
vt 0.499500 -0.100970
vt 0.499500 -0.089460
vt 0.519670 -0.089460
vt 0.539730 -0.090450
vt 0.538600 -0.101930
vt 0.537450 -0.113580
vt 0.518520 -0.112650
vt 0.499500 -0.112650
vt 0.841270 -0.294130
vt 0.830380 -0.277830
vt 0.839950 -0.271440
vt 0.851160 -0.288200
vt 0.861490 -0.305440
vt 0.851310 -0.310870
vt 0.840990 -0.316390
vt 0.831240 -0.300140
vt 0.820670 -0.284320
vt 0.859660 -0.669310
vt 0.867160 -0.651210
vt 0.877790 -0.655610
vt 0.870070 -0.674240
vt 0.861490 -0.692400
vt 0.851310 -0.686970
vt 0.840990 -0.681450
vt 0.849090 -0.664310
vt 0.856370 -0.646740
vt 0.557920 -0.893040
vt 0.577140 -0.889220
vt 0.579380 -0.900510
vt 0.559610 -0.904440
vt 0.539730 -0.907390
vt 0.538600 -0.895910
vt 0.537460 -0.884260
vt 0.556200 -0.881480
vt 0.574860 -0.877770
vt 0.204250 -0.766450
vt 0.218110 -0.780310
vt 0.209970 -0.788450
vt 0.182220 -0.759310
vt 0.191140 -0.751990
vt 0.200190 -0.744560
vt 0.212920 -0.758600
vt 0.226370 -0.772050
vt 0.113030 -0.402060
vt 0.109200 -0.421280
vt 0.097910 -0.419040
vt 0.106730 -0.379770
vt 0.117770 -0.383120
vt 0.128970 -0.386520
vt 0.124370 -0.404910
vt 0.120650 -0.423560
vt 0.441090 -0.104800
vt 0.421870 -0.108620
vt 0.419620 -0.097330
vt 0.439400 -0.093400
vt 0.459270 -0.090450
vt 0.460400 -0.101930
vt 0.461550 -0.113580
vt 0.442800 -0.116360
vt 0.424140 -0.120070
vt 0.794750 -0.231390
vt 0.780890 -0.217530
vt 0.789030 -0.209390
vt 0.807860 -0.245850
vt 0.798820 -0.253280
vt 0.786090 -0.239240
vt 0.772640 -0.225790
vt 0.885980 -0.595780
vt 0.889800 -0.576560
vt 0.901090 -0.578800
vt 0.892280 -0.618070
vt 0.881240 -0.614720
vt 0.870040 -0.611320
vt 0.874640 -0.592930
vt 0.878350 -0.574280
vt 0.633680 -0.874070
vt 0.651790 -0.866570
vt 0.656190 -0.877210
vt 0.637570 -0.884930
vt 0.618650 -0.891700
vt 0.615300 -0.880650
vt 0.611900 -0.869450
vt 0.629750 -0.863070
vt 0.647320 -0.855790
vt 0.262120 -0.818910
vt 0.278420 -0.829800
vt 0.272020 -0.839370
vt 0.239120 -0.816200
vt 0.246440 -0.807280
vt 0.253860 -0.798240
vt 0.269090 -0.809520
vt 0.284900 -0.820090
vt 0.101560 -0.479320
vt 0.101560 -0.498920
vt 0.090050 -0.498920
vt 0.090050 -0.478760
vt 0.091030 -0.458690
vt 0.102510 -0.459820
vt 0.114160 -0.460970
vt 0.113230 -0.479900
vt 0.113230 -0.498920
vt 0.365320 -0.123770
vt 0.347210 -0.131270
vt 0.342810 -0.120630
vt 0.361440 -0.112920
vt 0.380350 -0.106150
vt 0.383700 -0.117190
vt 0.387100 -0.128390
vt 0.369260 -0.134770
vt 0.351680 -0.142050
vt 0.736880 -0.178930
vt 0.720590 -0.168040
vt 0.726980 -0.158470
vt 0.743750 -0.169670
vt 0.759890 -0.181640
vt 0.752570 -0.190560
vt 0.745140 -0.199610
vt 0.729920 -0.188320
vt 0.714100 -0.177750
vt 0.897450 -0.518520
vt 0.897450 -0.498920
vt 0.908960 -0.498920
vt 0.908960 -0.519080
vt 0.907980 -0.539150
vt 0.896490 -0.538020
vt 0.884840 -0.536870
vt 0.885770 -0.517940
vt 0.885770 -0.498920
vt 0.704290 -0.840690
vt 0.720590 -0.829800
vt 0.726980 -0.839370
vt 0.692990 -0.860900
vt 0.687550 -0.850730
vt 0.682030 -0.840410
vt 0.698290 -0.830660
vt 0.714100 -0.820090
vt 0.329110 -0.859080
vt 0.347210 -0.866570
vt 0.342810 -0.877210
vt 0.324180 -0.869490
vt 0.306020 -0.860900
vt 0.311460 -0.850730
vt 0.316970 -0.840410
vt 0.334110 -0.848510
vt 0.351680 -0.855790
vt 0.105380 -0.557340
vt 0.109200 -0.576560
vt 0.097910 -0.578800
vt 0.093980 -0.559020
vt 0.091030 -0.539150
vt 0.102510 -0.538020
vt 0.114160 -0.536870
vt 0.116940 -0.555620
vt 0.120650 -0.574280
vt 0.294710 -0.157150
vt 0.278420 -0.168040
vt 0.272020 -0.158470
vt 0.306020 -0.136940
vt 0.311460 -0.147110
vt 0.316970 -0.157430
vt 0.300720 -0.167180
vt 0.284900 -0.177750
vt 0.669890 -0.138770
vt 0.651790 -0.131270
vt 0.656190 -0.120630
vt 0.674820 -0.128350
vt 0.692990 -0.136940
vt 0.687550 -0.147110
vt 0.682030 -0.157430
vt 0.664900 -0.149330
vt 0.647320 -0.142050
vt 0.893630 -0.440510
vt 0.889800 -0.421280
vt 0.901090 -0.419040
vt 0.905020 -0.438820
vt 0.907980 -0.458690
vt 0.896490 -0.459820
vt 0.884840 -0.460970
vt 0.882060 -0.442220
vt 0.878350 -0.423560
vt 0.767040 -0.794170
vt 0.780890 -0.780310
vt 0.789030 -0.788450
vt 0.759890 -0.816200
vt 0.752570 -0.807280
vt 0.745140 -0.798240
vt 0.759190 -0.785510
vt 0.772640 -0.772050
vt 0.402650 -0.885400
vt 0.421870 -0.889220
vt 0.419620 -0.900510
vt 0.380360 -0.891700
vt 0.383700 -0.880650
vt 0.387100 -0.869450
vt 0.405490 -0.874060
vt 0.424140 -0.877770
vt 0.124350 -0.633100
vt 0.131850 -0.651210
vt 0.121210 -0.655610
vt 0.113500 -0.636980
vt 0.106730 -0.618070
vt 0.117770 -0.614720
vt 0.128970 -0.611320
vt 0.135360 -0.629170
vt 0.142640 -0.646740
vt 0.231970 -0.203670
vt 0.218110 -0.217530
vt 0.209970 -0.209390
vt 0.224230 -0.195130
vt 0.246440 -0.190560
vt 0.253860 -0.199610
vt 0.239820 -0.212340
vt 0.226370 -0.225790
vt 0.339510 -0.837260
vt 0.322200 -0.830920
vt 0.322980 -0.829450
vt 0.323340 -0.828780
vt 0.339830 -0.836580
vt 0.356750 -0.843590
vt 0.356460 -0.844280
vt 0.513240 -0.906830
vt 0.513240 -0.906970
vt 0.513200 -0.906970
vt 0.513220 -0.906830
vt 0.513200 -0.906690
vt 0.513240 -0.906690
vt 0.513260 -0.906690
vt 0.513260 -0.906830
vt 0.513260 -0.906980
vt 0.512970 -0.905890
vt 0.513000 -0.906020
vt 0.512980 -0.906020
vt 0.512960 -0.906020
vt 0.512950 -0.905890
vt 0.512950 -0.905780
vt 0.512970 -0.908610
vt 0.512960 -0.908740
vt 0.512940 -0.908740
vt 0.512950 -0.908610
vt 0.512950 -0.908480
vt 0.513110 -0.907400
vt 0.513110 -0.907540
vt 0.513070 -0.907540
vt 0.513090 -0.907260
vt 0.513110 -0.907260
vt 0.513130 -0.907260
vt 0.513130 -0.907400
vt 0.513130 -0.907540
vt 0.512810 -0.905440
vt 0.512800 -0.905340
vt 0.512820 -0.905340
vt 0.512820 -0.905550
vt 0.512800 -0.905550
vt 0.512790 -0.905440
vt 0.512780 -0.905340
vt 0.512850 -0.908610
vt 0.512850 -0.908350
vt 0.512890 -0.908610
vt 0.512850 -0.908740
vt 0.512830 -0.908740
vt 0.512830 -0.908610
vt 0.512830 -0.908480
vt 0.513240 -0.907400
vt 0.513240 -0.907540
vt 0.513220 -0.907540
vt 0.513220 -0.907400
vt 0.513240 -0.907260
vt 0.513250 -0.907260
vt 0.513260 -0.907400
vt 0.513260 -0.907540
vt 0.512960 -0.905440
vt 0.512950 -0.905340
vt 0.512990 -0.905340
vt 0.512960 -0.905550
vt 0.512940 -0.905550
vt 0.512940 -0.905440
vt 0.512930 -0.905340
vt 0.512980 -0.908080
vt 0.512980 -0.907940
vt 0.513000 -0.907940
vt 0.513020 -0.908210
vt 0.512980 -0.908210
vt 0.512960 -0.908210
vt 0.512960 -0.908080
vt 0.512960 -0.907940
vt 0.513110 -0.907950
vt 0.513110 -0.908080
vt 0.513070 -0.907950
vt 0.513090 -0.907810
vt 0.513110 -0.907810
vt 0.513130 -0.907810
vt 0.513130 -0.907950
vt 0.513130 -0.908080
vt 0.513150 -0.905260
vt 0.513150 -0.905380
vt 0.513130 -0.905260
vt 0.513160 -0.905140
vt 0.513180 -0.905140
vt 0.513170 -0.905260
vt 0.513170 -0.905380
vt 0.512860 -0.908080
vt 0.512860 -0.907940
vt 0.512880 -0.907940
vt 0.512900 -0.908210
vt 0.512860 -0.908210
vt 0.512840 -0.908210
vt 0.512840 -0.908080
vt 0.512840 -0.907940
vt 0.513240 -0.907950
vt 0.513250 -0.908080
vt 0.513230 -0.908080
vt 0.513200 -0.907950
vt 0.513220 -0.907810
vt 0.513240 -0.907810
vt 0.513260 -0.907810
vt 0.513260 -0.907950
vt 0.513270 -0.908080
vt 0.513280 -0.905260
vt 0.513270 -0.905380
vt 0.513260 -0.905260
vt 0.513280 -0.905140
vt 0.513300 -0.905140
vt 0.513290 -0.905260
vt 0.513290 -0.905380
vt 0.512990 -0.907520
vt 0.512990 -0.907380
vt 0.513030 -0.907380
vt 0.513010 -0.907660
vt 0.512990 -0.907660
vt 0.512970 -0.907660
vt 0.512970 -0.907520
vt 0.512970 -0.907380
vt 0.513120 -0.908460
vt 0.513110 -0.908570
vt 0.513100 -0.908460
vt 0.513120 -0.908340
vt 0.513140 -0.908340
vt 0.513140 -0.908460
vt 0.513150 -0.908570
vt 0.513130 -0.905740
vt 0.513120 -0.906000
vt 0.513110 -0.905870
vt 0.513100 -0.905610
vt 0.513140 -0.905610
vt 0.513160 -0.905610
vt 0.513150 -0.905740
vt 0.513150 -0.905870
vt 0.512860 -0.906950
vt 0.512860 -0.906810
vt 0.512890 -0.906810
vt 0.512880 -0.907090
vt 0.512860 -0.907090
vt 0.512840 -0.907090
vt 0.512840 -0.906950
vt 0.512840 -0.906810
vt 0.512860 -0.907520
vt 0.512860 -0.907380
vt 0.512900 -0.907380
vt 0.512880 -0.907660
vt 0.512860 -0.907660
vt 0.512840 -0.907660
vt 0.512840 -0.907520
vt 0.512840 -0.907380
vt 0.513260 -0.908460
vt 0.513260 -0.908690
vt 0.513240 -0.908460
vt 0.513210 -0.908340
vt 0.513250 -0.908340
vt 0.513270 -0.908340
vt 0.513280 -0.908460
vt 0.513280 -0.908570
vt 0.513260 -0.905740
vt 0.513250 -0.906000
vt 0.513230 -0.905870
vt 0.513220 -0.905740
vt 0.513260 -0.905610
vt 0.513280 -0.905610
vt 0.513280 -0.905740
vt 0.513270 -0.905870
vt 0.512990 -0.906950
vt 0.512990 -0.906810
vt 0.513030 -0.906810
vt 0.513010 -0.907090
vt 0.512990 -0.907090
vt 0.512970 -0.907090
vt 0.512970 -0.906950
vt 0.512970 -0.906810
vt 0.513140 -0.908910
vt 0.513150 -0.909010
vt 0.513130 -0.909010
vt 0.513120 -0.908910
vt 0.513100 -0.908810
vt 0.513140 -0.908810
vt 0.513160 -0.908810
vt 0.513160 -0.908910
vt 0.513170 -0.909010
vt 0.513120 -0.906270
vt 0.513110 -0.906410
vt 0.513100 -0.906410
vt 0.513080 -0.906140
vt 0.513120 -0.906140
vt 0.513140 -0.906140
vt 0.513140 -0.906270
vt 0.513130 -0.906410
vt 0.512850 -0.906410
vt 0.512840 -0.906270
vt 0.512860 -0.906270
vt 0.512870 -0.906410
vt 0.512870 -0.906540
vt 0.512850 -0.906540
vt 0.512830 -0.906540
vt 0.512830 -0.906410
vt 0.512830 -0.906270
vt 0.512810 -0.909510
vt 0.512820 -0.909410
vt 0.512850 -0.909410
vt 0.512850 -0.909510
vt 0.512840 -0.909610
vt 0.512810 -0.909610
vt 0.512790 -0.909610
vt 0.512790 -0.909510
vt 0.512800 -0.909410
vt 0.513240 -0.906270
vt 0.513240 -0.906410
vt 0.513220 -0.906410
vt 0.513210 -0.906140
vt 0.513250 -0.906140
vt 0.513260 -0.906140
vt 0.513260 -0.906270
vt 0.513260 -0.906410
vt 0.512990 -0.906410
vt 0.512980 -0.906270
vt 0.513000 -0.906270
vt 0.513010 -0.906540
vt 0.512990 -0.906540
vt 0.512970 -0.906540
vt 0.512970 -0.906410
vt 0.512960 -0.906270
vt 0.512940 -0.909090
vt 0.512950 -0.908980
vt 0.512960 -0.909090
vt 0.512940 -0.909210
vt 0.512920 -0.909210
vt 0.512930 -0.909090
vt 0.512930 -0.908980
vt 0.513110 -0.906830
vt 0.513110 -0.906980
vt 0.513070 -0.906970
vt 0.513090 -0.906830
vt 0.513090 -0.906690
vt 0.513110 -0.906690
vt 0.513130 -0.906690
vt 0.513130 -0.906830
vt 0.513130 -0.906980
vt 0.512830 -0.905890
vt 0.512860 -0.906020
vt 0.512840 -0.906020
vt 0.512820 -0.906020
vt 0.512810 -0.905890
vt 0.512810 -0.905780
vt 0.511160 -0.909200
vt 0.511220 -0.909300
vt 0.511040 -0.909200
vt 0.511100 -0.909100
vt 0.511210 -0.909100
vt 0.511220 -0.909200
vt 0.276790 -0.799660
vt 0.292040 -0.809850
vt 0.273710 -0.803800
vt 0.258820 -0.792760
vt 0.262100 -0.788770
vt 0.262580 -0.788190
vt 0.277240 -0.799050
vt 0.292460 -0.809230
vt 0.126450 -0.481690
vt 0.126450 -0.500040
vt 0.124780 -0.500040
vt 0.124780 -0.481610
vt 0.125680 -0.463270
vt 0.127340 -0.463430
vt 0.128090 -0.463500
vt 0.127200 -0.481730
vt 0.127200 -0.500040
vt 0.307300 -0.180030
vt 0.292040 -0.190230
vt 0.304650 -0.175600
vt 0.322200 -0.169160
vt 0.322980 -0.170630
vt 0.323340 -0.171300
vt 0.307690 -0.180680
vt 0.292460 -0.190850
vt 0.658600 -0.162820
vt 0.641650 -0.155790
vt 0.642280 -0.154260
vt 0.660810 -0.158150
vt 0.675910 -0.169160
vt 0.675130 -0.170630
vt 0.674770 -0.171300
vt 0.658280 -0.163500
vt 0.641360 -0.156490
vt 0.868080 -0.445340
vt 0.864500 -0.427350
vt 0.869730 -0.445100
vt 0.870770 -0.463430
vt 0.870020 -0.463500
vt 0.867340 -0.445450
vt 0.863770 -0.427490
vt 0.749550 -0.776490
vt 0.762530 -0.763510
vt 0.750670 -0.777720
vt 0.737070 -0.790060
vt 0.736010 -0.788770
vt 0.735530 -0.788190
vt 0.749050 -0.775930
vt 0.762000 -0.762980
vt 0.408370 -0.861910
vt 0.426360 -0.865490
vt 0.407110 -0.866920
vt 0.389130 -0.862410
vt 0.390630 -0.857470
vt 0.390850 -0.856750
vt 0.408550 -0.861180
vt 0.426510 -0.864750
vt 0.130030 -0.554740
vt 0.133610 -0.572730
vt 0.124920 -0.555490
vt 0.127340 -0.536650
vt 0.128090 -0.536580
vt 0.130770 -0.554620
vt 0.134340 -0.572590
vt 0.248560 -0.223590
vt 0.235580 -0.236570
vt 0.247440 -0.222360
vt 0.261040 -0.210020
vt 0.262100 -0.211310
vt 0.262580 -0.211890
vt 0.249060 -0.224150
vt 0.236110 -0.237100
vt 0.589740 -0.138170
vt 0.571750 -0.134590
vt 0.591000 -0.133160
vt 0.608980 -0.137660
vt 0.607480 -0.142610
vt 0.607260 -0.143330
vt 0.589560 -0.138900
vt 0.571600 -0.135330
vt 0.850320 -0.374400
vt 0.843300 -0.357450
vt 0.855180 -0.372660
vt 0.858080 -0.391130
vt 0.856480 -0.391610
vt 0.855760 -0.391830
vt 0.849610 -0.374650
vt 0.842610 -0.357740
vt 0.798670 -0.722310
vt 0.808870 -0.707050
vt 0.810250 -0.707970
vt 0.800010 -0.723300
vt 0.787780 -0.736990
vt 0.787200 -0.736510
vt 0.798070 -0.721860
vt 0.808240 -0.706630
vt 0.480710 -0.872650
vt 0.499050 -0.872650
vt 0.480450 -0.877800
vt 0.462280 -0.873410
vt 0.462440 -0.871750
vt 0.462520 -0.871000
vt 0.480740 -0.871900
vt 0.499050 -0.871900
vt 0.147790 -0.625680
vt 0.140030 -0.608950
vt 0.141630 -0.608460
vt 0.142350 -0.608250
vt 0.148500 -0.625420
vt 0.155500 -0.642340
vt 0.154810 -0.642630
vt 0.199440 -0.277770
vt 0.189240 -0.293030
vt 0.187860 -0.292100
vt 0.198100 -0.276780
vt 0.210330 -0.263090
vt 0.210910 -0.263560
vt 0.200040 -0.278220
vt 0.189870 -0.293450
vt 0.517400 -0.127430
vt 0.499050 -0.127430
vt 0.517490 -0.125770
vt 0.535830 -0.126660
vt 0.535670 -0.128330
vt 0.535590 -0.129080
vt 0.517370 -0.128180
vt 0.499050 -0.128180
vt 0.819060 -0.308290
vt 0.808870 -0.293030
vt 0.820490 -0.307430
vt 0.828460 -0.323970
vt 0.827800 -0.324320
vt 0.818420 -0.308670
vt 0.808240 -0.293450
vt 0.836280 -0.659580
vt 0.843300 -0.642630
vt 0.844840 -0.643270
vt 0.829930 -0.676900
vt 0.828460 -0.676110
vt 0.827800 -0.675760
vt 0.835600 -0.659260
vt 0.842610 -0.642340
vt 0.553750 -0.869070
vt 0.571750 -0.865490
vt 0.553990 -0.870720
vt 0.535670 -0.871750
vt 0.535590 -0.871000
vt 0.553640 -0.868320
vt 0.571600 -0.864750
vt 0.179050 -0.691790
vt 0.189240 -0.707050
vt 0.177620 -0.692650
vt 0.168180 -0.676900
vt 0.169650 -0.676110
vt 0.170310 -0.675760
vt 0.179690 -0.691410
vt 0.189870 -0.706630
vt 0.161830 -0.340500
vt 0.154810 -0.357450
vt 0.153270 -0.356810
vt 0.157170 -0.338290
vt 0.168170 -0.323180
vt 0.169650 -0.323970
vt 0.170310 -0.324320
vt 0.162510 -0.340820
vt 0.155500 -0.357740
vt 0.444360 -0.131010
vt 0.426360 -0.134590
vt 0.444110 -0.129360
vt 0.462440 -0.128330
vt 0.462520 -0.129080
vt 0.444470 -0.131750
vt 0.426510 -0.135330
vt 0.775500 -0.249540
vt 0.762530 -0.236560
vt 0.776740 -0.248420
vt 0.789070 -0.262030
vt 0.787780 -0.263090
vt 0.787200 -0.263560
vt 0.774950 -0.250050
vt 0.762000 -0.237100
vt 0.860920 -0.590730
vt 0.864500 -0.572730
vt 0.865930 -0.591980
vt 0.856480 -0.608460
vt 0.855760 -0.608250
vt 0.860190 -0.590550
vt 0.863770 -0.572580
vt 0.624690 -0.851310
vt 0.641650 -0.844280
vt 0.625250 -0.852880
vt 0.607960 -0.859060
vt 0.607480 -0.857470
vt 0.607260 -0.856750
vt 0.624440 -0.850600
vt 0.641360 -0.843590
vt 0.222610 -0.750540
vt 0.209040 -0.738050
vt 0.210330 -0.736990
vt 0.210910 -0.736510
vt 0.223160 -0.750030
vt 0.236110 -0.762980
vt 0.235580 -0.763510
vt 0.137190 -0.409350
vt 0.140030 -0.391130
vt 0.141630 -0.391610
vt 0.142350 -0.391830
vt 0.137920 -0.409530
vt 0.134340 -0.427490
vt 0.133610 -0.427350
vt 0.373420 -0.148770
vt 0.356460 -0.155790
vt 0.355830 -0.154260
vt 0.372850 -0.147200
vt 0.390150 -0.141010
vt 0.390630 -0.142610
vt 0.390850 -0.143330
vt 0.373670 -0.149480
vt 0.356750 -0.156490
vt 0.721320 -0.200420
vt 0.706070 -0.190230
vt 0.706990 -0.188840
vt 0.739290 -0.207320
vt 0.736010 -0.211310
vt 0.735530 -0.211890
vt 0.720870 -0.201030
vt 0.705650 -0.190850
vt 0.871660 -0.518390
vt 0.871660 -0.500040
vt 0.873330 -0.518470
vt 0.872430 -0.536810
vt 0.870770 -0.536650
vt 0.870020 -0.536580
vt 0.870910 -0.518350
vt 0.870910 -0.500040
vt 0.690810 -0.820050
vt 0.706070 -0.809850
vt 0.693460 -0.824470
vt 0.675130 -0.829450
vt 0.674770 -0.828780
vt 0.690420 -0.819400
vt 0.705650 -0.809230
vt 0.511120 -0.906120
vt 0.511000 -0.906370
vt 0.511010 -0.906120
vt 0.511070 -0.905990
vt 0.511120 -0.905990
vt 0.511180 -0.905990
vt 0.511180 -0.906120
vt 0.511180 -0.906240
vt 0.512530 -0.907340
vt 0.512420 -0.907470
vt 0.512420 -0.907340
vt 0.512480 -0.907200
vt 0.512530 -0.907200
vt 0.512590 -0.907200
vt 0.512590 -0.907340
vt 0.512590 -0.907470
vt 0.512290 -0.908810
vt 0.512350 -0.908910
vt 0.512170 -0.908810
vt 0.512220 -0.908710
vt 0.512280 -0.908710
vt 0.512340 -0.908710
vt 0.512340 -0.908810
vt 0.512230 -0.906240
vt 0.512150 -0.906110
vt 0.512320 -0.906110
vt 0.512320 -0.906240
vt 0.512320 -0.906380
vt 0.511840 -0.906370
vt 0.511900 -0.906240
vt 0.511960 -0.906240
vt 0.511960 -0.906370
vt 0.511930 -0.906500
vt 0.511850 -0.906500
vt 0.511840 -0.906240
vt 0.511980 -0.908990
vt 0.511800 -0.909100
vt 0.511810 -0.908990
vt 0.511810 -0.908870
vt 0.511170 -0.906630
vt 0.511170 -0.906770
vt 0.511050 -0.906770
vt 0.512600 -0.907870
vt 0.512550 -0.908000
vt 0.512490 -0.908000
vt 0.512490 -0.907870
vt 0.512510 -0.907740
vt 0.512600 -0.907740
vt 0.512610 -0.908000
vt 0.512250 -0.906790
vt 0.512310 -0.906930
vt 0.512200 -0.906790
vt 0.512310 -0.906650
vt 0.512310 -0.906790
vt 0.511830 -0.905870
vt 0.512010 -0.905880
vt 0.511840 -0.905990
vt 0.511830 -0.908520
vt 0.512000 -0.908520
vt 0.511910 -0.908640
vt 0.511820 -0.908640
vt 0.511000 -0.907730
vt 0.511050 -0.907590
vt 0.511110 -0.907590
vt 0.511170 -0.907590
vt 0.511170 -0.907730
vt 0.511170 -0.907860
vt 0.511170 -0.907180
vt 0.511080 -0.907040
vt 0.511170 -0.907040
vt 0.512450 -0.908370
vt 0.512610 -0.908250
vt 0.512620 -0.908370
vt 0.512430 -0.905730
vt 0.512490 -0.905600
vt 0.512550 -0.905600
vt 0.512600 -0.905600
vt 0.512600 -0.905730
vt 0.512600 -0.905980
vt 0.512310 -0.907340
vt 0.512190 -0.907200
vt 0.512250 -0.907200
vt 0.512310 -0.907200
vt 0.512310 -0.907470
vt 0.512225 -0.907470
vt 0.511870 -0.905430
vt 0.511980 -0.905340
vt 0.511930 -0.905430
vt 0.511940 -0.905530
vt 0.511880 -0.905530
vt 0.511820 -0.905530
vt 0.511820 -0.905430
vt 0.511810 -0.905330
vt 0.511925 -0.908000
vt 0.511840 -0.908130
vt 0.511840 -0.908000
vt 0.511840 -0.907860
vt 0.511090 -0.908260
vt 0.511130 -0.908390
vt 0.511070 -0.908390
vt 0.511060 -0.908130
vt 0.511120 -0.908130
vt 0.511180 -0.908130
vt 0.511180 -0.908260
vt 0.511180 -0.908390
vt 0.511160 -0.905240
vt 0.511210 -0.905330
vt 0.511040 -0.905240
vt 0.511050 -0.905140
vt 0.511220 -0.905140
vt 0.511220 -0.905240
vt 0.512505 -0.906240
vt 0.512590 -0.906110
vt 0.512590 -0.906240
vt 0.512590 -0.906380
vt 0.512230 -0.907870
vt 0.512260 -0.908000
vt 0.512200 -0.908000
vt 0.512200 -0.907740
vt 0.512260 -0.907740
vt 0.512310 -0.907740
vt 0.512310 -0.907870
vt 0.512320 -0.908000
vt 0.512180 -0.905250
vt 0.512190 -0.905140
vt 0.512360 -0.905140
vt 0.512350 -0.905260
vt 0.512350 -0.905370
vt 0.512180 -0.905370
vt 0.512020 -0.907450
vt 0.511850 -0.907590
vt 0.511850 -0.907450
vt 0.511850 -0.907320
vt 0.512020 -0.907320
vt 0.511200 -0.908760
vt 0.511020 -0.908640
vt 0.511130 -0.908640
vt 0.511190 -0.908640
vt 0.511140 -0.905640
vt 0.511130 -0.905760
vt 0.511080 -0.905760
vt 0.511080 -0.905650
vt 0.511030 -0.905530
vt 0.511140 -0.905530
vt 0.511200 -0.905530
vt 0.511190 -0.905640
vt 0.511190 -0.905760
vt 0.512420 -0.906790
vt 0.512590 -0.906650
vt 0.512590 -0.906790
vt 0.512590 -0.906930
vt 0.512420 -0.906930
vt 0.512330 -0.908370
vt 0.512150 -0.908250
vt 0.512320 -0.908250
vt 0.512160 -0.905730
vt 0.512220 -0.905600
vt 0.512280 -0.905600
vt 0.512340 -0.905600
vt 0.512330 -0.905730
vt 0.512330 -0.905980
vt 0.511910 -0.906910
vt 0.512020 -0.906770
vt 0.512020 -0.906910
vt 0.511960 -0.907040
vt 0.511910 -0.907040
vt 0.511850 -0.907040
vt 0.511850 -0.906900
vt 0.511850 -0.906770
vt 0.510600 -0.906970
vt 0.510640 -0.906970
vt 0.510640 -0.907130
vt 0.510600 -0.907130
vt 0.510630 -0.906800
vt 0.510600 -0.907300
vt 0.510640 -0.907300
vt 0.510640 -0.907470
vt 0.510520 -0.907300
vt 0.510490 -0.907300
vt 0.510620 -0.906180
vt 0.510590 -0.906650
vt 0.510630 -0.906650
vt 0.510550 -0.906650
vt 0.510510 -0.906650
vt 0.510480 -0.906650
vt 0.510560 -0.905760
vt 0.510600 -0.905760
vt 0.510600 -0.905900
vt 0.510560 -0.905900
vt 0.510550 -0.905620
vt 0.510590 -0.905620
vt 0.510610 -0.906040
vt 0.510530 -0.906040
vt 0.510490 -0.906040
vt 0.510460 -0.906040
vt 0.510530 -0.905260
vt 0.510570 -0.905260
vt 0.510580 -0.905380
vt 0.510540 -0.905380
vt 0.510520 -0.905140
vt 0.510560 -0.905140
vt 0.510580 -0.905500
vt 0.510500 -0.905500
vt 0.510460 -0.905500
vt 0.510420 -0.905500
vt 0.510690 -0.905560
vt 0.510700 -0.905420
vt 0.510740 -0.905420
vt 0.510680 -0.905700
vt 0.510740 -0.905280
vt 0.510700 -0.905280
vt 0.510710 -0.905140
vt 0.510750 -0.905140
vt 0.510790 -0.905140
vt 0.510780 -0.905280
vt 0.510820 -0.905280
vt 0.510830 -0.905140
vt 0.510860 -0.905140
vt 0.510860 -0.905280
vt 0.510670 -0.906170
vt 0.510660 -0.906330
vt 0.510680 -0.905860
vt 0.510760 -0.905860
vt 0.510800 -0.905860
vt 0.510830 -0.905860
vt 0.510650 -0.906820
vt 0.510660 -0.906660
vt 0.510700 -0.906660
vt 0.510700 -0.906490
vt 0.510660 -0.906490
vt 0.510740 -0.906490
vt 0.510780 -0.906490
vt 0.510810 -0.906490
vt 0.510650 -0.907320
vt 0.510690 -0.907660
vt 0.510650 -0.907660
vt 0.510650 -0.907160
vt 0.510770 -0.907160
vt 0.510800 -0.907160
vt 0.510650 -0.908160
vt 0.510650 -0.907990
vt 0.510690 -0.907990
vt 0.510690 -0.907830
vt 0.510650 -0.907830
vt 0.510770 -0.907830
vt 0.510800 -0.907830
vt 0.510660 -0.908790
vt 0.510660 -0.908640
vt 0.510700 -0.908940
vt 0.510660 -0.908940
vt 0.510690 -0.908480
vt 0.510650 -0.908480
vt 0.510770 -0.908480
vt 0.510810 -0.908480
vt 0.510720 -0.909370
vt 0.510680 -0.909370
vt 0.510670 -0.909230
vt 0.510710 -0.909230
vt 0.510680 -0.909500
vt 0.510710 -0.909090
vt 0.510670 -0.909090
vt 0.510750 -0.909090
vt 0.510790 -0.909090
vt 0.510820 -0.909090
vt 0.510740 -0.909870
vt 0.510700 -0.909870
vt 0.510690 -0.909750
vt 0.510730 -0.909750
vt 0.510750 -0.909990
vt 0.510710 -0.909990
vt 0.510690 -0.909630
vt 0.510810 -0.909630
vt 0.510850 -0.909630
vt 0.511770 -0.909090
vt 0.511770 -0.909230
vt 0.511730 -0.909230
vt 0.511780 -0.908940
vt 0.511720 -0.909370
vt 0.511760 -0.909370
vt 0.511760 -0.909510
vt 0.511720 -0.909510
vt 0.511680 -0.909510
vt 0.511640 -0.909370
vt 0.511640 -0.909510
vt 0.511600 -0.909510
vt 0.511610 -0.909370
vt 0.511790 -0.908480
vt 0.511790 -0.908640
vt 0.511790 -0.908320
vt 0.511740 -0.908790
vt 0.511780 -0.908790
vt 0.511700 -0.908790
vt 0.511660 -0.908790
vt 0.511630 -0.908790
vt 0.511800 -0.907830
vt 0.511800 -0.907660
vt 0.511760 -0.908160
vt 0.511800 -0.908160
vt 0.511720 -0.908160
vt 0.511670 -0.908160
vt 0.511640 -0.908160
vt 0.511800 -0.907320
vt 0.511760 -0.906990
vt 0.511800 -0.906990
vt 0.511800 -0.907490
vt 0.511680 -0.907490
vt 0.511640 -0.907490
vt 0.511750 -0.906490
vt 0.511790 -0.906490
vt 0.511790 -0.906660
vt 0.511750 -0.906660
vt 0.511790 -0.906330
vt 0.511760 -0.906820
vt 0.511800 -0.906820
vt 0.511670 -0.906820
vt 0.511640 -0.906820
vt 0.511770 -0.905860
vt 0.511770 -0.905700
vt 0.511660 -0.906170
vt 0.511780 -0.906170
vt 0.511630 -0.906170
vt 0.511710 -0.905280
vt 0.511750 -0.905280
vt 0.511760 -0.905420
vt 0.511720 -0.905420
vt 0.511750 -0.905140
vt 0.511760 -0.905560
vt 0.511680 -0.905560
vt 0.511640 -0.905560
vt 0.511610 -0.905560
vt 0.510290 -0.906310
vt 0.510330 -0.906310
vt 0.510330 -0.906430
vt 0.510290 -0.906430
vt 0.510290 -0.906190
vt 0.510330 -0.906190
vt 0.509960 -0.906310
vt 0.509960 -0.906430
vt 0.509840 -0.906440
vt 0.509880 -0.906310
vt 0.509880 -0.906190
vt 0.509920 -0.906190
vt 0.509960 -0.906190
vt 0.509840 -0.906320
vt 0.509810 -0.906440
vt 0.509810 -0.906320
vt 0.509810 -0.906200
vt 0.509840 -0.906200
vt 0.511490 -0.909090
vt 0.511490 -0.909230
vt 0.511450 -0.909230
vt 0.511500 -0.908940
vt 0.511440 -0.909370
vt 0.511480 -0.909370
vt 0.511480 -0.909510
vt 0.511440 -0.909510
vt 0.511400 -0.909510
vt 0.511400 -0.909370
vt 0.511360 -0.909370
vt 0.511360 -0.909510
vt 0.511320 -0.909510
vt 0.511330 -0.909370
vt 0.511510 -0.908480
vt 0.511500 -0.908640
vt 0.511510 -0.908320
vt 0.511500 -0.908790
vt 0.511420 -0.908790
vt 0.511380 -0.908790
vt 0.511350 -0.908790
vt 0.511520 -0.907830
vt 0.511510 -0.907990
vt 0.511510 -0.908160
vt 0.511390 -0.908160
vt 0.511360 -0.908160
vt 0.511520 -0.907320
vt 0.511470 -0.906990
vt 0.511510 -0.906990
vt 0.511480 -0.907490
vt 0.511520 -0.907490
vt 0.511440 -0.907490
vt 0.511400 -0.907490
vt 0.511360 -0.907490
vt 0.511510 -0.906490
vt 0.511510 -0.906660
vt 0.511470 -0.906660
vt 0.511470 -0.906820
vt 0.511510 -0.906820
vt 0.511390 -0.906820
vt 0.511360 -0.906820
vt 0.511490 -0.905860
vt 0.511500 -0.906010
vt 0.511460 -0.906010
vt 0.511450 -0.905710
vt 0.511490 -0.905700
vt 0.511380 -0.906170
vt 0.511500 -0.906170
vt 0.511350 -0.906170
vt 0.511430 -0.905280
vt 0.511470 -0.905280
vt 0.511480 -0.905420
vt 0.511460 -0.905140
vt 0.511480 -0.905560
vt 0.511360 -0.905560
vt 0.511330 -0.905560
vt 0.510560 -0.910110
vt 0.510600 -0.910110
vt 0.510590 -0.910230
vt 0.510580 -0.910350
vt 0.510570 -0.909980
vt 0.510610 -0.909980
vt 0.510580 -0.910460
vt 0.510460 -0.910470
vt 0.510500 -0.910350
vt 0.510460 -0.910350
vt 0.510420 -0.910460
vt 0.510430 -0.910340
vt 0.510620 -0.909570
vt 0.510620 -0.909710
vt 0.510580 -0.909710
vt 0.510590 -0.909420
vt 0.510630 -0.909420
vt 0.510570 -0.909850
vt 0.510610 -0.909850
vt 0.510530 -0.909850
vt 0.510490 -0.909850
vt 0.510460 -0.909850
vt 0.510600 -0.908960
vt 0.510640 -0.908960
vt 0.510630 -0.909110
vt 0.510510 -0.909270
vt 0.510630 -0.909270
vt 0.510480 -0.909270
vt 0.510880 -0.906180
vt 0.510860 -0.906170
vt 0.510900 -0.906180
vt 0.510840 -0.906170
vt 0.510840 -0.906330
vt 0.510850 -0.906020
vt 0.510850 -0.905860
vt 0.510860 -0.905710
vt 0.510650 -0.907800
vt 0.510650 -0.907970
vt 0.510530 -0.907970
vt 0.510490 -0.907970
vt 0.510640 -0.908310
vt 0.510600 -0.908640
vt 0.510640 -0.908640
vt 0.510560 -0.908640
vt 0.510520 -0.908640
vt 0.510490 -0.908640
vt 0.769570 -0.141450
vt 0.782220 -0.124420
vt 0.764260 -0.148590
vt 0.763950 -0.110710
vt 0.770820 -0.100460
vt 0.789570 -0.114540
vt 0.807670 -0.129580
vt 0.799870 -0.139080
vt 0.817510 -0.153740
vt 0.825780 -0.144620
vt 0.843060 -0.160480
vt 0.834350 -0.169190
vt 0.511300 -0.906500
vt 0.511310 -0.906490
vt 0.511280 -0.906500
vt 0.511330 -0.906490
vt 0.511330 -0.906330
vt 0.511330 -0.906660
vt 0.511340 -0.906820
vt 0.511340 -0.906990
vt 0.511560 -0.909080
vt 0.511580 -0.909080
vt 0.511550 -0.909080
vt 0.511600 -0.909090
vt 0.511600 -0.908940
vt 0.511590 -0.909230
vt 0.511590 -0.909370
vt 0.511580 -0.909510
vt 0.510430 -0.907630
vt 0.510450 -0.907630
vt 0.510420 -0.907640
vt 0.510470 -0.907630
vt 0.510470 -0.907470
vt 0.510470 -0.907800
vt 0.510470 -0.907970
vt 0.510470 -0.908140
vt 0.510120 -0.906320
vt 0.510120 -0.906200
vt 0.510140 -0.906190
vt 0.510140 -0.906310
vt 0.510140 -0.906430
vt 0.510120 -0.906430
vt 0.510100 -0.906440
vt 0.510100 -0.906320
vt 0.510100 -0.906200
vt 0.510160 -0.906310
vt 0.510160 -0.906190
vt 0.510160 -0.906430
vt 0.509790 -0.906320
vt 0.509790 -0.906200
vt 0.509790 -0.906440
vt 0.510860 -0.907490
vt 0.510840 -0.907490
vt 0.510880 -0.907490
vt 0.510820 -0.907490
vt 0.510820 -0.907660
vt 0.510830 -0.907330
vt 0.510830 -0.907160
vt 0.510830 -0.906990
vt 0.511260 -0.905290
vt 0.511250 -0.905150
vt 0.511270 -0.905150
vt 0.511270 -0.905290
vt 0.511240 -0.905300
vt 0.511230 -0.905160
vt 0.511290 -0.905280
vt 0.511290 -0.905140
vt 0.511300 -0.905420
vt 0.511300 -0.905560
vt 0.511310 -0.905710
vt 0.511590 -0.907830
vt 0.511600 -0.907830
vt 0.511570 -0.907820
vt 0.511620 -0.907830
vt 0.511620 -0.907660
vt 0.511620 -0.907990
vt 0.511620 -0.908160
vt 0.511620 -0.908320
vt 0.510390 -0.905770
vt 0.510380 -0.905630
vt 0.510400 -0.905620
vt 0.510400 -0.905760
vt 0.510370 -0.905770
vt 0.510360 -0.905630
vt 0.510420 -0.905760
vt 0.510410 -0.905620
vt 0.510430 -0.905900
vt 0.510430 -0.906040
vt 0.510440 -0.906190
vt 0.511300 -0.908470
vt 0.511310 -0.908480
vt 0.511280 -0.908470
vt 0.511330 -0.908480
vt 0.511330 -0.908320
vt 0.511330 -0.908630
vt 0.511320 -0.908790
vt 0.511320 -0.908940
vt 0.510870 -0.908790
vt 0.510850 -0.908790
vt 0.510890 -0.908780
vt 0.510840 -0.908790
vt 0.510840 -0.908940
vt 0.510830 -0.908640
vt 0.510830 -0.908480
vt 0.510830 -0.908320
vt 0.510410 -0.909560
vt 0.510430 -0.909560
vt 0.510390 -0.909550
vt 0.510440 -0.909560
vt 0.510450 -0.909420
vt 0.510440 -0.909700
vt 0.510430 -0.909840
vt 0.510430 -0.909980
vt 0.511580 -0.906500
vt 0.511600 -0.906490
vt 0.511560 -0.906500
vt 0.511610 -0.906490
vt 0.511610 -0.906330
vt 0.511620 -0.906660
vt 0.511620 -0.906820
vt 0.511620 -0.906990
vt 0.510900 -0.905570
vt 0.510880 -0.905570
vt 0.510920 -0.905580
vt 0.510870 -0.905560
vt 0.510870 -0.905420
vt 0.510880 -0.905280
vt 0.510890 -0.905140
vt 0.511320 -0.907160
vt 0.511290 -0.907160
vt 0.511340 -0.907160
vt 0.511340 -0.907330
vt 0.511340 -0.907490
vt 0.511340 -0.907660
vt 0.510910 -0.909860
vt 0.510920 -0.909970
vt 0.510900 -0.909980
vt 0.510900 -0.909860
vt 0.510890 -0.909740
vt 0.510910 -0.909740
vt 0.510920 -0.909730
vt 0.510930 -0.909850
vt 0.510940 -0.909970
vt 0.510880 -0.909870
vt 0.510880 -0.909980
vt 0.510870 -0.909750
vt 0.510020 -0.906320
vt 0.510020 -0.906200
vt 0.510030 -0.906200
vt 0.510030 -0.906320
vt 0.510030 -0.906440
vt 0.510020 -0.906440
vt 0.510430 -0.908300
vt 0.510450 -0.908300
vt 0.510420 -0.908300
vt 0.510470 -0.908300
vt 0.510470 -0.908470
vt 0.510460 -0.908640
vt 0.510460 -0.908800
vt 0.511540 -0.905290
vt 0.511530 -0.905150
vt 0.511550 -0.905150
vt 0.511560 -0.905290
vt 0.511520 -0.905300
vt 0.511520 -0.905160
vt 0.511570 -0.905280
vt 0.511570 -0.905140
vt 0.511580 -0.905420
vt 0.511590 -0.905560
vt 0.511590 -0.905710
vt 0.510870 -0.906830
vt 0.510850 -0.906820
vt 0.510880 -0.906830
vt 0.510830 -0.906820
vt 0.510830 -0.906660
vt 0.510840 -0.906490
vt 0.511280 -0.905870
vt 0.511300 -0.905860
vt 0.511260 -0.905870
vt 0.511310 -0.905860
vt 0.511320 -0.906020
vt 0.511320 -0.906170
vt 0.511580 -0.908470
vt 0.511600 -0.908480
vt 0.511560 -0.908470
vt 0.511610 -0.908480
vt 0.511610 -0.908630
vt 0.511610 -0.908790
vt 0.510410 -0.906340
vt 0.510430 -0.906340
vt 0.510390 -0.906350
vt 0.510440 -0.906340
vt 0.510450 -0.906490
vt 0.510450 -0.906650
vt 0.510460 -0.906810
vt 0.511280 -0.909080
vt 0.511300 -0.909080
vt 0.511260 -0.909080
vt 0.511310 -0.909090
vt 0.511310 -0.909230
vt 0.511300 -0.909370
vt 0.511300 -0.909510
vt 0.510860 -0.908160
vt 0.510840 -0.908160
vt 0.510880 -0.908150
vt 0.510830 -0.908160
vt 0.510830 -0.907990
vt 0.510820 -0.907830
vt 0.510390 -0.910090
vt 0.510400 -0.910100
vt 0.510370 -0.910090
vt 0.510420 -0.910100
vt 0.510410 -0.910220
vt 0.510410 -0.910340
vt 0.510400 -0.910460
vt 0.511590 -0.907160
vt 0.511600 -0.907160
vt 0.511570 -0.907160
vt 0.511620 -0.907160
vt 0.511620 -0.907330
vt 0.511620 -0.907490
vt 0.510360 -0.905270
vt 0.510350 -0.905150
vt 0.510370 -0.905150
vt 0.510380 -0.905270
vt 0.510380 -0.905390
vt 0.510370 -0.905390
vt 0.510350 -0.905400
vt 0.510340 -0.905280
vt 0.510330 -0.905160
vt 0.510390 -0.905260
vt 0.510380 -0.905140
vt 0.510400 -0.905380
vt 0.510090 -0.906320
vt 0.510090 -0.906200
vt 0.510100 -0.906200
vt 0.510100 -0.906320
vt 0.510100 -0.906440
vt 0.510090 -0.906440
vt 0.511300 -0.907830
vt 0.511320 -0.907830
vt 0.511290 -0.907820
vt 0.511340 -0.907830
vt 0.511340 -0.907990
vt 0.511340 -0.908160
vt 0.510430 -0.906970
vt 0.510440 -0.906970
vt 0.510410 -0.906970
vt 0.510460 -0.906970
vt 0.510460 -0.907130
vt 0.510460 -0.907300
vt 0.510890 -0.909360
vt 0.510890 -0.909500
vt 0.510880 -0.909500
vt 0.510870 -0.909360
vt 0.510910 -0.909360
vt 0.510910 -0.909490
vt 0.510850 -0.909370
vt 0.510860 -0.909510
vt 0.510850 -0.909230
vt 0.510840 -0.909090
vt 0.510440 -0.908950
vt 0.510410 -0.908950
vt 0.510460 -0.908960
vt 0.510460 -0.909110
vt 0.510450 -0.909270
vt 0.511560 -0.905870
vt 0.511580 -0.905860
vt 0.511550 -0.905870
vt 0.511600 -0.905860
vt 0.511600 -0.906020
vt 0.511610 -0.906170
vt 0.513460 -0.906660
vt 0.513440 -0.906660
vt 0.513480 -0.906660
vt 0.513430 -0.906660
vt 0.513430 -0.906810
vt 0.513410 -0.906810
vt 0.513410 -0.906660
vt 0.513410 -0.906510
vt 0.513430 -0.906510
vt 0.513430 -0.906360
vt 0.513420 -0.906360
vt 0.513420 -0.906210
vt 0.513430 -0.906210
vt 0.946810 -0.523480
vt 0.956480 -0.523970
vt 0.937990 -0.523040
vt 0.967850 -0.524540
vt 0.969110 -0.501560
vt 0.981360 -0.501570
vt 0.980060 -0.525150
vt 0.977620 -0.548720
vt 0.965470 -0.547510
vt 0.963080 -0.570480
vt 0.975170 -0.572300
vt 0.971590 -0.595640
vt 0.959590 -0.593230
vt 0.728880 -0.885750
vt 0.739610 -0.903940
vt 0.724380 -0.878110
vt 0.759280 -0.892130
vt 0.766030 -0.902390
vt 0.745840 -0.914510
vt 0.725010 -0.925660
vt 0.719320 -0.914810
vt 0.699020 -0.925680
vt 0.704190 -0.936810
vt 0.682930 -0.946890
vt 0.678310 -0.935500
vt 0.309500 -0.906240
vt 0.305300 -0.915050
vt 0.313320 -0.898200
vt 0.300370 -0.925410
vt 0.316220 -0.946640
vt 0.295080 -0.936530
vt 0.274390 -0.925350
vt 0.280210 -0.914510
vt 0.260050 -0.903610
vt 0.253700 -0.914170
vt 0.233650 -0.902020
vt 0.240520 -0.891780
vt 0.057650 -0.479000
vt 0.047980 -0.478520
vt 0.066480 -0.479440
vt 0.036620 -0.477950
vt 0.035350 -0.500920
vt 0.023110 -0.500910
vt 0.024400 -0.477340
vt 0.026850 -0.453760
vt 0.039000 -0.454980
vt 0.041390 -0.432010
vt 0.029300 -0.430190
vt 0.032880 -0.406840
vt 0.044870 -0.409250
vt 0.275580 -0.116740
vt 0.280080 -0.124370
vt 0.264860 -0.098540
vt 0.245180 -0.110350
vt 0.238440 -0.100100
vt 0.258630 -0.087980
vt 0.279460 -0.076830
vt 0.285150 -0.087670
vt 0.305440 -0.076800
vt 0.300280 -0.065670
vt 0.321540 -0.055590
vt 0.326160 -0.066980
vt 0.694970 -0.096240
vt 0.699160 -0.087430
vt 0.691140 -0.104280
vt 0.704090 -0.077080
vt 0.683490 -0.067230
vt 0.688250 -0.055840
vt 0.709390 -0.065950
vt 0.730080 -0.077130
vt 0.724250 -0.087970
vt 0.744420 -0.098870
vt 0.750770 -0.088320
vt 0.943040 -0.435740
vt 0.952630 -0.434310
vt 0.934290 -0.437040
vt 0.963900 -0.432640
vt 0.960690 -0.409880
vt 0.972710 -0.407490
vt 0.976010 -0.430840
vt 0.978180 -0.454420
vt 0.966010 -0.455610
vt 0.968130 -0.478590
vt 0.980350 -0.477990
vt 0.799300 -0.833460
vt 0.805760 -0.840680
vt 0.793400 -0.826860
vt 0.813350 -0.849180
vt 0.838990 -0.842470
vt 0.821520 -0.858300
vt 0.803230 -0.873320
vt 0.795540 -0.863810
vt 0.784950 -0.888340
vt 0.391500 -0.935880
vt 0.389090 -0.945340
vt 0.393700 -0.927250
vt 0.386260 -0.956450
vt 0.408400 -0.962060
vt 0.405940 -0.974150
vt 0.383220 -0.968390
vt 0.360740 -0.961500
vt 0.364350 -0.949740
vt 0.342450 -0.943020
vt 0.338250 -0.954610
vt 0.082130 -0.651980
vt 0.090470 -0.648980
vt 0.062250 -0.659110
vt 0.069820 -0.680770
vt 0.058480 -0.685480
vt 0.050710 -0.663250
vt 0.044010 -0.640570
vt 0.055730 -0.637010
vt 0.049200 -0.614920
vt 0.037320 -0.617900
vt 0.031750 -0.595000
vt 0.043780 -0.592600
vt 0.061420 -0.566750
vt 0.051830 -0.568170
vt 0.070170 -0.565450
vt 0.040560 -0.569850
vt 0.028450 -0.571650
vt 0.026290 -0.548070
vt 0.038450 -0.546870
vt 0.036340 -0.523900
vt 0.024120 -0.524490
vt 0.205170 -0.169030
vt 0.211070 -0.175620
vt 0.191110 -0.153310
vt 0.174080 -0.168740
vt 0.165480 -0.160020
vt 0.182950 -0.144180
vt 0.201240 -0.129170
vt 0.219520 -0.114150
vt 0.612960 -0.066600
vt 0.615370 -0.057150
vt 0.610760 -0.075230
vt 0.618200 -0.046030
vt 0.596070 -0.040430
vt 0.598530 -0.028340
vt 0.621250 -0.034090
vt 0.643730 -0.040990
vt 0.640110 -0.052750
vt 0.666210 -0.047880
vt 0.922330 -0.350510
vt 0.931470 -0.347230
vt 0.913990 -0.353500
vt 0.942210 -0.343380
vt 0.934650 -0.321710
vt 0.945990 -0.317000
vt 0.953750 -0.339240
vt 0.960450 -0.361910
vt 0.948740 -0.365470
vt 0.955270 -0.387570
vt 0.967150 -0.384590
vt 0.858290 -0.768400
vt 0.866040 -0.774210
vt 0.851220 -0.763090
vt 0.875140 -0.781040
vt 0.888870 -0.762580
vt 0.899010 -0.769430
vt 0.884920 -0.788380
vt 0.869880 -0.806680
vt 0.860490 -0.798880
vt 0.845830 -0.816710
vt 0.854840 -0.824980
vt 0.477770 -0.948820
vt 0.477230 -0.958560
vt 0.478250 -0.939940
vt 0.476610 -0.970000
vt 0.499430 -0.971150
vt 0.499350 -0.983480
vt 0.475940 -0.982300
vt 0.452530 -0.979960
vt 0.453800 -0.967730
vt 0.429110 -0.977620
vt 0.118990 -0.731410
vt 0.100850 -0.742300
vt 0.126590 -0.726840
vt 0.112480 -0.762040
vt 0.102260 -0.768880
vt 0.090320 -0.748630
vt 0.079350 -0.727730
vt 0.090160 -0.721940
vt 0.079470 -0.701570
vt 0.068380 -0.706830
vt 0.146170 -0.234090
vt 0.129320 -0.221450
vt 0.153240 -0.239390
vt 0.115600 -0.239910
vt 0.105450 -0.233050
vt 0.119540 -0.214110
vt 0.134580 -0.195800
vt 0.143980 -0.203610
vt 0.158640 -0.185780
vt 0.149620 -0.177500
vt 0.526700 -0.053660
vt 0.527230 -0.043920
vt 0.526210 -0.062550
vt 0.527860 -0.032480
vt 0.505040 -0.031330
vt 0.505110 -0.019010
vt 0.528530 -0.020190
vt 0.551940 -0.022520
vt 0.550670 -0.034760
vt 0.573480 -0.037040
vt 0.575350 -0.024860
vt 0.885480 -0.271070
vt 0.893820 -0.266070
vt 0.877870 -0.275640
vt 0.903620 -0.260180
vt 0.891990 -0.240440
vt 0.902210 -0.233600
vt 0.914140 -0.253860
vt 0.925120 -0.274760
vt 0.914310 -0.280550
vt 0.925000 -0.300910
vt 0.936090 -0.295660
vt 0.903610 -0.693070
vt 0.912340 -0.697250
vt 0.895640 -0.689260
vt 0.922600 -0.702150
vt 0.943780 -0.686090
vt 0.933630 -0.707420
vt 0.922410 -0.728310
vt 0.911670 -0.722500
vt 0.900730 -0.742850
vt 0.911190 -0.749190
vt 0.564970 -0.944560
vt 0.566330 -0.954210
vt 0.563720 -0.935760
vt 0.567940 -0.965540
vt 0.590560 -0.962180
vt 0.592880 -0.974270
vt 0.569660 -0.977720
vt 0.546220 -0.980030
vt 0.545100 -0.967790
vt 0.522260 -0.970030
vt 0.522780 -0.982330
vt 0.170570 -0.802000
vt 0.163350 -0.808550
vt 0.177150 -0.796030
vt 0.154870 -0.816240
vt 0.161400 -0.842000
vt 0.145760 -0.824500
vt 0.130940 -0.806170
vt 0.140430 -0.798380
vt 0.116110 -0.787850
vt 0.100860 -0.309410
vt 0.092130 -0.305240
vt 0.108830 -0.313220
vt 0.081860 -0.300340
vt 0.071970 -0.321120
vt 0.060680 -0.316400
vt 0.070840 -0.295070
vt 0.082060 -0.274180
vt 0.092800 -0.279980
vt 0.103730 -0.259630
vt 0.093280 -0.253290
vt 0.439500 -0.057920
vt 0.440740 -0.066730
vt 0.436530 -0.036940
vt 0.413900 -0.040300
vt 0.411580 -0.028210
vt 0.434800 -0.024770
vt 0.458240 -0.022460
vt 0.459370 -0.034700
vt 0.482210 -0.032450
vt 0.481680 -0.020150
vt 0.833900 -0.200480
vt 0.827310 -0.206450
vt 0.849590 -0.186250
vt 0.858710 -0.177990
vt 0.873530 -0.196310
vt 0.888350 -0.214630
vt 0.933500 -0.610370
vt 0.942880 -0.612750
vt 0.924930 -0.608210
vt 0.953900 -0.615540
vt 0.965750 -0.618540
vt 0.958780 -0.641200
vt 0.947110 -0.637630
vt 0.940320 -0.659710
vt 0.951820 -0.663870
vt 0.649760 -0.923260
vt 0.646830 -0.914890
vt 0.656740 -0.943240
vt 0.660800 -0.954830
vt 0.638230 -0.961690
vt 0.634750 -0.949920
vt 0.612770 -0.956610
vt 0.615660 -0.968550
vt 0.234890 -0.861040
vt 0.229080 -0.868860
vt 0.240200 -0.853890
vt 0.222240 -0.878060
vt 0.214900 -0.887950
vt 0.196790 -0.872900
vt 0.204600 -0.863400
vt 0.186960 -0.848750
vt 0.178690 -0.857860
vt 0.070970 -0.392110
vt 0.061590 -0.389740
vt 0.079530 -0.394280
vt 0.050560 -0.386950
vt 0.038710 -0.383950
vt 0.045680 -0.361280
vt 0.057350 -0.364860
vt 0.052650 -0.338620
vt 0.354700 -0.079220
vt 0.351500 -0.070040
vt 0.357630 -0.087600
vt 0.347720 -0.059250
vt 0.343670 -0.047660
vt 0.366240 -0.040800
vt 0.369710 -0.052560
vt 0.391700 -0.045880
vt 0.388800 -0.033930
vt 0.557920 -0.104800
vt 0.559610 -0.093400
vt 0.556200 -0.116360
vt 0.561250 -0.082330
vt 0.540830 -0.079300
vt 0.541910 -0.068310
vt 0.562860 -0.071420
vt 0.583710 -0.075570
vt 0.581560 -0.086370
vt 0.601880 -0.090410
vt 0.604560 -0.079720
vt 0.625110 -0.084860
vt 0.621900 -0.095420
vt 0.513590 -0.908450
vt 0.513580 -0.908450
vt 0.513610 -0.908450
vt 0.513560 -0.908450
vt 0.513570 -0.908580
vt 0.513550 -0.908580
vt 0.513550 -0.908450
vt 0.513540 -0.908300
vt 0.513560 -0.908300
vt 0.513550 -0.908160
vt 0.513540 -0.908160
vt 0.513530 -0.908020
vt 0.513550 -0.908020
vt 0.513590 -0.905520
vt 0.513610 -0.905520
vt 0.513560 -0.905520
vt 0.513560 -0.905650
vt 0.513540 -0.905650
vt 0.513550 -0.905520
vt 0.513550 -0.905390
vt 0.513570 -0.905270
vt 0.513560 -0.905270
vt 0.513560 -0.905140
vt 0.513580 -0.905140
vt 0.513350 -0.907270
vt 0.513330 -0.907270
vt 0.513360 -0.907270
vt 0.513320 -0.907270
vt 0.513320 -0.907420
vt 0.513300 -0.907420
vt 0.513300 -0.907270
vt 0.513300 -0.907120
vt 0.513320 -0.907120
vt 0.513320 -0.906960
vt 0.513300 -0.906960
vt 0.513300 -0.906810
vt 0.513320 -0.906810
vt 0.512720 -0.909400
vt 0.512710 -0.909400
vt 0.512740 -0.909400
vt 0.512690 -0.909400
vt 0.512700 -0.909520
vt 0.512680 -0.909520
vt 0.512680 -0.909400
vt 0.512670 -0.909270
vt 0.512690 -0.909270
vt 0.512680 -0.909150
vt 0.512670 -0.909150
vt 0.512660 -0.909020
vt 0.512700 -0.905950
vt 0.512670 -0.905950
vt 0.512720 -0.905950
vt 0.512670 -0.906080
vt 0.512650 -0.906080
vt 0.512660 -0.905950
vt 0.512660 -0.905830
vt 0.512680 -0.905830
vt 0.512680 -0.905700
vt 0.512660 -0.905700
vt 0.512670 -0.905580
vt 0.512690 -0.905580
vt 0.513460 -0.907270
vt 0.513440 -0.907270
vt 0.513480 -0.907270
vt 0.513430 -0.907270
vt 0.513430 -0.907420
vt 0.513410 -0.907420
vt 0.513410 -0.907270
vt 0.513410 -0.907120
vt 0.513430 -0.907120
vt 0.513430 -0.906960
vt 0.513410 -0.906960
vt 0.513610 -0.908970
vt 0.513620 -0.909090
vt 0.513600 -0.909090
vt 0.513600 -0.908970
vt 0.513630 -0.908970
vt 0.513640 -0.909090
vt 0.513580 -0.908970
vt 0.513590 -0.909090
vt 0.513570 -0.909090
vt 0.513570 -0.908970
vt 0.513560 -0.908840
vt 0.513580 -0.908840
vt 0.513570 -0.908710
vt 0.513560 -0.908710
vt 0.513580 -0.906070
vt 0.513560 -0.906070
vt 0.513590 -0.906070
vt 0.513550 -0.906070
vt 0.513540 -0.906210
vt 0.513530 -0.906210
vt 0.513530 -0.906070
vt 0.513540 -0.905930
vt 0.513550 -0.905930
vt 0.513550 -0.905790
vt 0.513540 -0.905790
vt 0.513360 -0.907870
vt 0.513370 -0.907870
vt 0.513320 -0.907870
vt 0.513330 -0.908020
vt 0.513310 -0.908020
vt 0.513310 -0.907870
vt 0.513310 -0.907720
vt 0.513320 -0.907720
vt 0.513320 -0.907570
vt 0.513300 -0.907570
vt 0.512750 -0.909850
vt 0.512760 -0.909960
vt 0.512730 -0.909850
vt 0.512770 -0.909850
vt 0.512770 -0.909960
vt 0.512720 -0.909850
vt 0.512720 -0.909960
vt 0.512710 -0.909960
vt 0.512700 -0.909850
vt 0.512700 -0.909740
vt 0.512690 -0.909630
vt 0.512690 -0.906500
vt 0.512670 -0.906500
vt 0.512700 -0.906500
vt 0.512660 -0.906500
vt 0.512650 -0.906650
vt 0.512640 -0.906650
vt 0.512640 -0.906500
vt 0.512640 -0.906360
vt 0.512660 -0.906360
vt 0.512660 -0.906220
vt 0.512650 -0.906220
vt 0.513470 -0.907870
vt 0.513450 -0.907870
vt 0.513480 -0.907870
vt 0.513440 -0.907870
vt 0.513440 -0.908020
vt 0.513420 -0.908020
vt 0.513420 -0.907870
vt 0.513420 -0.907720
vt 0.513430 -0.907720
vt 0.513430 -0.907570
vt 0.513420 -0.907570
vt 0.509950 -0.906550
vt 0.509950 -0.906660
vt 0.509930 -0.906660
vt 0.509930 -0.906440
vt 0.509950 -0.906440
vt 0.509960 -0.906440
vt 0.509960 -0.906550
vt 0.509960 -0.906660
vt 0.509920 -0.906550
vt 0.509920 -0.906660
vt 0.509900 -0.906650
vt 0.509900 -0.906550
vt 0.509900 -0.906440
vt 0.509920 -0.906440
vt 0.509980 -0.906660
vt 0.509960 -0.906660
vt 0.509960 -0.906550
vt 0.509960 -0.906440
vt 0.509980 -0.906440
vt 0.513570 -0.906660
vt 0.513590 -0.906660
vt 0.513540 -0.906660
vt 0.513540 -0.906810
vt 0.513520 -0.906810
vt 0.513520 -0.906660
vt 0.513530 -0.906510
vt 0.513540 -0.906360
vt 0.513530 -0.906360
vt 0.513370 -0.908450
vt 0.513350 -0.908450
vt 0.513390 -0.908450
vt 0.513340 -0.908450
vt 0.513340 -0.908580
vt 0.513330 -0.908580
vt 0.513320 -0.908450
vt 0.513320 -0.908300
vt 0.513330 -0.908300
vt 0.513310 -0.908160
vt 0.513370 -0.905520
vt 0.513340 -0.905520
vt 0.513390 -0.905520
vt 0.513330 -0.905650
vt 0.513320 -0.905650
vt 0.513320 -0.905520
vt 0.513330 -0.905390
vt 0.513350 -0.905270
vt 0.513330 -0.905270
vt 0.513340 -0.905140
vt 0.513350 -0.905140
vt 0.512680 -0.907090
vt 0.512670 -0.907090
vt 0.512700 -0.907090
vt 0.512650 -0.907090
vt 0.512650 -0.907240
vt 0.512630 -0.907240
vt 0.512630 -0.907090
vt 0.512640 -0.906940
vt 0.512650 -0.906940
vt 0.512650 -0.906790
vt 0.512640 -0.906790
vt 0.513480 -0.908450
vt 0.513470 -0.908450
vt 0.513500 -0.908450
vt 0.513450 -0.908450
vt 0.513450 -0.908580
vt 0.513440 -0.908580
vt 0.513430 -0.908450
vt 0.513430 -0.908300
vt 0.513450 -0.908300
vt 0.513430 -0.908160
vt 0.513480 -0.905520
vt 0.513470 -0.905520
vt 0.513500 -0.905520
vt 0.513450 -0.905520
vt 0.513450 -0.905650
vt 0.513430 -0.905650
vt 0.513430 -0.905520
vt 0.513440 -0.905390
vt 0.513460 -0.905270
vt 0.513440 -0.905270
vt 0.513450 -0.905140
vt 0.513460 -0.905140
vt 0.513570 -0.907270
vt 0.513560 -0.907270
vt 0.513590 -0.907270
vt 0.513540 -0.907270
vt 0.513540 -0.907420
vt 0.513530 -0.907420
vt 0.513520 -0.907270
vt 0.513520 -0.907120
vt 0.513540 -0.907120
vt 0.513540 -0.906960
vt 0.513520 -0.906960
vt 0.513390 -0.908970
vt 0.513400 -0.909090
vt 0.513380 -0.909090
vt 0.513370 -0.908970
vt 0.513410 -0.908970
vt 0.513410 -0.909090
vt 0.513360 -0.908970
vt 0.513360 -0.909090
vt 0.513350 -0.909090
vt 0.513340 -0.908970
vt 0.513340 -0.908840
vt 0.513350 -0.908840
vt 0.513350 -0.908710
vt 0.513330 -0.908710
vt 0.513360 -0.906070
vt 0.513340 -0.906070
vt 0.513370 -0.906070
vt 0.513320 -0.906070
vt 0.513320 -0.906210
vt 0.513310 -0.906210
vt 0.513310 -0.906070
vt 0.513310 -0.905930
vt 0.513330 -0.905930
vt 0.513330 -0.905790
vt 0.513310 -0.905790
vt 0.512690 -0.908300
vt 0.512670 -0.908300
vt 0.512700 -0.908300
vt 0.512660 -0.908300
vt 0.512660 -0.908450
vt 0.512640 -0.908450
vt 0.512640 -0.908300
vt 0.512640 -0.908150
vt 0.512650 -0.908150
vt 0.512650 -0.908000
vt 0.512640 -0.908000
vt 0.512640 -0.907850
vt 0.512650 -0.907850
vt 0.512680 -0.907700
vt 0.512670 -0.907700
vt 0.512700 -0.907700
vt 0.512650 -0.907700
vt 0.512630 -0.907700
vt 0.512630 -0.907550
vt 0.512650 -0.907550
vt 0.512650 -0.907400
vt 0.512630 -0.907400
vt 0.513500 -0.908970
vt 0.513510 -0.909090
vt 0.513490 -0.909090
vt 0.513490 -0.908970
vt 0.513520 -0.908970
vt 0.513520 -0.909090
vt 0.513470 -0.908970
vt 0.513480 -0.909090
vt 0.513460 -0.909090
vt 0.513450 -0.908970
vt 0.513450 -0.908840
vt 0.513470 -0.908840
vt 0.513460 -0.908710
vt 0.513440 -0.908710
vt 0.513470 -0.906070
vt 0.513450 -0.906070
vt 0.513480 -0.906070
vt 0.513440 -0.906070
vt 0.513420 -0.906070
vt 0.513420 -0.905930
vt 0.513440 -0.905930
vt 0.513440 -0.905790
vt 0.513430 -0.905790
vt 0.513580 -0.907870
vt 0.513560 -0.907870
vt 0.513590 -0.907870
vt 0.513550 -0.907870
vt 0.513530 -0.907870
vt 0.513530 -0.907720
vt 0.513550 -0.907720
vt 0.513540 -0.907570
vt 0.513530 -0.907570
vt 0.510100 -0.906550
vt 0.510120 -0.906440
vt 0.510140 -0.906440
vt 0.510110 -0.906550
vt 0.510100 -0.906550
vt 0.510100 -0.906440
vt 0.510140 -0.906550
vt 0.510150 -0.906440
vt 0.510170 -0.906440
vt 0.510170 -0.906550
vt 0.510170 -0.906660
vt 0.510120 -0.906660
vt 0.510040 -0.906660
vt 0.510040 -0.906550
vt 0.510040 -0.906440
vt 0.510060 -0.906440
vt 0.513350 -0.906660
vt 0.513330 -0.906660
vt 0.513360 -0.906660
vt 0.513320 -0.906660
vt 0.513300 -0.906660
vt 0.513300 -0.906510
vt 0.513320 -0.906360
vt 0.513300 -0.906360
vt 0.512700 -0.908880
vt 0.512690 -0.908880
vt 0.512720 -0.908880
vt 0.512670 -0.908880
vt 0.512660 -0.908880
vt 0.512650 -0.908740
vt 0.512670 -0.908740
vt 0.512660 -0.908600
vt 0.512650 -0.908600
vt 0.512720 -0.905460
vt 0.512740 -0.905460
vt 0.512690 -0.905460
vt 0.512680 -0.905460
vt 0.512680 -0.905360
vt 0.512700 -0.905360
vt 0.512690 -0.905250
vt 0.512690 -0.905140
vt 0.512710 -0.905140
vt 0.512840 -0.908860
vt 0.512820 -0.908860
vt 0.512880 -0.908860
vt 0.512880 -0.908740
vt 0.512900 -0.908740
vt 0.512900 -0.908860
vt 0.512890 -0.908980
vt 0.512880 -0.908980
vt 0.512870 -0.909090
vt 0.512890 -0.909090
vt 0.512890 -0.909210
vt 0.512870 -0.909210
vt 0.859660 -0.328530
vt 0.870070 -0.323600
vt 0.849090 -0.333530
vt 0.880190 -0.318810
vt 0.871370 -0.300150
vt 0.881100 -0.294950
vt 0.890160 -0.314100
vt 0.898290 -0.333740
vt 0.888120 -0.337950
vt 0.896040 -0.357090
vt 0.906430 -0.353380
vt 0.913560 -0.373320
vt 0.903000 -0.376520
vt 0.841270 -0.703710
vt 0.851160 -0.709640
vt 0.831240 -0.697700
vt 0.860760 -0.715390
vt 0.871370 -0.697690
vt 0.881100 -0.702890
vt 0.870210 -0.721060
vt 0.858400 -0.738730
vt 0.849250 -0.732610
vt 0.837740 -0.749840
vt 0.846590 -0.756400
vt 0.833980 -0.773420
vt 0.825450 -0.766410
vt 0.519100 -0.896870
vt 0.519670 -0.908380
vt 0.518520 -0.885190
vt 0.520220 -0.919550
vt 0.540830 -0.918540
vt 0.541910 -0.929530
vt 0.520760 -0.930570
vt 0.499500 -0.930570
vt 0.499500 -0.919550
vt 0.478790 -0.919550
vt 0.478250 -0.930570
vt 0.457090 -0.929530
vt 0.458170 -0.918540
vt 0.179510 -0.736300
vt 0.170250 -0.743170
vt 0.188900 -0.729340
vt 0.161270 -0.749840
vt 0.173560 -0.766410
vt 0.165030 -0.773420
vt 0.152410 -0.756400
vt 0.140600 -0.738730
vt 0.149760 -0.732610
vt 0.138250 -0.715390
vt 0.128790 -0.721060
vt 0.117900 -0.702890
vt 0.127640 -0.697690
vt 0.124350 -0.364740
vt 0.135360 -0.368680
vt 0.102960 -0.357090
vt 0.096000 -0.376520
vt 0.085440 -0.373320
vt 0.092580 -0.353380
vt 0.100710 -0.333740
vt 0.110890 -0.337950
vt 0.118810 -0.318810
vt 0.108850 -0.314100
vt 0.117900 -0.294950
vt 0.127640 -0.300150
vt 0.157730 -0.294130
vt 0.167760 -0.300140
vt 0.138250 -0.282450
vt 0.128790 -0.276790
vt 0.140600 -0.259110
vt 0.149760 -0.265230
vt 0.161270 -0.248010
vt 0.152410 -0.241440
vt 0.165030 -0.224420
vt 0.173560 -0.231430
vt 0.479900 -0.100970
vt 0.479340 -0.089460
vt 0.480480 -0.112650
vt 0.478790 -0.078290
vt 0.458170 -0.079300
vt 0.457090 -0.068310
vt 0.478250 -0.067270
vt 0.499500 -0.067270
vt 0.499500 -0.078290
vt 0.520220 -0.078290
vt 0.520760 -0.067270
vt 0.819490 -0.261540
vt 0.810110 -0.268500
vt 0.837740 -0.248000
vt 0.825450 -0.231430
vt 0.833980 -0.224420
vt 0.846590 -0.241440
vt 0.858400 -0.259110
vt 0.849250 -0.265230
vt 0.860750 -0.282450
vt 0.870210 -0.276780
vt 0.874660 -0.633100
vt 0.863650 -0.629170
vt 0.896040 -0.640750
vt 0.903000 -0.621320
vt 0.913560 -0.624520
vt 0.906430 -0.644470
vt 0.898290 -0.664100
vt 0.888120 -0.659890
vt 0.880190 -0.679030
vt 0.890160 -0.683740
vt 0.596360 -0.885400
vt 0.599160 -0.896580
vt 0.593520 -0.874060
vt 0.601880 -0.907430
vt 0.621900 -0.902420
vt 0.625110 -0.912980
vt 0.604560 -0.918130
vt 0.583710 -0.922270
vt 0.581560 -0.911470
vt 0.561250 -0.915510
vt 0.562860 -0.926420
vt 0.231970 -0.794170
vt 0.239820 -0.785510
vt 0.216720 -0.811000
vt 0.232010 -0.824860
vt 0.225010 -0.833400
vt 0.209310 -0.819170
vt 0.194280 -0.804140
vt 0.202070 -0.796350
vt 0.187420 -0.781710
vt 0.179250 -0.789110
vt 0.105380 -0.440510
vt 0.093980 -0.438820
vt 0.116940 -0.442220
vt 0.082910 -0.437180
vt 0.079880 -0.457590
vt 0.068890 -0.456510
vt 0.072000 -0.435560
vt 0.076150 -0.414710
vt 0.086950 -0.416860
vt 0.090990 -0.396540
vt 0.080300 -0.393860
vt 0.402650 -0.112440
vt 0.405490 -0.123780
vt 0.397120 -0.090410
vt 0.377100 -0.095420
vt 0.373900 -0.084860
vt 0.394440 -0.079720
vt 0.415290 -0.075570
vt 0.417440 -0.086370
vt 0.437760 -0.082330
vt 0.436140 -0.071420
vt 0.767040 -0.203670
vt 0.759190 -0.212340
vt 0.782290 -0.186840
vt 0.767000 -0.172980
vt 0.774000 -0.164440
vt 0.789690 -0.178670
vt 0.804720 -0.193700
vt 0.796940 -0.201490
vt 0.811580 -0.216130
vt 0.819750 -0.208730
vt 0.893630 -0.557330
vt 0.905020 -0.559020
vt 0.882060 -0.555620
vt 0.916100 -0.560670
vt 0.919130 -0.540250
vt 0.930110 -0.541330
vt 0.927000 -0.562280
vt 0.922850 -0.583130
vt 0.912050 -0.580980
vt 0.908010 -0.601300
vt 0.918710 -0.603980
vt 0.669900 -0.859080
vt 0.674820 -0.869490
vt 0.664900 -0.848510
vt 0.679610 -0.879610
vt 0.698270 -0.870790
vt 0.703470 -0.880520
vt 0.684320 -0.889570
vt 0.664690 -0.897710
vt 0.660470 -0.887540
vt 0.641330 -0.895460
vt 0.645050 -0.905840
vt 0.294710 -0.840690
vt 0.288790 -0.850570
vt 0.300720 -0.830660
vt 0.283030 -0.860170
vt 0.300740 -0.870790
vt 0.295530 -0.880520
vt 0.277370 -0.869630
vt 0.259690 -0.857820
vt 0.265810 -0.848660
vt 0.248590 -0.837160
vt 0.242020 -0.846010
vt 0.101560 -0.518520
vt 0.090050 -0.519080
vt 0.113230 -0.517940
vt 0.078870 -0.519630
vt 0.079880 -0.540250
vt 0.068890 -0.541330
vt 0.067860 -0.520180
vt 0.067860 -0.498920
vt 0.078870 -0.498920
vt 0.078870 -0.478210
vt 0.067860 -0.477660
vt 0.329110 -0.138770
vt 0.324180 -0.128350
vt 0.334110 -0.149330
vt 0.319390 -0.118230
vt 0.300740 -0.127050
vt 0.295530 -0.117320
vt 0.314680 -0.108270
vt 0.334320 -0.100130
vt 0.338530 -0.110310
vt 0.357670 -0.102380
vt 0.353960 -0.092000
vt 0.704290 -0.157150
vt 0.710220 -0.147270
vt 0.698290 -0.167180
vt 0.715970 -0.137670
vt 0.698270 -0.127050
vt 0.703470 -0.117320
vt 0.721640 -0.128210
vt 0.739310 -0.140020
vt 0.733190 -0.149180
vt 0.750420 -0.160680
vt 0.756990 -0.151830
vt 0.897450 -0.479320
vt 0.908960 -0.478760
vt 0.885770 -0.479900
vt 0.920140 -0.478210
vt 0.919130 -0.457590
vt 0.930110 -0.456510
vt 0.931150 -0.477660
vt 0.931150 -0.498920
vt 0.920140 -0.498920
vt 0.920140 -0.519630
vt 0.931150 -0.520180
vt 0.736880 -0.818910
vt 0.743750 -0.828170
vt 0.729920 -0.809520
vt 0.750420 -0.837160
vt 0.767000 -0.824860
vt 0.774000 -0.833400
vt 0.756990 -0.846010
vt 0.739310 -0.857820
vt 0.733190 -0.848660
vt 0.715970 -0.860170
vt 0.721640 -0.869630
vt 0.365320 -0.874070
vt 0.361440 -0.884930
vt 0.369260 -0.863070
vt 0.357670 -0.895460
vt 0.377100 -0.902420
vt 0.373900 -0.912980
vt 0.353960 -0.905840
vt 0.334320 -0.897710
vt 0.338530 -0.887540
vt 0.319390 -0.879610
vt 0.314680 -0.889570
vt 0.113030 -0.595780
vt 0.101850 -0.598580
vt 0.124370 -0.592930
vt 0.090990 -0.601300
vt 0.096000 -0.621320
vt 0.085440 -0.624520
vt 0.080300 -0.603980
vt 0.076150 -0.583130
vt 0.086950 -0.580980
vt 0.082910 -0.560670
vt 0.072000 -0.562280
vt 0.262120 -0.178930
vt 0.269090 -0.188320
vt 0.248590 -0.160680
vt 0.232010 -0.172980
vt 0.225000 -0.164440
vt 0.242020 -0.151830
vt 0.259690 -0.140020
vt 0.265810 -0.149180
vt 0.283030 -0.137670
vt 0.277370 -0.128210
vt 0.633680 -0.123770
vt 0.629750 -0.134770
vt 0.641330 -0.102380
vt 0.645050 -0.092000
vt 0.664690 -0.100130
vt 0.660470 -0.110310
vt 0.679610 -0.118230
vt 0.684320 -0.108270
vt 0.885980 -0.402060
vt 0.897160 -0.399260
vt 0.874640 -0.404910
vt 0.908010 -0.396540
vt 0.918710 -0.393860
vt 0.922850 -0.414710
vt 0.912050 -0.416860
vt 0.916100 -0.437170
vt 0.927000 -0.435560
vt 0.794750 -0.766450
vt 0.786090 -0.758600
vt 0.811580 -0.781710
vt 0.819750 -0.789110
vt 0.804720 -0.804140
vt 0.796940 -0.796350
vt 0.782290 -0.811000
vt 0.789690 -0.819170
vt 0.441090 -0.893040
vt 0.439400 -0.904440
vt 0.442800 -0.881480
vt 0.437760 -0.915510
vt 0.436140 -0.926420
vt 0.415290 -0.922270
vt 0.417440 -0.911470
vt 0.397120 -0.907430
vt 0.394440 -0.918130
vt 0.139350 -0.669310
vt 0.128930 -0.674240
vt 0.149910 -0.664310
vt 0.118810 -0.679030
vt 0.108850 -0.683740
vt 0.100710 -0.664100
vt 0.110890 -0.659890
vt 0.102960 -0.640750
vt 0.092580 -0.644470
vt 0.204250 -0.231390
vt 0.212920 -0.239240
vt 0.187420 -0.216130
vt 0.179250 -0.208730
vt 0.194280 -0.193700
vt 0.202070 -0.201490
vt 0.216720 -0.186840
vt 0.209310 -0.178670
vt 0.373420 -0.851310
vt 0.373670 -0.850600
vt 0.371680 -0.856170
vt 0.387850 -0.866640
vt 0.370190 -0.860320
vt 0.352810 -0.853120
vt 0.354490 -0.849050
vt 0.337300 -0.841930
vt 0.335420 -0.845910
vt 0.318470 -0.837900
vt 0.320550 -0.834010
vt 0.513240 -0.907120
vt 0.513250 -0.907120
vt 0.513200 -0.907120
vt 0.513200 -0.907260
vt 0.513180 -0.907260
vt 0.513180 -0.907120
vt 0.513180 -0.906970
vt 0.513200 -0.906830
vt 0.513180 -0.906830
vt 0.513180 -0.906690
vt 0.512970 -0.905660
vt 0.512990 -0.905780
vt 0.512950 -0.905660
vt 0.513000 -0.905660
vt 0.513000 -0.905550
vt 0.513020 -0.905550
vt 0.513020 -0.905660
vt 0.513030 -0.905780
vt 0.513010 -0.905890
vt 0.513030 -0.905890
vt 0.513040 -0.906020
vt 0.513020 -0.906020
vt 0.512970 -0.908350
vt 0.513010 -0.908350
vt 0.512950 -0.908350
vt 0.513030 -0.908210
vt 0.513030 -0.908350
vt 0.513030 -0.908480
vt 0.513000 -0.908610
vt 0.513020 -0.908610
vt 0.513020 -0.908740
vt 0.513000 -0.908740
vt 0.513110 -0.907680
vt 0.513090 -0.907680
vt 0.513130 -0.907680
vt 0.513070 -0.907680
vt 0.513070 -0.907810
vt 0.513050 -0.907810
vt 0.513050 -0.907680
vt 0.513050 -0.907540
vt 0.513070 -0.907400
vt 0.513050 -0.907400
vt 0.513050 -0.907260
vt 0.513070 -0.907260
vt 0.512800 -0.905240
vt 0.512790 -0.905140
vt 0.512820 -0.905240
vt 0.512780 -0.905240
vt 0.512770 -0.905140
vt 0.512840 -0.905240
vt 0.512830 -0.905140
vt 0.512850 -0.905140
vt 0.512860 -0.905240
vt 0.512860 -0.905340
vt 0.512840 -0.905340
vt 0.512850 -0.905440
vt 0.512870 -0.905440
vt 0.512870 -0.905540
vt 0.512850 -0.905550
vt 0.512870 -0.908350
vt 0.512840 -0.908350
vt 0.512890 -0.908350
vt 0.512910 -0.908210
vt 0.512910 -0.908350
vt 0.512910 -0.908480
vt 0.512910 -0.908610
vt 0.513240 -0.907680
vt 0.513220 -0.907680
vt 0.513260 -0.907680
vt 0.513200 -0.907680
vt 0.513200 -0.907810
vt 0.513180 -0.907810
vt 0.513180 -0.907680
vt 0.513180 -0.907540
vt 0.513200 -0.907540
vt 0.513200 -0.907400
vt 0.513180 -0.907400
vt 0.512950 -0.905240
vt 0.512940 -0.905140
vt 0.512960 -0.905240
vt 0.512930 -0.905240
vt 0.512920 -0.905140
vt 0.512980 -0.905240
vt 0.512980 -0.905140
vt 0.513000 -0.905140
vt 0.513000 -0.905240
vt 0.513010 -0.905340
vt 0.512990 -0.905440
vt 0.513010 -0.905440
vt 0.512990 -0.907800
vt 0.512970 -0.907800
vt 0.513020 -0.907800
vt 0.513030 -0.907660
vt 0.513040 -0.907660
vt 0.513040 -0.907800
vt 0.513040 -0.907940
vt 0.513020 -0.907940
vt 0.513020 -0.908080
vt 0.513040 -0.908080
vt 0.513120 -0.908210
vt 0.513100 -0.908210
vt 0.513140 -0.908210
vt 0.513080 -0.908210
vt 0.513080 -0.908340
vt 0.513060 -0.908340
vt 0.513060 -0.908210
vt 0.513060 -0.908080
vt 0.513080 -0.908080
vt 0.513050 -0.907950
vt 0.513140 -0.905490
vt 0.513120 -0.905490
vt 0.513160 -0.905490
vt 0.513100 -0.905490
vt 0.513080 -0.905610
vt 0.513080 -0.905490
vt 0.513090 -0.905380
vt 0.513110 -0.905380
vt 0.513110 -0.905260
vt 0.513100 -0.905260
vt 0.513100 -0.905140
vt 0.513120 -0.905140
vt 0.512860 -0.907800
vt 0.512840 -0.907800
vt 0.512900 -0.907800
vt 0.512900 -0.907660
vt 0.512920 -0.907660
vt 0.512920 -0.907800
vt 0.512920 -0.907940
vt 0.512900 -0.907940
vt 0.512900 -0.908080
vt 0.512920 -0.908080
vt 0.513250 -0.908210
vt 0.513210 -0.908210
vt 0.513270 -0.908210
vt 0.513190 -0.908340
vt 0.513190 -0.908210
vt 0.513190 -0.908080
vt 0.513210 -0.908080
vt 0.513190 -0.907950
vt 0.513270 -0.905490
vt 0.513280 -0.905490
vt 0.513230 -0.905490
vt 0.513220 -0.905610
vt 0.513200 -0.905610
vt 0.513210 -0.905490
vt 0.513210 -0.905380
vt 0.513230 -0.905380
vt 0.513240 -0.905260
vt 0.513220 -0.905260
vt 0.513220 -0.905140
vt 0.513240 -0.905140
vt 0.512990 -0.907230
vt 0.512970 -0.907230
vt 0.513030 -0.907230
vt 0.513030 -0.907090
vt 0.513050 -0.907090
vt 0.513050 -0.907230
vt 0.513050 -0.907380
vt 0.513030 -0.907520
vt 0.513050 -0.907520
vt 0.513130 -0.908690
vt 0.513150 -0.908690
vt 0.513090 -0.908690
vt 0.513080 -0.908810
vt 0.513070 -0.908690
vt 0.513070 -0.908570
vt 0.513090 -0.908460
vt 0.513070 -0.908460
vt 0.513090 -0.906000
vt 0.513140 -0.906000
vt 0.513060 -0.906140
vt 0.513070 -0.906000
vt 0.513070 -0.905870
vt 0.513090 -0.905870
vt 0.513090 -0.905740
vt 0.513070 -0.905740
vt 0.512850 -0.906680
vt 0.512870 -0.906680
vt 0.512840 -0.906680
vt 0.512890 -0.906680
vt 0.512890 -0.906540
vt 0.512910 -0.906540
vt 0.512910 -0.906670
vt 0.512910 -0.906810
vt 0.512900 -0.906950
vt 0.512920 -0.906950
vt 0.512920 -0.907090
vt 0.512900 -0.907090
vt 0.512860 -0.907230
vt 0.512840 -0.907230
vt 0.512900 -0.907230
vt 0.512920 -0.907230
vt 0.512920 -0.907380
vt 0.512900 -0.907520
vt 0.512920 -0.907520
vt 0.513270 -0.908810
vt 0.513230 -0.908810
vt 0.513280 -0.908690
vt 0.513290 -0.908810
vt 0.513230 -0.908690
vt 0.513210 -0.908810
vt 0.513210 -0.908690
vt 0.513200 -0.908570
vt 0.513220 -0.908460
vt 0.513200 -0.908460
vt 0.513210 -0.906000
vt 0.513270 -0.906000
vt 0.513190 -0.906140
vt 0.513190 -0.906000
vt 0.513190 -0.905870
vt 0.513210 -0.905870
vt 0.513200 -0.905740
vt 0.512990 -0.906680
vt 0.513010 -0.906680
vt 0.512970 -0.906680
vt 0.513030 -0.906680
vt 0.513030 -0.906540
vt 0.513040 -0.906540
vt 0.513050 -0.906680
vt 0.513050 -0.906820
vt 0.513030 -0.906950
vt 0.513050 -0.906950
vt 0.513150 -0.909110
vt 0.513160 -0.909210
vt 0.513130 -0.909110
vt 0.513170 -0.909110
vt 0.513180 -0.909210
vt 0.513110 -0.909110
vt 0.513120 -0.909210
vt 0.513100 -0.909210
vt 0.513090 -0.909110
vt 0.513090 -0.909010
vt 0.513110 -0.909010
vt 0.513100 -0.908910
vt 0.513080 -0.908910
vt 0.513110 -0.906550
vt 0.513070 -0.906550
vt 0.513130 -0.906550
vt 0.513070 -0.906690
vt 0.513050 -0.906690
vt 0.513050 -0.906550
vt 0.513060 -0.906410
vt 0.513080 -0.906410
vt 0.513080 -0.906270
vt 0.513060 -0.906270
vt 0.512840 -0.906140
vt 0.512860 -0.906140
vt 0.512820 -0.906140
vt 0.512880 -0.906140
vt 0.512880 -0.906020
vt 0.512890 -0.906020
vt 0.512900 -0.906140
vt 0.512900 -0.906270
vt 0.512880 -0.906270
vt 0.512890 -0.906410
vt 0.512910 -0.906400
vt 0.512820 -0.909310
vt 0.512840 -0.909310
vt 0.512800 -0.909310
vt 0.512860 -0.909310
vt 0.512880 -0.909310
vt 0.512870 -0.909410
vt 0.512870 -0.909510
vt 0.512860 -0.909610
vt 0.513240 -0.906550
vt 0.513200 -0.906550
vt 0.513260 -0.906550
vt 0.513180 -0.906550
vt 0.513180 -0.906410
vt 0.513200 -0.906410
vt 0.513200 -0.906270
vt 0.513190 -0.906270
vt 0.512980 -0.906140
vt 0.512960 -0.906140
vt 0.513020 -0.906140
vt 0.513040 -0.906140
vt 0.513040 -0.906270
vt 0.513020 -0.906270
vt 0.513020 -0.906410
vt 0.513040 -0.906410
vt 0.512960 -0.908860
vt 0.512970 -0.908860
vt 0.512940 -0.908860
vt 0.512990 -0.908860
vt 0.513010 -0.908860
vt 0.513010 -0.908980
vt 0.512990 -0.908980
vt 0.512980 -0.909090
vt 0.513000 -0.909090
vt 0.513000 -0.909210
vt 0.512980 -0.909210
vt 0.513110 -0.907120
vt 0.513130 -0.907120
vt 0.513070 -0.907120
vt 0.513050 -0.907120
vt 0.513050 -0.906970
vt 0.513070 -0.906830
vt 0.513050 -0.906830
vt 0.512820 -0.905660
vt 0.512850 -0.905780
vt 0.512800 -0.905660
vt 0.512860 -0.905660
vt 0.512880 -0.905660
vt 0.512880 -0.905780
vt 0.512870 -0.905890
vt 0.512890 -0.905890
vt 0.511170 -0.909390
vt 0.511230 -0.909490
vt 0.511060 -0.909390
vt 0.511230 -0.909390
vt 0.511060 -0.909490
vt 0.511010 -0.909490
vt 0.511000 -0.909390
vt 0.510990 -0.909300
vt 0.511050 -0.909300
vt 0.510990 -0.909200
vt 0.510980 -0.909100
vt 0.511040 -0.909100
vt 0.307300 -0.820050
vt 0.306440 -0.821480
vt 0.307690 -0.819400
vt 0.304650 -0.824470
vt 0.302380 -0.828260
vt 0.286730 -0.817800
vt 0.289180 -0.814140
vt 0.271090 -0.807340
vt 0.256020 -0.796180
vt 0.126450 -0.518390
vt 0.124780 -0.518470
vt 0.127200 -0.518350
vt 0.121290 -0.518640
vt 0.122200 -0.537160
vt 0.117800 -0.537590
vt 0.116890 -0.518860
vt 0.116890 -0.500040
vt 0.121290 -0.500040
vt 0.121290 -0.481440
vt 0.116890 -0.481220
vt 0.117800 -0.462490
vt 0.122200 -0.462920
vt 0.276790 -0.200420
vt 0.277240 -0.201030
vt 0.273710 -0.196280
vt 0.258820 -0.207320
vt 0.256020 -0.203900
vt 0.271090 -0.192730
vt 0.286730 -0.182280
vt 0.289180 -0.185940
vt 0.302380 -0.171820
vt 0.318470 -0.162180
vt 0.320550 -0.166070
vt 0.624690 -0.148770
vt 0.626430 -0.143910
vt 0.624440 -0.149480
vt 0.610260 -0.133440
vt 0.627920 -0.139760
vt 0.645300 -0.146960
vt 0.643620 -0.151030
vt 0.662690 -0.154160
vt 0.679640 -0.162180
vt 0.677560 -0.166070
vt 0.860920 -0.409350
vt 0.865930 -0.408100
vt 0.860190 -0.409530
vt 0.861430 -0.390110
vt 0.865650 -0.388830
vt 0.870210 -0.407020
vt 0.873880 -0.425480
vt 0.869560 -0.426340
vt 0.873190 -0.444590
vt 0.877550 -0.443940
vt 0.880300 -0.462490
vt 0.875910 -0.462920
vt 0.775500 -0.750540
vt 0.779330 -0.754000
vt 0.774950 -0.750030
vt 0.791780 -0.740270
vt 0.795190 -0.743070
vt 0.782600 -0.756960
vt 0.769290 -0.770270
vt 0.766170 -0.767160
vt 0.753020 -0.780310
vt 0.755980 -0.783580
vt 0.742090 -0.796180
vt 0.739290 -0.792760
vt 0.444360 -0.869070
vt 0.443600 -0.874170
vt 0.444470 -0.868320
vt 0.461940 -0.876900
vt 0.461510 -0.881290
vt 0.442960 -0.878540
vt 0.424500 -0.874860
vt 0.425360 -0.870540
vt 0.406040 -0.871190
vt 0.137190 -0.590730
vt 0.132180 -0.591980
vt 0.137920 -0.590550
vt 0.136680 -0.609960
vt 0.132460 -0.611250
vt 0.127900 -0.593060
vt 0.124230 -0.574600
vt 0.120560 -0.556140
vt 0.222610 -0.249540
vt 0.218780 -0.246070
vt 0.223160 -0.250050
vt 0.206330 -0.259810
vt 0.202920 -0.257010
vt 0.215510 -0.243110
vt 0.228820 -0.229810
vt 0.231940 -0.232920
vt 0.245090 -0.219770
vt 0.242130 -0.216500
vt 0.553750 -0.131010
vt 0.554510 -0.125900
vt 0.553640 -0.131750
vt 0.536170 -0.123180
vt 0.536600 -0.118790
vt 0.555150 -0.121540
vt 0.573610 -0.125210
vt 0.572750 -0.129530
vt 0.592070 -0.128890
vt 0.836280 -0.340500
vt 0.837790 -0.339780
vt 0.835600 -0.340820
vt 0.840940 -0.338290
vt 0.833020 -0.321530
vt 0.836910 -0.319450
vt 0.844930 -0.336400
vt 0.852130 -0.353790
vt 0.848060 -0.355470
vt 0.859330 -0.371180
vt 0.819060 -0.691790
vt 0.820490 -0.692650
vt 0.818420 -0.691410
vt 0.823490 -0.694450
vt 0.833020 -0.678550
vt 0.836910 -0.680630
vt 0.827270 -0.696710
vt 0.816820 -0.712360
vt 0.813150 -0.709910
vt 0.802820 -0.725380
vt 0.806360 -0.728010
vt 0.517400 -0.872650
vt 0.517370 -0.871900
vt 0.517660 -0.877800
vt 0.536170 -0.876900
vt 0.536600 -0.881290
vt 0.517870 -0.882210
vt 0.499050 -0.882210
vt 0.480230 -0.882210
vt 0.161830 -0.659580
vt 0.162510 -0.659260
vt 0.157170 -0.661790
vt 0.165090 -0.678550
vt 0.161200 -0.680630
vt 0.153180 -0.663680
vt 0.145980 -0.646290
vt 0.142930 -0.627420
vt 0.138780 -0.628900
vt 0.179050 -0.308290
vt 0.177620 -0.307430
vt 0.179690 -0.308670
vt 0.174620 -0.305630
vt 0.165090 -0.321530
vt 0.161200 -0.319450
vt 0.170840 -0.303370
vt 0.181290 -0.287720
vt 0.184960 -0.290160
vt 0.195290 -0.274700
vt 0.191750 -0.272070
vt 0.480710 -0.127430
vt 0.480740 -0.128180
vt 0.480450 -0.122270
vt 0.461940 -0.123180
vt 0.461500 -0.118790
vt 0.480230 -0.117870
vt 0.499050 -0.117870
vt 0.499050 -0.122270
vt 0.517660 -0.122270
vt 0.517870 -0.117870
vt 0.798670 -0.277770
vt 0.798070 -0.278220
vt 0.802820 -0.274700
vt 0.791780 -0.259810
vt 0.795190 -0.257010
vt 0.806360 -0.272070
vt 0.816820 -0.287720
vt 0.813150 -0.290160
vt 0.823490 -0.305630
vt 0.827270 -0.303370
vt 0.850320 -0.625680
vt 0.849610 -0.625420
vt 0.855180 -0.627420
vt 0.861430 -0.609960
vt 0.865650 -0.611250
vt 0.859330 -0.628900
vt 0.852130 -0.646290
vt 0.848060 -0.644600
vt 0.840940 -0.661790
vt 0.844930 -0.663680
vt 0.589740 -0.861910
vt 0.591000 -0.866920
vt 0.589560 -0.861180
vt 0.608980 -0.862410
vt 0.610260 -0.866640
vt 0.592070 -0.871190
vt 0.573610 -0.874860
vt 0.572750 -0.870540
vt 0.554510 -0.874170
vt 0.555150 -0.878540
vt 0.199440 -0.722310
vt 0.200040 -0.721860
vt 0.195290 -0.725380
vt 0.206330 -0.740270
vt 0.202920 -0.743070
vt 0.191750 -0.728010
vt 0.181290 -0.712360
vt 0.184960 -0.709910
vt 0.174620 -0.694450
vt 0.170840 -0.696710
vt 0.147790 -0.374400
vt 0.146220 -0.373840
vt 0.148500 -0.374650
vt 0.142930 -0.372660
vt 0.136680 -0.390110
vt 0.132460 -0.388830
vt 0.138780 -0.371180
vt 0.145980 -0.353790
vt 0.150050 -0.355480
vt 0.153180 -0.336400
vt 0.408370 -0.138170
vt 0.407110 -0.133160
vt 0.408550 -0.138900
vt 0.389130 -0.137660
vt 0.387850 -0.133440
vt 0.406040 -0.128890
vt 0.424500 -0.125210
vt 0.425360 -0.129530
vt 0.443600 -0.125900
vt 0.442960 -0.121540
vt 0.749550 -0.223590
vt 0.749050 -0.224150
vt 0.753020 -0.219770
vt 0.742090 -0.203900
vt 0.755980 -0.216500
vt 0.769290 -0.229810
vt 0.766170 -0.232920
vt 0.779330 -0.246070
vt 0.782600 -0.243110
vt 0.868080 -0.554730
vt 0.869730 -0.554980
vt 0.867340 -0.554620
vt 0.873190 -0.555490
vt 0.875910 -0.537160
vt 0.880300 -0.537590
vt 0.877550 -0.556140
vt 0.873880 -0.574600
vt 0.869560 -0.573740
vt 0.870210 -0.593060
vt 0.658600 -0.837260
vt 0.659310 -0.838770
vt 0.658280 -0.836580
vt 0.660810 -0.841930
vt 0.677560 -0.834010
vt 0.679640 -0.837900
vt 0.662690 -0.845910
vt 0.645300 -0.853120
vt 0.643620 -0.849050
vt 0.626430 -0.856170
vt 0.627920 -0.860320
vt 0.248560 -0.776490
vt 0.249060 -0.775930
vt 0.245090 -0.780310
vt 0.242130 -0.783580
vt 0.228820 -0.770270
vt 0.231940 -0.767160
vt 0.218780 -0.754000
vt 0.215510 -0.756970
vt 0.130030 -0.445340
vt 0.128380 -0.445100
vt 0.130770 -0.445450
vt 0.124920 -0.444590
vt 0.120560 -0.443940
vt 0.124230 -0.425480
vt 0.128550 -0.426340
vt 0.132180 -0.408100
vt 0.127900 -0.407020
vt 0.339510 -0.162820
vt 0.339830 -0.163500
vt 0.337300 -0.158150
vt 0.335420 -0.154160
vt 0.352810 -0.146960
vt 0.354490 -0.151030
vt 0.371680 -0.143910
vt 0.370190 -0.139760
vt 0.690810 -0.180030
vt 0.691660 -0.178600
vt 0.690420 -0.180680
vt 0.693460 -0.175600
vt 0.695730 -0.171820
vt 0.711380 -0.182280
vt 0.708930 -0.185940
vt 0.724400 -0.196280
vt 0.727020 -0.192730
vt 0.871660 -0.481690
vt 0.870910 -0.481730
vt 0.876820 -0.481440
vt 0.881220 -0.481220
vt 0.881220 -0.500040
vt 0.876820 -0.500040
vt 0.876820 -0.518640
vt 0.881220 -0.518860
vt 0.721320 -0.799660
vt 0.720870 -0.799050
vt 0.724400 -0.803800
vt 0.727020 -0.807340
vt 0.711380 -0.817800
vt 0.695730 -0.828260
vt 0.511170 -0.906370
vt 0.511170 -0.906500
vt 0.511000 -0.906500
vt 0.510940 -0.906500
vt 0.510940 -0.906370
vt 0.510950 -0.906240
vt 0.510950 -0.906120
vt 0.510950 -0.905990
vt 0.511010 -0.905990
vt 0.512420 -0.907610
vt 0.512600 -0.907610
vt 0.512430 -0.907740
vt 0.512370 -0.907740
vt 0.512370 -0.907610
vt 0.512370 -0.907470
vt 0.512360 -0.907340
vt 0.512360 -0.907200
vt 0.512420 -0.907200
vt 0.512180 -0.909000
vt 0.512190 -0.909100
vt 0.512130 -0.909100
vt 0.512120 -0.909000
vt 0.512120 -0.908910
vt 0.512180 -0.908910
vt 0.512350 -0.909010
vt 0.512360 -0.909100
vt 0.512110 -0.908810
vt 0.512110 -0.908710
vt 0.512170 -0.908710
vt 0.512230 -0.906515
vt 0.512310 -0.906520
vt 0.512140 -0.906510
vt 0.512140 -0.906650
vt 0.512080 -0.906650
vt 0.512090 -0.906510
vt 0.512090 -0.906380
vt 0.512150 -0.906380
vt 0.512150 -0.906240
vt 0.512090 -0.906240
vt 0.512090 -0.906110
vt 0.511900 -0.906120
vt 0.512010 -0.906120
vt 0.511840 -0.906120
vt 0.512010 -0.905990
vt 0.512070 -0.905990
vt 0.512070 -0.906120
vt 0.512070 -0.906250
vt 0.512010 -0.906240
vt 0.512020 -0.906370
vt 0.512070 -0.906370
vt 0.512080 -0.906500
vt 0.512020 -0.906500
vt 0.511820 -0.908760
vt 0.511990 -0.908760
vt 0.511990 -0.908640
vt 0.512050 -0.908640
vt 0.512040 -0.908760
vt 0.512040 -0.908870
vt 0.511980 -0.908870
vt 0.512030 -0.908990
vt 0.512030 -0.909100
vt 0.511970 -0.909100
vt 0.511110 -0.906900
vt 0.511050 -0.906900
vt 0.511170 -0.906900
vt 0.511000 -0.906910
vt 0.510990 -0.907040
vt 0.510940 -0.907040
vt 0.510940 -0.906910
vt 0.510940 -0.906770
vt 0.511000 -0.906770
vt 0.511000 -0.906630
vt 0.510940 -0.906630
vt 0.512550 -0.908130
vt 0.512440 -0.908130
vt 0.512610 -0.908120
vt 0.512440 -0.908250
vt 0.512380 -0.908250
vt 0.512380 -0.908130
vt 0.512380 -0.908000
vt 0.512430 -0.908000
vt 0.512430 -0.907870
vt 0.512370 -0.907870
vt 0.512550 -0.905480
vt 0.512440 -0.905480
vt 0.512610 -0.905370
vt 0.512610 -0.905480
vt 0.512430 -0.905600
vt 0.512380 -0.905600
vt 0.512380 -0.905480
vt 0.512380 -0.905370
vt 0.512440 -0.905370
vt 0.512450 -0.905250
vt 0.512390 -0.905260
vt 0.512390 -0.905140
vt 0.512450 -0.905140
vt 0.512620 -0.905140
vt 0.512620 -0.905250
vt 0.512310 -0.907060
vt 0.512140 -0.907060
vt 0.512140 -0.907200
vt 0.512080 -0.907200
vt 0.512080 -0.907060
vt 0.512080 -0.906930
vt 0.512140 -0.906930
vt 0.512140 -0.906790
vt 0.512080 -0.906790
vt 0.511880 -0.905650
vt 0.511940 -0.905650
vt 0.511830 -0.905640
vt 0.512000 -0.905650
vt 0.511990 -0.905540
vt 0.512050 -0.905540
vt 0.512050 -0.905650
vt 0.512060 -0.905760
vt 0.512060 -0.905880
vt 0.512000 -0.908260
vt 0.511830 -0.908390
vt 0.511830 -0.908260
vt 0.512010 -0.908130
vt 0.512070 -0.908130
vt 0.512060 -0.908260
vt 0.512060 -0.908390
vt 0.512050 -0.908520
vt 0.511120 -0.908000
vt 0.511000 -0.908000
vt 0.511170 -0.908000
vt 0.511000 -0.908130
vt 0.510950 -0.908130
vt 0.510940 -0.908000
vt 0.510940 -0.907860
vt 0.511000 -0.907860
vt 0.510940 -0.907730
vt 0.510940 -0.907590
vt 0.511000 -0.907590
vt 0.511170 -0.907450
vt 0.511050 -0.907450
vt 0.511170 -0.907320
vt 0.511000 -0.907450
vt 0.510940 -0.907450
vt 0.510940 -0.907320
vt 0.510990 -0.907320
vt 0.510990 -0.907180
vt 0.510940 -0.907180
vt 0.512630 -0.908600
vt 0.512460 -0.908710
vt 0.512510 -0.908600
vt 0.512630 -0.908710
vt 0.512460 -0.908600
vt 0.512400 -0.908710
vt 0.512400 -0.908600
vt 0.512390 -0.908480
vt 0.512390 -0.908370
vt 0.512420 -0.905980
vt 0.512420 -0.906110
vt 0.512360 -0.906110
vt 0.512370 -0.905980
vt 0.512370 -0.905850
vt 0.512370 -0.905730
vt 0.512250 -0.907610
vt 0.512140 -0.907610
vt 0.512310 -0.907610
vt 0.512140 -0.907740
vt 0.512080 -0.907740
vt 0.512080 -0.907610
vt 0.512080 -0.907470
vt 0.512140 -0.907470
vt 0.512140 -0.907340
vt 0.512080 -0.907340
vt 0.511980 -0.905240
vt 0.511810 -0.905240
vt 0.511800 -0.905140
vt 0.511970 -0.905140
vt 0.512030 -0.905140
vt 0.512030 -0.905240
vt 0.512040 -0.905340
vt 0.511990 -0.905430
vt 0.512050 -0.905430
vt 0.512020 -0.907730
vt 0.511840 -0.907730
vt 0.512020 -0.907590
vt 0.512080 -0.907590
vt 0.512070 -0.907730
vt 0.512070 -0.907860
vt 0.512010 -0.907860
vt 0.512010 -0.908000
vt 0.512070 -0.908000
vt 0.511100 -0.908520
vt 0.511190 -0.908520
vt 0.511010 -0.908520
vt 0.510960 -0.908640
vt 0.510960 -0.908520
vt 0.510950 -0.908390
vt 0.511010 -0.908390
vt 0.511010 -0.908260
vt 0.510950 -0.908260
vt 0.511150 -0.905430
vt 0.511090 -0.905430
vt 0.511200 -0.905430
vt 0.511030 -0.905430
vt 0.510970 -0.905530
vt 0.510980 -0.905430
vt 0.510980 -0.905340
vt 0.511040 -0.905340
vt 0.510990 -0.905240
vt 0.510990 -0.905140
vt 0.512420 -0.906510
vt 0.512590 -0.906510
vt 0.512420 -0.906650
vt 0.512360 -0.906650
vt 0.512360 -0.906520
vt 0.512360 -0.906380
vt 0.512420 -0.906380
vt 0.512420 -0.906240
vt 0.512360 -0.906240
vt 0.512260 -0.908130
vt 0.512200 -0.908130
vt 0.512320 -0.908130
vt 0.512150 -0.908130
vt 0.512090 -0.908250
vt 0.512090 -0.908120
vt 0.512090 -0.908000
vt 0.512140 -0.908000
vt 0.512140 -0.907870
vt 0.512090 -0.907870
vt 0.512340 -0.905490
vt 0.512170 -0.905480
vt 0.512170 -0.905600
vt 0.512110 -0.905600
vt 0.512110 -0.905480
vt 0.512120 -0.905370
vt 0.512120 -0.905250
vt 0.512130 -0.905140
vt 0.511910 -0.907180
vt 0.512020 -0.907180
vt 0.511850 -0.907180
vt 0.512020 -0.907040
vt 0.512080 -0.907040
vt 0.512080 -0.907180
vt 0.512080 -0.907320
vt 0.512080 -0.907460
vt 0.511150 -0.908990
vt 0.511090 -0.908990
vt 0.511200 -0.908990
vt 0.511030 -0.908990
vt 0.510980 -0.908990
vt 0.510970 -0.908870
vt 0.511020 -0.908760
vt 0.510970 -0.908760
vt 0.511010 -0.905870
vt 0.511190 -0.905870
vt 0.510960 -0.905870
vt 0.510960 -0.905760
vt 0.511020 -0.905760
vt 0.511020 -0.905650
vt 0.510970 -0.905650
vt 0.512530 -0.907060
vt 0.512420 -0.907060
vt 0.512590 -0.907060
vt 0.512360 -0.907060
vt 0.512360 -0.906930
vt 0.512360 -0.906790
vt 0.512280 -0.908600
vt 0.512220 -0.908600
vt 0.512150 -0.908370
vt 0.512330 -0.908600
vt 0.512160 -0.908600
vt 0.512100 -0.908600
vt 0.512100 -0.908480
vt 0.512100 -0.908370
vt 0.512150 -0.905980
vt 0.512100 -0.905980
vt 0.512100 -0.905850
vt 0.512100 -0.905730
vt 0.512020 -0.906640
vt 0.511850 -0.906630
vt 0.512080 -0.906640
vt 0.512080 -0.906770
vt 0.512080 -0.906910
vt 0.510520 -0.906970
vt 0.510520 -0.907130
vt 0.510560 -0.907130
vt 0.510560 -0.906970
vt 0.510510 -0.906800
vt 0.510480 -0.906810
vt 0.510480 -0.906970
vt 0.510480 -0.907130
vt 0.510500 -0.906330
vt 0.510510 -0.906490
vt 0.510630 -0.906490
vt 0.510500 -0.906180
vt 0.510460 -0.906180
vt 0.510470 -0.906340
vt 0.510470 -0.906490
vt 0.510480 -0.905760
vt 0.510470 -0.905620
vt 0.510430 -0.905590
vt 0.510440 -0.905760
vt 0.510450 -0.905900
vt 0.510480 -0.905900
vt 0.510450 -0.905260
vt 0.510460 -0.905380
vt 0.510500 -0.905380
vt 0.510490 -0.905260
vt 0.510480 -0.905140
vt 0.510440 -0.905140
vt 0.510410 -0.905140
vt 0.510410 -0.905260
vt 0.510410 -0.905410
vt 0.510810 -0.905560
vt 0.510820 -0.905420
vt 0.510780 -0.905420
vt 0.510690 -0.905560
vt 0.510800 -0.905710
vt 0.510840 -0.905710
vt 0.510840 -0.905560
vt 0.510850 -0.905420
vt 0.510790 -0.906170
vt 0.510790 -0.906010
vt 0.510670 -0.906010
vt 0.510750 -0.906170
vt 0.510780 -0.906330
vt 0.510820 -0.906330
vt 0.510820 -0.906170
vt 0.510830 -0.906010
vt 0.510770 -0.906820
vt 0.510780 -0.906660
vt 0.510740 -0.906660
vt 0.510650 -0.906820
vt 0.510650 -0.906990
vt 0.510770 -0.906990
vt 0.510810 -0.906990
vt 0.510810 -0.906820
vt 0.510810 -0.906660
vt 0.510770 -0.907490
vt 0.510730 -0.907660
vt 0.510770 -0.907660
vt 0.510800 -0.907660
vt 0.510800 -0.907490
vt 0.510800 -0.907330
vt 0.510770 -0.907330
vt 0.510770 -0.908160
vt 0.510770 -0.907990
vt 0.510730 -0.907990
vt 0.510650 -0.908320
vt 0.510770 -0.908320
vt 0.510810 -0.908320
vt 0.510800 -0.908160
vt 0.510800 -0.907990
vt 0.510780 -0.908790
vt 0.510780 -0.908640
vt 0.510740 -0.908640
vt 0.510740 -0.908790
vt 0.510740 -0.908940
vt 0.510780 -0.908950
vt 0.510820 -0.908940
vt 0.510810 -0.908790
vt 0.510810 -0.908640
vt 0.510800 -0.909370
vt 0.510790 -0.909230
vt 0.510750 -0.909230
vt 0.510740 -0.909370
vt 0.510800 -0.909510
vt 0.510850 -0.909540
vt 0.510830 -0.909370
vt 0.510830 -0.909230
vt 0.510820 -0.909870
vt 0.510810 -0.909750
vt 0.510770 -0.909750
vt 0.510790 -0.909990
vt 0.510830 -0.909990
vt 0.510860 -0.909990
vt 0.510860 -0.909870
vt 0.510860 -0.909720
vt 0.511650 -0.909090
vt 0.511650 -0.909230
vt 0.511690 -0.909230
vt 0.511660 -0.908940
vt 0.511620 -0.908940
vt 0.511620 -0.909090
vt 0.511610 -0.909230
vt 0.511670 -0.908480
vt 0.511670 -0.908640
vt 0.511710 -0.908640
vt 0.511790 -0.908480
vt 0.511670 -0.908320
vt 0.511640 -0.908320
vt 0.511640 -0.908480
vt 0.511630 -0.908640
vt 0.511680 -0.907830
vt 0.511680 -0.907990
vt 0.511800 -0.907990
vt 0.511800 -0.907830
vt 0.511680 -0.907660
vt 0.511640 -0.907660
vt 0.511640 -0.907830
vt 0.511640 -0.907990
vt 0.511680 -0.907160
vt 0.511680 -0.907320
vt 0.511800 -0.907160
vt 0.511720 -0.906990
vt 0.511680 -0.906990
vt 0.511640 -0.906990
vt 0.511640 -0.907160
vt 0.511640 -0.907330
vt 0.511670 -0.906490
vt 0.511670 -0.906660
vt 0.511710 -0.906660
vt 0.511710 -0.906490
vt 0.511670 -0.906330
vt 0.511630 -0.906330
vt 0.511640 -0.906490
vt 0.511640 -0.906660
vt 0.511650 -0.905860
vt 0.511660 -0.906010
vt 0.511780 -0.906010
vt 0.511650 -0.905710
vt 0.511610 -0.905710
vt 0.511620 -0.905860
vt 0.511620 -0.906010
vt 0.511630 -0.905280
vt 0.511630 -0.905140
vt 0.511590 -0.905140
vt 0.511600 -0.905280
vt 0.511600 -0.905420
vt 0.511640 -0.905420
vt 0.510210 -0.906310
vt 0.510250 -0.906190
vt 0.510210 -0.906190
vt 0.510180 -0.906190
vt 0.510180 -0.906310
vt 0.510180 -0.906430
vt 0.510210 -0.906430
vt 0.511370 -0.909090
vt 0.511370 -0.909230
vt 0.511410 -0.909230
vt 0.511490 -0.909090
vt 0.511380 -0.908940
vt 0.511340 -0.908940
vt 0.511340 -0.909090
vt 0.511330 -0.909230
vt 0.511390 -0.908480
vt 0.511380 -0.908640
vt 0.511510 -0.908480
vt 0.511390 -0.908320
vt 0.511360 -0.908320
vt 0.511350 -0.908480
vt 0.511350 -0.908640
vt 0.511400 -0.907830
vt 0.511390 -0.907990
vt 0.511520 -0.907830
vt 0.511520 -0.907660
vt 0.511400 -0.907660
vt 0.511360 -0.907660
vt 0.511360 -0.907830
vt 0.511360 -0.907990
vt 0.511400 -0.907160
vt 0.511400 -0.907320
vt 0.511440 -0.907320
vt 0.511440 -0.907160
vt 0.511430 -0.906990
vt 0.511390 -0.906990
vt 0.511360 -0.906990
vt 0.511360 -0.907160
vt 0.511360 -0.907330
vt 0.511390 -0.906490
vt 0.511390 -0.906660
vt 0.511430 -0.906660
vt 0.511500 -0.906330
vt 0.511380 -0.906330
vt 0.511350 -0.906330
vt 0.511350 -0.906490
vt 0.511360 -0.906660
vt 0.511370 -0.905860
vt 0.511380 -0.906010
vt 0.511440 -0.906010
vt 0.511430 -0.905860
vt 0.511410 -0.905710
vt 0.511370 -0.905710
vt 0.511330 -0.905710
vt 0.511340 -0.905860
vt 0.511340 -0.906010
vt 0.511350 -0.905280
vt 0.511340 -0.905140
vt 0.511310 -0.905140
vt 0.511310 -0.905280
vt 0.511320 -0.905420
vt 0.511360 -0.905420
vt 0.510480 -0.910110
vt 0.510470 -0.910230
vt 0.510510 -0.910230
vt 0.510520 -0.909980
vt 0.510480 -0.909980
vt 0.510450 -0.909980
vt 0.510440 -0.910110
vt 0.510440 -0.910230
vt 0.510500 -0.909570
vt 0.510500 -0.909710
vt 0.510540 -0.909710
vt 0.510510 -0.909420
vt 0.510470 -0.909420
vt 0.510470 -0.909570
vt 0.510460 -0.909710
vt 0.510520 -0.908960
vt 0.510640 -0.908800
vt 0.510520 -0.908800
vt 0.510490 -0.908800
vt 0.510480 -0.908960
vt 0.510480 -0.909110
vt 0.510510 -0.909110
vt 0.510890 -0.905870
vt 0.510870 -0.905860
vt 0.510870 -0.906020
vt 0.510880 -0.906020
vt 0.510900 -0.906020
vt 0.510910 -0.905870
vt 0.510910 -0.905720
vt 0.510890 -0.905710
vt 0.510880 -0.905710
vt 0.510520 -0.907630
vt 0.510530 -0.907800
vt 0.510640 -0.907630
vt 0.510520 -0.907470
vt 0.510490 -0.907470
vt 0.510490 -0.907630
vt 0.510490 -0.907800
vt 0.510520 -0.908310
vt 0.510520 -0.908470
vt 0.510640 -0.908470
vt 0.510640 -0.908310
vt 0.510650 -0.908140
vt 0.510530 -0.908140
vt 0.510490 -0.908140
vt 0.510490 -0.908310
vt 0.510490 -0.908470
vt 0.803260 -0.169440
vt 0.809810 -0.162220
vt 0.792600 -0.147920
vt 0.786420 -0.155440
vt 0.780780 -0.162310
vt 0.797290 -0.176030
vt 0.813050 -0.190490
vt 0.819340 -0.184200
vt 0.826240 -0.177300
vt 0.511300 -0.906820
vt 0.511320 -0.906820
vt 0.511320 -0.906660
vt 0.511300 -0.906660
vt 0.511280 -0.906660
vt 0.511280 -0.906830
vt 0.511290 -0.906990
vt 0.511300 -0.906990
vt 0.511320 -0.906990
vt 0.511550 -0.909360
vt 0.511570 -0.909360
vt 0.511580 -0.909220
vt 0.511560 -0.909220
vt 0.511540 -0.909220
vt 0.511540 -0.909350
vt 0.511530 -0.909490
vt 0.511550 -0.909500
vt 0.511560 -0.909500
vt 0.510430 -0.907970
vt 0.510450 -0.907970
vt 0.510450 -0.907800
vt 0.510420 -0.907800
vt 0.510420 -0.907970
vt 0.510420 -0.908140
vt 0.510430 -0.908140
vt 0.510450 -0.908140
vt 0.509750 -0.906310
vt 0.509770 -0.906310
vt 0.509770 -0.906190
vt 0.509750 -0.906190
vt 0.509730 -0.906180
vt 0.509730 -0.906300
vt 0.509730 -0.906420
vt 0.509750 -0.906430
vt 0.509770 -0.906430
vt 0.510860 -0.907160
vt 0.510840 -0.907160
vt 0.510840 -0.907330
vt 0.510860 -0.907330
vt 0.510880 -0.907330
vt 0.510880 -0.907160
vt 0.510880 -0.906990
vt 0.510860 -0.906990
vt 0.510850 -0.906990
vt 0.511270 -0.905570
vt 0.511290 -0.905570
vt 0.511280 -0.905430
vt 0.511260 -0.905430
vt 0.511250 -0.905440
vt 0.511250 -0.905570
vt 0.511260 -0.905720
vt 0.511280 -0.905710
vt 0.511290 -0.905710
vt 0.511580 -0.908160
vt 0.511600 -0.908160
vt 0.511600 -0.907990
vt 0.511590 -0.907990
vt 0.511570 -0.907990
vt 0.511570 -0.908150
vt 0.511560 -0.908320
vt 0.511580 -0.908320
vt 0.511600 -0.908320
vt 0.510400 -0.906050
vt 0.510420 -0.906040
vt 0.510410 -0.905900
vt 0.510390 -0.905910
vt 0.510380 -0.905910
vt 0.510380 -0.906050
vt 0.510390 -0.906200
vt 0.510400 -0.906190
vt 0.510420 -0.906190
vt 0.511290 -0.908790
vt 0.511310 -0.908790
vt 0.511310 -0.908630
vt 0.511290 -0.908630
vt 0.511280 -0.908630
vt 0.511270 -0.908780
vt 0.511270 -0.908930
vt 0.511290 -0.908940
vt 0.511300 -0.908940
vt 0.510860 -0.908480
vt 0.510850 -0.908480
vt 0.510850 -0.908630
vt 0.510870 -0.908630
vt 0.510880 -0.908630
vt 0.510880 -0.908470
vt 0.510880 -0.908320
vt 0.510860 -0.908320
vt 0.510850 -0.908320
vt 0.510400 -0.909840
vt 0.510420 -0.909840
vt 0.510420 -0.909700
vt 0.510400 -0.909700
vt 0.510390 -0.909690
vt 0.510380 -0.909830
vt 0.510380 -0.909970
vt 0.510390 -0.909970
vt 0.510410 -0.909980
vt 0.511580 -0.906820
vt 0.511600 -0.906820
vt 0.511600 -0.906660
vt 0.511580 -0.906660
vt 0.511560 -0.906660
vt 0.511570 -0.906830
vt 0.511570 -0.906990
vt 0.511590 -0.906990
vt 0.511600 -0.906990
vt 0.510910 -0.905290
vt 0.510900 -0.905290
vt 0.510890 -0.905430
vt 0.510910 -0.905430
vt 0.510920 -0.905440
vt 0.510930 -0.905300
vt 0.510940 -0.905160
vt 0.510920 -0.905150
vt 0.510900 -0.905150
vt 0.511310 -0.907490
vt 0.511320 -0.907490
vt 0.511320 -0.907330
vt 0.511290 -0.907330
vt 0.511290 -0.907490
vt 0.511290 -0.907660
vt 0.511310 -0.907660
vt 0.511320 -0.907660
vt 0.509980 -0.906310
vt 0.510000 -0.906310
vt 0.510000 -0.906190
vt 0.509980 -0.906190
vt 0.509960 -0.906180
vt 0.509960 -0.906300
vt 0.509960 -0.906420
vt 0.509980 -0.906430
vt 0.510000 -0.906430
vt 0.510430 -0.908630
vt 0.510450 -0.908630
vt 0.510450 -0.908470
vt 0.510430 -0.908470
vt 0.510410 -0.908470
vt 0.510410 -0.908630
vt 0.510410 -0.908790
vt 0.510430 -0.908790
vt 0.510450 -0.908800
vt 0.511550 -0.905570
vt 0.511570 -0.905570
vt 0.511560 -0.905430
vt 0.511550 -0.905430
vt 0.511530 -0.905440
vt 0.511540 -0.905570
vt 0.511540 -0.905720
vt 0.511560 -0.905710
vt 0.511580 -0.905710
vt 0.510870 -0.906500
vt 0.510850 -0.906490
vt 0.510850 -0.906660
vt 0.510870 -0.906660
vt 0.510890 -0.906660
vt 0.510890 -0.906500
vt 0.510890 -0.906340
vt 0.510870 -0.906330
vt 0.510860 -0.906330
vt 0.511290 -0.906180
vt 0.511310 -0.906170
vt 0.511300 -0.906020
vt 0.511280 -0.906020
vt 0.511270 -0.906020
vt 0.511270 -0.906180
vt 0.511280 -0.906340
vt 0.511290 -0.906330
vt 0.511310 -0.906330
vt 0.511570 -0.908790
vt 0.511590 -0.908790
vt 0.511590 -0.908630
vt 0.511580 -0.908630
vt 0.511560 -0.908630
vt 0.511550 -0.908780
vt 0.511550 -0.908930
vt 0.511570 -0.908940
vt 0.511590 -0.908940
vt 0.510420 -0.906650
vt 0.510440 -0.906650
vt 0.510430 -0.906500
vt 0.510410 -0.906500
vt 0.510400 -0.906500
vt 0.510400 -0.906660
vt 0.510410 -0.906810
vt 0.510420 -0.906810
vt 0.510440 -0.906810
vt 0.511270 -0.909360
vt 0.511290 -0.909360
vt 0.511290 -0.909220
vt 0.511280 -0.909220
vt 0.511260 -0.909220
vt 0.511250 -0.909350
vt 0.511250 -0.909490
vt 0.511270 -0.909500
vt 0.511280 -0.909500
vt 0.510860 -0.907830
vt 0.510840 -0.907830
vt 0.510840 -0.907990
vt 0.510860 -0.907990
vt 0.510880 -0.907990
vt 0.510880 -0.907830
vt 0.510880 -0.907660
vt 0.510860 -0.907660
vt 0.510840 -0.907660
vt 0.510370 -0.910330
vt 0.510390 -0.910340
vt 0.510400 -0.910220
vt 0.510380 -0.910210
vt 0.510360 -0.910210
vt 0.510360 -0.910330
vt 0.510350 -0.910450
vt 0.510370 -0.910450
vt 0.510380 -0.910460
vt 0.511590 -0.907490
vt 0.511600 -0.907490
vt 0.511600 -0.907330
vt 0.511590 -0.907330
vt 0.511570 -0.907330
vt 0.511570 -0.907490
vt 0.511570 -0.907660
vt 0.511590 -0.907660
vt 0.511600 -0.907660
vt 0.510050 -0.906310
vt 0.510070 -0.906310
vt 0.510070 -0.906190
vt 0.510050 -0.906190
vt 0.510040 -0.906180
vt 0.510040 -0.906300
vt 0.510040 -0.906420
vt 0.510050 -0.906430
vt 0.510070 -0.906430
vt 0.511300 -0.908160
vt 0.511320 -0.908160
vt 0.511320 -0.907990
vt 0.511300 -0.907990
vt 0.511290 -0.907990
vt 0.511280 -0.908150
vt 0.511280 -0.908320
vt 0.511300 -0.908320
vt 0.511320 -0.908320
vt 0.510430 -0.907300
vt 0.510450 -0.907300
vt 0.510440 -0.907140
vt 0.510430 -0.907140
vt 0.510410 -0.907140
vt 0.510410 -0.907300
vt 0.510420 -0.907470
vt 0.510430 -0.907470
vt 0.510450 -0.907470
vt 0.510880 -0.909080
vt 0.510860 -0.909080
vt 0.510870 -0.909220
vt 0.510880 -0.909220
vt 0.510900 -0.909220
vt 0.510900 -0.909080
vt 0.510890 -0.908930
vt 0.510870 -0.908940
vt 0.510860 -0.908940
vt 0.510420 -0.909260
vt 0.510440 -0.909270
vt 0.510440 -0.909110
vt 0.510430 -0.908950
vt 0.510400 -0.909100
vt 0.510400 -0.909260
vt 0.510400 -0.909410
vt 0.510410 -0.909410
vt 0.510430 -0.909420
vt 0.511570 -0.906180
vt 0.511590 -0.906170
vt 0.511580 -0.906020
vt 0.511570 -0.906020
vt 0.511550 -0.906020
vt 0.511550 -0.906180
vt 0.511560 -0.906340
vt 0.511580 -0.906330
vt 0.511590 -0.906330
vt 0.513460 -0.906360
vt 0.513450 -0.906360
vt 0.513450 -0.906510
vt 0.513460 -0.906510
vt 0.513480 -0.906510
vt 0.513480 -0.906360
vt 0.513480 -0.906210
vt 0.513460 -0.906210
vt 0.513450 -0.906210
vt 0.942260 -0.567350
vt 0.963080 -0.570480
vt 0.954160 -0.546380
vt 0.944530 -0.545420
vt 0.935750 -0.544540
vt 0.933520 -0.566040
vt 0.930260 -0.587330
vt 0.938930 -0.589080
vt 0.948430 -0.590990
vt 0.690130 -0.906500
vt 0.694220 -0.915320
vt 0.714020 -0.904720
vt 0.709510 -0.896130
vt 0.705390 -0.888290
vt 0.686400 -0.898460
vt 0.667010 -0.907650
vt 0.670350 -0.915880
vt 0.674010 -0.924900
vt 0.270990 -0.885430
vt 0.265960 -0.893790
vt 0.285630 -0.904420
vt 0.290240 -0.895840
vt 0.294450 -0.888000
vt 0.275580 -0.877810
vt 0.257300 -0.866730
vt 0.252340 -0.874130
vt 0.246900 -0.882250
vt 0.062210 -0.435130
vt 0.052640 -0.433700
vt 0.050310 -0.456110
vt 0.059930 -0.457070
vt 0.068710 -0.457940
vt 0.070950 -0.436450
vt 0.074210 -0.415150
vt 0.065540 -0.413410
vt 0.056040 -0.411500
vt 0.314330 -0.095980
vt 0.305440 -0.076800
vt 0.290450 -0.097770
vt 0.294960 -0.106360
vt 0.299070 -0.114200
vt 0.318060 -0.104030
vt 0.337450 -0.094840
vt 0.334110 -0.086600
vt 0.330460 -0.077580
vt 0.733470 -0.117050
vt 0.738510 -0.108690
vt 0.718830 -0.098060
vt 0.714220 -0.106650
vt 0.710010 -0.114480
vt 0.728880 -0.124680
vt 0.747160 -0.135760
vt 0.752120 -0.128350
vt 0.757560 -0.120240
vt 0.947070 -0.479610
vt 0.956750 -0.479140
vt 0.954690 -0.456730
vt 0.945060 -0.457680
vt 0.936270 -0.458540
vt 0.938240 -0.480040
vt 0.939170 -0.501540
vt 0.948020 -0.501550
vt 0.957710 -0.501560
vt 0.765270 -0.861400
vt 0.777720 -0.878440
vt 0.788380 -0.854960
vt 0.782280 -0.847430
vt 0.776720 -0.840560
vt 0.760050 -0.854250
vt 0.742800 -0.867060
vt 0.747670 -0.874470
vt 0.753010 -0.882590
vt 0.349670 -0.923060
vt 0.346350 -0.932240
vt 0.367720 -0.938790
vt 0.370580 -0.929470
vt 0.373200 -0.920970
vt 0.352690 -0.914680
vt 0.332600 -0.907420
vt 0.329160 -0.915650
vt 0.320970 -0.935260
vt 0.069670 -0.609780
vt 0.060260 -0.612140
vt 0.066630 -0.633700
vt 0.075900 -0.630880
vt 0.084370 -0.628310
vt 0.078260 -0.607630
vt 0.073180 -0.586740
vt 0.064490 -0.588470
vt 0.054970 -0.590370
vt 0.057390 -0.522870
vt 0.047710 -0.523340
vt 0.049770 -0.545760
vt 0.059410 -0.544810
vt 0.068200 -0.543950
vt 0.066220 -0.522440
vt 0.065300 -0.500940
vt 0.056450 -0.500940
vt 0.046750 -0.500930
vt 0.239190 -0.141090
vt 0.226750 -0.124040
vt 0.216090 -0.147530
vt 0.222180 -0.155060
vt 0.227740 -0.161930
vt 0.244420 -0.148240
vt 0.261670 -0.135420
vt 0.256800 -0.128010
vt 0.251460 -0.119890
vt 0.654800 -0.079430
vt 0.662020 -0.059470
vt 0.636750 -0.063700
vt 0.633880 -0.073010
vt 0.631270 -0.081520
vt 0.651770 -0.087800
vt 0.671870 -0.095070
vt 0.675300 -0.086840
vt 0.679070 -0.077820
vt 0.934800 -0.392700
vt 0.944210 -0.390340
vt 0.937840 -0.368790
vt 0.928560 -0.371610
vt 0.920100 -0.374180
vt 0.926210 -0.394860
vt 0.931280 -0.415740
vt 0.939970 -0.414010
vt 0.949500 -0.412110
vt 0.830300 -0.802460
vt 0.845830 -0.816710
vt 0.851740 -0.791610
vt 0.844300 -0.785430
vt 0.837510 -0.779780
vt 0.823790 -0.796480
vt 0.809330 -0.812420
vt 0.815550 -0.818720
vt 0.830380 -0.833740
vt 0.434200 -0.944470
vt 0.432720 -0.954110
vt 0.454980 -0.956340
vt 0.455980 -0.946650
vt 0.456900 -0.937800
vt 0.435550 -0.935670
vt 0.414420 -0.932500
vt 0.412640 -0.941240
vt 0.410690 -0.950810
vt 0.098570 -0.692520
vt 0.089790 -0.696680
vt 0.100220 -0.716550
vt 0.108780 -0.711970
vt 0.116590 -0.707780
vt 0.106590 -0.688720
vt 0.097550 -0.669260
vt 0.089360 -0.672660
vt 0.080380 -0.676390
vt 0.174160 -0.200030
vt 0.167020 -0.193480
vt 0.152730 -0.210880
vt 0.160170 -0.217060
vt 0.166960 -0.222700
vt 0.180680 -0.206010
vt 0.195130 -0.190070
vt 0.188910 -0.183770
vt 0.182090 -0.176860
vt 0.570260 -0.058010
vt 0.571740 -0.048370
vt 0.549490 -0.046150
vt 0.548480 -0.055840
vt 0.547560 -0.064680
vt 0.568910 -0.066810
vt 0.590050 -0.069980
vt 0.591830 -0.061250
vt 0.593780 -0.051680
vt 0.905890 -0.309970
vt 0.925000 -0.300910
vt 0.904250 -0.285940
vt 0.895690 -0.290520
vt 0.887880 -0.294700
vt 0.897880 -0.313760
vt 0.906910 -0.333230
vt 0.915110 -0.329830
vt 0.924090 -0.326100
vt 0.882730 -0.731940
vt 0.891010 -0.736960
vt 0.901670 -0.717100
vt 0.893170 -0.712500
vt 0.885410 -0.708310
vt 0.875170 -0.727360
vt 0.864070 -0.745810
vt 0.871400 -0.750770
vt 0.879430 -0.756200
vt 0.521350 -0.948850
vt 0.521770 -0.958590
vt 0.544050 -0.956400
vt 0.543160 -0.946710
vt 0.542350 -0.937860
vt 0.520970 -0.939970
vt 0.499610 -0.941010
vt 0.499550 -0.949920
vt 0.499500 -0.959680
vt 0.142980 -0.767910
vt 0.125980 -0.780530
vt 0.149260 -0.791130
vt 0.156780 -0.784950
vt 0.163630 -0.779320
vt 0.150120 -0.762610
vt 0.137480 -0.745310
vt 0.130090 -0.750260
vt 0.121990 -0.755680
vt 0.121740 -0.270550
vt 0.113460 -0.265530
vt 0.102790 -0.285390
vt 0.111300 -0.289980
vt 0.119060 -0.294180
vt 0.129290 -0.275130
vt 0.140400 -0.256670
vt 0.133070 -0.251720
vt 0.125030 -0.246290
vt 0.483110 -0.053630
vt 0.482700 -0.043890
vt 0.460410 -0.046090
vt 0.461300 -0.055780
vt 0.462120 -0.064620
vt 0.483490 -0.062520
vt 0.504860 -0.061470
vt 0.504910 -0.052570
vt 0.504970 -0.042810
vt 0.861480 -0.234580
vt 0.878480 -0.221960
vt 0.855210 -0.211360
vt 0.847690 -0.217530
vt 0.840830 -0.223160
vt 0.854350 -0.239870
vt 0.866990 -0.257170
vt 0.874380 -0.252230
vt 0.882470 -0.246810
vt 0.920530 -0.652550
vt 0.929630 -0.655840
vt 0.936250 -0.634300
vt 0.927010 -0.631460
vt 0.918580 -0.628880
vt 0.912230 -0.649550
vt 0.904900 -0.669810
vt 0.913060 -0.673230
vt 0.932500 -0.681360
vt 0.607770 -0.936030
vt 0.610070 -0.945490
vt 0.631520 -0.938970
vt 0.628770 -0.929650
vt 0.626250 -0.921140
vt 0.605680 -0.927400
vt 0.584900 -0.932620
vt 0.586570 -0.941360
vt 0.588410 -0.950930
vt 0.201200 -0.833050
vt 0.186960 -0.848750
vt 0.211870 -0.854560
vt 0.218050 -0.847040
vt 0.223690 -0.840180
vt 0.207180 -0.826460
vt 0.191420 -0.811990
vt 0.185120 -0.818290
vt 0.170120 -0.833290
vt 0.083940 -0.349930
vt 0.064140 -0.342770
vt 0.068210 -0.368190
vt 0.077450 -0.371020
vt 0.085890 -0.373610
vt 0.092240 -0.352940
vt 0.099560 -0.332670
vt 0.091410 -0.329260
vt 0.082470 -0.325520
vt 0.396690 -0.066450
vt 0.394400 -0.056990
vt 0.372950 -0.063520
vt 0.375700 -0.072840
vt 0.378210 -0.081340
vt 0.398790 -0.075090
vt 0.419570 -0.069870
vt 0.417890 -0.061130
vt 0.416060 -0.051550
vt 0.596360 -0.112440
vt 0.599160 -0.101270
vt 0.579380 -0.097330
vt 0.577140 -0.108620
vt 0.574860 -0.120070
vt 0.593520 -0.123780
vt 0.611900 -0.128390
vt 0.615300 -0.117190
vt 0.618650 -0.106150
vt 0.513590 -0.908160
vt 0.513570 -0.908300
vt 0.513590 -0.908300
vt 0.513610 -0.908300
vt 0.513600 -0.908160
vt 0.513600 -0.908020
vt 0.513580 -0.908020
vt 0.513570 -0.908020
vt 0.513600 -0.905270
vt 0.513600 -0.905390
vt 0.513610 -0.905390
vt 0.513620 -0.905270
vt 0.513620 -0.905140
vt 0.513610 -0.905140
vt 0.513590 -0.905140
vt 0.513350 -0.906960
vt 0.513330 -0.906960
vt 0.513320 -0.907270
vt 0.513350 -0.907270
vt 0.513360 -0.907120
vt 0.513360 -0.906960
vt 0.513360 -0.906810
vt 0.513350 -0.906810
vt 0.512710 -0.909150
vt 0.512680 -0.909150
vt 0.512720 -0.909270
vt 0.512730 -0.909270
vt 0.512730 -0.909150
vt 0.512720 -0.909020
vt 0.512710 -0.909020
vt 0.512680 -0.909020
vt 0.512710 -0.905700
vt 0.512710 -0.905830
vt 0.512720 -0.905830
vt 0.512730 -0.905700
vt 0.512730 -0.905580
vt 0.512720 -0.905580
vt 0.513460 -0.906960
vt 0.513460 -0.907120
vt 0.513480 -0.907120
vt 0.513470 -0.906960
vt 0.513470 -0.906810
vt 0.513460 -0.906810
vt 0.513600 -0.908710
vt 0.513570 -0.908710
vt 0.513610 -0.908840
vt 0.513620 -0.908840
vt 0.513620 -0.908710
vt 0.513610 -0.908580
vt 0.513600 -0.908580
vt 0.513580 -0.908580
vt 0.513590 -0.905790
vt 0.513570 -0.905790
vt 0.513580 -0.905930
vt 0.513600 -0.905930
vt 0.513600 -0.905790
vt 0.513600 -0.905650
vt 0.513590 -0.905650
vt 0.513570 -0.905650
vt 0.513350 -0.907570
vt 0.513340 -0.907570
vt 0.513320 -0.907720
vt 0.513350 -0.907720
vt 0.513370 -0.907720
vt 0.513370 -0.907570
vt 0.513360 -0.907420
vt 0.513350 -0.907420
vt 0.513330 -0.907420
vt 0.512740 -0.909630
vt 0.512700 -0.909630
vt 0.512740 -0.909740
vt 0.512760 -0.909740
vt 0.512750 -0.909630
vt 0.512740 -0.909520
vt 0.512730 -0.909520
vt 0.512710 -0.909520
vt 0.512690 -0.906220
vt 0.512690 -0.906360
vt 0.512710 -0.906360
vt 0.512710 -0.906220
vt 0.512710 -0.906080
vt 0.512700 -0.906080
vt 0.513460 -0.907570
vt 0.513480 -0.907720
vt 0.513480 -0.907570
vt 0.513480 -0.907420
vt 0.513460 -0.907420
vt 0.513450 -0.907420
vt 0.510010 -0.906550
vt 0.509980 -0.906550
vt 0.510000 -0.906660
vt 0.510010 -0.906660
vt 0.510030 -0.906650
vt 0.510030 -0.906550
vt 0.510030 -0.906440
vt 0.510010 -0.906440
vt 0.510000 -0.906440
vt 0.513570 -0.906360
vt 0.513560 -0.906360
vt 0.513570 -0.906510
vt 0.513590 -0.906510
vt 0.513590 -0.906360
vt 0.513590 -0.906210
vt 0.513580 -0.906210
vt 0.513560 -0.906210
vt 0.513360 -0.908160
vt 0.513350 -0.908160
vt 0.513350 -0.908300
vt 0.513370 -0.908300
vt 0.513380 -0.908300
vt 0.513380 -0.908160
vt 0.513370 -0.908020
vt 0.513360 -0.908020
vt 0.513340 -0.908020
vt 0.513380 -0.905270
vt 0.513360 -0.905270
vt 0.513370 -0.905390
vt 0.513390 -0.905390
vt 0.513390 -0.905270
vt 0.513400 -0.905140
vt 0.513380 -0.905140
vt 0.512680 -0.906790
vt 0.512670 -0.906790
vt 0.512670 -0.906940
vt 0.512680 -0.906940
vt 0.512700 -0.906940
vt 0.512700 -0.906790
vt 0.512700 -0.906650
vt 0.512690 -0.906650
vt 0.512670 -0.906650
vt 0.513470 -0.908160
vt 0.513460 -0.908160
vt 0.513460 -0.908300
vt 0.513480 -0.908300
vt 0.513490 -0.908300
vt 0.513490 -0.908160
vt 0.513490 -0.908020
vt 0.513470 -0.908020
vt 0.513490 -0.905270
vt 0.513480 -0.905270
vt 0.513490 -0.905390
vt 0.513500 -0.905390
vt 0.513510 -0.905270
vt 0.513510 -0.905140
vt 0.513500 -0.905140
vt 0.513480 -0.905140
vt 0.513570 -0.906960
vt 0.513570 -0.907120
vt 0.513590 -0.907120
vt 0.513590 -0.906960
vt 0.513590 -0.906810
vt 0.513570 -0.906810
vt 0.513380 -0.908710
vt 0.513360 -0.908710
vt 0.513370 -0.908840
vt 0.513380 -0.908840
vt 0.513400 -0.908840
vt 0.513390 -0.908710
vt 0.513390 -0.908580
vt 0.513370 -0.908580
vt 0.513360 -0.908580
vt 0.513360 -0.905790
vt 0.513350 -0.905790
vt 0.513360 -0.905930
vt 0.513370 -0.905930
vt 0.513380 -0.905790
vt 0.513380 -0.905650
vt 0.513370 -0.905650
vt 0.512680 -0.908000
vt 0.512700 -0.908150
vt 0.512700 -0.908000
vt 0.512700 -0.907850
vt 0.512680 -0.907850
vt 0.512670 -0.907850
vt 0.512680 -0.907400
vt 0.512680 -0.907550
vt 0.512700 -0.907550
vt 0.512700 -0.907400
vt 0.512700 -0.907240
vt 0.512680 -0.907240
vt 0.513490 -0.908710
vt 0.513480 -0.908710
vt 0.513480 -0.908840
vt 0.513500 -0.908840
vt 0.513510 -0.908840
vt 0.513510 -0.908710
vt 0.513500 -0.908580
vt 0.513490 -0.908580
vt 0.513470 -0.908580
vt 0.513470 -0.905790
vt 0.513460 -0.905790
vt 0.513470 -0.905930
vt 0.513490 -0.905930
vt 0.513490 -0.905790
vt 0.513490 -0.905650
vt 0.513480 -0.905650
vt 0.513570 -0.907570
vt 0.513590 -0.907720
vt 0.513590 -0.907570
vt 0.513590 -0.907420
vt 0.513570 -0.907420
vt 0.513560 -0.907420
vt 0.510090 -0.906550
vt 0.510060 -0.906550
vt 0.510120 -0.906660
vt 0.510090 -0.906600
vt 0.510100 -0.906600
vt 0.510100 -0.906550
vt 0.510100 -0.906440
vt 0.510090 -0.906440
vt 0.510070 -0.906440
vt 0.513350 -0.906360
vt 0.513340 -0.906360
vt 0.513350 -0.906510
vt 0.513370 -0.906510
vt 0.513370 -0.906360
vt 0.513370 -0.906210
vt 0.513350 -0.906210
vt 0.513340 -0.906210
vt 0.512690 -0.908600
vt 0.512680 -0.908740
vt 0.512700 -0.908740
vt 0.512710 -0.908740
vt 0.512710 -0.908600
vt 0.512710 -0.908450
vt 0.512690 -0.908450
vt 0.512660 -0.908450
vt 0.512740 -0.905250
vt 0.512700 -0.905250
vt 0.512710 -0.905360
vt 0.512730 -0.905360
vt 0.512740 -0.905360
vt 0.512750 -0.905250
vt 0.512760 -0.905140
vt 0.512740 -0.905140
vt 0.512730 -0.905140
vt 0.512830 -0.909090
vt 0.512850 -0.909090
vt 0.512840 -0.908980
vt 0.512820 -0.908980
vt 0.512810 -0.909090
vt 0.512810 -0.909210
vt 0.512830 -0.909210
vt 0.512850 -0.909210
vt 0.874660 -0.364740
vt 0.885510 -0.360860
vt 0.877790 -0.342230
vt 0.867160 -0.346630
vt 0.856370 -0.351100
vt 0.863650 -0.368680
vt 0.870040 -0.386520
vt 0.881240 -0.383120
vt 0.892280 -0.379770
vt 0.819490 -0.736300
vt 0.839950 -0.726400
vt 0.830380 -0.720010
vt 0.820670 -0.713520
vt 0.810110 -0.729340
vt 0.798820 -0.744560
vt 0.807860 -0.751990
vt 0.816780 -0.759310
vt 0.479910 -0.896870
vt 0.479340 -0.908380
vt 0.499500 -0.908380
vt 0.499500 -0.896870
vt 0.499500 -0.885190
vt 0.480480 -0.885190
vt 0.461550 -0.884260
vt 0.460400 -0.895910
vt 0.459270 -0.907390
vt 0.157730 -0.703710
vt 0.147850 -0.709640
vt 0.159050 -0.726400
vt 0.168620 -0.720010
vt 0.178330 -0.713520
vt 0.167760 -0.697700
vt 0.158020 -0.681450
vt 0.147690 -0.686970
vt 0.137520 -0.692400
vt 0.139350 -0.328530
vt 0.128930 -0.323600
vt 0.121210 -0.342230
vt 0.131850 -0.346630
vt 0.142640 -0.351100
vt 0.149910 -0.333530
vt 0.158020 -0.316390
vt 0.147690 -0.310870
vt 0.137520 -0.305440
vt 0.179510 -0.261540
vt 0.159050 -0.271440
vt 0.168620 -0.277830
vt 0.178330 -0.284320
vt 0.188900 -0.268500
vt 0.200190 -0.253280
vt 0.191140 -0.245850
vt 0.182220 -0.238530
vt 0.519100 -0.100970
vt 0.519670 -0.089460
vt 0.499500 -0.089460
vt 0.499500 -0.100970
vt 0.499500 -0.112650
vt 0.518520 -0.112650
vt 0.537450 -0.113580
vt 0.538600 -0.101930
vt 0.539730 -0.090450
vt 0.841270 -0.294130
vt 0.851160 -0.288200
vt 0.839950 -0.271440
vt 0.830380 -0.277830
vt 0.820670 -0.284320
vt 0.831240 -0.300140
vt 0.840990 -0.316390
vt 0.851310 -0.310870
vt 0.861490 -0.305440
vt 0.859660 -0.669310
vt 0.870070 -0.674240
vt 0.877790 -0.655610
vt 0.867160 -0.651210
vt 0.856370 -0.646740
vt 0.849090 -0.664310
vt 0.840990 -0.681450
vt 0.851310 -0.686970
vt 0.861490 -0.692400
vt 0.557920 -0.893040
vt 0.559610 -0.904440
vt 0.579380 -0.900510
vt 0.577140 -0.889220
vt 0.574860 -0.877770
vt 0.556200 -0.881480
vt 0.537460 -0.884260
vt 0.538600 -0.895910
vt 0.539730 -0.907390
vt 0.204250 -0.766450
vt 0.195720 -0.774190
vt 0.209970 -0.788450
vt 0.218110 -0.780310
vt 0.226370 -0.772050
vt 0.212920 -0.758600
vt 0.200190 -0.744560
vt 0.191140 -0.751990
vt 0.182220 -0.759310
vt 0.113030 -0.402060
vt 0.097910 -0.419040
vt 0.109200 -0.421280
vt 0.120650 -0.423560
vt 0.124370 -0.404910
vt 0.128970 -0.386520
vt 0.117770 -0.383120
vt 0.106730 -0.379770
vt 0.441090 -0.104800
vt 0.439400 -0.093400
vt 0.419620 -0.097330
vt 0.421870 -0.108620
vt 0.424140 -0.120070
vt 0.442800 -0.116360
vt 0.461550 -0.113580
vt 0.460400 -0.101930
vt 0.459270 -0.090450
vt 0.794750 -0.231390
vt 0.803290 -0.223650
vt 0.789030 -0.209390
vt 0.780890 -0.217530
vt 0.772640 -0.225790
vt 0.786090 -0.239240
vt 0.798820 -0.253280
vt 0.807860 -0.245850
vt 0.885980 -0.595780
vt 0.901090 -0.578800
vt 0.889800 -0.576560
vt 0.878350 -0.574280
vt 0.874640 -0.592930
vt 0.870040 -0.611320
vt 0.881240 -0.614720
vt 0.892280 -0.618070
vt 0.633680 -0.874070
vt 0.637570 -0.884930
vt 0.656190 -0.877210
vt 0.651790 -0.866570
vt 0.647320 -0.855790
vt 0.629750 -0.863070
vt 0.611900 -0.869450
vt 0.615300 -0.880650
vt 0.618650 -0.891700
vt 0.262120 -0.818910
vt 0.272020 -0.839370
vt 0.278420 -0.829800
vt 0.284900 -0.820090
vt 0.269090 -0.809520
vt 0.253860 -0.798240
vt 0.246440 -0.807280
vt 0.239120 -0.816200
vt 0.101560 -0.479320
vt 0.090050 -0.478760
vt 0.090050 -0.498920
vt 0.101560 -0.498920
vt 0.113230 -0.498920
vt 0.113230 -0.479900
vt 0.114160 -0.460970
vt 0.102510 -0.459820
vt 0.091030 -0.458690
vt 0.365320 -0.123770
vt 0.361440 -0.112920
vt 0.342810 -0.120630
vt 0.347210 -0.131270
vt 0.351680 -0.142050
vt 0.369260 -0.134770
vt 0.387100 -0.128390
vt 0.383700 -0.117190
vt 0.380350 -0.106150
vt 0.736880 -0.178930
vt 0.743750 -0.169670
vt 0.726980 -0.158470
vt 0.720590 -0.168040
vt 0.714100 -0.177750
vt 0.729920 -0.188320
vt 0.745140 -0.199610
vt 0.752570 -0.190560
vt 0.759890 -0.181640
vt 0.897450 -0.518520
vt 0.908960 -0.519080
vt 0.908960 -0.498920
vt 0.897450 -0.498920
vt 0.885770 -0.498920
vt 0.885770 -0.517940
vt 0.884840 -0.536870
vt 0.896490 -0.538020
vt 0.907980 -0.539150
vt 0.704290 -0.840690
vt 0.710220 -0.850570
vt 0.726980 -0.839370
vt 0.720590 -0.829800
vt 0.714100 -0.820090
vt 0.698290 -0.830660
vt 0.682030 -0.840410
vt 0.687550 -0.850730
vt 0.692990 -0.860900
vt 0.329110 -0.859080
vt 0.324180 -0.869490
vt 0.342810 -0.877210
vt 0.347210 -0.866570
vt 0.351680 -0.855790
vt 0.334110 -0.848510
vt 0.316970 -0.840410
vt 0.311460 -0.850730
vt 0.306020 -0.860900
vt 0.105380 -0.557340
vt 0.093980 -0.559020
vt 0.097910 -0.578800
vt 0.109200 -0.576560
vt 0.120650 -0.574280
vt 0.116940 -0.555620
vt 0.114160 -0.536870
vt 0.102510 -0.538020
vt 0.091030 -0.539150
vt 0.294710 -0.157150
vt 0.272020 -0.158470
vt 0.278420 -0.168040
vt 0.284900 -0.177750
vt 0.300720 -0.167180
vt 0.316970 -0.157430
vt 0.311460 -0.147110
vt 0.306020 -0.136940
vt 0.669890 -0.138770
vt 0.674820 -0.128350
vt 0.656190 -0.120630
vt 0.651790 -0.131270
vt 0.647320 -0.142050
vt 0.664900 -0.149330
vt 0.682030 -0.157430
vt 0.687550 -0.147110
vt 0.692990 -0.136940
vt 0.893630 -0.440510
vt 0.905020 -0.438820
vt 0.901090 -0.419040
vt 0.889800 -0.421280
vt 0.878350 -0.423560
vt 0.882060 -0.442220
vt 0.884840 -0.460970
vt 0.896490 -0.459820
vt 0.907980 -0.458690
vt 0.767040 -0.794170
vt 0.774770 -0.802710
vt 0.789030 -0.788450
vt 0.780890 -0.780310
vt 0.772640 -0.772050
vt 0.759190 -0.785510
vt 0.745140 -0.798240
vt 0.752570 -0.807280
vt 0.759890 -0.816200
vt 0.402650 -0.885400
vt 0.419620 -0.900510
vt 0.421870 -0.889220
vt 0.424140 -0.877770
vt 0.405490 -0.874060
vt 0.387100 -0.869450
vt 0.383700 -0.880650
vt 0.380360 -0.891700
vt 0.124350 -0.633100
vt 0.113500 -0.636980
vt 0.121210 -0.655610
vt 0.131850 -0.651210
vt 0.142640 -0.646740
vt 0.135360 -0.629170
vt 0.128970 -0.611320
vt 0.117770 -0.614720
vt 0.106730 -0.618070
vt 0.231970 -0.203670
vt 0.224230 -0.195130
vt 0.209970 -0.209390
vt 0.218110 -0.217530
vt 0.226370 -0.225790
vt 0.239820 -0.212340
vt 0.253860 -0.199610
vt 0.246440 -0.190560
vt 0.339510 -0.837260
vt 0.338800 -0.838770
vt 0.355830 -0.845820
vt 0.356460 -0.844280
vt 0.356750 -0.843590
vt 0.339830 -0.836580
vt 0.323340 -0.828780
vt 0.322980 -0.829450
vt 0.322200 -0.830920
vt 0.513240 -0.906830
vt 0.513220 -0.906830
vt 0.513200 -0.906970
vt 0.513240 -0.906980
vt 0.513260 -0.906980
vt 0.513260 -0.906830
vt 0.513260 -0.906690
vt 0.513240 -0.906690
vt 0.513200 -0.906690
vt 0.512970 -0.905890
vt 0.512970 -0.905660
vt 0.512950 -0.905780
vt 0.512950 -0.905890
vt 0.512960 -0.906020
vt 0.512980 -0.906020
vt 0.513000 -0.906020
vt 0.512970 -0.908610
vt 0.512950 -0.908480
vt 0.512950 -0.908610
vt 0.512940 -0.908740
vt 0.512960 -0.908740
vt 0.513110 -0.907400
vt 0.513070 -0.907540
vt 0.513110 -0.907540
vt 0.513130 -0.907540
vt 0.513130 -0.907400
vt 0.513130 -0.907260
vt 0.513110 -0.907260
vt 0.513090 -0.907260
vt 0.512810 -0.905440
vt 0.512800 -0.905340
vt 0.512780 -0.905340
vt 0.512790 -0.905440
vt 0.512800 -0.905550
vt 0.512820 -0.905550
vt 0.512850 -0.908610
vt 0.512890 -0.908610
vt 0.512850 -0.908480
vt 0.512830 -0.908480
vt 0.512830 -0.908610
vt 0.512830 -0.908740
vt 0.512850 -0.908740
vt 0.513240 -0.907400
vt 0.513220 -0.907400
vt 0.513220 -0.907540
vt 0.513240 -0.907540
vt 0.513260 -0.907540
vt 0.513260 -0.907400
vt 0.513250 -0.907260
vt 0.513240 -0.907260
vt 0.512960 -0.905440
vt 0.512990 -0.905440
vt 0.512950 -0.905340
vt 0.512930 -0.905340
vt 0.512940 -0.905440
vt 0.512940 -0.905550
vt 0.512960 -0.905550
vt 0.512980 -0.908080
vt 0.513020 -0.908080
vt 0.513000 -0.907940
vt 0.512980 -0.907940
vt 0.512960 -0.907940
vt 0.512960 -0.908080
vt 0.512960 -0.908210
vt 0.512980 -0.908210
vt 0.513020 -0.908210
vt 0.513110 -0.907950
vt 0.513090 -0.907950
vt 0.513110 -0.908080
vt 0.513130 -0.908080
vt 0.513130 -0.907950
vt 0.513130 -0.907810
vt 0.513110 -0.907810
vt 0.513090 -0.907810
vt 0.513150 -0.905260
vt 0.513130 -0.905260
vt 0.513150 -0.905380
vt 0.513170 -0.905380
vt 0.513170 -0.905260
vt 0.513180 -0.905140
vt 0.513160 -0.905140
vt 0.512860 -0.908080
vt 0.512880 -0.908080
vt 0.512880 -0.907940
vt 0.512860 -0.907940
vt 0.512840 -0.907940
vt 0.512840 -0.908080
vt 0.512840 -0.908210
vt 0.512860 -0.908210
vt 0.512900 -0.908210
vt 0.513240 -0.907950
vt 0.513230 -0.908080
vt 0.513250 -0.908080
vt 0.513270 -0.908080
vt 0.513260 -0.907950
vt 0.513260 -0.907810
vt 0.513240 -0.907810
vt 0.513220 -0.907810
vt 0.513280 -0.905260
vt 0.513260 -0.905260
vt 0.513270 -0.905380
vt 0.513290 -0.905380
vt 0.513290 -0.905260
vt 0.513300 -0.905140
vt 0.513280 -0.905140
vt 0.512990 -0.907520
vt 0.513030 -0.907520
vt 0.513030 -0.907380
vt 0.512990 -0.907380
vt 0.512970 -0.907380
vt 0.512970 -0.907520
vt 0.512970 -0.907660
vt 0.512990 -0.907660
vt 0.513010 -0.907660
vt 0.513120 -0.908460
vt 0.513110 -0.908570
vt 0.513130 -0.908570
vt 0.513150 -0.908570
vt 0.513140 -0.908460
vt 0.513140 -0.908340
vt 0.513120 -0.908340
vt 0.513130 -0.905740
vt 0.513150 -0.905870
vt 0.513150 -0.905740
vt 0.513160 -0.905610
vt 0.513140 -0.905610
vt 0.513100 -0.905610
vt 0.512860 -0.906950
vt 0.512900 -0.906950
vt 0.512890 -0.906810
vt 0.512860 -0.906810
vt 0.512840 -0.906810
vt 0.512840 -0.906950
vt 0.512840 -0.907090
vt 0.512860 -0.907090
vt 0.512880 -0.907090
vt 0.512860 -0.907520
vt 0.512900 -0.907520
vt 0.512900 -0.907380
vt 0.512860 -0.907380
vt 0.512840 -0.907380
vt 0.512840 -0.907520
vt 0.512840 -0.907660
vt 0.512860 -0.907660
vt 0.512880 -0.907660
vt 0.513260 -0.908460
vt 0.513240 -0.908460
vt 0.513240 -0.908570
vt 0.513260 -0.908690
vt 0.513280 -0.908570
vt 0.513280 -0.908460
vt 0.513270 -0.908340
vt 0.513250 -0.908340
vt 0.513210 -0.908340
vt 0.513260 -0.905740
vt 0.513220 -0.905740
vt 0.513230 -0.905870
vt 0.513250 -0.905870
vt 0.513270 -0.905870
vt 0.513280 -0.905740
vt 0.513280 -0.905610
vt 0.513260 -0.905610
vt 0.512990 -0.906950
vt 0.513030 -0.906950
vt 0.513030 -0.906810
vt 0.512990 -0.906810
vt 0.512970 -0.906810
vt 0.512970 -0.906950
vt 0.512970 -0.907090
vt 0.512990 -0.907090
vt 0.513010 -0.907090
vt 0.513140 -0.908910
vt 0.513120 -0.908910
vt 0.513130 -0.909010
vt 0.513150 -0.909010
vt 0.513170 -0.909010
vt 0.513160 -0.908910
vt 0.513160 -0.908810
vt 0.513140 -0.908810
vt 0.513100 -0.908810
vt 0.513120 -0.906270
vt 0.513100 -0.906270
vt 0.513100 -0.906410
vt 0.513110 -0.906410
vt 0.513130 -0.906410
vt 0.513140 -0.906270
vt 0.513140 -0.906140
vt 0.513120 -0.906140
vt 0.513100 -0.906140
vt 0.512850 -0.906410
vt 0.512860 -0.906270
vt 0.512840 -0.906270
vt 0.512830 -0.906270
vt 0.512830 -0.906410
vt 0.512830 -0.906540
vt 0.512850 -0.906540
vt 0.512870 -0.906540
vt 0.512810 -0.909510
vt 0.512850 -0.909510
vt 0.512850 -0.909410
vt 0.512820 -0.909410
vt 0.512800 -0.909410
vt 0.512790 -0.909510
vt 0.512790 -0.909610
vt 0.512810 -0.909610
vt 0.512840 -0.909610
vt 0.513240 -0.906270
vt 0.513220 -0.906270
vt 0.513220 -0.906410
vt 0.513240 -0.906410
vt 0.513260 -0.906410
vt 0.513260 -0.906270
vt 0.513260 -0.906140
vt 0.513250 -0.906140
vt 0.513230 -0.906140
vt 0.512990 -0.906410
vt 0.513000 -0.906270
vt 0.512980 -0.906270
vt 0.512960 -0.906270
vt 0.512970 -0.906410
vt 0.512970 -0.906540
vt 0.512990 -0.906540
vt 0.513010 -0.906540
vt 0.512940 -0.909090
vt 0.512960 -0.909090
vt 0.512950 -0.908980
vt 0.512930 -0.908980
vt 0.512930 -0.909090
vt 0.512920 -0.909210
vt 0.512940 -0.909210
vt 0.513110 -0.906830
vt 0.513090 -0.906830
vt 0.513070 -0.906970
vt 0.513110 -0.906970
vt 0.513130 -0.906980
vt 0.513130 -0.906830
vt 0.513130 -0.906690
vt 0.513110 -0.906690
vt 0.513090 -0.906690
vt 0.512830 -0.905890
vt 0.512820 -0.905660
vt 0.512810 -0.905780
vt 0.512810 -0.905890
vt 0.512820 -0.906020
vt 0.512840 -0.906020
vt 0.512860 -0.906020
vt 0.511160 -0.909200
vt 0.511040 -0.909200
vt 0.511100 -0.909100
vt 0.276790 -0.799660
vt 0.291120 -0.811240
vt 0.292040 -0.809850
vt 0.292460 -0.809230
vt 0.277240 -0.799050
vt 0.262580 -0.788190
vt 0.262100 -0.788770
vt 0.258820 -0.792760
vt 0.126450 -0.481690
vt 0.124780 -0.500040
vt 0.126450 -0.500040
vt 0.127200 -0.500040
vt 0.127200 -0.481730
vt 0.128090 -0.463500
vt 0.127340 -0.463430
vt 0.125680 -0.463270
vt 0.307300 -0.180030
vt 0.292040 -0.190230
vt 0.292460 -0.190850
vt 0.307690 -0.180680
vt 0.323340 -0.171300
vt 0.322980 -0.170630
vt 0.322200 -0.169160
vt 0.658600 -0.162820
vt 0.659310 -0.161310
vt 0.641650 -0.155790
vt 0.641360 -0.156490
vt 0.658280 -0.163500
vt 0.674770 -0.171300
vt 0.675130 -0.170630
vt 0.675910 -0.169160
vt 0.868080 -0.445340
vt 0.863770 -0.427490
vt 0.867340 -0.445450
vt 0.870020 -0.463500
vt 0.870770 -0.463430
vt 0.749550 -0.776490
vt 0.750670 -0.777720
vt 0.762530 -0.763510
vt 0.762000 -0.762980
vt 0.749050 -0.775930
vt 0.735530 -0.788190
vt 0.736010 -0.788770
vt 0.737070 -0.790060
vt 0.408370 -0.861910
vt 0.407110 -0.866920
vt 0.426360 -0.865490
vt 0.426510 -0.864750
vt 0.408550 -0.861180
vt 0.390850 -0.856750
vt 0.390630 -0.857470
vt 0.389130 -0.862410
vt 0.130030 -0.554740
vt 0.134340 -0.572590
vt 0.130770 -0.554620
vt 0.128090 -0.536580
vt 0.127340 -0.536650
vt 0.248560 -0.223590
vt 0.247440 -0.222360
vt 0.235580 -0.236570
vt 0.236110 -0.237100
vt 0.249060 -0.224150
vt 0.262580 -0.211890
vt 0.262100 -0.211310
vt 0.261040 -0.210020
vt 0.589740 -0.138170
vt 0.591000 -0.133160
vt 0.571750 -0.134590
vt 0.571600 -0.135330
vt 0.589560 -0.138900
vt 0.607260 -0.143330
vt 0.607480 -0.142610
vt 0.608980 -0.137660
vt 0.850320 -0.374400
vt 0.851890 -0.373840
vt 0.844840 -0.356810
vt 0.843300 -0.357450
vt 0.842610 -0.357740
vt 0.849610 -0.374650
vt 0.855760 -0.391830
vt 0.856480 -0.391610
vt 0.858080 -0.391130
vt 0.798670 -0.722310
vt 0.810250 -0.707970
vt 0.808870 -0.707050
vt 0.808240 -0.706630
vt 0.798070 -0.721860
vt 0.787200 -0.736510
vt 0.787780 -0.736990
vt 0.480710 -0.872650
vt 0.499050 -0.872650
vt 0.499050 -0.871900
vt 0.480740 -0.871900
vt 0.462520 -0.871000
vt 0.462440 -0.871750
vt 0.462280 -0.873410
vt 0.147790 -0.625680
vt 0.154810 -0.642630
vt 0.155500 -0.642340
vt 0.148500 -0.625420
vt 0.142350 -0.608250
vt 0.141630 -0.608460
vt 0.140030 -0.608950
vt 0.199440 -0.277770
vt 0.198100 -0.276780
vt 0.189240 -0.293030
vt 0.189870 -0.293450
vt 0.200040 -0.278220
vt 0.210910 -0.263560
vt 0.210330 -0.263090
vt 0.517400 -0.127430
vt 0.499050 -0.127430
vt 0.499050 -0.128180
vt 0.517370 -0.128180
vt 0.535590 -0.129080
vt 0.535670 -0.128330
vt 0.535830 -0.126660
vt 0.819060 -0.308290
vt 0.808870 -0.293030
vt 0.808240 -0.293450
vt 0.818420 -0.308670
vt 0.827800 -0.324320
vt 0.828460 -0.323970
vt 0.836280 -0.659580
vt 0.840940 -0.661790
vt 0.844840 -0.643270
vt 0.843300 -0.642630
vt 0.842610 -0.642340
vt 0.835600 -0.659260
vt 0.827800 -0.675760
vt 0.828460 -0.676110
vt 0.829930 -0.676900
vt 0.553750 -0.869070
vt 0.572070 -0.867120
vt 0.571750 -0.865490
vt 0.571600 -0.864750
vt 0.553640 -0.868320
vt 0.535590 -0.871000
vt 0.535670 -0.871750
vt 0.179050 -0.691790
vt 0.189240 -0.707050
vt 0.189870 -0.706630
vt 0.179690 -0.691410
vt 0.170310 -0.675760
vt 0.169650 -0.676110
vt 0.168180 -0.676900
vt 0.161830 -0.340500
vt 0.160320 -0.339780
vt 0.154810 -0.357450
vt 0.155500 -0.357740
vt 0.162510 -0.340820
vt 0.170310 -0.324320
vt 0.169650 -0.323970
vt 0.168170 -0.323180
vt 0.444360 -0.131010
vt 0.426040 -0.132960
vt 0.426360 -0.134590
vt 0.426510 -0.135330
vt 0.444470 -0.131750
vt 0.462520 -0.129080
vt 0.462440 -0.128330
vt 0.775500 -0.249540
vt 0.776740 -0.248420
vt 0.762530 -0.236560
vt 0.762000 -0.237100
vt 0.774950 -0.250050
vt 0.787200 -0.263560
vt 0.787780 -0.263090
vt 0.789070 -0.262030
vt 0.860920 -0.590730
vt 0.864500 -0.572730
vt 0.863770 -0.572580
vt 0.860190 -0.590550
vt 0.855760 -0.608250
vt 0.856480 -0.608460
vt 0.624690 -0.851310
vt 0.625250 -0.852880
vt 0.642280 -0.845820
vt 0.641650 -0.844280
vt 0.641360 -0.843590
vt 0.624440 -0.850600
vt 0.607260 -0.856750
vt 0.607480 -0.857470
vt 0.607960 -0.859060
vt 0.222610 -0.750540
vt 0.235580 -0.763510
vt 0.236110 -0.762980
vt 0.223160 -0.750030
vt 0.210910 -0.736510
vt 0.210330 -0.736990
vt 0.209040 -0.738050
vt 0.137190 -0.409350
vt 0.133610 -0.427350
vt 0.134340 -0.427490
vt 0.137920 -0.409530
vt 0.142350 -0.391830
vt 0.141630 -0.391610
vt 0.140030 -0.391130
vt 0.373420 -0.148770
vt 0.372850 -0.147200
vt 0.355830 -0.154260
vt 0.356460 -0.155790
vt 0.356750 -0.156490
vt 0.373670 -0.149480
vt 0.390850 -0.143330
vt 0.390630 -0.142610
vt 0.390150 -0.141010
vt 0.721320 -0.200420
vt 0.724400 -0.196280
vt 0.706070 -0.190230
vt 0.705650 -0.190850
vt 0.720870 -0.201030
vt 0.735530 -0.211890
vt 0.736010 -0.211310
vt 0.739290 -0.207320
vt 0.871660 -0.518390
vt 0.871660 -0.500040
vt 0.870910 -0.500040
vt 0.870910 -0.518350
vt 0.870020 -0.536580
vt 0.870770 -0.536650
vt 0.872430 -0.536810
vt 0.690810 -0.820050
vt 0.706070 -0.809850
vt 0.705650 -0.809230
vt 0.690420 -0.819400
vt 0.674770 -0.828780
vt 0.675130 -0.829450
vt 0.511120 -0.906120
vt 0.511010 -0.906120
vt 0.511000 -0.906370
vt 0.511120 -0.905990
vt 0.511070 -0.905990
vt 0.512420 -0.907340
vt 0.512420 -0.907470
vt 0.512530 -0.907200
vt 0.512480 -0.907200
vt 0.512290 -0.908810
vt 0.512230 -0.908810
vt 0.512280 -0.908710
vt 0.512220 -0.908710
vt 0.512230 -0.906240
vt 0.512150 -0.906110
vt 0.512020 -0.906370
vt 0.511960 -0.906240
vt 0.511900 -0.906240
vt 0.511980 -0.908990
vt 0.511050 -0.906770
vt 0.512430 -0.907870
vt 0.512490 -0.908000
vt 0.512550 -0.908000
vt 0.512250 -0.906790
vt 0.512200 -0.906790
vt 0.512140 -0.906650
vt 0.512000 -0.905650
vt 0.511880 -0.908520
vt 0.512000 -0.908520
vt 0.511940 -0.908390
vt 0.511890 -0.908390
vt 0.511910 -0.908640
vt 0.511000 -0.907730
vt 0.511110 -0.907590
vt 0.511050 -0.907590
vt 0.511110 -0.907180
vt 0.511050 -0.907180
vt 0.511080 -0.907040
vt 0.512540 -0.905730
vt 0.512430 -0.905730
vt 0.512550 -0.905600
vt 0.512490 -0.905600
vt 0.512140 -0.907340
vt 0.512225 -0.907470
vt 0.512250 -0.907200
vt 0.512190 -0.907200
vt 0.511990 -0.905430
vt 0.511980 -0.905340
vt 0.511880 -0.905530
vt 0.511940 -0.905530
vt 0.511925 -0.908000
vt 0.511010 -0.908260
vt 0.511070 -0.908390
vt 0.511130 -0.908390
vt 0.511120 -0.908130
vt 0.511000 -0.908130
vt 0.511160 -0.905240
vt 0.511100 -0.905240
vt 0.511050 -0.905140
vt 0.512505 -0.906240
vt 0.512230 -0.907870
vt 0.512200 -0.908000
vt 0.512260 -0.908000
vt 0.512260 -0.907740
vt 0.512140 -0.907740
vt 0.512180 -0.905250
vt 0.512180 -0.905370
vt 0.512190 -0.905140
vt 0.511935 -0.907450
vt 0.511960 -0.907320
vt 0.511130 -0.908640
vt 0.511020 -0.908640
vt 0.511020 -0.905650
vt 0.511080 -0.905760
vt 0.511130 -0.905760
vt 0.511140 -0.905530
vt 0.511030 -0.905530
vt 0.512500 -0.906790
vt 0.512470 -0.906930
vt 0.512150 -0.908250
vt 0.512280 -0.905730
vt 0.512220 -0.905730
vt 0.512280 -0.905600
vt 0.512220 -0.905600
vt 0.512020 -0.906910
vt 0.512020 -0.906770
vt 0.511910 -0.907040
vt 0.511960 -0.907040
vt 0.510600 -0.906970
vt 0.510600 -0.907130
vt 0.510640 -0.907130
vt 0.510640 -0.906970
vt 0.510630 -0.906800
vt 0.510600 -0.907300
vt 0.510640 -0.907470
vt 0.510640 -0.907300
vt 0.510560 -0.907300
vt 0.510520 -0.907300
vt 0.510490 -0.907300
vt 0.510620 -0.906330
vt 0.510620 -0.906180
vt 0.510590 -0.906650
vt 0.510630 -0.906650
vt 0.510550 -0.906650
vt 0.510510 -0.906650
vt 0.510480 -0.906650
vt 0.510600 -0.905900
vt 0.510600 -0.905760
vt 0.510590 -0.905620
vt 0.510550 -0.905620
vt 0.510610 -0.906040
vt 0.510530 -0.906040
vt 0.510490 -0.906040
vt 0.510460 -0.906040
vt 0.510530 -0.905260
vt 0.510540 -0.905380
vt 0.510580 -0.905380
vt 0.510570 -0.905260
vt 0.510560 -0.905140
vt 0.510520 -0.905140
vt 0.510460 -0.905500
vt 0.510580 -0.905500
vt 0.510420 -0.905500
vt 0.510740 -0.905420
vt 0.510700 -0.905420
vt 0.510680 -0.905700
vt 0.510740 -0.905280
vt 0.510750 -0.905140
vt 0.510710 -0.905140
vt 0.510700 -0.905280
vt 0.510820 -0.905280
vt 0.510790 -0.905140
vt 0.510830 -0.905140
vt 0.510860 -0.905280
vt 0.510860 -0.905140
vt 0.510670 -0.906170
vt 0.510660 -0.906330
vt 0.510720 -0.905860
vt 0.510680 -0.905860
vt 0.510760 -0.905860
vt 0.510800 -0.905860
vt 0.510830 -0.905860
vt 0.510700 -0.906660
vt 0.510660 -0.906660
vt 0.510700 -0.906490
vt 0.510660 -0.906490
vt 0.510740 -0.906490
vt 0.510780 -0.906490
vt 0.510810 -0.906490
vt 0.510690 -0.907490
vt 0.510650 -0.907320
vt 0.510650 -0.907490
vt 0.510650 -0.907660
vt 0.510690 -0.907660
vt 0.510710 -0.907160
vt 0.510650 -0.907160
vt 0.510770 -0.907160
vt 0.510800 -0.907160
vt 0.510690 -0.907990
vt 0.510650 -0.907990
vt 0.510650 -0.908160
vt 0.510650 -0.907830
vt 0.510770 -0.907830
vt 0.510800 -0.907830
vt 0.510660 -0.908640
vt 0.510660 -0.908790
vt 0.510660 -0.908940
vt 0.510700 -0.908940
vt 0.510710 -0.908480
vt 0.510650 -0.908480
vt 0.510770 -0.908480
vt 0.510810 -0.908480
vt 0.510710 -0.909230
vt 0.510670 -0.909230
vt 0.510680 -0.909370
vt 0.510680 -0.909500
vt 0.510710 -0.909090
vt 0.510670 -0.909090
vt 0.510750 -0.909090
vt 0.510790 -0.909090
vt 0.510820 -0.909090
vt 0.510740 -0.909870
vt 0.510730 -0.909750
vt 0.510690 -0.909750
vt 0.510700 -0.909870
vt 0.510710 -0.909990
vt 0.510750 -0.909990
vt 0.510810 -0.909630
vt 0.510690 -0.909630
vt 0.510850 -0.909630
vt 0.511730 -0.909230
vt 0.511770 -0.909230
vt 0.511770 -0.909090
vt 0.511780 -0.908940
vt 0.511720 -0.909370
vt 0.511720 -0.909510
vt 0.511760 -0.909510
vt 0.511760 -0.909370
vt 0.511640 -0.909370
vt 0.511680 -0.909510
vt 0.511640 -0.909510
vt 0.511610 -0.909370
vt 0.511600 -0.909510
vt 0.511790 -0.908320
vt 0.511790 -0.908640
vt 0.511740 -0.908790
vt 0.511780 -0.908790
vt 0.511700 -0.908790
vt 0.511660 -0.908790
vt 0.511630 -0.908790
vt 0.511800 -0.907660
vt 0.511760 -0.908160
vt 0.511800 -0.908160
vt 0.511720 -0.908160
vt 0.511670 -0.908160
vt 0.511640 -0.908160
vt 0.511800 -0.907320
vt 0.511800 -0.906990
vt 0.511760 -0.906990
vt 0.511760 -0.907490
vt 0.511800 -0.907490
vt 0.511720 -0.907490
vt 0.511680 -0.907490
vt 0.511640 -0.907490
vt 0.511750 -0.906490
vt 0.511750 -0.906660
vt 0.511790 -0.906660
vt 0.511790 -0.906490
vt 0.511790 -0.906330
vt 0.511760 -0.906820
vt 0.511800 -0.906820
vt 0.511710 -0.906820
vt 0.511670 -0.906820
vt 0.511640 -0.906820
vt 0.511770 -0.905860
vt 0.511770 -0.905700
vt 0.511740 -0.906170
vt 0.511780 -0.906170
vt 0.511660 -0.906170
vt 0.511630 -0.906170
vt 0.511760 -0.905420
vt 0.511750 -0.905280
vt 0.511750 -0.905140
vt 0.511760 -0.905560
vt 0.511680 -0.905560
vt 0.511640 -0.905560
vt 0.511610 -0.905560
vt 0.510290 -0.906310
vt 0.510290 -0.906430
vt 0.510330 -0.906430
vt 0.510330 -0.906310
vt 0.510330 -0.906190
vt 0.510290 -0.906190
vt 0.509840 -0.906320
vt 0.509840 -0.906440
vt 0.509960 -0.906430
vt 0.509960 -0.906310
vt 0.509960 -0.906190
vt 0.509920 -0.906190
vt 0.509840 -0.906200
vt 0.509810 -0.906200
vt 0.509810 -0.906320
vt 0.509810 -0.906440
vt 0.511450 -0.909230
vt 0.511490 -0.909230
vt 0.511500 -0.908940
vt 0.511440 -0.909370
vt 0.511440 -0.909510
vt 0.511480 -0.909510
vt 0.511480 -0.909370
vt 0.511360 -0.909370
vt 0.511400 -0.909510
vt 0.511360 -0.909510
vt 0.511330 -0.909370
vt 0.511320 -0.909510
vt 0.511500 -0.908640
vt 0.511510 -0.908320
vt 0.511460 -0.908790
vt 0.511500 -0.908790
vt 0.511420 -0.908790
vt 0.511380 -0.908790
vt 0.511350 -0.908790
vt 0.511510 -0.907990
vt 0.511470 -0.908160
vt 0.511510 -0.908160
vt 0.511430 -0.908160
vt 0.511390 -0.908160
vt 0.511360 -0.908160
vt 0.511480 -0.907160
vt 0.511520 -0.907320
vt 0.511520 -0.907160
vt 0.511510 -0.906990
vt 0.511470 -0.906990
vt 0.511480 -0.907490
vt 0.511520 -0.907490
vt 0.511440 -0.907490
vt 0.511400 -0.907490
vt 0.511360 -0.907490
vt 0.511470 -0.906660
vt 0.511510 -0.906660
vt 0.511510 -0.906490
vt 0.511510 -0.906820
vt 0.511390 -0.906820
vt 0.511360 -0.906820
vt 0.511500 -0.906010
vt 0.511490 -0.905860
vt 0.511490 -0.905700
vt 0.511450 -0.905710
vt 0.511440 -0.906170
vt 0.511500 -0.906170
vt 0.511380 -0.906170
vt 0.511350 -0.906170
vt 0.511480 -0.905420
vt 0.511470 -0.905280
vt 0.511460 -0.905140
vt 0.511440 -0.905560
vt 0.511480 -0.905560
vt 0.511360 -0.905560
vt 0.511330 -0.905560
vt 0.510560 -0.910110
vt 0.510520 -0.910350
vt 0.510590 -0.910230
vt 0.510600 -0.910110
vt 0.510610 -0.909980
vt 0.510570 -0.909980
vt 0.510460 -0.910470
vt 0.510580 -0.910460
vt 0.510580 -0.910350
vt 0.510460 -0.910350
vt 0.510430 -0.910340
vt 0.510420 -0.910460
vt 0.510580 -0.909710
vt 0.510620 -0.909710
vt 0.510620 -0.909570
vt 0.510630 -0.909420
vt 0.510590 -0.909420
vt 0.510570 -0.909850
vt 0.510610 -0.909850
vt 0.510490 -0.909850
vt 0.510460 -0.909850
vt 0.510640 -0.908960
vt 0.510630 -0.909110
vt 0.510630 -0.909270
vt 0.510510 -0.909270
vt 0.510480 -0.909270
vt 0.510880 -0.906180
vt 0.510860 -0.906170
vt 0.510900 -0.906180
vt 0.510840 -0.906170
vt 0.510840 -0.906330
vt 0.510850 -0.906020
vt 0.510850 -0.905860
vt 0.510860 -0.905710
vt 0.510650 -0.907800
vt 0.510610 -0.907970
vt 0.510650 -0.907970
vt 0.510570 -0.907970
vt 0.510530 -0.907970
vt 0.510490 -0.907970
vt 0.510600 -0.908640
vt 0.510640 -0.908640
vt 0.510560 -0.908640
vt 0.510520 -0.908640
vt 0.510490 -0.908640
vt 0.769570 -0.141450
vt 0.764260 -0.148590
vt 0.782220 -0.124420
vt 0.789570 -0.114540
vt 0.770820 -0.100460
vt 0.763950 -0.110710
vt 0.799870 -0.139080
vt 0.807670 -0.129580
vt 0.817510 -0.153740
vt 0.825780 -0.144620
vt 0.834350 -0.169190
vt 0.843060 -0.160480
vt 0.511300 -0.906500
vt 0.511310 -0.906490
vt 0.511280 -0.906500
vt 0.511330 -0.906490
vt 0.511330 -0.906330
vt 0.511330 -0.906660
vt 0.511340 -0.906820
vt 0.511340 -0.906990
vt 0.511560 -0.909080
vt 0.511580 -0.909080
vt 0.511550 -0.909080
vt 0.511600 -0.909090
vt 0.511600 -0.908940
vt 0.511590 -0.909230
vt 0.511590 -0.909370
vt 0.511580 -0.909510
vt 0.510430 -0.907630
vt 0.510450 -0.907630
vt 0.510420 -0.907640
vt 0.510470 -0.907630
vt 0.510470 -0.907470
vt 0.510470 -0.907800
vt 0.510470 -0.907970
vt 0.510470 -0.908140
vt 0.510120 -0.906320
vt 0.510140 -0.906310
vt 0.510140 -0.906190
vt 0.510120 -0.906200
vt 0.510100 -0.906200
vt 0.510100 -0.906320
vt 0.510100 -0.906440
vt 0.510120 -0.906430
vt 0.510140 -0.906430
vt 0.510160 -0.906310
vt 0.510160 -0.906190
vt 0.510160 -0.906430
vt 0.509790 -0.906320
vt 0.509790 -0.906200
vt 0.509790 -0.906440
vt 0.510860 -0.907490
vt 0.510840 -0.907490
vt 0.510880 -0.907490
vt 0.510820 -0.907490
vt 0.510820 -0.907660
vt 0.510830 -0.907330
vt 0.510830 -0.907160
vt 0.510830 -0.906990
vt 0.511260 -0.905290
vt 0.511270 -0.905290
vt 0.511270 -0.905150
vt 0.511250 -0.905150
vt 0.511230 -0.905160
vt 0.511240 -0.905300
vt 0.511290 -0.905280
vt 0.511290 -0.905140
vt 0.511300 -0.905420
vt 0.511300 -0.905560
vt 0.511310 -0.905710
vt 0.511590 -0.907830
vt 0.511600 -0.907830
vt 0.511570 -0.907820
vt 0.511620 -0.907830
vt 0.511620 -0.907660
vt 0.511620 -0.907990
vt 0.511620 -0.908160
vt 0.511620 -0.908320
vt 0.510390 -0.905770
vt 0.510400 -0.905760
vt 0.510400 -0.905620
vt 0.510380 -0.905630
vt 0.510360 -0.905630
vt 0.510370 -0.905770
vt 0.510420 -0.905760
vt 0.510410 -0.905620
vt 0.510430 -0.905900
vt 0.510430 -0.906040
vt 0.510440 -0.906190
vt 0.511300 -0.908470
vt 0.511310 -0.908480
vt 0.511280 -0.908470
vt 0.511330 -0.908480
vt 0.511330 -0.908320
vt 0.511330 -0.908630
vt 0.511320 -0.908790
vt 0.511320 -0.908940
vt 0.510870 -0.908790
vt 0.510850 -0.908790
vt 0.510890 -0.908780
vt 0.510840 -0.908790
vt 0.510840 -0.908940
vt 0.510830 -0.908640
vt 0.510830 -0.908480
vt 0.510830 -0.908320
vt 0.510410 -0.909560
vt 0.510430 -0.909560
vt 0.510390 -0.909550
vt 0.510440 -0.909560
vt 0.510450 -0.909420
vt 0.510440 -0.909700
vt 0.510430 -0.909840
vt 0.510430 -0.909980
vt 0.511580 -0.906500
vt 0.511600 -0.906490
vt 0.511560 -0.906500
vt 0.511610 -0.906490
vt 0.511610 -0.906330
vt 0.511620 -0.906660
vt 0.511620 -0.906820
vt 0.511620 -0.906990
vt 0.510900 -0.905570
vt 0.510880 -0.905570
vt 0.510920 -0.905580
vt 0.510870 -0.905560
vt 0.510870 -0.905420
vt 0.510880 -0.905280
vt 0.510890 -0.905140
vt 0.511300 -0.907160
vt 0.511320 -0.907160
vt 0.511290 -0.907160
vt 0.511340 -0.907160
vt 0.511340 -0.907330
vt 0.511340 -0.907490
vt 0.511340 -0.907660
vt 0.510910 -0.909860
vt 0.510900 -0.909860
vt 0.510900 -0.909980
vt 0.510920 -0.909970
vt 0.510940 -0.909970
vt 0.510930 -0.909850
vt 0.510920 -0.909730
vt 0.510910 -0.909740
vt 0.510890 -0.909740
vt 0.510880 -0.909870
vt 0.510880 -0.909980
vt 0.510870 -0.909750
vt 0.510020 -0.906320
vt 0.510030 -0.906320
vt 0.510030 -0.906200
vt 0.510020 -0.906200
vt 0.510020 -0.906440
vt 0.510030 -0.906440
vt 0.510430 -0.908300
vt 0.510450 -0.908300
vt 0.510420 -0.908300
vt 0.510470 -0.908300
vt 0.510470 -0.908470
vt 0.510460 -0.908640
vt 0.510460 -0.908800
vt 0.511540 -0.905290
vt 0.511560 -0.905290
vt 0.511550 -0.905150
vt 0.511530 -0.905150
vt 0.511520 -0.905160
vt 0.511520 -0.905300
vt 0.511570 -0.905280
vt 0.511570 -0.905140
vt 0.511580 -0.905420
vt 0.511590 -0.905560
vt 0.511590 -0.905710
vt 0.510870 -0.906830
vt 0.510850 -0.906820
vt 0.510880 -0.906830
vt 0.510830 -0.906820
vt 0.510830 -0.906660
vt 0.510840 -0.906490
vt 0.511280 -0.905870
vt 0.511300 -0.905860
vt 0.511260 -0.905870
vt 0.511310 -0.905860
vt 0.511320 -0.906020
vt 0.511320 -0.906170
vt 0.511580 -0.908470
vt 0.511600 -0.908480
vt 0.511560 -0.908470
vt 0.511610 -0.908480
vt 0.511610 -0.908630
vt 0.511610 -0.908790
vt 0.510410 -0.906340
vt 0.510430 -0.906340
vt 0.510390 -0.906350
vt 0.510440 -0.906340
vt 0.510450 -0.906490
vt 0.510450 -0.906650
vt 0.510460 -0.906810
vt 0.511280 -0.909080
vt 0.511300 -0.909080
vt 0.511260 -0.909080
vt 0.511310 -0.909090
vt 0.511310 -0.909230
vt 0.511300 -0.909370
vt 0.511300 -0.909510
vt 0.510860 -0.908160
vt 0.510840 -0.908160
vt 0.510880 -0.908150
vt 0.510830 -0.908160
vt 0.510830 -0.907990
vt 0.510820 -0.907830
vt 0.510390 -0.910090
vt 0.510400 -0.910100
vt 0.510370 -0.910090
vt 0.510420 -0.910100
vt 0.510410 -0.910220
vt 0.510410 -0.910340
vt 0.510400 -0.910460
vt 0.511590 -0.907160
vt 0.511600 -0.907160
vt 0.511570 -0.907160
vt 0.511620 -0.907160
vt 0.511620 -0.907330
vt 0.511620 -0.907490
vt 0.510360 -0.905270
vt 0.510380 -0.905270
vt 0.510370 -0.905150
vt 0.510350 -0.905150
vt 0.510330 -0.905160
vt 0.510340 -0.905280
vt 0.510350 -0.905400
vt 0.510370 -0.905390
vt 0.510380 -0.905390
vt 0.510390 -0.905260
vt 0.510380 -0.905140
vt 0.510400 -0.905380
vt 0.510090 -0.906320
vt 0.510100 -0.906320
vt 0.510100 -0.906200
vt 0.510090 -0.906200
vt 0.510090 -0.906440
vt 0.510100 -0.906440
vt 0.511300 -0.907830
vt 0.511320 -0.907830
vt 0.511290 -0.907820
vt 0.511340 -0.907830
vt 0.511340 -0.907990
vt 0.511340 -0.908160
vt 0.510430 -0.906970
vt 0.510440 -0.906970
vt 0.510410 -0.906970
vt 0.510460 -0.906970
vt 0.510460 -0.907130
vt 0.510460 -0.907300
vt 0.510890 -0.909360
vt 0.510870 -0.909360
vt 0.510880 -0.909500
vt 0.510890 -0.909500
vt 0.510910 -0.909490
vt 0.510910 -0.909360
vt 0.510850 -0.909370
vt 0.510860 -0.909510
vt 0.510850 -0.909230
vt 0.510840 -0.909090
vt 0.510440 -0.908950
vt 0.510410 -0.908950
vt 0.510460 -0.908960
vt 0.510460 -0.909110
vt 0.510450 -0.909270
vt 0.511560 -0.905870
vt 0.511580 -0.905860
vt 0.511550 -0.905870
vt 0.511600 -0.905860
vt 0.511600 -0.906020
vt 0.511610 -0.906170
vt 0.513460 -0.906660
vt 0.513480 -0.906660
vt 0.513430 -0.906660
vt 0.513410 -0.906660
vt 0.513410 -0.906810
vt 0.513430 -0.906810
vt 0.513430 -0.906510
vt 0.513410 -0.906510
vt 0.513430 -0.906360
vt 0.513420 -0.906360
vt 0.513430 -0.906210
vt 0.513420 -0.906210
vt 0.946810 -0.523480
vt 0.956480 -0.523970
vt 0.937990 -0.523040
vt 0.967850 -0.524540
vt 0.980060 -0.525150
vt 0.981360 -0.501570
vt 0.969110 -0.501560
vt 0.965470 -0.547510
vt 0.977620 -0.548720
vt 0.975170 -0.572300
vt 0.959590 -0.593230
vt 0.971590 -0.595640
vt 0.728880 -0.885750
vt 0.739610 -0.903940
vt 0.724380 -0.878110
vt 0.745840 -0.914510
vt 0.766030 -0.902390
vt 0.759280 -0.892130
vt 0.719320 -0.914810
vt 0.725010 -0.925660
vt 0.699020 -0.925680
vt 0.704190 -0.936810
vt 0.678310 -0.935500
vt 0.682930 -0.946890
vt 0.309500 -0.906240
vt 0.305300 -0.915050
vt 0.313320 -0.898200
vt 0.300370 -0.925410
vt 0.295080 -0.936530
vt 0.316220 -0.946640
vt 0.280210 -0.914510
vt 0.274390 -0.925350
vt 0.260050 -0.903610
vt 0.253700 -0.914170
vt 0.240520 -0.891780
vt 0.233650 -0.902020
vt 0.057650 -0.479000
vt 0.047980 -0.478520
vt 0.066480 -0.479440
vt 0.036620 -0.477950
vt 0.024400 -0.477340
vt 0.023110 -0.500910
vt 0.035350 -0.500920
vt 0.039000 -0.454980
vt 0.026850 -0.453760
vt 0.041390 -0.432010
vt 0.029300 -0.430190
vt 0.044870 -0.409250
vt 0.032880 -0.406840
vt 0.275580 -0.116740
vt 0.264860 -0.098540
vt 0.280080 -0.124370
vt 0.258630 -0.087980
vt 0.238440 -0.100100
vt 0.245180 -0.110350
vt 0.285150 -0.087670
vt 0.279460 -0.076830
vt 0.300280 -0.065670
vt 0.326160 -0.066980
vt 0.321540 -0.055590
vt 0.694970 -0.096240
vt 0.699160 -0.087430
vt 0.691140 -0.104280
vt 0.704090 -0.077080
vt 0.709390 -0.065950
vt 0.688250 -0.055840
vt 0.683490 -0.067230
vt 0.724250 -0.087970
vt 0.730080 -0.077130
vt 0.744420 -0.098870
vt 0.750770 -0.088320
vt 0.943040 -0.435740
vt 0.963900 -0.432640
vt 0.934290 -0.437040
vt 0.976010 -0.430840
vt 0.972710 -0.407490
vt 0.960690 -0.409880
vt 0.966010 -0.455610
vt 0.978180 -0.454420
vt 0.968130 -0.478590
vt 0.980350 -0.477990
vt 0.799300 -0.833460
vt 0.805760 -0.840680
vt 0.793400 -0.826860
vt 0.813350 -0.849180
vt 0.821520 -0.858300
vt 0.838990 -0.842470
vt 0.795540 -0.863810
vt 0.803230 -0.873320
vt 0.784950 -0.888340
vt 0.391500 -0.935880
vt 0.389090 -0.945340
vt 0.393700 -0.927250
vt 0.386260 -0.956450
vt 0.383220 -0.968390
vt 0.405940 -0.974150
vt 0.408400 -0.962060
vt 0.364350 -0.949740
vt 0.360740 -0.961500
vt 0.342450 -0.943020
vt 0.338250 -0.954610
vt 0.082130 -0.651980
vt 0.072990 -0.655260
vt 0.090470 -0.648980
vt 0.062250 -0.659110
vt 0.050710 -0.663250
vt 0.058480 -0.685480
vt 0.069820 -0.680770
vt 0.055730 -0.637010
vt 0.044010 -0.640570
vt 0.049200 -0.614920
vt 0.037320 -0.617900
vt 0.043780 -0.592600
vt 0.031750 -0.595000
vt 0.061420 -0.566750
vt 0.040560 -0.569850
vt 0.070170 -0.565450
vt 0.028450 -0.571650
vt 0.038450 -0.546870
vt 0.026290 -0.548070
vt 0.036340 -0.523900
vt 0.024120 -0.524490
vt 0.205170 -0.169030
vt 0.198710 -0.161800
vt 0.211070 -0.175620
vt 0.191110 -0.153310
vt 0.182950 -0.144180
vt 0.165480 -0.160020
vt 0.174080 -0.168740
vt 0.201240 -0.129170
vt 0.219520 -0.114150
vt 0.612960 -0.066600
vt 0.615370 -0.057150
vt 0.610760 -0.075230
vt 0.618200 -0.046030
vt 0.621250 -0.034090
vt 0.598530 -0.028340
vt 0.596070 -0.040430
vt 0.640110 -0.052750
vt 0.643730 -0.040990
vt 0.666210 -0.047880
vt 0.922330 -0.350510
vt 0.931470 -0.347230
vt 0.913990 -0.353500
vt 0.942210 -0.343380
vt 0.953750 -0.339240
vt 0.945990 -0.317000
vt 0.934650 -0.321710
vt 0.948740 -0.365470
vt 0.960450 -0.361910
vt 0.955270 -0.387570
vt 0.967150 -0.384590
vt 0.858290 -0.768400
vt 0.875140 -0.781040
vt 0.851220 -0.763090
vt 0.884920 -0.788380
vt 0.899010 -0.769430
vt 0.888870 -0.762580
vt 0.860490 -0.798880
vt 0.869880 -0.806680
vt 0.854840 -0.824980
vt 0.477770 -0.948820
vt 0.477230 -0.958560
vt 0.478250 -0.939940
vt 0.476610 -0.970000
vt 0.475940 -0.982300
vt 0.499350 -0.983480
vt 0.499430 -0.971150
vt 0.453800 -0.967730
vt 0.452530 -0.979960
vt 0.430980 -0.965450
vt 0.429110 -0.977620
vt 0.118990 -0.731410
vt 0.100850 -0.742300
vt 0.126590 -0.726840
vt 0.090320 -0.748630
vt 0.102260 -0.768880
vt 0.112480 -0.762040
vt 0.090160 -0.721940
vt 0.079350 -0.727730
vt 0.079470 -0.701570
vt 0.068380 -0.706830
vt 0.146170 -0.234090
vt 0.129320 -0.221450
vt 0.153240 -0.239390
vt 0.119540 -0.214110
vt 0.105450 -0.233050
vt 0.115600 -0.239910
vt 0.143980 -0.203610
vt 0.134580 -0.195800
vt 0.158640 -0.185780
vt 0.149620 -0.177500
vt 0.526700 -0.053660
vt 0.527230 -0.043920
vt 0.526210 -0.062550
vt 0.527860 -0.032480
vt 0.528530 -0.020190
vt 0.505110 -0.019010
vt 0.505040 -0.031330
vt 0.550670 -0.034760
vt 0.551940 -0.022520
vt 0.573480 -0.037040
vt 0.575350 -0.024860
vt 0.885480 -0.271070
vt 0.903620 -0.260180
vt 0.877870 -0.275640
vt 0.914140 -0.253860
vt 0.902210 -0.233600
vt 0.891990 -0.240440
vt 0.914310 -0.280550
vt 0.925120 -0.274760
vt 0.936090 -0.295660
vt 0.903610 -0.693070
vt 0.895640 -0.689260
vt 0.922600 -0.702150
vt 0.933630 -0.707420
vt 0.943780 -0.686090
vt 0.911670 -0.722500
vt 0.922410 -0.728310
vt 0.900730 -0.742850
vt 0.911190 -0.749190
vt 0.564970 -0.944560
vt 0.566330 -0.954210
vt 0.563720 -0.935760
vt 0.567940 -0.965540
vt 0.569660 -0.977720
vt 0.592880 -0.974270
vt 0.590560 -0.962180
vt 0.545100 -0.967790
vt 0.546220 -0.980030
vt 0.522260 -0.970030
vt 0.522780 -0.982330
vt 0.170570 -0.802000
vt 0.163350 -0.808550
vt 0.177150 -0.796030
vt 0.154870 -0.816240
vt 0.145760 -0.824500
vt 0.161400 -0.842000
vt 0.140430 -0.798380
vt 0.130940 -0.806170
vt 0.116110 -0.787850
vt 0.100860 -0.309410
vt 0.092130 -0.305240
vt 0.108830 -0.313220
vt 0.081860 -0.300340
vt 0.070840 -0.295070
vt 0.060680 -0.316400
vt 0.071970 -0.321120
vt 0.092800 -0.279980
vt 0.082060 -0.274180
vt 0.103730 -0.259630
vt 0.093280 -0.253290
vt 0.439500 -0.057920
vt 0.438130 -0.048280
vt 0.440740 -0.066730
vt 0.436530 -0.036940
vt 0.434800 -0.024770
vt 0.411580 -0.028210
vt 0.413900 -0.040300
vt 0.459370 -0.034700
vt 0.458240 -0.022460
vt 0.482210 -0.032450
vt 0.481680 -0.020150
vt 0.833900 -0.200480
vt 0.841110 -0.193940
vt 0.827310 -0.206450
vt 0.849590 -0.186250
vt 0.858710 -0.177990
vt 0.873530 -0.196310
vt 0.888350 -0.214630
vt 0.933500 -0.610370
vt 0.942880 -0.612750
vt 0.924930 -0.608210
vt 0.953900 -0.615540
vt 0.965750 -0.618540
vt 0.947110 -0.637630
vt 0.958780 -0.641200
vt 0.940320 -0.659710
vt 0.951820 -0.663870
vt 0.649760 -0.923260
vt 0.652970 -0.932450
vt 0.646830 -0.914890
vt 0.656740 -0.943240
vt 0.660800 -0.954830
vt 0.634750 -0.949920
vt 0.638230 -0.961690
vt 0.612770 -0.956610
vt 0.615660 -0.968550
vt 0.234890 -0.861030
vt 0.222240 -0.878060
vt 0.240200 -0.853890
vt 0.214900 -0.887950
vt 0.204600 -0.863400
vt 0.196790 -0.872900
vt 0.178690 -0.857860
vt 0.070970 -0.392110
vt 0.061590 -0.389740
vt 0.079530 -0.394280
vt 0.050560 -0.386950
vt 0.038710 -0.383950
vt 0.057350 -0.364860
vt 0.045680 -0.361280
vt 0.052650 -0.338620
vt 0.354700 -0.079220
vt 0.351500 -0.070040
vt 0.357630 -0.087600
vt 0.347720 -0.059250
vt 0.343670 -0.047660
vt 0.369710 -0.052560
vt 0.366240 -0.040800
vt 0.391700 -0.045880
vt 0.388800 -0.033930
vt 0.557920 -0.104800
vt 0.556200 -0.116360
vt 0.561250 -0.082330
vt 0.562860 -0.071420
vt 0.541910 -0.068310
vt 0.540830 -0.079300
vt 0.581560 -0.086370
vt 0.583710 -0.075570
vt 0.601880 -0.090410
vt 0.604560 -0.079720
vt 0.621900 -0.095420
vt 0.625110 -0.084860
vt 0.513590 -0.908450
vt 0.513580 -0.908450
vt 0.513610 -0.908450
vt 0.513560 -0.908450
vt 0.513550 -0.908450
vt 0.513550 -0.908580
vt 0.513570 -0.908580
vt 0.513560 -0.908300
vt 0.513540 -0.908300
vt 0.513550 -0.908160
vt 0.513540 -0.908160
vt 0.513550 -0.908020
vt 0.513530 -0.908020
vt 0.513590 -0.905520
vt 0.513580 -0.905520
vt 0.513610 -0.905520
vt 0.513560 -0.905520
vt 0.513550 -0.905520
vt 0.513540 -0.905650
vt 0.513560 -0.905650
vt 0.513570 -0.905390
vt 0.513550 -0.905390
vt 0.513570 -0.905270
vt 0.513560 -0.905270
vt 0.513580 -0.905140
vt 0.513560 -0.905140
vt 0.513360 -0.907270
vt 0.513300 -0.907270
vt 0.513300 -0.907420
vt 0.513320 -0.907420
vt 0.513300 -0.907120
vt 0.513320 -0.906960
vt 0.513300 -0.906960
vt 0.513320 -0.906810
vt 0.513300 -0.906810
vt 0.512720 -0.909400
vt 0.512740 -0.909400
vt 0.512690 -0.909400
vt 0.512680 -0.909400
vt 0.512680 -0.909520
vt 0.512700 -0.909520
vt 0.512690 -0.909270
vt 0.512670 -0.909270
vt 0.512670 -0.909150
vt 0.512660 -0.909020
vt 0.512700 -0.905950
vt 0.512690 -0.905950
vt 0.512720 -0.905950
vt 0.512670 -0.905950
vt 0.512660 -0.905950
vt 0.512650 -0.906080
vt 0.512670 -0.906080
vt 0.512680 -0.905830
vt 0.512660 -0.905830
vt 0.512680 -0.905700
vt 0.512660 -0.905700
vt 0.512690 -0.905580
vt 0.512670 -0.905580
vt 0.513460 -0.907270
vt 0.513440 -0.907270
vt 0.513480 -0.907270
vt 0.513430 -0.907270
vt 0.513410 -0.907270
vt 0.513410 -0.907420
vt 0.513430 -0.907420
vt 0.513430 -0.907120
vt 0.513410 -0.907120
vt 0.513430 -0.906960
vt 0.513410 -0.906960
vt 0.513610 -0.908970
vt 0.513600 -0.909090
vt 0.513620 -0.909090
vt 0.513640 -0.909090
vt 0.513630 -0.908970
vt 0.513580 -0.908970
vt 0.513570 -0.908970
vt 0.513570 -0.909090
vt 0.513590 -0.909090
vt 0.513580 -0.908840
vt 0.513560 -0.908840
vt 0.513560 -0.908710
vt 0.513580 -0.906070
vt 0.513550 -0.906070
vt 0.513590 -0.906070
vt 0.513530 -0.906070
vt 0.513530 -0.906210
vt 0.513540 -0.906210
vt 0.513550 -0.905930
vt 0.513540 -0.905930
vt 0.513550 -0.905790
vt 0.513540 -0.905790
vt 0.513360 -0.907870
vt 0.513340 -0.907870
vt 0.513370 -0.907870
vt 0.513320 -0.907870
vt 0.513310 -0.907870
vt 0.513310 -0.908020
vt 0.513330 -0.908020
vt 0.513310 -0.907720
vt 0.513320 -0.907570
vt 0.513300 -0.907570
vt 0.512750 -0.909850
vt 0.512730 -0.909850
vt 0.512760 -0.909960
vt 0.512770 -0.909960
vt 0.512770 -0.909850
vt 0.512720 -0.909850
vt 0.512700 -0.909850
vt 0.512710 -0.909960
vt 0.512720 -0.909960
vt 0.512710 -0.909740
vt 0.512700 -0.909740
vt 0.512690 -0.909630
vt 0.512690 -0.906500
vt 0.512660 -0.906500
vt 0.512700 -0.906500
vt 0.512640 -0.906500
vt 0.512640 -0.906650
vt 0.512650 -0.906650
vt 0.512660 -0.906360
vt 0.512640 -0.906360
vt 0.512660 -0.906220
vt 0.512650 -0.906220
vt 0.513470 -0.907870
vt 0.513450 -0.907870
vt 0.513480 -0.907870
vt 0.513450 -0.907720
vt 0.513440 -0.907870
vt 0.513420 -0.907870
vt 0.513420 -0.908020
vt 0.513440 -0.908020
vt 0.513430 -0.907720
vt 0.513420 -0.907720
vt 0.513430 -0.907570
vt 0.513420 -0.907570
vt 0.509950 -0.906550
vt 0.509930 -0.906550
vt 0.509930 -0.906660
vt 0.509950 -0.906660
vt 0.509960 -0.906660
vt 0.509960 -0.906550
vt 0.509960 -0.906440
vt 0.509950 -0.906440
vt 0.509930 -0.906440
vt 0.509920 -0.906550
vt 0.509900 -0.906550
vt 0.509900 -0.906650
vt 0.509920 -0.906660
vt 0.509920 -0.906440
vt 0.509900 -0.906440
vt 0.509960 -0.906550
vt 0.509960 -0.906660
vt 0.509980 -0.906660
vt 0.509980 -0.906440
vt 0.509960 -0.906440
vt 0.513570 -0.906660
vt 0.513590 -0.906660
vt 0.513540 -0.906660
vt 0.513520 -0.906660
vt 0.513520 -0.906810
vt 0.513540 -0.906810
vt 0.513540 -0.906510
vt 0.513530 -0.906510
vt 0.513540 -0.906360
vt 0.513530 -0.906360
vt 0.513370 -0.908450
vt 0.513350 -0.908450
vt 0.513390 -0.908450
vt 0.513340 -0.908450
vt 0.513320 -0.908450
vt 0.513330 -0.908580
vt 0.513340 -0.908580
vt 0.513330 -0.908300
vt 0.513320 -0.908300
vt 0.513330 -0.908160
vt 0.513310 -0.908160
vt 0.513370 -0.905520
vt 0.513350 -0.905520
vt 0.513390 -0.905520
vt 0.513340 -0.905520
vt 0.513320 -0.905520
vt 0.513320 -0.905650
vt 0.513330 -0.905650
vt 0.513340 -0.905390
vt 0.513330 -0.905390
vt 0.513350 -0.905270
vt 0.513330 -0.905270
vt 0.513350 -0.905140
vt 0.513340 -0.905140
vt 0.512680 -0.907090
vt 0.512700 -0.907090
vt 0.512650 -0.907090
vt 0.512630 -0.907090
vt 0.512630 -0.907240
vt 0.512650 -0.907240
vt 0.512650 -0.906940
vt 0.512640 -0.906940
vt 0.512650 -0.906790
vt 0.512640 -0.906790
vt 0.513480 -0.908450
vt 0.513470 -0.908450
vt 0.513500 -0.908450
vt 0.513450 -0.908450
vt 0.513430 -0.908450
vt 0.513440 -0.908580
vt 0.513450 -0.908580
vt 0.513450 -0.908300
vt 0.513430 -0.908300
vt 0.513440 -0.908160
vt 0.513430 -0.908160
vt 0.513480 -0.905520
vt 0.513450 -0.905520
vt 0.513500 -0.905520
vt 0.513430 -0.905520
vt 0.513430 -0.905650
vt 0.513450 -0.905650
vt 0.513450 -0.905390
vt 0.513440 -0.905390
vt 0.513460 -0.905270
vt 0.513440 -0.905270
vt 0.513460 -0.905140
vt 0.513450 -0.905140
vt 0.513570 -0.907270
vt 0.513560 -0.907270
vt 0.513590 -0.907270
vt 0.513540 -0.907270
vt 0.513520 -0.907270
vt 0.513530 -0.907420
vt 0.513540 -0.907420
vt 0.513540 -0.907120
vt 0.513520 -0.907120
vt 0.513540 -0.906960
vt 0.513520 -0.906960
vt 0.513390 -0.908970
vt 0.513380 -0.909090
vt 0.513400 -0.909090
vt 0.513410 -0.909090
vt 0.513410 -0.908970
vt 0.513360 -0.908970
vt 0.513340 -0.908970
vt 0.513350 -0.909090
vt 0.513360 -0.909090
vt 0.513350 -0.908840
vt 0.513340 -0.908840
vt 0.513350 -0.908710
vt 0.513330 -0.908710
vt 0.513360 -0.906070
vt 0.513320 -0.906070
vt 0.513370 -0.906070
vt 0.513310 -0.906070
vt 0.513310 -0.906210
vt 0.513320 -0.906210
vt 0.513330 -0.905930
vt 0.513310 -0.905930
vt 0.513330 -0.905790
vt 0.513310 -0.905790
vt 0.512690 -0.908300
vt 0.512670 -0.908300
vt 0.512700 -0.908300
vt 0.512670 -0.908150
vt 0.512660 -0.908300
vt 0.512640 -0.908300
vt 0.512640 -0.908450
vt 0.512650 -0.908150
vt 0.512640 -0.908150
vt 0.512650 -0.908000
vt 0.512640 -0.908000
vt 0.512650 -0.907850
vt 0.512640 -0.907850
vt 0.512680 -0.907700
vt 0.512670 -0.907700
vt 0.512700 -0.907700
vt 0.512650 -0.907700
vt 0.512630 -0.907700
vt 0.512650 -0.907550
vt 0.512630 -0.907550
vt 0.512650 -0.907400
vt 0.512630 -0.907400
vt 0.513500 -0.908970
vt 0.513490 -0.909090
vt 0.513510 -0.909090
vt 0.513520 -0.909090
vt 0.513520 -0.908970
vt 0.513470 -0.908970
vt 0.513450 -0.908970
vt 0.513460 -0.909090
vt 0.513480 -0.909090
vt 0.513470 -0.908840
vt 0.513450 -0.908840
vt 0.513460 -0.908710
vt 0.513440 -0.908710
vt 0.513470 -0.906070
vt 0.513440 -0.906070
vt 0.513480 -0.906070
vt 0.513420 -0.906070
vt 0.513440 -0.905930
vt 0.513420 -0.905930
vt 0.513440 -0.905790
vt 0.513430 -0.905790
vt 0.513580 -0.907870
vt 0.513560 -0.907870
vt 0.513590 -0.907870
vt 0.513560 -0.907720
vt 0.513550 -0.907870
vt 0.513530 -0.907870
vt 0.513550 -0.907720
vt 0.513530 -0.907720
vt 0.513540 -0.907570
vt 0.513530 -0.907570
vt 0.510100 -0.906550
vt 0.510110 -0.906550
vt 0.510140 -0.906440
vt 0.510120 -0.906440
vt 0.510100 -0.906440
vt 0.510100 -0.906550
vt 0.510140 -0.906550
vt 0.510170 -0.906550
vt 0.510170 -0.906440
vt 0.510150 -0.906440
vt 0.510170 -0.906660
vt 0.510040 -0.906550
vt 0.510040 -0.906660
vt 0.510060 -0.906660
vt 0.510060 -0.906440
vt 0.510040 -0.906440
vt 0.513350 -0.906660
vt 0.513320 -0.906660
vt 0.513360 -0.906660
vt 0.513300 -0.906660
vt 0.513320 -0.906510
vt 0.513300 -0.906510
vt 0.513320 -0.906360
vt 0.513300 -0.906360
vt 0.512700 -0.908880
vt 0.512690 -0.908880
vt 0.512720 -0.908880
vt 0.512670 -0.908880
vt 0.512660 -0.908880
vt 0.512670 -0.908740
vt 0.512650 -0.908740
vt 0.512660 -0.908600
vt 0.512650 -0.908600
vt 0.512720 -0.905460
vt 0.512690 -0.905460
vt 0.512740 -0.905460
vt 0.512680 -0.905460
vt 0.512700 -0.905360
vt 0.512680 -0.905360
vt 0.512690 -0.905250
vt 0.512710 -0.905140
vt 0.512690 -0.905140
vt 0.512840 -0.908860
vt 0.512820 -0.908860
vt 0.512880 -0.908860
vt 0.512900 -0.908860
vt 0.512900 -0.908740
vt 0.512880 -0.908740
vt 0.512880 -0.908980
vt 0.512890 -0.908980
vt 0.512870 -0.909090
vt 0.512890 -0.909090
vt 0.512870 -0.909210
vt 0.512890 -0.909210
vt 0.859660 -0.328530
vt 0.870070 -0.323600
vt 0.849090 -0.333530
vt 0.880190 -0.318810
vt 0.890160 -0.314100
vt 0.881100 -0.294950
vt 0.871370 -0.300150
vt 0.888120 -0.337950
vt 0.898290 -0.333740
vt 0.896040 -0.357090
vt 0.906430 -0.353380
vt 0.903000 -0.376520
vt 0.913560 -0.373320
vt 0.841270 -0.703710
vt 0.851160 -0.709640
vt 0.831240 -0.697700
vt 0.860760 -0.715390
vt 0.870210 -0.721060
vt 0.881100 -0.702890
vt 0.871370 -0.697690
vt 0.849250 -0.732610
vt 0.858400 -0.738730
vt 0.837740 -0.749840
vt 0.846590 -0.756400
vt 0.825450 -0.766410
vt 0.833980 -0.773420
vt 0.519100 -0.896870
vt 0.519670 -0.908380
vt 0.518520 -0.885190
vt 0.520220 -0.919550
vt 0.520760 -0.930570
vt 0.541910 -0.929530
vt 0.540830 -0.918540
vt 0.499500 -0.919550
vt 0.499500 -0.930570
vt 0.478790 -0.919550
vt 0.478250 -0.930570
vt 0.458170 -0.918540
vt 0.457090 -0.929530
vt 0.179510 -0.736300
vt 0.170250 -0.743170
vt 0.188900 -0.729340
vt 0.161270 -0.749840
vt 0.152410 -0.756400
vt 0.165030 -0.773420
vt 0.173560 -0.766410
vt 0.149760 -0.732610
vt 0.140600 -0.738730
vt 0.138250 -0.715390
vt 0.128790 -0.721060
vt 0.127640 -0.697690
vt 0.117900 -0.702890
vt 0.124350 -0.364740
vt 0.135360 -0.368680
vt 0.102960 -0.357090
vt 0.092580 -0.353380
vt 0.085440 -0.373320
vt 0.096000 -0.376520
vt 0.110890 -0.337950
vt 0.100710 -0.333740
vt 0.118810 -0.318810
vt 0.108850 -0.314100
vt 0.127640 -0.300150
vt 0.117900 -0.294950
vt 0.157730 -0.294130
vt 0.167760 -0.300140
vt 0.138250 -0.282450
vt 0.128790 -0.276790
vt 0.149760 -0.265230
vt 0.140600 -0.259110
vt 0.161270 -0.248010
vt 0.152410 -0.241440
vt 0.173560 -0.231430
vt 0.165030 -0.224420
vt 0.479900 -0.100970
vt 0.479340 -0.089460
vt 0.480480 -0.112650
vt 0.478790 -0.078290
vt 0.478250 -0.067270
vt 0.457090 -0.068310
vt 0.458170 -0.079300
vt 0.499500 -0.078290
vt 0.499500 -0.067270
vt 0.520220 -0.078290
vt 0.520760 -0.067270
vt 0.819490 -0.261540
vt 0.810110 -0.268500
vt 0.837740 -0.248000
vt 0.846590 -0.241440
vt 0.833980 -0.224420
vt 0.825450 -0.231430
vt 0.849250 -0.265230
vt 0.858400 -0.259110
vt 0.860750 -0.282450
vt 0.870210 -0.276780
vt 0.874660 -0.633100
vt 0.863650 -0.629170
vt 0.896040 -0.640750
vt 0.906430 -0.644470
vt 0.913560 -0.624520
vt 0.903000 -0.621320
vt 0.888120 -0.659890
vt 0.898290 -0.664100
vt 0.880190 -0.679030
vt 0.890160 -0.683740
vt 0.596360 -0.885400
vt 0.599160 -0.896580
vt 0.593520 -0.874060
vt 0.601880 -0.907430
vt 0.604560 -0.918130
vt 0.625110 -0.912980
vt 0.621900 -0.902420
vt 0.581560 -0.911470
vt 0.583710 -0.922270
vt 0.561250 -0.915510
vt 0.562860 -0.926420
vt 0.231970 -0.794170
vt 0.239820 -0.785510
vt 0.216720 -0.811000
vt 0.209310 -0.819170
vt 0.225010 -0.833400
vt 0.232010 -0.824860
vt 0.202070 -0.796350
vt 0.194280 -0.804140
vt 0.187420 -0.781710
vt 0.179250 -0.789110
vt 0.105380 -0.440510
vt 0.116940 -0.442220
vt 0.082910 -0.437180
vt 0.072000 -0.435560
vt 0.068890 -0.456510
vt 0.079880 -0.457590
vt 0.086950 -0.416860
vt 0.076150 -0.414710
vt 0.090990 -0.396540
vt 0.080300 -0.393860
vt 0.402650 -0.112440
vt 0.399840 -0.101270
vt 0.405490 -0.123780
vt 0.397120 -0.090410
vt 0.394440 -0.079720
vt 0.373900 -0.084860
vt 0.377100 -0.095420
vt 0.417440 -0.086370
vt 0.415290 -0.075570
vt 0.437760 -0.082330
vt 0.436140 -0.071420
vt 0.767040 -0.203670
vt 0.759190 -0.212340
vt 0.782290 -0.186840
vt 0.789690 -0.178670
vt 0.774000 -0.164440
vt 0.767000 -0.172980
vt 0.796940 -0.201490
vt 0.804720 -0.193700
vt 0.811580 -0.216130
vt 0.819750 -0.208730
vt 0.893630 -0.557330
vt 0.882060 -0.555620
vt 0.916100 -0.560670
vt 0.927000 -0.562280
vt 0.930110 -0.541330
vt 0.919130 -0.540250
vt 0.912050 -0.580980
vt 0.922850 -0.583130
vt 0.908010 -0.601300
vt 0.918710 -0.603980
vt 0.669900 -0.859080
vt 0.674820 -0.869490
vt 0.664900 -0.848510
vt 0.679610 -0.879610
vt 0.684320 -0.889570
vt 0.703470 -0.880520
vt 0.698270 -0.870790
vt 0.660470 -0.887540
vt 0.664690 -0.897710
vt 0.641330 -0.895460
vt 0.645050 -0.905840
vt 0.294710 -0.840690
vt 0.288790 -0.850570
vt 0.300720 -0.830660
vt 0.283030 -0.860170
vt 0.277370 -0.869630
vt 0.295530 -0.880520
vt 0.300740 -0.870790
vt 0.265810 -0.848660
vt 0.259690 -0.857820
vt 0.248590 -0.837160
vt 0.242020 -0.846010
vt 0.101560 -0.518520
vt 0.113230 -0.517940
vt 0.078870 -0.519630
vt 0.067860 -0.520180
vt 0.068890 -0.541330
vt 0.079880 -0.540250
vt 0.078870 -0.498920
vt 0.067860 -0.498920
vt 0.078870 -0.478210
vt 0.067860 -0.477660
vt 0.329110 -0.138770
vt 0.334110 -0.149330
vt 0.319390 -0.118230
vt 0.314680 -0.108270
vt 0.295530 -0.117320
vt 0.300740 -0.127050
vt 0.338530 -0.110310
vt 0.334320 -0.100130
vt 0.357670 -0.102380
vt 0.353960 -0.092000
vt 0.704290 -0.157150
vt 0.710220 -0.147270
vt 0.698290 -0.167180
vt 0.715970 -0.137670
vt 0.721640 -0.128210
vt 0.703470 -0.117320
vt 0.698270 -0.127050
vt 0.733190 -0.149180
vt 0.739310 -0.140020
vt 0.750420 -0.160680
vt 0.756990 -0.151830
vt 0.897450 -0.479320
vt 0.885770 -0.479900
vt 0.920140 -0.478210
vt 0.931150 -0.477660
vt 0.930110 -0.456510
vt 0.919130 -0.457590
vt 0.920140 -0.498920
vt 0.931150 -0.498920
vt 0.920140 -0.519630
vt 0.931150 -0.520180
vt 0.736880 -0.818910
vt 0.743750 -0.828170
vt 0.729920 -0.809520
vt 0.750420 -0.837160
vt 0.756990 -0.846010
vt 0.774000 -0.833400
vt 0.767000 -0.824860
vt 0.733190 -0.848660
vt 0.739310 -0.857820
vt 0.715970 -0.860170
vt 0.721640 -0.869630
vt 0.365320 -0.874070
vt 0.361440 -0.884930
vt 0.369260 -0.863070
vt 0.357670 -0.895460
vt 0.353960 -0.905840
vt 0.373900 -0.912980
vt 0.377100 -0.902420
vt 0.338530 -0.887540
vt 0.334320 -0.897710
vt 0.319400 -0.879610
vt 0.314680 -0.889570
vt 0.113030 -0.595780
vt 0.101850 -0.598580
vt 0.124370 -0.592930
vt 0.090990 -0.601300
vt 0.080300 -0.603980
vt 0.085440 -0.624520
vt 0.096000 -0.621320
vt 0.086950 -0.580980
vt 0.076150 -0.583130
vt 0.082910 -0.560670
vt 0.072000 -0.562280
vt 0.262120 -0.178930
vt 0.269090 -0.188320
vt 0.248590 -0.160680
vt 0.242020 -0.151830
vt 0.225000 -0.164440
vt 0.232010 -0.172980
vt 0.265810 -0.149180
vt 0.259690 -0.140020
vt 0.283030 -0.137670
vt 0.277370 -0.128210
vt 0.633680 -0.123770
vt 0.637570 -0.112920
vt 0.629750 -0.134770
vt 0.641330 -0.102380
vt 0.645050 -0.092000
vt 0.660470 -0.110310
vt 0.664690 -0.100130
vt 0.679610 -0.118230
vt 0.684320 -0.108270
vt 0.885980 -0.402060
vt 0.897160 -0.399260
vt 0.874640 -0.404910
vt 0.908010 -0.396540
vt 0.918710 -0.393860
vt 0.912050 -0.416860
vt 0.922850 -0.414710
vt 0.916100 -0.437170
vt 0.927000 -0.435560
vt 0.794750 -0.766450
vt 0.786090 -0.758600
vt 0.811580 -0.781710
vt 0.819750 -0.789110
vt 0.796940 -0.796350
vt 0.804720 -0.804140
vt 0.782290 -0.811000
vt 0.789690 -0.819170
vt 0.441090 -0.893040
vt 0.442800 -0.881480
vt 0.437760 -0.915510
vt 0.436140 -0.926420
vt 0.417440 -0.911470
vt 0.415290 -0.922270
vt 0.397120 -0.907430
vt 0.394440 -0.918130
vt 0.139350 -0.669310
vt 0.128930 -0.674240
vt 0.149910 -0.664310
vt 0.118810 -0.679030
vt 0.108850 -0.683740
vt 0.110890 -0.659890
vt 0.100710 -0.664100
vt 0.102960 -0.640750
vt 0.092580 -0.644470
vt 0.204250 -0.231390
vt 0.212920 -0.239240
vt 0.187420 -0.216130
vt 0.179250 -0.208730
vt 0.202070 -0.201490
vt 0.194280 -0.193700
vt 0.216720 -0.186840
vt 0.209310 -0.178670
vt 0.373420 -0.851310
vt 0.371680 -0.856170
vt 0.373670 -0.850600
vt 0.370190 -0.860320
vt 0.387850 -0.866640
vt 0.354490 -0.849050
vt 0.352810 -0.853120
vt 0.337300 -0.841930
vt 0.335420 -0.845910
vt 0.320550 -0.834010
vt 0.318470 -0.837900
vt 0.513240 -0.907120
vt 0.513220 -0.907120
vt 0.513250 -0.907120
vt 0.513200 -0.907120
vt 0.513180 -0.907120
vt 0.513180 -0.907260
vt 0.513200 -0.907260
vt 0.513180 -0.906970
vt 0.513200 -0.906830
vt 0.513180 -0.906830
vt 0.513180 -0.906690
vt 0.512950 -0.905660
vt 0.513000 -0.905660
vt 0.513020 -0.905660
vt 0.513020 -0.905550
vt 0.513000 -0.905550
vt 0.513010 -0.905890
vt 0.513030 -0.905780
vt 0.513030 -0.905890
vt 0.513020 -0.906020
vt 0.513040 -0.906020
vt 0.512970 -0.908350
vt 0.513010 -0.908350
vt 0.512950 -0.908350
vt 0.512990 -0.908480
vt 0.513030 -0.908350
vt 0.513030 -0.908210
vt 0.513000 -0.908610
vt 0.513030 -0.908480
vt 0.513020 -0.908610
vt 0.513000 -0.908740
vt 0.513020 -0.908740
vt 0.513110 -0.907680
vt 0.513090 -0.907680
vt 0.513130 -0.907680
vt 0.513070 -0.907680
vt 0.513050 -0.907680
vt 0.513050 -0.907810
vt 0.513070 -0.907810
vt 0.513050 -0.907540
vt 0.513070 -0.907400
vt 0.513050 -0.907400
vt 0.513070 -0.907260
vt 0.513050 -0.907260
vt 0.512800 -0.905240
vt 0.512820 -0.905240
vt 0.512790 -0.905140
vt 0.512770 -0.905140
vt 0.512780 -0.905240
vt 0.512840 -0.905240
vt 0.512860 -0.905240
vt 0.512850 -0.905140
vt 0.512830 -0.905140
vt 0.512840 -0.905340
vt 0.512860 -0.905340
vt 0.512850 -0.905440
vt 0.512870 -0.905440
vt 0.512850 -0.905550
vt 0.512870 -0.905540
vt 0.512850 -0.908350
vt 0.512890 -0.908350
vt 0.512840 -0.908350
vt 0.512910 -0.908350
vt 0.512910 -0.908210
vt 0.512910 -0.908480
vt 0.512910 -0.908610
vt 0.513240 -0.907680
vt 0.513200 -0.907680
vt 0.513260 -0.907680
vt 0.513180 -0.907680
vt 0.513180 -0.907810
vt 0.513200 -0.907810
vt 0.513200 -0.907540
vt 0.513180 -0.907540
vt 0.513200 -0.907400
vt 0.513180 -0.907400
vt 0.512950 -0.905240
vt 0.512960 -0.905240
vt 0.512940 -0.905140
vt 0.512920 -0.905140
vt 0.512930 -0.905240
vt 0.512980 -0.905240
vt 0.513000 -0.905240
vt 0.513000 -0.905140
vt 0.512980 -0.905140
vt 0.512990 -0.905340
vt 0.513010 -0.905340
vt 0.513010 -0.905440
vt 0.512990 -0.907800
vt 0.513000 -0.907800
vt 0.512970 -0.907800
vt 0.513020 -0.907800
vt 0.513040 -0.907800
vt 0.513040 -0.907660
vt 0.513030 -0.907660
vt 0.513020 -0.907940
vt 0.513040 -0.907940
vt 0.513040 -0.908080
vt 0.513120 -0.908210
vt 0.513100 -0.908210
vt 0.513140 -0.908210
vt 0.513080 -0.908210
vt 0.513060 -0.908210
vt 0.513060 -0.908340
vt 0.513080 -0.908340
vt 0.513080 -0.908080
vt 0.513060 -0.908080
vt 0.513070 -0.907950
vt 0.513050 -0.907950
vt 0.513140 -0.905490
vt 0.513120 -0.905490
vt 0.513160 -0.905490
vt 0.513100 -0.905490
vt 0.513080 -0.905490
vt 0.513080 -0.905610
vt 0.513110 -0.905380
vt 0.513090 -0.905380
vt 0.513110 -0.905260
vt 0.513100 -0.905260
vt 0.513120 -0.905140
vt 0.513100 -0.905140
vt 0.512860 -0.907800
vt 0.512840 -0.907800
vt 0.512900 -0.907800
vt 0.512920 -0.907800
vt 0.512920 -0.907660
vt 0.512900 -0.907660
vt 0.512900 -0.907940
vt 0.512920 -0.907940
vt 0.512900 -0.908080
vt 0.512920 -0.908080
vt 0.513250 -0.908210
vt 0.513210 -0.908210
vt 0.513270 -0.908210
vt 0.513190 -0.908210
vt 0.513190 -0.908340
vt 0.513210 -0.908080
vt 0.513190 -0.908080
vt 0.513200 -0.907950
vt 0.513190 -0.907950
vt 0.513270 -0.905490
vt 0.513230 -0.905490
vt 0.513280 -0.905490
vt 0.513210 -0.905490
vt 0.513200 -0.905610
vt 0.513220 -0.905610
vt 0.513230 -0.905380
vt 0.513210 -0.905380
vt 0.513240 -0.905260
vt 0.513220 -0.905260
vt 0.513240 -0.905140
vt 0.513220 -0.905140
vt 0.512990 -0.907230
vt 0.513010 -0.907230
vt 0.512970 -0.907230
vt 0.513030 -0.907230
vt 0.513050 -0.907230
vt 0.513050 -0.907090
vt 0.513030 -0.907090
vt 0.513050 -0.907380
vt 0.513050 -0.907520
vt 0.513130 -0.908690
vt 0.513150 -0.908690
vt 0.513090 -0.908690
vt 0.513070 -0.908690
vt 0.513080 -0.908810
vt 0.513090 -0.908460
vt 0.513070 -0.908570
vt 0.513070 -0.908460
vt 0.513120 -0.906000
vt 0.513090 -0.906000
vt 0.513140 -0.906000
vt 0.513110 -0.905870
vt 0.513070 -0.906000
vt 0.513060 -0.906140
vt 0.513080 -0.906140
vt 0.513090 -0.905740
vt 0.513070 -0.905870
vt 0.513070 -0.905740
vt 0.512850 -0.906680
vt 0.512890 -0.906680
vt 0.512840 -0.906680
vt 0.512910 -0.906670
vt 0.512910 -0.906540
vt 0.512890 -0.906540
vt 0.512910 -0.906810
vt 0.512920 -0.906950
vt 0.512900 -0.907090
vt 0.512920 -0.907090
vt 0.512860 -0.907230
vt 0.512880 -0.907230
vt 0.512840 -0.907230
vt 0.512900 -0.907230
vt 0.512920 -0.907230
vt 0.512920 -0.907380
vt 0.512920 -0.907520
vt 0.513230 -0.908810
vt 0.513270 -0.908810
vt 0.513290 -0.908810
vt 0.513280 -0.908690
vt 0.513230 -0.908690
vt 0.513210 -0.908690
vt 0.513210 -0.908810
vt 0.513220 -0.908460
vt 0.513200 -0.908570
vt 0.513200 -0.908460
vt 0.513250 -0.906000
vt 0.513210 -0.906000
vt 0.513270 -0.906000
vt 0.513190 -0.906000
vt 0.513190 -0.906140
vt 0.513210 -0.906140
vt 0.513210 -0.905870
vt 0.513190 -0.905870
vt 0.513200 -0.905740
vt 0.512990 -0.906680
vt 0.513030 -0.906680
vt 0.512970 -0.906680
vt 0.513050 -0.906680
vt 0.513040 -0.906540
vt 0.513030 -0.906540
vt 0.513050 -0.906820
vt 0.513050 -0.906950
vt 0.513150 -0.909110
vt 0.513130 -0.909110
vt 0.513160 -0.909210
vt 0.513180 -0.909210
vt 0.513170 -0.909110
vt 0.513110 -0.909110
vt 0.513090 -0.909110
vt 0.513100 -0.909210
vt 0.513120 -0.909210
vt 0.513110 -0.909010
vt 0.513090 -0.909010
vt 0.513100 -0.908910
vt 0.513080 -0.908910
vt 0.513110 -0.906550
vt 0.513090 -0.906550
vt 0.513130 -0.906550
vt 0.513070 -0.906550
vt 0.513050 -0.906550
vt 0.513050 -0.906690
vt 0.513070 -0.906690
vt 0.513080 -0.906410
vt 0.513060 -0.906410
vt 0.513080 -0.906270
vt 0.513060 -0.906270
vt 0.512840 -0.906140
vt 0.512860 -0.906140
vt 0.512820 -0.906140
vt 0.512880 -0.906140
vt 0.512900 -0.906140
vt 0.512890 -0.906020
vt 0.512880 -0.906020
vt 0.512880 -0.906270
vt 0.512900 -0.906270
vt 0.512890 -0.906410
vt 0.512910 -0.906400
vt 0.512820 -0.909310
vt 0.512840 -0.909310
vt 0.512800 -0.909310
vt 0.512860 -0.909310
vt 0.512880 -0.909310
vt 0.512870 -0.909410
vt 0.512870 -0.909510
vt 0.512860 -0.909610
vt 0.513240 -0.906550
vt 0.513220 -0.906550
vt 0.513260 -0.906550
vt 0.513200 -0.906550
vt 0.513180 -0.906550
vt 0.513200 -0.906410
vt 0.513180 -0.906410
vt 0.513200 -0.906270
vt 0.513190 -0.906270
vt 0.512980 -0.906140
vt 0.512960 -0.906140
vt 0.513020 -0.906140
vt 0.513040 -0.906140
vt 0.513020 -0.906270
vt 0.513040 -0.906270
vt 0.513020 -0.906410
vt 0.513040 -0.906410
vt 0.512960 -0.908860
vt 0.512970 -0.908860
vt 0.512940 -0.908860
vt 0.512990 -0.908860
vt 0.513010 -0.908860
vt 0.512990 -0.908980
vt 0.513010 -0.908980
vt 0.512980 -0.909090
vt 0.513000 -0.909090
vt 0.512980 -0.909210
vt 0.513000 -0.909210
vt 0.513110 -0.907120
vt 0.513070 -0.907120
vt 0.513130 -0.907120
vt 0.513050 -0.907120
vt 0.513050 -0.906970
vt 0.513070 -0.906830
vt 0.513050 -0.906830
vt 0.512800 -0.905660
vt 0.512860 -0.905660
vt 0.512880 -0.905660
vt 0.512870 -0.905890
vt 0.512880 -0.905780
vt 0.512890 -0.905890
vt 0.511060 -0.909390
vt 0.511000 -0.909390
vt 0.511010 -0.909490
vt 0.511060 -0.909490
vt 0.511050 -0.909300
vt 0.510990 -0.909300
vt 0.510990 -0.909200
vt 0.511040 -0.909100
vt 0.510980 -0.909100
vt 0.307300 -0.820050
vt 0.307690 -0.819400
vt 0.304650 -0.824470
vt 0.302380 -0.828260
vt 0.289180 -0.814140
vt 0.286730 -0.817800
vt 0.273710 -0.803800
vt 0.271090 -0.807340
vt 0.256020 -0.796180
vt 0.126450 -0.518390
vt 0.124780 -0.518470
vt 0.127200 -0.518350
vt 0.121290 -0.518640
vt 0.116890 -0.518860
vt 0.117800 -0.537590
vt 0.122200 -0.537160
vt 0.121290 -0.500040
vt 0.116890 -0.500040
vt 0.121290 -0.481440
vt 0.116890 -0.481220
vt 0.122200 -0.462920
vt 0.117800 -0.462490
vt 0.276790 -0.200420
vt 0.273710 -0.196280
vt 0.277240 -0.201030
vt 0.271090 -0.192730
vt 0.256020 -0.203900
vt 0.258820 -0.207320
vt 0.286730 -0.182280
vt 0.304650 -0.175600
vt 0.302380 -0.171820
vt 0.320550 -0.166070
vt 0.318470 -0.162180
vt 0.624690 -0.148770
vt 0.624440 -0.149480
vt 0.626430 -0.143910
vt 0.627920 -0.139760
vt 0.610260 -0.133440
vt 0.643620 -0.151030
vt 0.645300 -0.146960
vt 0.660810 -0.158150
vt 0.662690 -0.154160
vt 0.677560 -0.166070
vt 0.679640 -0.162180
vt 0.860920 -0.409350
vt 0.862540 -0.408940
vt 0.860190 -0.409530
vt 0.866140 -0.427020
vt 0.865930 -0.408100
vt 0.870210 -0.407020
vt 0.865650 -0.388830
vt 0.861430 -0.390110
vt 0.869560 -0.426340
vt 0.873880 -0.425480
vt 0.873190 -0.444590
vt 0.877550 -0.443940
vt 0.875910 -0.462920
vt 0.880300 -0.462490
vt 0.775500 -0.750540
vt 0.774950 -0.750030
vt 0.779330 -0.754000
vt 0.782600 -0.756960
vt 0.795190 -0.743070
vt 0.791780 -0.740270
vt 0.766170 -0.767160
vt 0.769290 -0.770270
vt 0.753020 -0.780310
vt 0.755980 -0.783580
vt 0.739290 -0.792760
vt 0.742090 -0.796180
vt 0.444360 -0.869070
vt 0.443600 -0.874170
vt 0.444470 -0.868320
vt 0.442960 -0.878540
vt 0.461510 -0.881290
vt 0.461940 -0.876900
vt 0.425360 -0.870540
vt 0.424500 -0.874860
vt 0.406040 -0.871190
vt 0.137190 -0.590730
vt 0.132180 -0.591980
vt 0.137920 -0.590550
vt 0.131970 -0.573060
vt 0.127900 -0.593060
vt 0.132460 -0.611250
vt 0.136680 -0.609960
vt 0.128550 -0.573740
vt 0.124230 -0.574600
vt 0.124920 -0.555490
vt 0.120560 -0.556140
vt 0.222610 -0.249540
vt 0.223160 -0.250050
vt 0.218780 -0.246070
vt 0.215510 -0.243110
vt 0.202920 -0.257010
vt 0.206330 -0.259810
vt 0.231940 -0.232920
vt 0.228820 -0.229810
vt 0.245090 -0.219770
vt 0.242130 -0.216500
vt 0.553750 -0.131010
vt 0.554510 -0.125900
vt 0.553640 -0.131750
vt 0.555150 -0.121540
vt 0.536600 -0.118790
vt 0.536170 -0.123180
vt 0.572750 -0.129530
vt 0.573610 -0.125210
vt 0.592070 -0.128890
vt 0.836280 -0.340500
vt 0.837790 -0.339780
vt 0.835600 -0.340820
vt 0.840940 -0.338290
vt 0.844930 -0.336400
vt 0.836910 -0.319450
vt 0.833020 -0.321530
vt 0.848060 -0.355470
vt 0.852130 -0.353790
vt 0.855180 -0.372660
vt 0.859330 -0.371180
vt 0.819060 -0.691790
vt 0.818420 -0.691410
vt 0.823490 -0.694450
vt 0.827270 -0.696710
vt 0.836910 -0.680630
vt 0.833020 -0.678550
vt 0.813150 -0.709910
vt 0.816820 -0.712360
vt 0.802820 -0.725380
vt 0.806360 -0.728010
vt 0.517400 -0.872650
vt 0.517660 -0.877800
vt 0.517370 -0.871900
vt 0.517870 -0.882210
vt 0.536600 -0.881290
vt 0.536170 -0.876900
vt 0.499050 -0.877800
vt 0.499050 -0.882210
vt 0.480450 -0.877800
vt 0.480230 -0.882210
vt 0.161830 -0.659580
vt 0.162510 -0.659260
vt 0.157170 -0.661790
vt 0.153180 -0.663680
vt 0.161200 -0.680630
vt 0.165090 -0.678550
vt 0.142930 -0.627420
vt 0.145980 -0.646290
vt 0.138780 -0.628900
vt 0.179050 -0.308290
vt 0.174620 -0.305630
vt 0.179690 -0.308670
vt 0.170840 -0.303370
vt 0.161200 -0.319450
vt 0.165090 -0.321530
vt 0.184960 -0.290160
vt 0.181290 -0.287720
vt 0.195290 -0.274700
vt 0.191750 -0.272070
vt 0.480710 -0.127430
vt 0.480620 -0.125770
vt 0.480740 -0.128180
vt 0.480450 -0.122270
vt 0.480230 -0.117870
vt 0.461500 -0.118790
vt 0.461940 -0.123180
vt 0.499050 -0.122270
vt 0.499050 -0.117870
vt 0.517660 -0.122270
vt 0.517870 -0.117870
vt 0.798670 -0.277770
vt 0.802820 -0.274700
vt 0.798070 -0.278220
vt 0.806360 -0.272070
vt 0.795190 -0.257010
vt 0.791780 -0.259810
vt 0.816820 -0.287720
vt 0.823490 -0.305630
vt 0.827270 -0.303370
vt 0.850320 -0.625680
vt 0.851890 -0.626240
vt 0.849610 -0.625420
vt 0.855180 -0.627420
vt 0.859330 -0.628900
vt 0.865650 -0.611250
vt 0.861430 -0.609960
vt 0.848060 -0.644600
vt 0.852130 -0.646290
vt 0.844930 -0.663680
vt 0.589740 -0.861910
vt 0.591000 -0.866920
vt 0.589560 -0.861180
vt 0.592070 -0.871190
vt 0.610260 -0.866640
vt 0.608980 -0.862410
vt 0.572750 -0.870540
vt 0.573610 -0.874860
vt 0.554510 -0.874170
vt 0.555150 -0.878540
vt 0.199440 -0.722310
vt 0.198100 -0.723300
vt 0.200040 -0.721860
vt 0.195290 -0.725380
vt 0.191750 -0.728010
vt 0.202920 -0.743070
vt 0.206330 -0.740270
vt 0.184960 -0.709910
vt 0.181290 -0.712360
vt 0.174620 -0.694450
vt 0.170840 -0.696710
vt 0.147790 -0.374400
vt 0.148500 -0.374650
vt 0.142930 -0.372660
vt 0.138780 -0.371180
vt 0.132460 -0.388830
vt 0.136680 -0.390110
vt 0.150050 -0.355480
vt 0.145980 -0.353790
vt 0.157170 -0.338290
vt 0.153180 -0.336400
vt 0.408370 -0.138170
vt 0.407110 -0.133160
vt 0.408550 -0.138900
vt 0.406040 -0.128890
vt 0.387850 -0.133440
vt 0.389130 -0.137660
vt 0.425360 -0.129530
vt 0.424500 -0.125210
vt 0.443600 -0.125900
vt 0.442960 -0.121540
vt 0.749550 -0.223590
vt 0.749050 -0.224150
vt 0.753020 -0.219770
vt 0.755980 -0.216500
vt 0.742090 -0.203900
vt 0.766170 -0.232920
vt 0.769290 -0.229810
vt 0.779330 -0.246070
vt 0.782600 -0.243110
vt 0.868080 -0.554730
vt 0.873190 -0.555490
vt 0.867340 -0.554620
vt 0.877550 -0.556140
vt 0.880300 -0.537590
vt 0.875910 -0.537160
vt 0.869560 -0.573740
vt 0.873880 -0.574600
vt 0.865930 -0.591980
vt 0.870210 -0.593060
vt 0.658600 -0.837260
vt 0.659310 -0.838770
vt 0.658280 -0.836580
vt 0.660810 -0.841930
vt 0.662690 -0.845910
vt 0.679640 -0.837900
vt 0.677560 -0.834010
vt 0.643620 -0.849050
vt 0.645300 -0.853120
vt 0.626430 -0.856170
vt 0.627920 -0.860320
vt 0.248560 -0.776490
vt 0.249060 -0.775930
vt 0.245090 -0.780310
vt 0.242130 -0.783580
vt 0.231940 -0.767160
vt 0.228820 -0.770270
vt 0.218780 -0.754000
vt 0.215510 -0.756970
vt 0.130030 -0.445340
vt 0.124920 -0.444590
vt 0.130770 -0.445450
vt 0.120560 -0.443940
vt 0.128550 -0.426340
vt 0.124230 -0.425480
vt 0.132180 -0.408100
vt 0.127900 -0.407020
vt 0.339510 -0.162820
vt 0.339830 -0.163500
vt 0.337300 -0.158150
vt 0.335420 -0.154160
vt 0.354490 -0.151030
vt 0.352810 -0.146960
vt 0.371680 -0.143910
vt 0.370190 -0.139760
vt 0.690810 -0.180030
vt 0.691660 -0.178600
vt 0.690420 -0.180680
vt 0.693460 -0.175600
vt 0.695730 -0.171820
vt 0.708930 -0.185940
vt 0.711380 -0.182280
vt 0.727020 -0.192730
vt 0.871660 -0.481690
vt 0.876820 -0.481440
vt 0.870910 -0.481730
vt 0.881220 -0.481220
vt 0.876820 -0.500040
vt 0.881220 -0.500040
vt 0.876820 -0.518640
vt 0.881220 -0.518860
vt 0.721320 -0.799660
vt 0.724400 -0.803800
vt 0.720870 -0.799050
vt 0.727020 -0.807340
vt 0.708930 -0.814140
vt 0.711380 -0.817800
vt 0.693460 -0.824470
vt 0.695730 -0.828260
vt 0.510940 -0.906370
vt 0.510940 -0.906500
vt 0.511000 -0.906500
vt 0.510950 -0.906240
vt 0.510950 -0.906120
vt 0.511010 -0.905990
vt 0.510950 -0.905990
vt 0.512480 -0.907610
vt 0.512420 -0.907610
vt 0.512370 -0.907610
vt 0.512370 -0.907740
vt 0.512430 -0.907740
vt 0.512370 -0.907470
vt 0.512360 -0.907340
vt 0.512420 -0.907200
vt 0.512360 -0.907200
vt 0.512180 -0.909000
vt 0.512120 -0.909000
vt 0.512130 -0.909100
vt 0.512190 -0.909100
vt 0.512180 -0.908910
vt 0.512120 -0.908910
vt 0.512170 -0.908810
vt 0.512110 -0.908810
vt 0.512170 -0.908710
vt 0.512110 -0.908710
vt 0.512140 -0.906510
vt 0.512090 -0.906510
vt 0.512080 -0.906650
vt 0.512150 -0.906380
vt 0.512090 -0.906380
vt 0.512150 -0.906240
vt 0.512090 -0.906240
vt 0.512090 -0.906110
vt 0.512010 -0.906120
vt 0.512070 -0.906120
vt 0.512070 -0.905990
vt 0.512010 -0.905990
vt 0.512010 -0.906240
vt 0.512070 -0.906250
vt 0.512070 -0.906370
vt 0.512020 -0.906500
vt 0.512080 -0.906500
vt 0.511990 -0.908760
vt 0.512040 -0.908760
vt 0.512050 -0.908640
vt 0.511990 -0.908640
vt 0.511980 -0.908870
vt 0.512040 -0.908870
vt 0.512030 -0.908990
vt 0.511970 -0.909100
vt 0.512030 -0.909100
vt 0.511080 -0.906900
vt 0.511000 -0.906910
vt 0.510940 -0.906910
vt 0.510940 -0.907040
vt 0.510990 -0.907040
vt 0.511000 -0.906770
vt 0.510940 -0.906770
vt 0.511000 -0.906630
vt 0.510940 -0.906630
vt 0.512440 -0.908130
vt 0.512380 -0.908130
vt 0.512380 -0.908250
vt 0.512440 -0.908250
vt 0.512430 -0.908000
vt 0.512380 -0.908000
vt 0.512370 -0.907870
vt 0.512550 -0.905480
vt 0.512490 -0.905480
vt 0.512440 -0.905480
vt 0.512380 -0.905480
vt 0.512380 -0.905600
vt 0.512430 -0.905600
vt 0.512440 -0.905370
vt 0.512380 -0.905370
vt 0.512450 -0.905250
vt 0.512390 -0.905260
vt 0.512450 -0.905140
vt 0.512390 -0.905140
vt 0.512190 -0.907060
vt 0.512140 -0.907060
vt 0.512080 -0.907060
vt 0.512080 -0.907200
vt 0.512140 -0.907200
vt 0.512140 -0.906930
vt 0.512080 -0.906930
vt 0.512140 -0.906790
vt 0.512080 -0.906790
vt 0.512050 -0.905650
vt 0.512050 -0.905540
vt 0.511990 -0.905540
vt 0.512060 -0.905760
vt 0.512010 -0.905880
vt 0.512060 -0.905880
vt 0.512010 -0.908260
vt 0.512060 -0.908260
vt 0.512070 -0.908130
vt 0.512010 -0.908130
vt 0.512060 -0.908390
vt 0.512050 -0.908520
vt 0.511000 -0.908000
vt 0.510940 -0.908000
vt 0.510950 -0.908130
vt 0.511000 -0.907860
vt 0.510940 -0.907860
vt 0.510940 -0.907730
vt 0.511000 -0.907590
vt 0.510940 -0.907590
vt 0.511000 -0.907450
vt 0.510940 -0.907450
vt 0.510990 -0.907320
vt 0.510940 -0.907320
vt 0.510990 -0.907180
vt 0.510940 -0.907180
vt 0.512460 -0.908600
vt 0.512460 -0.908710
vt 0.512400 -0.908600
vt 0.512400 -0.908710
vt 0.512450 -0.908480
vt 0.512390 -0.908480
vt 0.512450 -0.908370
vt 0.512390 -0.908370
vt 0.512420 -0.905980
vt 0.512370 -0.905980
vt 0.512360 -0.906110
vt 0.512420 -0.906110
vt 0.512370 -0.905850
vt 0.512370 -0.905730
vt 0.512250 -0.907610
vt 0.512200 -0.907610
vt 0.512140 -0.907610
vt 0.512080 -0.907610
vt 0.512080 -0.907740
vt 0.512140 -0.907470
vt 0.512080 -0.907470
vt 0.512080 -0.907340
vt 0.511980 -0.905240
vt 0.511970 -0.905140
vt 0.512030 -0.905240
vt 0.512030 -0.905140
vt 0.512040 -0.905340
vt 0.512050 -0.905430
vt 0.512020 -0.907730
vt 0.512070 -0.907730
vt 0.512080 -0.907590
vt 0.512020 -0.907590
vt 0.512010 -0.907860
vt 0.512070 -0.907860
vt 0.512010 -0.908000
vt 0.512070 -0.908000
vt 0.511130 -0.908520
vt 0.511070 -0.908520
vt 0.511010 -0.908520
vt 0.510960 -0.908520
vt 0.510960 -0.908640
vt 0.511010 -0.908390
vt 0.510950 -0.908390
vt 0.510950 -0.908260
vt 0.511030 -0.905430
vt 0.510980 -0.905430
vt 0.510970 -0.905530
vt 0.511040 -0.905340
vt 0.510980 -0.905340
vt 0.511040 -0.905240
vt 0.510990 -0.905240
vt 0.510990 -0.905140
vt 0.512420 -0.906510
vt 0.512360 -0.906520
vt 0.512360 -0.906650
vt 0.512420 -0.906650
vt 0.512420 -0.906380
vt 0.512360 -0.906380
vt 0.512420 -0.906240
vt 0.512360 -0.906240
vt 0.512230 -0.908130
vt 0.512150 -0.908120
vt 0.512090 -0.908120
vt 0.512090 -0.908250
vt 0.512140 -0.908000
vt 0.512090 -0.908000
vt 0.512140 -0.907870
vt 0.512090 -0.907870
vt 0.512170 -0.905480
vt 0.512110 -0.905480
vt 0.512110 -0.905600
vt 0.512170 -0.905600
vt 0.512120 -0.905370
vt 0.512120 -0.905250
vt 0.512130 -0.905140
vt 0.511910 -0.907180
vt 0.511960 -0.907180
vt 0.512020 -0.907180
vt 0.512080 -0.907180
vt 0.512080 -0.907040
vt 0.512020 -0.907040
vt 0.512020 -0.907320
vt 0.512080 -0.907320
vt 0.512020 -0.907450
vt 0.512080 -0.907460
vt 0.511030 -0.908990
vt 0.510980 -0.908990
vt 0.510970 -0.908870
vt 0.511020 -0.908760
vt 0.510970 -0.908760
vt 0.511010 -0.905870
vt 0.510960 -0.905870
vt 0.511020 -0.905760
vt 0.510960 -0.905760
vt 0.510970 -0.905650
vt 0.512530 -0.907060
vt 0.512480 -0.907060
vt 0.512420 -0.907060
vt 0.512360 -0.907060
vt 0.512420 -0.906930
vt 0.512360 -0.906930
vt 0.512420 -0.906790
vt 0.512360 -0.906790
vt 0.512160 -0.908600
vt 0.512100 -0.908600
vt 0.512100 -0.908480
vt 0.512150 -0.908370
vt 0.512100 -0.908370
vt 0.512150 -0.905980
vt 0.512100 -0.905980
vt 0.512160 -0.905730
vt 0.512100 -0.905850
vt 0.512100 -0.905730
vt 0.511960 -0.906630
vt 0.512020 -0.906640
vt 0.512080 -0.906640
vt 0.512080 -0.906770
vt 0.512080 -0.906910

# Faces
g Cylinder_0
usemtl gate
# MOO:NODEID:2596389844
f 1261/1 1262/2 1263/3 
f 1261/1 1263/3 1264/4 
f 1261/1 1264/4 1265/5 
f 1261/1 1265/5 1266/6 
f 1261/1 1266/6 1267/7 
f 1261/1 1267/7 1268/8 
f 1261/1 1268/8 1262/2 
f 1269/9 3234/10 3235/11 
f 1269/9 3235/11 1270/12 
f 1269/9 1270/12 1271/13 
f 1269/9 1271/13 1272/14 
f 1269/9 1272/14 1273/15 
f 1269/9 1273/15 1274/16 
f 1269/9 1274/16 3234/10 
f 1275/17 1276/18 1277/19 
f 1275/17 1277/19 1278/20 
f 1275/17 1278/20 1279/21 
f 1275/17 1279/21 1280/22 
f 1275/17 1280/22 1281/23 
f 1275/17 1281/23 1282/24 
f 1275/17 1282/24 1276/18 
f 1283/25 1284/26 1285/27 
f 1283/25 1285/27 1286/28 
f 1283/25 1286/28 1287/29 
f 1283/25 1287/29 1288/30 
f 1283/25 1288/30 1289/31 
f 1283/25 1289/31 1290/32 
f 1283/25 1290/32 1291/33 
f 1283/25 1291/33 1284/26 
f 1292/34 1293/35 1294/36 
f 1292/34 1294/36 1295/37 
f 1292/34 1295/37 1296/38 
f 1292/34 1296/38 1297/39 
f 1292/34 1297/39 1298/40 
f 1299/41 1300/42 3272/43 
f 1299/41 3272/43 1301/44 
f 1299/41 1301/44 1302/45 
f 1299/41 1302/45 1303/46 
f 1299/41 1303/46 1304/47 
f 1299/41 1304/47 1305/48 
f 1299/41 1305/48 1300/42 
f 1306/49 1307/50 1308/51 
f 1306/49 1308/51 1309/52 
f 1306/49 1309/52 1310/53 
f 1306/49 1310/53 1311/54 
f 1306/49 1311/54 1312/55 
f 1306/49 1312/55 3281/56 
f 1313/57 3287/58 1314/59 
f 1313/57 1314/59 1315/60 
f 1313/57 1315/60 1316/61 
f 1313/57 1316/61 1317/62 
f 1313/57 1317/62 1318/63 
f 1313/57 1318/63 1319/64 
f 1313/57 1319/64 3287/58 
f 1320/65 1321/66 1322/67 
f 1320/65 1322/67 1323/68 
f 1320/65 1323/68 1324/69 
f 1320/65 1324/69 1325/70 
f 1320/65 1325/70 1326/71 
f 1320/65 1326/71 1327/72 
f 1320/65 1327/72 3297/73 
f 1320/65 3297/73 1321/66 
f 1328/74 1329/75 1330/76 
f 1328/74 1330/76 1331/77 
f 1328/74 1331/77 1332/78 
f 1328/74 1332/78 1333/79 
f 1328/74 1333/79 1334/80 
f 1328/74 1334/80 1335/81 
f 1328/74 1335/81 1336/82 
f 1328/74 1336/82 1329/75 
f 1337/83 1338/84 1339/85 
f 1337/83 1339/85 1340/86 
f 1337/83 1340/86 1341/87 
f 1337/83 1341/87 1342/88 
f 1337/83 1342/88 1343/89 
f 1337/83 1343/89 1344/90 
f 1337/83 1344/90 1338/84 
f 1345/91 1346/92 1347/93 
f 1345/91 1347/93 1348/94 
f 1345/91 1348/94 1349/95 
f 1345/91 1349/95 1350/96 
f 1345/91 1350/96 1351/97 
f 1345/91 1351/97 1352/98 
f 1353/99 1354/100 1355/101 
f 1353/99 1355/101 1356/102 
f 1353/99 1356/102 1357/103 
f 1353/99 1357/103 1358/104 
f 1353/99 1358/104 1359/105 
f 1360/106 1361/107 1362/108 
f 1360/106 1362/108 1363/109 
f 1360/106 1363/109 1364/110 
f 1360/106 1364/110 1365/111 
f 1360/106 1365/111 1366/112 
f 1367/113 3346/114 1368/115 
f 1367/113 1368/115 1369/116 
f 1367/113 1369/116 1370/117 
f 1367/113 1370/117 1371/118 
f 1367/113 1371/118 1372/119 
f 1373/120 3353/121 1374/122 
f 1373/120 1374/122 1375/123 
f 1373/120 1375/123 1376/124 
f 1373/120 1376/124 1377/125 
f 1373/120 1377/125 1378/126 
f 1373/120 1378/126 1379/127 
f 1373/120 1379/127 3353/121 
f 1380/128 1381/129 1382/130 
f 1380/128 1382/130 1383/131 
f 1380/128 1383/131 1384/132 
f 1380/128 1384/132 1385/133 
f 1380/128 1385/133 1386/134 
f 1380/128 1386/134 1387/135 
f 1380/128 1387/135 1381/129 
f 1388/136 3370/137 1389/138 
f 1388/136 1389/138 1390/139 
f 1388/136 1390/139 1391/140 
f 1388/136 1391/140 1392/141 
f 1388/136 1392/141 1393/142 
f 1394/143 1395/144 1396/145 
f 1394/143 1396/145 1397/146 
f 1394/143 1397/146 1398/147 
f 1394/143 1398/147 1399/148 
f 1394/143 1399/148 1400/149 
f 1394/143 1400/149 1401/150 
f 1394/143 1401/150 1395/144 
f 1402/151 1403/152 1404/153 
f 1402/151 1404/153 1405/154 
f 1402/151 1405/154 1406/155 
f 1402/151 1406/155 1407/156 
f 1402/151 1407/156 1408/157 
f 1402/151 1408/157 1409/158 
f 1402/151 1409/158 1410/159 
f 1402/151 1410/159 1403/152 
f 1411/160 1412/161 1413/162 
f 1411/160 1413/162 1414/163 
f 1411/160 1414/163 1415/164 
f 1411/160 1415/164 1416/165 
f 1411/160 1416/165 1417/166 
f 1418/167 1419/168 1420/169 
f 1418/167 1420/169 1421/170 
f 1418/167 1421/170 1422/171 
f 1418/167 1422/171 1423/172 
f 1418/167 1423/172 1424/173 
f 1418/167 1424/173 1419/168 
f 1425/174 1426/175 1427/176 
f 1425/174 1427/176 1428/177 
f 1425/174 1428/177 1429/178 
f 1425/174 1429/178 1430/179 
f 1425/174 1430/179 3412/180 
f 1431/181 3416/182 1432/183 
f 1431/181 1432/183 1433/184 
f 1431/181 1433/184 1434/185 
f 1431/181 1434/185 1435/186 
f 1431/181 1435/186 1436/187 
f 1431/181 1436/187 1437/188 
f 1431/181 1437/188 1438/189 
f 1431/181 1438/189 3416/182 
f 1439/190 1440/191 1441/192 
f 1439/190 1441/192 1442/193 
f 1439/190 1442/193 1443/194 
f 1439/190 1443/194 1444/195 
f 1439/190 1444/195 1445/196 
f 1439/190 1445/196 1446/197 
f 1439/190 1446/197 3428/198 
f 1439/190 3428/198 1440/191 
f 1447/199 1448/200 1449/201 
f 1447/199 1449/201 1450/202 
f 1447/199 1450/202 1451/203 
f 1447/199 1451/203 1452/204 
f 1447/199 1452/204 1453/205 
f 1454/206 1455/207 1456/208 
f 1454/206 1456/208 1457/209 
f 1454/206 1457/209 1458/210 
f 1454/206 1458/210 1459/211 
f 1454/206 1459/211 1460/212 
f 1454/206 1460/212 1461/213 
f 1454/206 1461/213 1455/207 
f 1462/214 1463/215 1464/216 
f 1462/214 1464/216 1465/217 
f 1462/214 1465/217 1466/218 
f 1462/214 1466/218 1467/219 
f 1462/214 1467/219 1468/220 
f 1462/214 1468/220 1469/221 
f 1462/214 1469/221 1470/222 
f 1462/214 1470/222 1463/215 
f 1471/223 1472/224 1473/225 
f 1471/223 1473/225 1474/226 
f 1471/223 1474/226 1475/227 
f 1471/223 1475/227 1476/228 
f 1471/223 1476/228 1477/229 
f 1471/223 1477/229 1478/230 
f 1471/223 1478/230 1472/224 
f 1479/231 1480/232 1481/233 
f 1479/231 1481/233 1482/234 
f 1479/231 1482/234 1483/235 
f 1479/231 1483/235 1484/236 
f 1479/231 1484/236 3470/237 
f 1485/238 1486/239 1487/240 
f 1485/238 1487/240 1488/241 
f 1485/238 1488/241 1489/242 
f 1485/238 1489/242 1490/243 
f 1485/238 1490/243 1491/244 
f 1485/238 1491/244 1492/245 
f 1485/238 1492/245 1493/246 
f 1485/238 1493/246 1486/239 
f 1494/247 3482/248 1495/249 
f 1494/247 1495/249 1496/250 
f 1494/247 1496/250 1497/251 
f 1494/247 1497/251 1498/252 
f 1494/247 1498/252 1499/253 
f 1494/247 1499/253 3482/248 
f 1500/254 3489/255 1501/256 
f 1500/254 1501/256 1502/257 
f 1500/254 1502/257 1503/258 
f 1500/254 1503/258 1504/259 
f 1500/254 1504/259 1505/260 
f 1500/254 1505/260 3485/261 
f 1506/262 1507/263 1508/264 
f 1506/262 1509/265 1510/266 
f 1506/262 1510/266 1511/267 
f 1506/262 1511/267 1512/268 
f 1506/262 1512/268 1513/269 
f 1506/262 1513/269 1507/263 
f 1514/270 1515/271 1516/272 
f 1514/270 1516/272 1517/273 
f 1514/270 1517/273 1518/274 
f 1514/270 1518/274 1519/275 
f 1514/270 1519/275 1520/276 
f 1514/270 1520/276 1521/277 
f 1514/270 1521/277 1522/278 
f 1514/270 1522/278 1515/271 
f 1523/279 1524/280 1525/281 
f 1523/279 1525/281 1526/282 
f 1523/279 1526/282 1527/283 
f 1523/279 1527/283 1528/284 
f 1523/279 1528/284 1529/285 
f 1523/279 1529/285 1530/286 
f 1523/279 1530/286 1531/287 
f 1523/279 1531/287 1524/280 
f 1532/288 1533/289 1534/290 
f 1532/288 1534/290 1535/291 
f 1532/288 1535/291 1536/292 
f 1532/288 1536/292 1537/293 
f 1532/288 1537/293 1538/294 
f 1532/288 1538/294 1539/295 
f 1532/288 1539/295 1540/296 
f 1532/288 1540/296 1533/289 
f 1541/297 1542/298 1543/299 
f 1541/297 1543/299 1544/300 
f 1541/297 1544/300 1545/301 
f 1541/297 1545/301 1546/302 
f 1541/297 1546/302 1547/303 
f 1541/297 1547/303 1548/304 
f 1541/297 1548/304 1549/305 
f 1541/297 1549/305 1542/298 
f 1550/306 1551/307 1552/308 
f 1550/306 1552/308 1553/309 
f 1550/306 1553/309 1554/310 
f 1550/306 1554/310 1555/311 
f 1550/306 1555/311 1556/312 
f 1550/306 1556/312 1557/313 
f 1550/306 1557/313 1558/314 
f 1550/306 1558/314 1551/307 
f 1559/315 1560/316 1561/317 
f 1559/315 1561/317 1562/318 
f 1559/315 1562/318 1563/319 
f 1559/315 1563/319 1564/320 
f 1559/315 1564/320 1565/321 
f 1559/315 1565/321 1566/322 
f 1559/315 1566/322 1567/323 
f 1559/315 1567/323 1560/316 
f 1568/324 1569/325 1570/326 
f 1568/324 1570/326 1571/327 
f 1568/324 1571/327 1572/328 
f 1568/324 1572/328 1573/329 
f 1568/324 1573/329 1574/330 
f 1568/324 1574/330 1575/331 
f 1568/324 1575/331 1576/332 
f 1568/324 1576/332 1569/325 
f 1577/333 1578/334 1579/335 
f 1577/333 1579/335 1580/336 
f 1577/333 1580/336 1581/337 
f 1577/333 1581/337 1582/338 
f 1577/333 1582/338 1583/339 
f 1577/333 1583/339 1584/340 
f 1577/333 1584/340 1585/341 
f 1577/333 1585/341 1578/334 
f 1586/342 1587/343 1588/344 
f 1586/342 1588/344 1589/345 
f 1586/342 1589/345 1590/346 
f 1586/342 1590/346 1591/347 
f 1586/342 1591/347 1592/348 
f 1586/342 1592/348 1593/349 
f 1586/342 1593/349 1594/350 
f 1586/342 1594/350 1587/343 
f 1595/351 1596/352 1597/353 
f 1595/351 1597/353 1598/354 
f 1595/351 1598/354 1599/355 
f 1595/351 1599/355 1600/356 
f 1595/351 1600/356 1601/357 
f 1595/351 1601/357 1602/358 
f 1595/351 1602/358 1603/359 
f 1595/351 1603/359 1596/352 
f 1604/360 1605/361 1606/362 
f 1604/360 1606/362 1607/363 
f 1604/360 1607/363 1608/364 
f 1604/360 1608/364 1609/365 
f 1604/360 1609/365 1610/366 
f 1604/360 1610/366 1611/367 
f 1604/360 1611/367 1612/368 
f 1604/360 1612/368 1605/361 
f 1613/369 1614/370 1615/371 
f 1613/369 1615/371 1616/372 
f 1613/369 1616/372 1617/373 
f 1613/369 1617/373 1618/374 
f 1613/369 1618/374 1619/375 
f 1613/369 1619/375 1620/376 
f 1613/369 1620/376 1621/377 
f 1613/369 1621/377 1614/370 
f 1622/378 1623/379 1624/380 
f 1622/378 1624/380 1625/381 
f 1622/378 1625/381 1626/382 
f 1622/378 1626/382 1627/383 
f 1622/378 1627/383 1628/384 
f 1622/378 1628/384 1629/385 
f 1622/378 1629/385 1630/386 
f 1622/378 1630/386 1623/379 
f 1631/387 3605/388 1632/389 
f 1631/387 1632/389 1633/390 
f 1631/387 1633/390 1634/391 
f 1631/387 1634/391 1635/392 
f 1631/387 1635/392 1636/393 
f 1631/387 1636/393 1637/394 
f 1631/387 1637/394 1638/395 
f 1631/387 1638/395 3605/388 
f 1639/396 1640/397 1641/398 
f 1639/396 1641/398 1642/399 
f 1639/396 1642/399 1643/400 
f 1639/396 1643/400 1644/401 
f 1639/396 1644/401 1645/402 
f 1639/396 1645/402 1646/403 
f 1639/396 1646/403 1647/404 
f 1639/396 1647/404 1640/397 
f 1648/405 1649/406 1650/407 
f 1648/405 1650/407 1651/408 
f 1648/405 1651/408 1652/409 
f 1648/405 1652/409 1653/410 
f 1648/405 1653/410 1654/411 
f 1648/405 1654/411 1655/412 
f 1648/405 1655/412 1656/413 
f 1648/405 1656/413 1649/406 
f 1657/414 1658/415 1659/416 
f 1657/414 1659/416 1660/417 
f 1657/414 1660/417 1661/418 
f 1657/414 1661/418 1662/419 
f 1657/414 1662/419 1663/420 
f 1657/414 1663/420 1664/421 
f 1657/414 1664/421 1665/422 
f 1657/414 1665/422 1658/415 
f 1666/423 1667/424 1668/425 
f 1666/423 1668/425 1669/426 
f 1666/423 1669/426 1670/427 
f 1666/423 1670/427 1671/428 
f 1666/423 1671/428 1672/429 
f 1666/423 1672/429 1673/430 
f 1666/423 1673/430 1674/431 
f 1666/423 1674/431 1667/424 
f 1675/432 1676/433 1677/434 
f 1675/432 1677/434 1678/435 
f 1675/432 1678/435 1679/436 
f 1675/432 1679/436 1680/437 
f 1675/432 1680/437 1681/438 
f 1675/432 1681/438 1682/439 
f 1675/432 1682/439 1683/440 
f 1675/432 1683/440 1676/433 
f 1684/441 1685/442 1686/443 
f 1684/441 1686/443 1687/444 
f 1684/441 1687/444 1688/445 
f 1684/441 1688/445 1689/446 
f 1684/441 1689/446 1690/447 
f 1684/441 1690/447 1691/448 
f 1684/441 1691/448 1692/449 
f 1684/441 1692/449 1685/442 
f 1693/450 1694/451 1695/452 
f 1693/450 1695/452 1696/453 
f 1693/450 1696/453 1697/454 
f 1693/450 1697/454 1698/455 
f 1693/450 1698/455 1699/456 
f 1693/450 1699/456 1700/457 
f 1693/450 1700/457 1701/458 
f 1693/450 1701/458 1694/451 
f 1702/459 1703/460 1704/461 
f 1702/459 1704/461 1705/462 
f 1702/459 1705/462 1706/463 
f 1702/459 1706/463 1707/464 
f 1702/459 1707/464 1708/465 
f 1702/459 1708/465 1709/466 
f 1702/459 1709/466 1710/467 
f 1702/459 1710/467 1703/460 
f 1711/468 1712/469 1713/470 
f 1711/468 1713/470 1714/471 
f 1711/468 1714/471 1715/472 
f 1711/468 1715/472 1716/473 
f 1711/468 1716/473 1717/474 
f 1711/468 1717/474 1718/475 
f 1711/468 1718/475 1719/476 
f 1711/468 1719/476 1712/469 
f 1720/477 1721/478 1722/479 
f 1720/477 1722/479 1723/480 
f 1720/477 1723/480 1724/481 
f 1720/477 1724/481 1725/482 
f 1720/477 1725/482 1726/483 
f 1720/477 1726/483 1727/484 
f 1720/477 1727/484 1728/485 
f 1720/477 1728/485 1721/478 
f 1729/486 1730/487 1731/488 
f 1729/486 1731/488 1732/489 
f 1729/486 1732/489 1733/490 
f 1729/486 1733/490 1734/491 
f 1729/486 1734/491 1735/492 
f 1729/486 1735/492 1736/493 
f 1729/486 1736/493 1737/494 
f 1729/486 1737/494 1730/487 
f 1738/495 1739/496 1740/497 
f 1738/495 1740/497 1741/498 
f 1738/495 1741/498 1742/499 
f 1738/495 1742/499 1743/500 
f 1738/495 1743/500 1744/501 
f 1738/495 1744/501 1745/502 
f 1738/495 1745/502 1746/503 
f 1738/495 1746/503 1739/496 
f 1747/504 1748/505 1749/506 
f 1747/504 1749/506 1750/507 
f 1747/504 1750/507 1751/508 
f 1747/504 1751/508 1752/509 
f 1747/504 1752/509 1753/510 
f 1747/504 1753/510 1754/511 
f 1747/504 1754/511 1755/512 
f 1747/504 1755/512 1748/505 
f 1756/513 1757/514 1758/515 
f 1756/513 1758/515 1759/516 
f 1756/513 1759/516 1760/517 
f 1756/513 1760/517 1761/518 
f 1756/513 1761/518 1762/519 
f 1756/513 1762/519 1763/520 
f 1756/513 1763/520 1764/521 
f 1756/513 1764/521 1757/514 
f 1765/522 1766/523 1767/524 
f 1765/522 1767/524 1768/525 
f 1765/522 1768/525 1769/526 
f 1765/522 1769/526 1770/527 
f 1765/522 1770/527 1771/528 
f 1765/522 1771/528 1772/529 
f 1765/522 1772/529 1773/530 
f 1765/522 1773/530 1766/523 
f 1774/531 1775/532 1776/533 
f 1774/531 1776/533 1777/534 
f 1774/531 1777/534 1778/535 
f 1774/531 1778/535 1779/536 
f 1774/531 1779/536 1780/537 
f 1774/531 1780/537 1781/538 
f 1774/531 1781/538 1782/539 
f 1774/531 1782/539 1775/532 
f 1783/540 1784/541 1785/542 
f 1783/540 1785/542 1786/543 
f 1783/540 1786/543 1787/544 
f 1783/540 1787/544 1788/545 
f 1783/540 1788/545 1789/546 
f 1783/540 1789/546 1790/547 
f 1783/540 1790/547 1791/548 
f 1783/540 1791/548 1784/541 
f 1792/549 1793/550 1794/551 
f 1792/549 1794/551 1795/552 
f 1792/549 1795/552 1796/553 
f 1792/549 1796/553 1797/554 
f 1792/549 1797/554 1798/555 
f 1792/549 1798/555 1799/556 
f 1792/549 1799/556 1793/550 
f 1800/557 1801/558 1802/559 
f 1800/557 1802/559 1803/560 
f 1800/557 1803/560 1804/561 
f 1800/557 1804/561 1805/562 
f 1800/557 1805/562 1806/563 
f 1800/557 1806/563 1807/564 
f 1800/557 1807/564 1808/565 
f 1800/557 1808/565 1801/558 
f 1809/566 1810/567 1811/568 
f 1809/566 1811/568 1812/569 
f 1809/566 1812/569 1813/570 
f 1809/566 1813/570 1814/571 
f 1809/566 1814/571 1815/572 
f 1809/566 1815/572 1816/573 
f 1809/566 1816/573 1817/574 
f 1809/566 1817/574 1810/567 
f 1818/575 1819/576 1820/577 
f 1818/575 1820/577 1821/578 
f 1818/575 1821/578 1822/579 
f 1818/575 1822/579 1823/580 
f 1818/575 1823/580 1824/581 
f 1818/575 1824/581 1825/582 
f 1818/575 1825/582 1826/583 
f 1818/575 1826/583 1819/576 
f 1827/584 1828/585 1829/586 
f 1827/584 1829/586 1830/587 
f 1827/584 1830/587 1831/588 
f 1827/584 1831/588 1832/589 
f 1827/584 1832/589 1833/590 
f 1827/584 1833/590 1834/591 
f 1827/584 1834/591 1835/592 
f 1827/584 1835/592 1828/585 
f 1836/593 1837/594 1838/595 
f 1836/593 1838/595 1839/596 
f 1836/593 1839/596 1840/597 
f 1836/593 1840/597 1841/598 
f 1836/593 1841/598 1842/599 
f 1836/593 1842/599 1843/600 
f 1836/593 1843/600 1844/601 
f 1836/593 1844/601 1837/594 
f 1845/602 1846/603 1847/604 
f 1845/602 1847/604 1848/605 
f 1845/602 1848/605 1849/606 
f 1845/602 1849/606 1850/607 
f 1845/602 1850/607 1851/608 
f 1845/602 1851/608 1852/609 
f 1845/602 1852/609 1853/610 
f 1845/602 1853/610 1846/603 
f 1854/611 1855/612 1856/613 
f 1854/611 1856/613 1857/614 
f 1854/611 1857/614 1858/615 
f 1854/611 1858/615 1859/616 
f 1854/611 1859/616 1860/617 
f 1854/611 1860/617 1861/618 
f 1854/611 1861/618 1862/619 
f 1854/611 1862/619 1855/612 
f 1863/620 1864/621 1865/622 
f 1863/620 1865/622 3784/623 
f 1863/620 3784/623 1866/624 
f 1863/620 1866/624 1867/625 
f 1863/620 1867/625 1868/626 
f 1863/620 1868/626 1869/627 
f 1863/620 1869/627 1870/628 
f 1863/620 1870/628 1864/621 
f 1871/629 1872/630 1873/631 
f 1871/629 1873/631 1874/632 
f 1871/629 1874/632 3745/633 
f 1871/629 3745/633 1875/634 
f 1871/629 1875/634 1876/635 
f 1871/629 1876/635 1877/636 
f 1871/629 1877/636 1878/637 
f 1871/629 1878/637 1872/630 
f 1879/638 1880/639 1881/640 
f 1879/638 1881/640 1882/641 
f 1879/638 1882/641 1883/642 
f 1879/638 1883/642 1884/643 
f 1879/638 1884/643 1885/644 
f 1879/638 1885/644 1886/645 
f 1879/638 1886/645 1887/646 
f 1879/638 1887/646 1880/639 
f 1888/647 1889/648 1890/649 
f 1888/647 1890/649 1891/650 
f 1888/647 1891/650 1892/651 
f 1888/647 1892/651 1893/652 
f 1888/647 1893/652 1894/653 
f 1888/647 1894/653 1895/654 
f 1888/647 1895/654 1896/655 
f 1888/647 1896/655 1889/648 
f 1897/656 1898/657 3809/658 
f 1897/656 3809/658 1899/659 
f 1897/656 1899/659 1900/660 
f 1897/656 1900/660 1901/661 
f 1897/656 1901/661 1902/662 
f 1897/656 1902/662 1903/663 
f 1897/656 1903/663 1898/657 
f 1904/664 1905/665 1906/666 
f 1904/664 1906/666 3816/667 
f 1904/664 3816/667 1907/668 
f 1904/664 1907/668 1908/669 
f 1904/664 1908/669 1909/670 
f 1904/664 1909/670 1910/671 
f 1904/664 1910/671 1911/672 
f 1904/664 1911/672 1905/665 
f 1912/673 1913/674 1914/675 
f 1912/673 1914/675 1915/676 
f 1912/673 1915/676 1916/677 
f 1912/673 1916/677 1917/678 
f 1912/673 1917/678 1918/679 
f 1912/673 1918/679 1919/680 
f 1912/673 1919/680 1920/681 
f 1912/673 1920/681 1913/674 
f 1921/682 1922/683 1923/684 
f 1921/682 1923/684 1924/685 
f 1921/682 1924/685 3782/686 
f 1921/682 3782/686 1925/687 
f 1921/682 1925/687 1926/688 
f 1921/682 1926/688 1927/689 
f 1921/682 1927/689 1928/690 
f 1921/682 1928/690 1922/683 
f 1929/691 1930/692 1931/693 
f 1929/691 1931/693 1932/694 
f 1929/691 1932/694 1933/695 
f 1929/691 1933/695 1934/696 
f 1929/691 1934/696 1935/697 
f 1929/691 1935/697 1936/698 
f 1929/691 1936/698 1937/699 
f 1929/691 1937/699 1930/692 
f 1938/700 1939/701 1940/702 
f 1938/700 1940/702 1941/703 
f 1938/700 1941/703 1942/704 
f 1938/700 1942/704 1943/705 
f 1938/700 1943/705 1944/706 
f 1938/700 1944/706 1945/707 
f 1938/700 1945/707 1946/708 
f 1938/700 1946/708 1939/701 
f 1947/709 1948/710 1949/711 
f 1947/709 1949/711 1950/712 
f 1947/709 1950/712 1951/713 
f 1947/709 1951/713 1952/714 
f 1947/709 1952/714 1953/715 
f 1947/709 1953/715 1954/716 
f 1947/709 1954/716 1955/717 
f 1947/709 1955/717 1948/710 
f 1956/718 1957/719 1958/720 
f 1956/718 1958/720 1959/721 
f 1956/718 1959/721 1960/722 
f 1956/718 1960/722 1961/723 
f 1956/718 1961/723 1962/724 
f 1956/718 1962/724 1963/725 
f 1956/718 1963/725 1964/726 
f 1956/718 1964/726 1957/719 
f 1965/727 1966/728 1967/729 
f 1965/727 1967/729 1968/730 
f 1965/727 1968/730 1969/731 
f 1965/727 1969/731 1970/732 
f 1965/727 1970/732 1971/733 
f 1965/727 1971/733 1972/734 
f 1965/727 1972/734 1973/735 
f 1965/727 1973/735 1966/728 
f 1974/736 1975/737 1976/738 
f 1974/736 1976/738 1977/739 
f 1974/736 1977/739 1978/740 
f 1974/736 1978/740 1979/741 
f 1974/736 1979/741 1980/742 
f 1974/736 1980/742 1981/743 
f 1974/736 1981/743 1982/744 
f 1974/736 1982/744 1975/737 
f 1983/745 1984/746 1985/747 
f 1983/745 1985/747 1986/748 
f 1983/745 1986/748 1987/749 
f 1983/745 1987/749 1988/750 
f 1983/745 1988/750 1989/751 
f 1983/745 1989/751 1990/752 
f 1983/745 1990/752 1991/753 
f 1983/745 1991/753 1984/746 
f 1992/754 1993/755 1994/756 
f 1992/754 1994/756 3882/757 
f 1992/754 3882/757 1995/758 
f 1992/754 1995/758 1996/759 
f 1992/754 1996/759 1997/760 
f 1992/754 1997/760 1998/761 
f 1992/754 1998/761 1999/762 
f 1992/754 1999/762 1993/755 
f 2000/763 2001/764 2002/765 
f 2000/763 2002/765 2003/766 
f 2000/763 2003/766 2004/767 
f 2000/763 2004/767 2005/768 
f 2000/763 2005/768 2006/769 
f 2000/763 2006/769 2007/770 
f 2000/763 2007/770 2008/771 
f 2000/763 2008/771 2001/764 
f 2009/772 2010/773 2011/774 
f 2009/772 2011/774 2012/775 
f 2009/772 2012/775 2013/776 
f 2009/772 2013/776 2014/777 
f 2009/772 2014/777 2015/778 
f 2009/772 2015/778 2016/779 
f 2009/772 2016/779 2017/780 
f 2009/772 2017/780 2010/773 
f 2018/781 2019/782 3899/783 
f 2018/781 3899/783 2020/784 
f 2018/781 2020/784 2021/785 
f 2018/781 2021/785 2022/786 
f 2018/781 2022/786 2023/787 
f 2018/781 2023/787 2024/788 
f 2018/781 2024/788 2019/782 
f 2025/789 2026/790 2027/791 
f 2025/789 2027/791 2028/792 
f 2025/789 2028/792 3866/793 
f 2025/789 3866/793 2029/794 
f 2025/789 2029/794 2030/795 
f 2025/789 2030/795 2031/796 
f 2025/789 2031/796 2032/797 
f 2025/789 2032/797 2026/790 
f 2033/798 2034/799 2035/800 
f 2033/798 2035/800 2036/801 
f 2033/798 2036/801 2037/802 
f 2033/798 2037/802 2038/803 
f 2033/798 2038/803 2039/804 
f 2033/798 2039/804 2040/805 
f 2033/798 2040/805 2041/806 
f 2033/798 2041/806 2034/799 
f 2042/807 2043/808 2044/809 
f 2042/807 3880/810 2045/811 
f 2042/807 2045/811 2046/812 
f 2042/807 2046/812 2047/813 
f 2042/807 2047/813 2048/814 
f 2042/807 2048/814 2043/808 
f 2049/815 2050/816 2051/817 
f 2049/815 2051/817 2052/818 
f 2049/815 2052/818 2053/819 
f 2049/815 2053/819 2054/820 
f 2049/815 2054/820 2055/821 
f 2049/815 2055/821 2056/822 
f 2049/815 2056/822 2057/823 
f 2049/815 2057/823 2050/816 
f 2058/824 2059/825 2060/826 
f 2058/824 2060/826 2061/827 
f 2058/824 2061/827 2062/828 
f 2058/824 2062/828 2063/829 
f 2058/824 2063/829 2064/830 
f 2058/824 2064/830 2065/831 
f 2058/824 2065/831 2066/832 
f 2058/824 2066/832 2059/825 
f 2067/833 2068/834 2069/835 
f 2067/833 2069/835 2070/836 
f 2067/833 2070/836 2071/837 
f 2067/833 2071/837 2072/838 
f 2067/833 2072/838 2073/839 
f 2067/833 2073/839 2074/840 
f 2067/833 2074/840 2075/841 
f 2067/833 2075/841 2068/834 
f 2076/842 2077/843 2078/844 
f 2076/842 2079/845 2080/846 
f 2076/842 2080/846 2081/847 
f 2076/842 2081/847 2082/848 
f 2076/842 2082/848 2083/849 
f 2076/842 2083/849 2077/843 
f 2084/850 2085/851 3949/852 
f 2084/850 2086/853 2087/854 
f 2084/850 2087/854 2088/855 
f 2084/850 2088/855 2089/856 
f 2084/850 2089/856 2090/857 
f 2084/850 2090/857 2085/851 
f 2091/858 2092/859 2093/860 
f 2091/858 2093/860 2094/861 
f 2091/858 2094/861 2095/862 
f 2091/858 2095/862 2096/863 
f 2091/858 2096/863 2097/864 
f 2091/858 2097/864 2092/859 
f 2098/865 2099/866 2100/867 
f 2098/865 2100/867 3967/868 
f 2098/865 3967/868 2101/869 
f 2098/865 2101/869 2102/870 
f 2098/865 2102/870 2103/871 
f 2098/865 2103/871 2104/872 
f 2098/865 2104/872 2099/866 
f 2105/873 2107/874 2108/875 
f 2105/873 2108/875 2109/876 
f 2105/873 2109/876 2110/877 
f 2105/873 2110/877 2106/878 
f 2111/879 2112/880 2113/881 
f 2111/879 2113/881 2114/882 
f 2111/879 2114/882 2115/883 
f 2111/879 2115/883 2116/884 
f 2111/879 2116/884 2117/885 
f 2111/879 2117/885 2112/880 
f 2118/886 2119/887 2120/888 
f 2118/886 2120/888 2121/889 
f 2118/886 2121/889 2122/890 
f 2118/886 2122/890 2123/891 
f 2118/886 2123/891 2124/892 
f 2118/886 2124/892 2125/893 
f 2118/886 2125/893 2119/887 
f 2126/894 2127/895 2128/896 
f 2126/894 2128/896 2129/897 
f 2126/894 2129/897 2130/898 
f 2126/894 2130/898 2131/899 
f 2126/894 2131/899 2132/900 
f 2126/894 2132/900 2133/901 
f 2126/894 2133/901 2127/895 
f 2134/902 2135/903 2136/904 
f 2134/902 2136/904 2137/905 
f 2134/902 2137/905 2138/906 
f 2134/902 2138/906 2139/907 
f 2134/902 2139/907 2140/908 
f 2134/902 2140/908 2141/909 
f 2134/902 2141/909 2135/903 
f 2142/910 2143/911 4007/912 
f 2142/910 4007/912 2144/913 
f 2142/910 2144/913 2145/914 
f 2142/910 2145/914 2146/915 
f 2142/910 2146/915 2147/916 
f 2142/910 2147/916 2148/917 
f 2142/910 2148/917 2149/918 
f 2142/910 2149/918 2143/911 
f 2150/919 2152/920 2153/921 
f 2150/919 2153/921 2154/922 
f 2150/919 2154/922 2155/923 
f 2150/919 2155/923 2151/924 
f 2156/925 2157/926 2158/927 
f 2156/925 2158/927 2159/928 
f 2156/925 2159/928 2160/929 
f 2156/925 2160/929 2161/930 
f 2156/925 2161/930 2162/931 
f 2156/925 2162/931 2163/932 
f 2164/933 2165/934 2166/935 
f 2164/933 2166/935 2167/936 
f 2164/933 2167/936 2168/937 
f 2164/933 2168/937 2169/938 
f 2164/933 2169/938 2170/939 
f 2164/933 2170/939 2171/940 
f 2164/933 2171/940 2172/941 
f 2164/933 2172/941 2165/934 
f 2173/942 2174/943 2175/944 
f 2173/942 2175/944 2176/945 
f 2173/942 2176/945 2177/946 
f 2173/942 2177/946 2178/947 
f 2173/942 2178/947 2179/948 
f 2173/942 2179/948 2180/949 
f 2173/942 2180/949 2181/950 
f 2173/942 2181/950 2174/943 
f 2182/951 2183/952 2184/953 
f 2182/951 2184/953 4038/954 
f 2182/951 4038/954 2185/955 
f 2182/951 2185/955 2186/956 
f 2182/951 2186/956 2187/957 
f 2182/951 2187/957 2188/958 
f 2182/951 2188/958 2189/959 
f 2182/951 2189/959 2183/952 
f 2190/960 2191/961 4043/962 
f 2190/960 4043/962 2192/963 
f 2190/960 2192/963 2193/964 
f 2190/960 2193/964 2194/965 
f 2190/960 2194/965 2195/966 
f 2190/960 2195/966 2196/967 
f 2190/960 2196/967 2191/961 
f 2197/968 2198/969 2199/970 
f 2197/968 2199/970 2200/971 
f 2197/968 2200/971 2201/972 
f 2197/968 2201/972 2202/973 
f 2197/968 2202/973 2203/974 
f 2197/968 2203/974 2204/975 
f 2197/968 2204/975 2198/969 
f 2205/976 2206/977 2207/978 
f 2205/976 2207/978 4057/979 
f 2205/976 4057/979 2208/980 
f 2205/976 2208/980 2209/981 
f 2205/976 2209/981 2210/982 
f 2205/976 2210/982 2211/983 
f 2205/976 2211/983 2206/977 
f 2212/984 2213/985 4063/986 
f 2212/984 4063/986 2214/987 
f 2212/984 2214/987 2215/988 
f 2212/984 2215/988 2216/989 
f 2212/984 2216/989 2217/990 
f 2212/984 2217/990 2218/991 
f 2212/984 2218/991 2219/992 
f 2212/984 2219/992 2213/985 
f 2220/993 2221/994 2222/995 
f 2220/993 2222/995 2223/996 
f 2220/993 2223/996 2224/997 
f 2220/993 2224/997 2225/998 
f 2220/993 2225/998 2226/999 
f 2220/993 2226/999 2221/994 
f 2227/1000 2228/1001 2229/1002 
f 2227/1000 2229/1002 2230/1003 
f 2227/1000 2230/1003 2231/1004 
f 2227/1000 2231/1004 2232/1005 
f 2227/1000 2232/1005 2233/1006 
f 2227/1000 2233/1006 2234/1007 
f 2227/1000 2234/1007 2235/1008 
f 2227/1000 2235/1008 2228/1001 
f 2236/1009 2237/1010 2238/1011 
f 2236/1009 2238/1011 2239/1012 
f 2236/1009 2239/1012 2240/1013 
f 2236/1009 2240/1013 2241/1014 
f 2236/1009 2241/1014 2242/1015 
f 2236/1009 2242/1015 2237/1010 
f 2243/1016 2244/1017 2245/1018 
f 2243/1016 2245/1018 2246/1019 
f 2243/1016 2246/1019 2247/1020 
f 2243/1016 2247/1020 2248/1021 
f 2243/1016 2248/1021 2249/1022 
f 2243/1016 2249/1022 2250/1023 
f 2251/1024 2252/1025 2253/1026 
f 2251/1024 2253/1026 2254/1027 
f 2251/1024 2254/1027 2255/1028 
f 2251/1024 2255/1028 2256/1029 
f 2251/1024 2256/1029 2257/1030 
f 2251/1024 2257/1030 2252/1025 
f 2258/1031 2259/1032 2260/1033 
f 2258/1031 2260/1033 2261/1034 
f 2258/1031 2261/1034 2262/1035 
f 2258/1031 2262/1035 2263/1036 
f 2258/1031 2263/1036 2264/1037 
f 2258/1031 2264/1037 2265/1038 
f 2258/1031 2265/1038 2266/1039 
f 2258/1031 2266/1039 2259/1032 
f 2267/1040 2268/1041 2269/1042 
f 2267/1040 2269/1042 2270/1043 
f 2267/1040 2270/1043 2271/1044 
f 2267/1040 2271/1044 2272/1045 
f 2267/1040 2272/1045 2273/1046 
f 2267/1040 2273/1046 2268/1041 
f 2274/1047 2275/1048 2276/1049 
f 2274/1047 2276/1049 2277/1050 
f 2274/1047 2277/1050 2278/1051 
f 2274/1047 2278/1051 2279/1052 
f 2274/1047 2279/1052 2280/1053 
f 2274/1047 2280/1053 2281/1054 
f 2282/1055 2283/1056 4123/1057 
f 2282/1055 4123/1057 2284/1058 
f 2282/1055 2284/1058 2285/1059 
f 2282/1055 2285/1059 2286/1060 
f 2282/1055 2286/1060 2287/1061 
f 2282/1055 2287/1061 2288/1062 
f 2282/1055 2288/1062 2289/1063 
f 2282/1055 2289/1063 2283/1056 
f 2290/1064 2291/1065 2292/1066 
f 2290/1064 2292/1066 2293/1067 
f 2290/1064 2293/1067 2294/1068 
f 2290/1064 2294/1068 2295/1069 
f 2290/1064 2295/1069 2296/1070 
f 2290/1064 2296/1070 2297/1071 
f 2290/1064 2297/1071 2298/1072 
f 2290/1064 2298/1072 2291/1065 
f 2299/1073 2300/1074 2301/1075 
f 2299/1073 2302/1076 2303/1077 
f 2299/1073 2303/1077 2304/1078 
f 2299/1073 2304/1078 2305/1079 
f 2299/1073 2305/1079 2306/1080 
f 2299/1073 2306/1080 2300/1074 
f 2307/1081 2308/1082 2309/1083 
f 2307/1081 2309/1083 2310/1084 
f 2307/1081 2310/1084 2311/1085 
f 2307/1081 2311/1085 2312/1086 
f 2307/1081 2312/1086 2313/1087 
f 2307/1081 2313/1087 2314/1088 
f 2307/1081 2314/1088 2315/1089 
f 2307/1081 2315/1089 2308/1082 
f 2316/1090 2317/1091 2318/1092 
f 2316/1090 2318/1092 2319/1093 
f 2316/1090 2319/1093 2320/1094 
f 2316/1090 2320/1094 2321/1095 
f 2316/1090 2321/1095 2322/1096 
f 2316/1090 2322/1096 2323/1097 
f 2316/1090 2323/1097 2317/1091 
f 2324/1098 2325/1099 2326/1100 
f 2324/1098 2326/1100 2327/1101 
f 2324/1098 2327/1101 2328/1102 
f 2324/1098 2328/1102 2329/1103 
f 2324/1098 2329/1103 2330/1104 
f 2324/1098 2330/1104 2331/1105 
f 2324/1098 2331/1105 2332/1106 
f 2324/1098 2332/1106 2325/1099 
f 2333/1107 2334/1108 2335/1109 
f 2333/1107 2335/1109 2336/1110 
f 2333/1107 2336/1110 2337/1111 
f 2333/1107 2337/1111 2338/1112 
f 2333/1107 2338/1112 2339/1113 
f 2333/1107 2339/1113 2340/1114 
f 2333/1107 2340/1114 2341/1115 
f 2333/1107 2341/1115 2334/1108 
f 2342/1116 2343/1117 2344/1118 
f 2342/1116 2344/1118 2345/1119 
f 2342/1116 2345/1119 2346/1120 
f 2342/1116 2346/1120 2347/1121 
f 2342/1116 2347/1121 2348/1122 
f 2342/1116 2348/1122 2349/1123 
f 2342/1116 2349/1123 2350/1124 
f 2342/1116 2350/1124 2343/1117 
f 2351/1125 2352/1126 2353/1127 
f 2351/1125 2353/1127 2354/1128 
f 2351/1125 2354/1128 2355/1129 
f 2351/1125 2355/1129 2356/1130 
f 2351/1125 2356/1130 2357/1131 
f 2351/1125 2357/1131 2358/1132 
f 2351/1125 2358/1132 2359/1133 
f 2351/1125 2359/1133 2352/1126 
f 2360/1134 2361/1135 2362/1136 
f 2360/1134 2362/1136 2363/1137 
f 2360/1134 2363/1137 2364/1138 
f 2360/1134 2364/1138 2365/1139 
f 2360/1134 2365/1139 2366/1140 
f 2360/1134 2366/1140 2367/1141 
f 2360/1134 2367/1141 2368/1142 
f 2360/1134 2368/1142 2361/1135 
f 2369/1143 2370/1144 2371/1145 
f 2369/1143 2371/1145 2372/1146 
f 2369/1143 2372/1146 2373/1147 
f 2369/1143 2373/1147 2374/1148 
f 2369/1143 2374/1148 2375/1149 
f 2369/1143 2375/1149 2376/1150 
f 2369/1143 2376/1150 2377/1151 
f 2369/1143 2377/1151 2370/1144 
f 2378/1152 2379/1153 2380/1154 
f 2378/1152 2380/1154 2381/1155 
f 2378/1152 2381/1155 2382/1156 
f 2378/1152 2382/1156 2383/1157 
f 2378/1152 2383/1157 2384/1158 
f 2378/1152 2384/1158 2385/1159 
f 2378/1152 2385/1159 2386/1160 
f 2378/1152 2386/1160 2379/1153 
f 2387/1161 2388/1162 2389/1163 
f 2387/1161 2389/1163 2390/1164 
f 2387/1161 2390/1164 2391/1165 
f 2387/1161 2391/1165 2392/1166 
f 2387/1161 2392/1166 2393/1167 
f 2387/1161 2393/1167 2394/1168 
f 2387/1161 2394/1168 2395/1169 
f 2387/1161 2395/1169 2388/1162 
f 2396/1170 2397/1171 2398/1172 
f 2396/1170 2398/1172 2399/1173 
f 2396/1170 2399/1173 2400/1174 
f 2396/1170 2400/1174 2401/1175 
f 2396/1170 2401/1175 2402/1176 
f 2396/1170 2402/1176 2403/1177 
f 2396/1170 2403/1177 2404/1178 
f 2396/1170 2404/1178 2397/1171 
f 2405/1179 2406/1180 2407/1181 
f 2405/1179 2407/1181 2408/1182 
f 2405/1179 2408/1182 2409/1183 
f 2405/1179 2409/1183 2410/1184 
f 2405/1179 2410/1184 2411/1185 
f 2405/1179 2411/1185 2412/1186 
f 2405/1179 2412/1186 2413/1187 
f 2405/1179 2413/1187 2406/1180 
f 2414/1188 2415/1189 2416/1190 
f 2414/1188 2417/1191 2418/1192 
f 2414/1188 2418/1192 2419/1193 
f 2414/1188 2419/1193 2420/1194 
f 2414/1188 2420/1194 2421/1195 
f 2414/1188 2421/1195 2415/1189 
f 2422/1196 2423/1197 2424/1198 
f 2422/1196 2425/1199 2426/1200 
f 2422/1196 2426/1200 2427/1201 
f 2422/1196 2427/1201 2428/1202 
f 2422/1196 2428/1202 2429/1203 
f 2422/1196 2429/1203 2423/1197 
f 2430/1204 2431/1205 2432/1206 
f 2430/1204 2432/1206 2433/1207 
f 2430/1204 2433/1207 2434/1208 
f 2430/1204 2434/1208 2435/1209 
f 2430/1204 2435/1209 2436/1210 
f 2430/1204 2436/1210 2437/1211 
f 2430/1204 2437/1211 2438/1212 
f 2430/1204 2438/1212 2431/1205 
f 2439/1213 2440/1214 2441/1215 
f 2439/1213 2441/1215 2442/1216 
f 2439/1213 2442/1216 2443/1217 
f 2439/1213 2443/1217 2444/1218 
f 2439/1213 2444/1218 2445/1219 
f 2439/1213 2445/1219 2440/1214 
f 2446/1220 2447/1221 2448/1222 
f 2446/1220 2449/1223 2450/1224 
f 2446/1220 2450/1224 2451/1225 
f 2446/1220 2451/1225 2452/1226 
f 2446/1220 2452/1226 2453/1227 
f 2446/1220 2453/1227 2447/1221 
f 2454/1228 2455/1229 2456/1230 
f 2454/1228 2456/1230 2457/1231 
f 2454/1228 2457/1231 2458/1232 
f 2454/1228 2458/1232 2459/1233 
f 2454/1228 2459/1233 2460/1234 
f 2454/1228 2460/1234 2461/1235 
f 2454/1228 2461/1235 2462/1236 
f 2454/1228 2462/1236 2455/1229 
f 2463/1237 2464/1238 2465/1239 
f 2463/1237 2466/1240 2467/1241 
f 2463/1237 2467/1241 2468/1242 
f 2463/1237 2468/1242 2469/1243 
f 2463/1237 2469/1243 2470/1244 
f 2463/1237 2470/1244 2464/1238 
f 2471/1245 2472/1246 2473/1247 
f 2471/1245 2473/1247 2474/1248 
f 2471/1245 2474/1248 2475/1249 
f 2471/1245 2475/1249 2476/1250 
f 2471/1245 2476/1250 2477/1251 
f 2471/1245 2477/1251 2478/1252 
f 2471/1245 2478/1252 2479/1253 
f 2471/1245 2479/1253 2472/1246 
f 2480/1254 2481/1255 2482/1256 
f 2480/1254 2482/1256 2483/1257 
f 2480/1254 2483/1257 2484/1258 
f 2480/1254 2484/1258 2485/1259 
f 2480/1254 2485/1259 2486/1260 
f 2480/1254 2486/1260 2487/1261 
f 2480/1254 2487/1261 2488/1262 
f 2480/1254 2488/1262 2481/1255 
f 2489/1263 2490/1264 2491/1265 
f 2489/1263 2491/1265 2492/1266 
f 2489/1263 2492/1266 2493/1267 
f 2489/1263 2493/1267 2494/1268 
f 2489/1263 2494/1268 2495/1269 
f 2489/1263 2495/1269 2496/1270 
f 2489/1263 2496/1270 2497/1271 
f 2489/1263 2497/1271 2490/1264 
f 2498/1272 2499/1273 2500/1274 
f 2498/1272 2500/1274 2501/1275 
f 2498/1272 2501/1275 2502/1276 
f 2498/1272 2502/1276 2503/1277 
f 2498/1272 2503/1277 2504/1278 
f 2498/1272 2504/1278 2505/1279 
f 2498/1272 2505/1279 2506/1280 
f 2498/1272 2506/1280 2499/1273 
f 2507/1281 2508/1282 2509/1283 
f 2507/1281 2510/1284 2511/1285 
f 2507/1281 2511/1285 2512/1286 
f 2507/1281 2512/1286 2513/1287 
f 2507/1281 2513/1287 2514/1288 
f 2507/1281 2514/1288 2508/1282 
f 2515/1289 2516/1290 2517/1291 
f 2515/1289 2517/1291 2518/1292 
f 2515/1289 2518/1292 2519/1293 
f 2515/1289 2519/1293 2520/1294 
f 2515/1289 2520/1294 2521/1295 
f 2515/1289 2521/1295 2522/1296 
f 2515/1289 2522/1296 2523/1297 
f 2515/1289 2523/1297 2516/1290 
f 2524/1298 2525/1299 2526/1300 
f 2524/1298 2526/1300 2527/1301 
f 2524/1298 2527/1301 2528/1302 
f 2524/1298 2528/1302 2529/1303 
f 2524/1298 2529/1303 2530/1304 
f 2524/1298 2530/1304 2531/1305 
f 2524/1298 2531/1305 2532/1306 
f 2524/1298 2532/1306 2525/1299 
f 2533/1307 2534/1308 2535/1309 
f 2533/1307 2536/1310 2537/1311 
f 2533/1307 2537/1311 2538/1312 
f 2533/1307 2538/1312 2539/1313 
f 2533/1307 2539/1313 2540/1314 
f 2533/1307 2540/1314 2534/1308 
f 2541/1315 2542/1316 2543/1317 
f 2541/1315 2543/1317 2544/1318 
f 2541/1315 2544/1318 2545/1319 
f 2541/1315 2545/1319 2546/1320 
f 2541/1315 2546/1320 2547/1321 
f 2541/1315 2547/1321 2548/1322 
f 2541/1315 2548/1322 2549/1323 
f 2541/1315 2549/1323 2542/1316 
f 2550/1324 2551/1325 2552/1326 
f 2550/1324 2552/1326 2553/1327 
f 2550/1324 2553/1327 2554/1328 
f 2550/1324 2554/1328 2555/1329 
f 2550/1324 2555/1329 2556/1330 
f 2550/1324 2556/1330 2557/1331 
f 2550/1324 2557/1331 2558/1332 
f 2550/1324 2558/1332 2551/1325 
f 2559/1333 2560/1334 2561/1335 
f 2559/1333 2562/1336 2563/1337 
f 2559/1333 2563/1337 2564/1338 
f 2559/1333 2564/1338 2565/1339 
f 2559/1333 2565/1339 2566/1340 
f 2559/1333 2566/1340 2560/1334 
f 2567/1341 2568/1342 2569/1343 
f 2567/1341 2570/1344 2571/1345 
f 2567/1341 2571/1345 2572/1346 
f 2567/1341 2572/1346 2573/1347 
f 2567/1341 2573/1347 2574/1348 
f 2567/1341 2574/1348 2568/1342 
f 2575/1349 2576/1350 2577/1351 
f 2575/1349 2577/1351 2578/1352 
f 2575/1349 2578/1352 2579/1353 
f 2575/1349 2579/1353 2580/1354 
f 2575/1349 2580/1354 2581/1355 
f 2575/1349 2581/1355 2582/1356 
f 2575/1349 2582/1356 2583/1357 
f 2575/1349 2583/1357 2576/1350 
f 2584/1358 2585/1359 2586/1360 
f 2584/1358 2586/1360 2587/1361 
f 2584/1358 2587/1361 2588/1362 
f 2584/1358 2588/1362 2589/1363 
f 2584/1358 2589/1363 2590/1364 
f 2584/1358 2590/1364 2591/1365 
f 2584/1358 2591/1365 2585/1359 
f 2592/1366 2594/1367 2595/1368 
f 2592/1366 2595/1368 2596/1369 
f 2592/1366 2596/1369 2597/1370 
f 2592/1366 2597/1370 2598/1371 
f 2592/1366 2598/1371 2593/1372 
f 2599/1373 2600/1374 2601/1375 
f 2599/1373 2601/1375 2602/1376 
f 2599/1373 2602/1376 4364/1377 
f 2599/1373 4364/1377 2603/1378 
f 2599/1373 2603/1378 2604/1379 
f 2599/1373 2604/1379 2605/1380 
f 2599/1373 2605/1380 2606/1381 
f 2599/1373 2606/1381 2600/1374 
f 2607/1382 2609/1383 2610/1384 
f 2607/1382 2610/1384 2611/1385 
f 2607/1382 2611/1385 2612/1386 
f 2607/1382 2612/1386 2613/1387 
f 2614/1388 2615/1389 2616/1390 
f 2614/1388 2616/1390 2617/1391 
f 2614/1388 2617/1391 2618/1392 
f 2619/1393 2620/1394 2621/1395 
f 2619/1393 2622/1396 2623/1397 
f 2619/1393 2623/1397 2624/1398 
f 2619/1393 2624/1398 2625/1399 
f 2619/1393 2625/1399 2626/1400 
f 2619/1393 2626/1400 2620/1394 
f 2627/1401 2628/1402 2629/1403 
f 2627/1401 2630/1404 2631/1405 
f 2627/1401 2631/1405 2632/1406 
f 2627/1401 2632/1406 2633/1407 
f 2627/1401 2633/1407 2628/1402 
f 2634/1408 4391/1409 2635/1410 
f 2634/1408 2635/1410 2636/1411 
f 2634/1408 2636/1411 2637/1412 
f 2634/1408 2637/1412 2638/1413 
f 2634/1408 2638/1413 2639/1414 
f 2634/1408 2639/1414 4391/1409 
f 2640/1415 2641/1416 2642/1417 
f 2640/1415 2642/1417 2643/1418 
f 2640/1415 2643/1418 2644/1419 
f 2640/1415 2644/1419 2645/1420 
f 2640/1415 2645/1420 2646/1421 
f 2640/1415 2646/1421 2647/1422 
f 2640/1415 2647/1422 2641/1416 
f 2648/1423 2649/1424 2650/1425 
f 2648/1423 2651/1426 2652/1427 
f 2648/1423 2652/1427 2653/1428 
f 2648/1423 2653/1428 2654/1429 
f 2648/1423 2654/1429 2649/1424 
f 2655/1430 2656/1431 2657/1432 
f 2655/1430 2658/1433 2659/1434 
f 2655/1430 2659/1434 2660/1435 
f 2655/1430 2660/1435 2661/1436 
f 2655/1430 2661/1436 2662/1437 
f 2655/1430 2662/1437 2656/1431 
f 2663/1438 2664/1439 4420/1440 
f 2663/1438 4420/1440 2665/1441 
f 2663/1438 2665/1441 2666/1442 
f 2663/1438 2666/1442 2667/1443 
f 2663/1438 2667/1443 2668/1444 
f 2663/1438 2668/1444 2669/1445 
f 2663/1438 2669/1445 2664/1439 
f 2670/1446 2671/1447 2672/1448 
f 2670/1446 2672/1448 2673/1449 
f 2670/1446 2673/1449 2674/1450 
f 2670/1446 2674/1450 2675/1451 
f 2670/1446 2675/1451 2676/1452 
f 2670/1446 2676/1452 2671/1447 
f 2677/1453 2678/1454 2679/1455 
f 2677/1453 2680/1456 2681/1457 
f 2677/1453 2681/1457 2682/1458 
f 2677/1453 2682/1458 2683/1459 
f 2677/1453 2683/1459 2684/1460 
f 2677/1453 2684/1460 2678/1454 
f 2685/1461 2686/1462 2687/1463 
f 2685/1461 2687/1463 4438/1464 
f 2685/1461 4438/1464 2688/1465 
f 2685/1461 2688/1465 2689/1466 
f 2685/1461 2689/1466 2690/1467 
f 2685/1461 2690/1467 2691/1468 
f 2685/1461 2691/1468 2692/1469 
f 2685/1461 2692/1469 2686/1462 
f 2693/1470 2694/1471 2695/1472 
f 2693/1470 2695/1472 2696/1473 
f 2693/1470 2696/1473 2697/1474 
f 2693/1470 2697/1474 2698/1475 
f 2693/1470 2698/1475 2699/1476 
f 2693/1470 2699/1476 2694/1471 
f 2700/1477 2701/1478 2702/1479 
f 2700/1477 2703/1480 2704/1481 
f 2700/1477 2704/1481 2705/1482 
f 2700/1477 2705/1482 2706/1483 
f 2700/1477 2706/1483 2707/1484 
f 2700/1477 2707/1484 2701/1478 
f 2708/1485 2709/1486 2710/1487 
f 2708/1485 2710/1487 2711/1488 
f 2708/1485 2711/1488 2712/1489 
f 2708/1485 2712/1489 2713/1490 
f 2708/1485 2713/1490 2714/1491 
f 2715/1492 4455/1493 2716/1494 
f 2715/1492 4425/1495 2717/1496 
f 2715/1492 2717/1496 2718/1497 
f 2715/1492 2718/1497 2719/1498 
f 2715/1492 2719/1498 2720/1499 
f 2715/1492 2720/1499 4455/1493 
f 2721/1500 2722/1501 4464/1502 
f 2721/1500 2723/1503 2724/1504 
f 2721/1500 2724/1504 2725/1505 
f 2721/1500 2725/1505 2726/1506 
f 2721/1500 2726/1506 2727/1507 
f 2721/1500 2727/1507 2722/1501 
f 2728/1508 2729/1509 2730/1510 
f 2728/1508 2731/1511 2732/1512 
f 2728/1508 2732/1512 2733/1513 
f 2728/1508 2733/1513 2734/1514 
f 2728/1508 2734/1514 2735/1515 
f 2728/1508 2735/1515 2729/1509 
f 2736/1516 4471/1517 2737/1518 
f 2736/1516 2737/1518 2738/1519 
f 2736/1516 2738/1519 2739/1520 
f 2736/1516 2739/1520 2740/1521 
f 2736/1516 2740/1521 2741/1522 
f 2736/1516 2741/1522 2742/1523 
f 2743/1524 4475/1525 2744/1526 
f 2743/1524 2744/1526 4479/1527 
f 2743/1524 4479/1527 2745/1528 
f 2743/1524 2745/1528 2746/1529 
f 2743/1524 2746/1529 2747/1530 
f 2743/1524 2747/1530 2748/1531 
f 2743/1524 2748/1531 4475/1525 
f 2749/1532 2750/1533 4485/1534 
f 2749/1532 2751/1535 2752/1536 
f 2749/1532 2752/1536 2753/1537 
f 2749/1532 2753/1537 2754/1538 
f 2749/1532 2754/1538 2755/1539 
f 2749/1532 2755/1539 2750/1533 
f 2756/1540 2757/1541 2758/1542 
f 2756/1540 2758/1542 2759/1543 
f 2756/1540 2759/1543 4453/1544 
f 2756/1540 4453/1544 2760/1545 
f 2756/1540 2760/1545 2761/1546 
f 2756/1540 2761/1546 2762/1547 
f 2756/1540 2762/1547 2763/1548 
f 2756/1540 2763/1548 2757/1541 
f 2764/1549 2765/1550 2766/1551 
f 2764/1549 2767/1552 2768/1553 
f 2764/1549 2768/1553 2769/1554 
f 2764/1549 2769/1554 2770/1555 
f 2764/1549 2770/1555 2771/1556 
f 2764/1549 2771/1556 2765/1550 
f 2772/1557 2773/1558 2774/1559 
f 2772/1557 2774/1559 2775/1560 
f 2772/1557 2775/1560 2776/1561 
f 2772/1557 2776/1561 2777/1562 
f 2772/1557 2777/1562 2778/1563 
f 2772/1557 2778/1563 2779/1564 
f 2772/1557 2779/1564 2780/1565 
f 2772/1557 2780/1565 2773/1558 
f 2781/1566 2782/1567 2783/1568 
f 2781/1566 2783/1568 4511/1569 
f 2781/1566 4511/1569 2784/1570 
f 2781/1566 2784/1570 2785/1571 
f 2781/1566 2785/1571 2786/1572 
f 2781/1566 2786/1572 2787/1573 
f 2781/1566 2787/1573 2788/1574 
f 2781/1566 2788/1574 2782/1567 
f 2789/1575 2790/1576 2791/1577 
f 2789/1575 2792/1578 2793/1579 
f 2789/1575 2793/1579 2794/1580 
f 2789/1575 2794/1580 2795/1581 
f 2789/1575 2795/1581 2796/1582 
f 2789/1575 2796/1582 2790/1576 
f 2797/1583 2798/1584 2799/1585 
f 2797/1583 2800/1586 2801/1587 
f 2797/1583 2801/1587 2802/1588 
f 2797/1583 2802/1588 2803/1589 
f 2797/1583 2803/1589 2804/1590 
f 2797/1583 2804/1590 2798/1584 
f 2805/1591 2806/1592 2807/1593 
f 2805/1591 2807/1593 2808/1594 
f 2805/1591 2808/1594 2809/1595 
f 2805/1591 2809/1595 2810/1596 
f 2805/1591 2810/1596 2811/1597 
f 2805/1591 2811/1597 2806/1592 
f 2812/1598 2813/1599 4531/1600 
f 2812/1598 4531/1600 2814/1601 
f 2812/1598 2814/1601 2815/1602 
f 2812/1598 2815/1602 2816/1603 
f 2812/1598 2816/1603 2817/1604 
f 2812/1598 2817/1604 2818/1605 
f 2812/1598 2818/1605 2819/1606 
f 2812/1598 2819/1606 2813/1599 
f 2820/1607 2822/1608 2823/1609 
f 2820/1607 2823/1609 2824/1610 
f 2820/1607 2824/1610 2825/1611 
f 2820/1607 2825/1611 2826/1612 
f 2827/1613 2831/1614 4543/1615 
f 2827/1613 4543/1615 2828/1616 
f 2827/1613 2828/1616 2829/1617 
f 2827/1613 2829/1617 2830/1618 
f 2827/1613 2830/1618 2831/1614 
f 2832/1619 2833/1620 4550/1621 
f 2832/1619 4550/1621 4551/1622 
f 2832/1619 4551/1622 2834/1623 
f 2832/1619 2834/1623 2835/1624 
f 2832/1619 2835/1624 2836/1625 
f 2832/1619 2836/1625 2837/1626 
f 2832/1619 2837/1626 2833/1620 
f 2838/1627 2839/1628 2840/1629 
f 2838/1627 2840/1629 2841/1630 
f 2838/1627 2841/1630 2842/1631 
f 2838/1627 2842/1631 2843/1632 
f 2838/1627 2843/1632 2844/1633 
f 2838/1627 2844/1633 2845/1634 
f 2838/1627 2845/1634 2846/1635 
f 2838/1627 2846/1635 2839/1628 
f 2847/1636 2848/1637 4565/1638 
f 2847/1636 4565/1638 2849/1639 
f 2847/1636 2849/1639 2850/1640 
f 2847/1636 2850/1640 2851/1641 
f 2847/1636 2851/1641 2852/1642 
f 2847/1636 2852/1642 2853/1643 
f 2847/1636 2853/1643 2848/1637 
f 2854/1644 2855/1645 2856/1646 
f 2854/1644 2856/1646 4572/1647 
f 2854/1644 4572/1647 2857/1648 
f 2854/1644 2857/1648 2858/1649 
f 2854/1644 2858/1649 2859/1650 
f 2854/1644 2859/1650 2860/1651 
f 2854/1644 2860/1651 2861/1652 
f 2854/1644 2861/1652 2855/1645 
f 2862/1653 2863/1654 2864/1655 
f 2862/1653 2864/1655 2865/1656 
f 2862/1653 2865/1656 2866/1657 
f 2862/1653 2866/1657 2867/1658 
f 2862/1653 2867/1658 2868/1659 
f 2862/1653 2868/1659 2863/1654 
f 2869/1660 2870/1661 2871/1662 
f 2869/1660 2871/1662 2872/1663 
f 2869/1660 2872/1663 2873/1664 
f 2869/1660 2873/1664 2874/1665 
f 2869/1660 2874/1665 2875/1666 
f 2869/1660 2875/1666 2876/1667 
f 2869/1660 2876/1667 2870/1661 
f 2877/1668 2878/1669 4593/1670 
f 2877/1668 4593/1670 4354/1671 
f 2877/1668 4354/1671 2879/1672 
f 2877/1668 2879/1672 2880/1673 
f 2877/1668 2880/1673 2881/1674 
f 2877/1668 2881/1674 2882/1675 
f 2877/1668 2882/1675 2878/1669 
f 2883/1676 2884/1677 4598/1678 
f 2883/1676 4598/1678 2885/1679 
f 2883/1676 2885/1679 2886/1680 
f 2883/1676 2886/1680 2887/1681 
f 2883/1676 2887/1681 2888/1682 
f 2883/1676 2888/1682 2884/1677 
f 2889/1683 2890/1684 2891/1685 
f 2889/1683 2891/1685 2892/1686 
f 2889/1683 2892/1686 2893/1687 
f 2889/1683 2893/1687 2894/1688 
f 2889/1683 2894/1688 2895/1689 
f 2889/1683 2895/1689 2896/1690 
f 2889/1683 2896/1690 2890/1684 
f 2897/1691 2898/1692 2899/1693 
f 2897/1691 2899/1693 4570/1694 
f 2897/1691 4570/1694 2900/1695 
f 2897/1691 2900/1695 2901/1696 
f 2897/1691 2901/1696 2902/1697 
f 2897/1691 2902/1697 2903/1698 
f 2897/1691 2903/1698 2898/1692 
f 2904/1699 2905/1700 2906/1701 
f 2904/1699 2906/1701 2907/1702 
f 2904/1699 2907/1702 2908/1703 
f 2904/1699 2908/1703 2909/1704 
f 2904/1699 2909/1704 2910/1705 
f 2904/1699 2910/1705 2911/1706 
f 2904/1699 2911/1706 2905/1700 
f 2912/1707 2913/1708 2914/1709 
f 2912/1707 2914/1709 2915/1710 
f 2912/1707 2915/1710 2916/1711 
f 2912/1707 2916/1711 2917/1712 
f 2912/1707 2917/1712 2918/1713 
f 2912/1707 2918/1713 2919/1714 
f 2912/1707 2919/1714 2913/1708 
f 2920/1715 2921/1716 4627/1717 
f 2920/1715 4627/1717 2922/1718 
f 2920/1715 2922/1718 2923/1719 
f 2920/1715 2923/1719 2924/1720 
f 2920/1715 2924/1720 2925/1721 
f 2920/1715 2925/1721 2926/1722 
f 2920/1715 2926/1722 2921/1716 
f 2927/1723 2929/1724 2930/1725 
f 2927/1723 2930/1725 2931/1726 
f 2927/1723 2931/1726 2932/1727 
f 2927/1723 2932/1727 2933/1728 
f 2927/1723 2933/1728 2928/1729 
f 2934/1730 2935/1731 2936/1732 
f 2934/1730 2936/1732 2937/1733 
f 2934/1730 2937/1733 2938/1734 
f 2934/1730 2938/1734 2939/1735 
f 2934/1730 2939/1735 2940/1736 
f 2934/1730 2940/1736 2941/1737 
f 2934/1730 2941/1737 2935/1731 
f 2942/1738 2943/1739 2944/1740 
f 2942/1738 2944/1740 2945/1741 
f 2942/1738 2945/1741 2946/1742 
f 2942/1738 2946/1742 2947/1743 
f 2942/1738 2947/1743 2948/1744 
f 2942/1738 2948/1744 2949/1745 
f 2942/1738 2949/1745 2943/1739 
f 2950/1746 2951/1747 2952/1748 
f 2950/1746 2952/1748 2953/1749 
f 2950/1746 2953/1749 2954/1750 
f 2950/1746 2954/1750 2955/1751 
f 2950/1746 2955/1751 2956/1752 
f 2950/1746 2956/1752 2951/1747 
f 2957/1753 2958/1754 2959/1755 
f 2957/1753 2960/1756 2961/1757 
f 2957/1753 2961/1757 2962/1758 
f 2957/1753 2962/1758 2963/1759 
f 2957/1753 2963/1759 2964/1760 
f 2957/1753 2964/1760 2958/1754 
f 2965/1761 2966/1762 2967/1763 
f 2965/1761 2967/1763 2968/1764 
f 2965/1761 2968/1764 2969/1765 
f 2965/1761 2969/1765 2970/1766 
f 2965/1761 2970/1766 2971/1767 
f 2965/1761 2971/1767 2966/1762 
f 2972/1768 2973/1769 2974/1770 
f 2972/1768 2974/1770 2975/1771 
f 2972/1768 2975/1771 2976/1772 
f 2972/1768 2976/1772 2977/1773 
f 2972/1768 2977/1773 2978/1774 
f 2972/1768 2978/1774 2979/1775 
f 2972/1768 2979/1775 2973/1769 
f 2980/1776 2981/1777 2982/1778 
f 2980/1776 2982/1778 4675/1779 
f 2980/1776 4675/1779 2983/1780 
f 2980/1776 2983/1780 2984/1781 
f 2980/1776 2984/1781 2985/1782 
f 2980/1776 2985/1782 2986/1783 
f 2980/1776 2986/1783 2987/1784 
f 2980/1776 2987/1784 2981/1777 
f 2988/1785 2989/1786 2990/1787 
f 2988/1785 2990/1787 2991/1788 
f 2988/1785 2991/1788 2992/1789 
f 2988/1785 2992/1789 2993/1790 
f 2988/1785 2993/1790 2994/1791 
f 2988/1785 2994/1791 2989/1786 
f 2995/1792 2996/1793 2997/1794 
f 2995/1792 2997/1794 2998/1795 
f 2995/1792 2998/1795 2999/1796 
f 2995/1792 2999/1796 3000/1797 
f 2995/1792 3000/1797 3001/1798 
f 2995/1792 3001/1798 3002/1799 
f 2995/1792 3002/1799 2996/1793 
f 3003/1800 3004/1801 4694/1802 
f 3003/1800 4694/1802 3005/1803 
f 3003/1800 3005/1803 3006/1804 
f 3003/1800 3006/1804 3007/1805 
f 3003/1800 3007/1805 3008/1806 
f 3003/1800 3008/1806 3004/1801 
f 3009/1807 3010/1808 3011/1809 
f 3009/1807 3011/1809 3012/1810 
f 3009/1807 3012/1810 3013/1811 
f 3009/1807 3013/1811 3014/1812 
f 3009/1807 3014/1812 3015/1813 
f 3009/1807 3015/1813 3016/1814 
f 3009/1807 3016/1814 3010/1808 
f 3017/1815 3019/1816 3020/1817 
f 3017/1815 3020/1817 3021/1818 
f 3017/1815 3021/1818 3022/1819 
f 3017/1815 3022/1819 3023/1820 
f 3017/1815 3023/1820 3018/1821 
f 3024/1822 3026/1823 3027/1824 
f 3024/1822 3027/1824 3028/1825 
f 3024/1822 3028/1825 3029/1826 
f 3024/1822 3029/1826 3030/1827 
f 3024/1822 3030/1827 3025/1828 
f 3031/1829 3032/1830 3033/1831 
f 3031/1829 3033/1831 3034/1832 
f 3031/1829 3034/1832 3035/1833 
f 3031/1829 3035/1833 3036/1834 
f 3031/1829 3036/1834 3037/1835 
f 3031/1829 3037/1835 3038/1836 
f 3031/1829 3038/1836 3039/1837 
f 3031/1829 3039/1837 3032/1830 
f 3040/1838 3041/1839 3042/1840 
f 3040/1838 4685/1841 3043/1842 
f 3040/1838 3043/1842 3044/1843 
f 3040/1838 3044/1843 3045/1844 
f 3040/1838 3045/1844 3046/1845 
f 3040/1838 3046/1845 3041/1839 
f 3047/1846 3048/1847 3049/1848 
f 3047/1846 3049/1848 3050/1849 
f 3047/1846 3050/1849 3051/1850 
f 3047/1846 3051/1850 3052/1851 
f 3047/1846 3052/1851 3053/1852 
f 3047/1846 3053/1852 3054/1853 
f 3047/1846 3054/1853 3048/1847 
f 3055/1854 3056/1855 4732/1856 
f 3055/1854 4732/1856 3057/1857 
f 3055/1854 3057/1857 3058/1858 
f 3055/1854 3058/1858 3059/1859 
f 3055/1854 3059/1859 3060/1860 
f 3055/1854 3060/1860 3056/1855 
f 3061/1861 3062/1862 4735/1863 
f 3061/1861 4735/1863 3063/1864 
f 3061/1861 3063/1864 3064/1865 
f 3061/1861 3064/1865 3065/1866 
f 3061/1861 3065/1866 3066/1867 
f 3061/1861 3066/1867 3067/1868 
f 3061/1861 3067/1868 3062/1862 
f 3068/1869 4740/1870 3069/1871 
f 3068/1869 3069/1871 3070/1872 
f 3068/1869 3070/1872 3071/1873 
f 3068/1869 3071/1873 3072/1874 
f 3068/1869 3072/1874 3073/1875 
f 3068/1869 3073/1875 3074/1876 
f 3068/1869 3074/1876 4740/1870 
f 3075/1877 3080/1878 4746/1879 
f 3075/1877 4746/1879 3076/1880 
f 3075/1877 3076/1880 3077/1881 
f 3075/1877 3077/1881 3078/1882 
f 3075/1877 3078/1882 3079/1883 
f 3075/1877 3079/1883 3080/1878 
f 3081/1884 4754/1885 3082/1886 
f 3081/1884 3082/1886 3083/1887 
f 3081/1884 3083/1887 3084/1888 
f 3090/1889 3085/1890 3086/1891 
f 3090/1889 3086/1891 3087/1892 
f 3090/1889 3087/1892 3088/1893 
f 3090/1889 3088/1893 3089/1894 
f 3090/1889 3091/1895 3085/1890 
f 3092/1896 3093/1897 3094/1898 
f 3092/1896 3094/1898 3095/1899 
f 3098/1900 3099/1901 3096/1902 
f 3105/1903 3100/1904 3101/1905 
f 3105/1903 3101/1905 3102/1906 
f 3105/1903 3102/1906 3103/1907 
f 3105/1903 3103/1907 3104/1908 
f 3105/1903 3106/1909 3100/1904 
f 3110/1910 3114/1911 3111/1912 
f 3110/1910 3111/1912 3112/1913 
f 3110/1910 3112/1913 3113/1914 
f 3110/1910 3113/1914 3114/1911 
f 3117/1915 3115/1916 3116/1917 
f 3121/1918 3118/1919 3119/1920 
f 3121/1918 3119/1920 3120/1921 
f 3123/1922 3124/1923 3125/1924 
f 3123/1922 3125/1924 3126/1925 
f 3123/1922 3126/1925 3127/1926 
f 3123/1922 3127/1926 3128/1927 
f 3131/1928 3129/1929 3130/1930 
f 3133/1931 3134/1932 3135/1933 
f 4814/1934 3136/1935 3137/1936 
f 4814/1934 3137/1936 3138/1937 
f 4814/1934 3138/1937 3139/1938 
f 4814/1934 3139/1938 3140/1939 
f 3145/1940 3142/1941 3143/1942 
f 3145/1940 3143/1942 3144/1943 
f 3145/1940 3146/1944 3141/1945 
f 3147/1946 3148/1947 3149/1948 
f 3147/1946 3149/1948 3150/1949 
f 3147/1946 3150/1949 3151/1950 
f 3147/1946 3151/1950 3152/1951 
f 3147/1946 3152/1951 3153/1952 
f 3147/1946 3153/1952 3154/1953 
f 3147/1946 3154/1953 3148/1947 
f 3155/1954 3156/1955 3157/1956 
f 3155/1954 3157/1956 3158/1957 
f 3159/1958 3160/1959 3161/1960 
f 3159/1958 3162/1961 3163/1962 
f 3159/1958 3163/1962 3164/1963 
f 3159/1958 3164/1963 3165/1964 
f 3159/1958 3165/1964 3166/1965 
f 3159/1958 3166/1965 3160/1959 
f 3167/1966 3171/1967 4842/1968 
f 3167/1966 4842/1968 3168/1969 
f 3167/1966 3168/1969 3169/1970 
f 3167/1966 3169/1970 3170/1971 
f 3167/1966 3170/1971 3171/1967 
f 3172/1972 3173/1973 3174/1974 
f 3172/1972 3174/1974 3175/1975 
f 3176/1976 3177/1977 3178/1978 
f 3176/1976 3179/1979 3180/1980 
f 3176/1976 3180/1980 3181/1981 
f 3176/1976 3181/1981 3182/1982 
f 3176/1976 3182/1982 3183/1983 
f 3176/1976 3183/1983 3177/1977 
f 3184/1984 4823/1985 3186/1986 
f 3184/1984 3186/1986 3187/1987 
f 3184/1984 3187/1987 3188/1988 
f 3184/1984 3188/1988 3185/1989 
f 3189/1990 3190/1991 3191/1992 
f 3189/1990 3191/1992 3192/1993 
f 3189/1990 3192/1993 4862/1994 
f 3195/1995 4833/1996 3193/1997 
f 3195/1995 3193/1997 3194/1998 
f 3196/1999 3197/2000 3198/2001 
f 3196/1999 3198/2001 3199/2002 
f 3196/1999 3199/2002 4840/2003 
f 3196/1999 4840/2003 3200/2004 
f 3196/1999 3200/2004 3201/2005 
f 3196/1999 3201/2005 3202/2006 
f 3196/1999 3202/2006 3203/2007 
f 3196/1999 3203/2007 3197/2000 
f 3204/2008 3205/2009 3206/2010 
f 3204/2008 3206/2010 3207/2011 
f 3204/2008 3207/2011 4875/2012 
f 3210/2013 4852/2014 3209/2015 
f 3211/2016 3212/2017 3213/2018 
f 3211/2016 3213/2018 3214/2019 
f 3211/2016 3214/2019 3215/2020 
f 3211/2016 3215/2020 3216/2021 
f 3217/2022 4883/2023 3218/2024 
f 3217/2022 3218/2024 3219/2025 
f 3217/2022 3219/2025 3220/2026 
f 3217/2022 3220/2026 3221/2027 
f 3217/2022 3221/2027 3222/2028 
f 3217/2022 3222/2028 3223/2029 
f 3217/2022 3223/2029 4883/2023 
f 3224/2030 3225/2031 3226/2032 
f 3224/2030 3226/2032 3227/2033 
f 3224/2030 3227/2033 1263/3 
f 3224/2030 1263/3 1262/2 
f 3224/2030 1262/2 1268/8 
f 3224/2030 1268/8 3228/2034 
f 3224/2030 3228/2034 3225/2031 
f 3229/2035 3230/2036 3231/2037 
f 3229/2035 3231/2037 1499/253 
f 3229/2035 1499/253 3232/2038 
f 3229/2035 3232/2038 1263/3 
f 3229/2035 1263/3 3227/2033 
f 3229/2035 3227/2033 3226/2032 
f 3229/2035 3226/2032 3230/2036 
f 3232/2038 1499/253 1498/252 
f 3232/2038 1498/252 3233/2039 
f 3232/2038 3233/2039 1265/5 
f 3232/2038 1265/5 1264/4 
f 3232/2038 1264/4 1263/3 
f 3234/10 1274/16 3236/2040 
f 3237/2041 3238/2042 3228/2034 
f 3237/2041 3228/2034 1268/8 
f 3237/2041 1268/8 3239/2043 
f 3237/2041 3239/2043 3235/11 
f 3237/2041 3235/11 3238/2042 
f 3240/2044 3239/2043 1268/8 
f 3240/2044 1268/8 1267/7 
f 3240/2044 1267/7 3241/2045 
f 3240/2044 3241/2045 1271/13 
f 3240/2044 1271/13 1270/12 
f 3240/2044 1270/12 3235/11 
f 3240/2044 3235/11 3239/2043 
f 3242/2046 3243/2047 3244/2048 
f 3242/2046 3244/2048 3245/2049 
f 3242/2046 3245/2049 1277/19 
f 3242/2046 1277/19 1276/18 
f 3242/2046 1276/18 1282/24 
f 3242/2046 1282/24 3246/2050 
f 3242/2046 3246/2050 3247/2051 
f 3242/2046 3247/2051 3243/2047 
f 3248/2052 3236/2040 1274/16 
f 3248/2052 1274/16 3249/2053 
f 3248/2052 3249/2053 1277/19 
f 3248/2052 1277/19 3245/2049 
f 3248/2052 3245/2049 3244/2048 
f 3250/2054 3249/2053 1274/16 
f 3250/2054 1274/16 1273/15 
f 3250/2054 1273/15 3251/2055 
f 3250/2054 3251/2055 1279/21 
f 3250/2054 1279/21 1278/20 
f 3250/2054 1278/20 1277/19 
f 3250/2054 1277/19 3249/2053 
f 3252/2056 3253/2057 3254/2058 
f 3252/2056 3254/2058 3255/2059 
f 3252/2056 3255/2059 1285/27 
f 3252/2056 1285/27 1284/26 
f 3252/2056 1284/26 1291/33 
f 3252/2056 1291/33 3256/2060 
f 3252/2056 3256/2060 3257/2061 
f 3252/2056 3257/2061 3253/2057 
f 3258/2062 3247/2051 3246/2050 
f 3258/2062 3246/2050 1282/24 
f 3258/2062 1282/24 3259/2063 
f 3258/2062 3259/2063 1285/27 
f 3258/2062 1285/27 3255/2059 
f 3258/2062 3255/2059 3254/2058 
f 3260/2064 3259/2063 1282/24 
f 3260/2064 1282/24 1281/23 
f 3260/2064 1281/23 3261/2065 
f 3260/2064 3261/2065 1287/29 
f 3260/2064 1287/29 1286/28 
f 3260/2064 1286/28 1285/27 
f 3260/2064 1285/27 3259/2063 
f 1292/34 3262/2066 3263/2067 
f 1292/34 3263/2067 3264/2068 
f 1292/34 3264/2068 1293/35 
f 1292/34 1298/40 3265/2069 
f 1292/34 3265/2069 3262/2066 
f 3266/2070 3267/2071 3257/2072 
f 3266/2070 3257/2072 3256/2073 
f 3266/2070 3256/2073 1291/2074 
f 3266/2070 1291/2074 3268/2075 
f 3266/2070 3268/2075 1293/35 
f 3266/2070 1293/35 3264/2068 
f 3266/2070 3264/2068 3263/2067 
f 3266/2070 3263/2067 3267/2071 
f 3269/2076 3268/2075 1291/2074 
f 3269/2076 1291/2074 1290/2077 
f 3269/2076 1290/2077 1289/2078 
f 3269/2076 1289/2078 3270/2079 
f 3269/2076 3270/2079 1295/37 
f 3269/2076 1295/37 1294/36 
f 3269/2076 1294/36 1293/35 
f 3269/2076 1293/35 3268/2075 
f 3271/2080 3272/43 1300/42 
f 3271/2080 1300/42 1305/48 
f 3271/2080 1305/48 3273/2081 
f 3274/2082 3265/2069 1298/40 
f 3274/2082 1298/40 3275/2083 
f 3274/2082 3275/2083 3272/43 
f 3276/2084 3275/2083 1298/40 
f 3276/2084 1298/40 1297/39 
f 3276/2084 1297/39 3277/2085 
f 3276/2084 3277/2085 1302/45 
f 3276/2084 1302/45 1301/44 
f 3276/2084 1301/44 3272/43 
f 3276/2084 3272/43 3275/2083 
f 3278/2086 3279/2087 3280/2088 
f 3278/2086 3280/2088 1307/50 
f 3278/2086 1307/50 1306/49 
f 3278/2086 1306/49 3281/56 
f 3282/2089 3283/2090 3273/2081 
f 3282/2089 3273/2081 1305/48 
f 3282/2089 1305/48 3284/2091 
f 3282/2089 3284/2091 1307/50 
f 3282/2089 1307/50 3280/2088 
f 3282/2089 3280/2088 3279/2087 
f 3282/2089 3279/2087 3283/2090 
f 3285/2092 3284/2091 1305/48 
f 3285/2092 1305/48 1304/47 
f 3285/2092 1304/47 3286/2093 
f 3285/2092 3286/2093 1309/52 
f 3285/2092 1309/52 1308/51 
f 3285/2092 1308/51 1307/50 
f 3285/2092 1307/50 3284/2091 
f 3287/58 3288/2094 1314/59 
f 3287/58 1319/64 3289/2095 
f 3287/58 3289/2095 3290/2096 
f 3291/2097 1314/59 3288/2094 
f 3292/2098 3291/2097 3281/56 
f 3292/2098 3281/56 1312/55 
f 3292/2098 1312/55 1311/54 
f 3292/2098 1311/54 3293/2099 
f 3292/2098 3293/2099 1315/60 
f 3292/2098 1315/60 1314/59 
f 3292/2098 1314/59 3291/2097 
f 1321/66 3294/2100 3295/2101 
f 1321/66 3295/2101 3296/2102 
f 1321/66 3296/2102 1322/67 
f 1321/66 3297/73 3294/2100 
f 3298/2103 3299/2104 3290/2096 
f 3298/2103 3290/2096 3289/2095 
f 3298/2103 3289/2095 1319/64 
f 3298/2103 1319/64 3300/2105 
f 3298/2103 3300/2105 1322/67 
f 3298/2103 1322/67 3296/2102 
f 3298/2103 3296/2102 3295/2101 
f 3298/2103 3295/2101 3299/2104 
f 3300/2105 1319/64 1318/63 
f 3300/2105 1318/63 1317/62 
f 3300/2105 1317/62 3301/2106 
f 3300/2105 3301/2106 1324/69 
f 3300/2105 1324/69 1323/68 
f 3300/2105 1323/68 1322/67 
f 1329/75 3302/2107 3303/2108 
f 1329/75 3303/2108 1330/76 
f 1329/75 1336/82 3304/2109 
f 1329/75 3304/2109 3305/2110 
f 1329/75 3305/2110 3302/2107 
f 3306/2111 3307/2112 3297/73 
f 3306/2111 3297/73 3308/2113 
f 3306/2111 3308/2113 1330/76 
f 3306/2111 1330/76 3303/2108 
f 3306/2111 3303/2108 3307/2112 
f 3308/2113 3297/73 1327/72 
f 3308/2113 1327/72 1326/71 
f 3308/2113 1326/71 3309/2114 
f 3308/2113 3309/2114 1332/78 
f 3308/2113 1332/78 1331/77 
f 3308/2113 1331/77 1330/76 
f 3310/2115 3311/2116 3312/2117 
f 3310/2115 3312/2117 3313/2118 
f 3310/2115 3313/2118 1339/85 
f 3310/2115 1339/85 1338/84 
f 3310/2115 1338/84 1344/90 
f 3310/2115 1344/90 3314/2119 
f 3310/2115 3314/2119 3311/2116 
f 3315/2120 3316/2121 3305/2110 
f 3315/2120 3305/2110 3304/2109 
f 3315/2120 3304/2109 1336/82 
f 3315/2120 1336/82 3317/2122 
f 3315/2120 3317/2122 1339/85 
f 3315/2120 1339/85 3313/2118 
f 3315/2120 3313/2118 3312/2117 
f 3315/2120 3312/2117 3316/2121 
f 3318/2123 3317/2122 1336/82 
f 3318/2123 1336/82 1335/81 
f 3318/2123 1335/81 1334/80 
f 3318/2123 1334/80 3319/2124 
f 3318/2123 3319/2124 1341/87 
f 3318/2123 1341/87 1340/86 
f 3318/2123 1340/86 1339/85 
f 3318/2123 1339/85 3317/2122 
f 3320/2125 3321/2126 3322/2127 
f 3320/2125 3322/2127 3323/2128 
f 3320/2125 3323/2128 1346/92 
f 3320/2125 1346/92 1345/91 
f 3320/2125 1345/91 1352/98 
f 3320/2125 1352/98 3324/2129 
f 3320/2125 3324/2129 3325/2130 
f 3320/2125 3325/2130 3321/2126 
f 3326/2131 3314/2119 1344/90 
f 3326/2131 1346/92 3323/2128 
f 3326/2131 3323/2128 3322/2127 
f 3327/2132 3326/2131 1344/90 
f 3327/2132 1344/90 1343/89 
f 3327/2132 1343/89 3328/2133 
f 3327/2132 3328/2133 1348/94 
f 3327/2132 1348/94 1347/93 
f 3327/2132 1347/93 1346/92 
f 3327/2132 1346/92 3326/2131 
f 1353/99 3329/2134 3330/2135 
f 1353/99 3330/2135 3331/2136 
f 1353/99 3331/2136 1354/100 
f 1353/99 1359/105 3332/2137 
f 1353/99 3332/2137 3329/2134 
f 3333/2138 3334/2139 3325/2140 
f 3333/2138 3325/2140 3324/2141 
f 3333/2138 3324/2141 1352/2142 
f 3333/2138 1352/2142 3335/2143 
f 3333/2138 3335/2143 1354/100 
f 3333/2138 1354/100 3331/2136 
f 3333/2138 3331/2136 3330/2135 
f 3333/2138 3330/2135 3334/2139 
f 3335/2143 1352/2142 1351/2144 
f 3335/2143 1351/2144 1350/2145 
f 3335/2143 1350/2145 3336/2146 
f 3335/2143 3336/2146 1356/102 
f 3335/2143 1356/102 1355/101 
f 3335/2143 1355/101 1354/100 
f 1360/106 3337/2147 3338/2148 
f 1360/106 3338/2148 1361/107 
f 1360/106 1366/112 3339/2149 
f 1360/106 3339/2149 3337/2147 
f 3340/2150 3341/2151 3332/2137 
f 3340/2150 3332/2137 1359/105 
f 3340/2150 1359/105 3342/2152 
f 3340/2150 3342/2152 1361/107 
f 3340/2150 1361/107 3338/2148 
f 3340/2150 3338/2148 3341/2151 
f 3343/2153 3342/2152 1359/105 
f 3343/2153 1359/105 1358/104 
f 3343/2153 1358/104 3344/2154 
f 3343/2153 3344/2154 1363/109 
f 3343/2153 1363/109 1362/108 
f 3343/2153 1362/108 1361/107 
f 3343/2153 1361/107 3342/2152 
f 1367/113 3345/2155 3346/114 
f 1367/113 1372/119 3347/2156 
f 1367/113 3347/2156 3345/2155 
f 3348/2157 3349/2158 3339/2149 
f 3348/2157 3339/2149 1366/112 
f 3348/2157 1366/112 3350/2159 
f 3348/2157 3350/2159 3346/114 
f 3348/2157 3346/114 3349/2158 
f 3351/2160 3350/2159 1366/112 
f 3351/2160 1366/112 1365/111 
f 3351/2160 1365/111 3352/2161 
f 3351/2160 3352/2161 1369/116 
f 3351/2160 1369/116 1368/115 
f 3351/2160 1368/115 3346/114 
f 3351/2160 3346/114 3350/2159 
f 3353/121 3354/2162 1374/122 
f 3353/121 1379/127 3355/2163 
f 3353/121 3355/2163 3356/2164 
f 3357/2165 3347/2156 1372/119 
f 3357/2165 1374/122 3354/2162 
f 3358/2166 3357/2165 1372/119 
f 3358/2166 1372/119 1371/118 
f 3358/2166 1371/118 3359/2167 
f 3358/2166 3359/2167 1375/123 
f 3358/2166 1375/123 1374/122 
f 3358/2166 1374/122 3357/2165 
f 3360/2168 3361/2169 3362/2170 
f 3360/2168 3362/2170 3363/2171 
f 3360/2168 3363/2171 1382/130 
f 3360/2168 1382/130 1381/129 
f 3360/2168 1381/129 1387/135 
f 3360/2168 1387/135 3364/2172 
f 3360/2168 3364/2172 3361/2169 
f 3365/2173 3366/2174 3356/2164 
f 3365/2173 3356/2164 3355/2163 
f 3365/2173 3355/2163 1379/127 
f 3365/2173 1379/127 3367/2175 
f 3365/2173 3367/2175 1382/130 
f 3365/2173 1382/130 3363/2171 
f 3365/2173 3363/2171 3362/2170 
f 3365/2173 3362/2170 3366/2174 
f 3367/2175 1379/127 1378/126 
f 3367/2175 1378/126 1377/125 
f 3367/2175 1377/125 3368/2176 
f 3367/2175 3368/2176 1384/132 
f 3367/2175 1384/132 1383/131 
f 3367/2175 1383/131 1382/130 
f 1388/136 3369/2177 3370/137 
f 1388/136 1393/142 3371/2178 
f 1388/136 3371/2178 3369/2177 
f 3373/2179 3372/2180 3364/2172 
f 3373/2179 3364/2172 1387/135 
f 3373/2179 3370/137 3372/2180 
f 3373/2179 1387/135 1386/134 
f 3373/2179 1386/134 3374/2181 
f 3373/2179 3374/2181 1390/139 
f 3373/2179 1390/139 1389/138 
f 3373/2179 1389/138 3370/137 
f 3375/2182 3376/2183 3377/2184 
f 3375/2182 3377/2184 3378/2185 
f 3375/2182 3378/2185 1396/145 
f 3375/2182 1396/145 1395/144 
f 3375/2182 1395/144 1401/150 
f 3375/2182 1401/150 3379/2186 
f 3375/2182 3379/2186 3376/2183 
f 3380/2187 3371/2178 1393/142 
f 3380/2187 1393/142 3381/2188 
f 3380/2187 3381/2188 1396/145 
f 3380/2187 1396/145 3378/2185 
f 3380/2187 3378/2185 3377/2184 
f 3382/2189 3381/2188 1393/142 
f 3382/2189 1393/142 1392/141 
f 3382/2189 1392/141 3383/2190 
f 3382/2189 3383/2190 1398/147 
f 3382/2189 1398/147 1397/146 
f 3382/2189 1397/146 1396/145 
f 3382/2189 1396/145 3381/2188 
f 3384/2191 3385/2192 3386/2193 
f 3384/2191 3386/2193 3387/2194 
f 3384/2191 3387/2194 1404/153 
f 3384/2191 1404/153 1403/152 
f 3384/2191 1403/152 1410/159 
f 3384/2191 1410/159 3388/2195 
f 3384/2191 3388/2195 3389/2196 
f 3384/2191 3389/2196 3385/2192 
f 3390/2197 3379/2198 1401/2199 
f 3390/2197 1401/2199 3391/2200 
f 3390/2197 3391/2200 1404/2201 
f 3390/2197 1404/2201 3387/2202 
f 3390/2197 3387/2202 3386/2203 
f 3392/2204 3391/2200 1401/2199 
f 3392/2204 1401/2199 1400/2205 
f 3392/2204 1400/2205 3393/2206 
f 3392/2204 3393/2206 1406/2207 
f 3392/2204 1406/2207 1405/2208 
f 3392/2204 1405/2208 1404/2201 
f 3392/2204 1404/2201 3391/2200 
f 1411/160 3394/2209 3395/2210 
f 1411/160 3395/2210 3396/2211 
f 1411/160 3396/2211 1412/161 
f 1411/160 1417/166 3397/2212 
f 1411/160 3397/2212 3394/2209 
f 3398/2213 3399/2214 3389/2215 
f 3398/2213 3389/2215 3388/2216 
f 3398/2213 3388/2216 1410/2217 
f 3398/2213 1410/2217 3400/2218 
f 3398/2213 3400/2218 1412/161 
f 3398/2213 1412/161 3396/2211 
f 3398/2213 3396/2211 3395/2210 
f 3398/2213 3395/2210 3399/2214 
f 3401/2219 3400/2218 1410/2217 
f 3401/2219 1410/2217 1409/2220 
f 3401/2219 1409/2220 1408/2221 
f 3401/2219 1408/2221 3402/2222 
f 3401/2219 3402/2222 1414/163 
f 3401/2219 1414/163 1413/162 
f 3401/2219 1413/162 1412/161 
f 3401/2219 1412/161 3400/2218 
f 3403/2223 3404/2224 1420/169 
f 3403/2223 1420/169 1419/168 
f 3403/2223 1419/168 1424/173 
f 3403/2223 1424/173 3405/2225 
f 3406/2226 3397/2212 1417/166 
f 3406/2226 1417/166 3407/2227 
f 3406/2226 3407/2227 1420/169 
f 3406/2226 1420/169 3404/2224 
f 3408/2228 3407/2227 1417/166 
f 3408/2228 1417/166 1416/165 
f 3408/2228 1416/165 3409/2229 
f 3408/2228 3409/2229 1421/170 
f 3408/2228 1421/170 1420/169 
f 3408/2228 1420/169 3407/2227 
f 3410/2230 3411/2231 1426/175 
f 3410/2230 1426/175 1425/174 
f 3410/2230 1425/174 3412/180 
f 3413/2232 3405/2225 1424/173 
f 3413/2232 1424/173 3414/2233 
f 3413/2232 3414/2233 1426/175 
f 3413/2232 1426/175 3411/2231 
f 3414/2233 1424/173 1423/172 
f 3414/2233 1423/172 3415/2234 
f 3414/2233 3415/2234 1427/176 
f 3414/2233 1427/176 1426/175 
f 3416/182 3417/2235 1432/183 
f 3416/182 1438/189 3418/2236 
f 3416/182 3418/2236 3419/2237 
f 3420/2238 3421/2239 3412/180 
f 3420/2238 3412/180 3422/2240 
f 3420/2238 3422/2240 1432/183 
f 3420/2238 1432/183 3417/2235 
f 3420/2238 3417/2235 3421/2239 
f 3423/2241 3422/2240 3412/180 
f 3423/2241 3412/180 1430/179 
f 3423/2241 1430/179 1429/178 
f 3423/2241 1429/178 3424/2242 
f 3423/2241 3424/2242 1434/185 
f 3423/2241 1434/185 1433/184 
f 3423/2241 1433/184 1432/183 
f 3423/2241 1432/183 3422/2240 
f 1440/191 3425/2243 3426/2244 
f 1440/191 3426/2244 3427/2245 
f 1440/191 3427/2245 1441/192 
f 1440/191 3428/198 3425/2243 
f 3429/2246 3430/2247 3419/2237 
f 3429/2246 3419/2237 3418/2236 
f 3429/2246 3418/2236 1438/189 
f 3429/2246 1438/189 3431/2248 
f 3429/2246 3431/2248 1441/192 
f 3429/2246 1441/192 3427/2245 
f 3429/2246 3427/2245 3426/2244 
f 3429/2246 3426/2244 3430/2247 
f 3431/2248 1438/189 1437/188 
f 3431/2248 1437/188 1436/187 
f 3431/2248 1436/187 3432/2249 
f 3431/2248 3432/2249 1443/194 
f 3431/2248 1443/194 1442/193 
f 3431/2248 1442/193 1441/192 
f 1447/199 3433/2250 3434/2251 
f 1447/199 3434/2251 3435/2252 
f 1447/199 3435/2252 1448/200 
f 1447/199 1453/205 3436/2253 
f 1447/199 3436/2253 3437/2254 
f 1447/199 3437/2254 3433/2250 
f 3439/2255 3438/2256 3428/198 
f 3439/2255 1448/200 3435/2252 
f 3439/2255 3435/2252 3434/2251 
f 3439/2255 3434/2251 3438/2256 
f 3439/2255 3428/198 1446/197 
f 3439/2255 1446/197 1445/196 
f 3439/2255 1445/196 3440/2257 
f 3439/2255 3440/2257 1449/201 
f 3439/2255 1449/201 1448/200 
f 3441/2258 3442/2259 3443/2260 
f 3441/2258 3443/2260 1456/208 
f 3441/2258 1456/208 1455/207 
f 3441/2258 1455/207 1461/213 
f 3441/2258 1461/213 3444/2261 
f 3441/2258 3444/2261 3442/2259 
f 3445/2262 3437/2254 3436/2253 
f 3445/2262 3436/2253 1453/205 
f 3445/2262 1456/208 3443/2260 
f 3446/2263 3445/2262 1453/205 
f 3446/2263 1453/205 1452/204 
f 3446/2263 1452/204 1451/203 
f 3446/2263 1451/203 3447/2264 
f 3446/2263 3447/2264 1458/210 
f 3446/2263 1458/210 1457/209 
f 3446/2263 1457/209 1456/208 
f 3446/2263 1456/208 3445/2262 
f 3448/2265 3449/2266 3450/2267 
f 3448/2265 3450/2267 3453/2268 
f 3448/2265 3453/2268 1464/216 
f 3448/2265 1464/216 1463/215 
f 3448/2265 1463/215 1470/222 
f 3448/2265 1470/222 3451/2269 
f 3448/2265 3451/2269 3452/2270 
f 3448/2265 3452/2270 3449/2266 
f 3453/2268 3444/2271 1461/2272 
f 3453/2268 1461/2272 3454/2273 
f 3453/2268 3454/2273 1464/216 
f 3455/2274 3454/2273 1461/2272 
f 3455/2274 1461/2272 1460/2275 
f 3455/2274 1460/2275 3456/2276 
f 3455/2274 3456/2276 1466/218 
f 3455/2274 1466/218 1465/217 
f 3455/2274 1465/217 1464/216 
f 3455/2274 1464/216 3454/2273 
f 3457/2277 3458/2278 3459/2279 
f 3457/2277 3459/2279 1473/225 
f 3457/2277 1473/225 1472/224 
f 3457/2277 1472/224 1478/230 
f 3457/2277 1478/230 3460/2280 
f 3457/2277 3460/2280 3461/2281 
f 3462/2282 3463/2283 3452/2270 
f 3462/2282 3452/2270 3451/2269 
f 3462/2282 3451/2269 1470/222 
f 3462/2282 1470/222 3464/2284 
f 3462/2282 3464/2284 1473/225 
f 3462/2282 1473/225 3459/2279 
f 3462/2282 3459/2279 3458/2278 
f 3462/2282 3458/2278 3463/2283 
f 3465/2285 3464/2284 1470/222 
f 3465/2285 1470/222 1469/221 
f 3465/2285 1469/221 1468/220 
f 3465/2285 1468/220 3466/2286 
f 3465/2285 3466/2286 1475/227 
f 3465/2285 1475/227 1474/226 
f 3465/2285 1474/226 1473/225 
f 3465/2285 1473/225 3464/2284 
f 3467/2287 3468/2288 3469/2289 
f 3467/2287 3469/2289 1480/232 
f 3467/2287 1480/232 1479/231 
f 3467/2287 1479/231 3470/237 
f 3467/2287 3470/237 3468/2288 
f 3472/2290 3471/2291 3461/2281 
f 3472/2290 3461/2281 3460/2280 
f 3472/2290 3460/2280 1478/230 
f 3472/2290 1480/232 3469/2289 
f 3472/2290 3469/2289 3471/2291 
f 3472/2290 1478/230 1477/229 
f 3472/2290 1477/229 3473/2292 
f 3472/2290 3473/2292 1481/233 
f 3472/2290 1481/233 1480/232 
f 3474/2293 1671/428 1670/427 
f 3474/2293 1670/427 3475/2294 
f 3474/2293 3475/2294 1487/240 
f 3474/2293 1487/240 1486/239 
f 3474/2293 1486/239 1493/246 
f 3474/2293 1493/246 3476/2295 
f 3474/2293 3476/2295 1672/429 
f 3474/2293 1672/429 1671/428 
f 3477/2296 3478/2297 1304/47 
f 3477/2296 1304/47 1303/46 
f 3477/2296 1303/46 1302/45 
f 3477/2296 1302/45 3479/2298 
f 3477/2296 3479/2298 1487/240 
f 3477/2296 1487/240 3475/2294 
f 3477/2296 3475/2294 1670/427 
f 3477/2296 1670/427 3478/2297 
f 3480/2299 3479/2298 1302/45 
f 3480/2299 1302/45 3277/2085 
f 3480/2299 3277/2085 1297/39 
f 3480/2299 1297/39 3481/2300 
f 3480/2299 3481/2300 1489/242 
f 3480/2299 1489/242 1488/241 
f 3480/2299 1488/241 1487/240 
f 3480/2299 1487/240 3479/2298 
f 3482/248 3483/2301 1495/249 
f 3482/248 1499/253 3231/2037 
f 3484/2302 1495/249 3483/2301 
f 3486/2303 3484/2302 3485/261 
f 3486/2303 3485/261 1505/260 
f 3486/2303 1505/260 1504/259 
f 3486/2303 1504/259 3487/2304 
f 3486/2303 3487/2304 1496/250 
f 3486/2303 1496/250 1495/249 
f 3486/2303 1495/249 3484/2302 
f 1500/254 3488/2305 3489/255 
f 1500/254 3485/261 3488/2305 
f 3490/2306 3491/2307 3470/237 
f 3490/2306 3470/237 3492/2308 
f 3490/2306 3492/2308 3489/255 
f 3490/2306 3489/255 3491/2307 
f 3493/2309 3492/2308 3470/237 
f 3493/2309 3470/237 1484/236 
f 3493/2309 1484/236 1483/235 
f 3493/2309 1483/235 3494/2310 
f 3493/2309 3494/2310 1502/257 
f 3493/2309 1502/257 1501/256 
f 3493/2309 1501/256 3489/255 
f 3493/2309 3489/255 3492/2308 
f 3495/2311 1850/607 1849/606 
f 3495/2311 1849/606 3496/2312 
f 3495/2311 3496/2312 1508/264 
f 3495/2311 1508/264 1507/263 
f 3495/2311 1507/263 1513/269 
f 3495/2311 1513/269 3497/2313 
f 3495/2311 3497/2313 1851/608 
f 3495/2311 1851/608 1850/607 
f 3496/2312 3498/2314 1708/2315 
f 3496/2312 1708/2315 3499/2316 
f 3496/2312 3499/2316 1549/2317 
f 3496/2312 1549/2317 3500/2318 
f 3496/2312 3500/2318 1508/264 
f 3496/2312 1849/606 3498/2314 
f 3501/2319 3500/2318 1549/2317 
f 3501/2319 1549/2317 1548/2320 
f 3501/2319 1548/2320 1547/2321 
f 3501/2319 1547/2321 3502/2322 
f 3501/2319 3502/2322 1509/265 
f 3501/2319 1509/265 1506/262 
f 3501/2319 1506/262 1508/264 
f 3501/2319 1508/264 3500/2318 
f 3503/2323 1680/437 1679/436 
f 3503/2323 1679/436 3504/2324 
f 3503/2323 3504/2324 1516/272 
f 3503/2323 1516/272 1515/271 
f 3503/2323 1515/271 1522/278 
f 3503/2323 1522/278 3505/2325 
f 3503/2323 3505/2325 1681/438 
f 3503/2323 1681/438 1680/437 
f 3506/2326 3507/2327 1445/196 
f 3506/2326 1445/196 1444/195 
f 3506/2326 1444/195 1443/194 
f 3506/2326 1443/194 3508/2328 
f 3506/2326 3508/2328 1516/272 
f 3506/2326 1516/272 3504/2324 
f 3506/2326 3504/2324 1679/436 
f 3506/2326 1679/436 3507/2327 
f 3509/2329 3508/2328 1443/194 
f 3509/2329 1443/194 3432/2249 
f 3509/2329 3432/2249 1436/187 
f 3509/2329 1436/187 3510/2330 
f 3509/2329 3510/2330 1518/274 
f 3509/2329 1518/274 1517/273 
f 3509/2329 1517/273 1516/272 
f 3509/2329 1516/272 3508/2328 
f 3511/2331 1689/446 1688/445 
f 3511/2331 1688/445 3512/2332 
f 3511/2331 3512/2332 1525/281 
f 3511/2331 1525/281 1524/280 
f 3511/2331 1524/280 1531/287 
f 3511/2331 1531/287 3513/2333 
f 3511/2331 3513/2333 1690/447 
f 3511/2331 1690/447 1689/446 
f 3514/2334 3515/2335 1358/104 
f 3514/2334 1358/104 1357/103 
f 3514/2334 1357/103 1356/102 
f 3514/2334 1356/102 3516/2336 
f 3514/2334 3516/2336 1525/281 
f 3514/2334 1525/281 3512/2332 
f 3514/2334 3512/2332 1688/445 
f 3514/2334 1688/445 3515/2335 
f 3517/2337 3516/2336 1356/102 
f 3517/2337 1356/102 3336/2146 
f 3517/2337 3336/2146 1350/2145 
f 3517/2337 1350/2145 3518/2338 
f 3517/2337 3518/2338 1527/283 
f 3517/2337 1527/283 1526/282 
f 3517/2337 1526/282 1525/281 
f 3517/2337 1525/281 3516/2336 
f 3519/2339 1761/518 1760/517 
f 3519/2339 1760/517 3520/2340 
f 3519/2339 3520/2340 1534/290 
f 3519/2339 1534/290 1533/289 
f 3519/2339 1533/289 1540/296 
f 3519/2339 1540/296 3521/2341 
f 3519/2339 3521/2341 1762/519 
f 3519/2339 1762/519 1761/518 
f 3522/2342 3523/2343 1498/252 
f 3522/2342 1498/252 1497/251 
f 3522/2342 1497/251 1496/250 
f 3522/2342 1496/250 3524/2344 
f 3522/2342 3524/2344 1534/290 
f 3522/2342 1534/290 3520/2340 
f 3522/2342 3520/2340 1760/517 
f 3522/2342 1760/517 3523/2343 
f 3525/2345 3524/2344 1496/250 
f 3525/2345 1496/250 3487/2304 
f 3525/2345 3487/2304 1504/259 
f 3525/2345 1504/259 3526/2346 
f 3525/2345 3526/2346 1536/292 
f 3525/2345 1536/292 1535/291 
f 3525/2345 1535/291 1534/290 
f 3525/2345 1534/290 3524/2344 
f 3527/2347 1707/2348 1706/2349 
f 3527/2347 1706/2349 3528/2350 
f 3527/2347 3528/2350 1543/2351 
f 3527/2347 1543/2351 1542/2352 
f 3527/2347 1542/2352 1549/2353 
f 3527/2347 1549/2353 3499/2354 
f 3527/2347 3499/2354 1708/2355 
f 3527/2347 1708/2355 1707/2348 
f 3529/2356 3530/2357 1408/157 
f 3529/2356 1408/157 1407/156 
f 3529/2356 1407/156 1406/155 
f 3529/2356 1406/155 3531/2358 
f 3529/2356 3531/2358 1543/2351 
f 3529/2356 1543/2351 3528/2350 
f 3529/2356 3528/2350 1706/2349 
f 3529/2356 1706/2349 3530/2357 
f 3532/2359 3531/2360 1406/2207 
f 3532/2359 1406/2207 3393/2206 
f 3532/2359 3393/2206 1400/2205 
f 3532/2359 1400/2205 3533/2361 
f 3532/2359 3533/2361 1545/301 
f 3532/2359 1545/301 1544/300 
f 3532/2359 1544/300 1543/299 
f 3532/2359 1543/299 3531/2360 
f 3534/2362 1716/473 1715/472 
f 3534/2362 1715/472 3535/2363 
f 3534/2362 3535/2363 1552/308 
f 3534/2362 1552/308 1551/307 
f 3534/2362 1551/307 1558/314 
f 3534/2362 1558/314 3536/2364 
f 3534/2362 3536/2364 1717/474 
f 3534/2362 1717/474 1716/473 
f 3537/2365 3538/2366 1317/62 
f 3537/2365 1317/62 1316/61 
f 3537/2365 1316/61 1315/60 
f 3537/2365 1315/60 3539/2367 
f 3537/2365 3539/2367 1552/308 
f 3537/2365 1552/308 3535/2363 
f 3537/2365 3535/2363 1715/472 
f 3537/2365 1715/472 3538/2366 
f 3540/2368 3539/2367 1315/60 
f 3540/2368 1315/60 3293/2099 
f 3540/2368 3293/2099 1311/54 
f 3540/2368 1311/54 3541/2369 
f 3540/2368 3541/2369 1554/310 
f 3540/2368 1554/310 1553/309 
f 3540/2368 1553/309 1552/308 
f 3540/2368 1552/308 3539/2367 
f 3542/2370 1725/2371 1724/2372 
f 3542/2370 1724/2372 3543/2373 
f 3542/2370 3543/2373 1561/317 
f 3542/2370 1561/317 1560/316 
f 3542/2370 1560/316 1567/323 
f 3542/2370 1567/323 3544/2374 
f 3542/2370 3544/2374 1726/2375 
f 3542/2370 1726/2375 1725/2371 
f 3545/2376 3546/2377 1460/212 
f 3545/2376 1460/212 1459/211 
f 3545/2376 1459/211 1458/210 
f 3545/2376 1458/210 3547/2378 
f 3545/2376 3547/2378 1561/317 
f 3545/2376 1561/317 3543/2373 
f 3545/2376 3543/2373 1724/2372 
f 3545/2376 1724/2372 3546/2377 
f 3548/2379 3547/2378 1458/210 
f 3548/2379 1458/210 3447/2264 
f 3548/2379 3447/2264 1451/203 
f 3548/2379 1451/203 3549/2380 
f 3548/2379 3549/2380 1563/319 
f 3548/2379 1563/319 1562/318 
f 3548/2379 1562/318 1561/317 
f 3548/2379 1561/317 3547/2378 
f 3550/2381 1734/491 1733/490 
f 3550/2381 1733/490 3551/2382 
f 3550/2381 3551/2382 1570/326 
f 3550/2381 1570/326 1569/325 
f 3550/2381 1569/325 1576/332 
f 3550/2381 1576/332 3552/2383 
f 3550/2381 3552/2383 1735/492 
f 3550/2381 1735/492 1734/491 
f 3553/2384 3554/2385 1371/118 
f 3553/2384 1371/118 1370/117 
f 3553/2384 1370/117 1369/116 
f 3553/2384 1369/116 3555/2386 
f 3553/2384 3555/2386 1570/326 
f 3553/2384 1570/326 3551/2382 
f 3553/2384 3551/2382 1733/490 
f 3553/2384 1733/490 3554/2385 
f 3556/2387 3555/2386 1369/116 
f 3556/2387 1369/116 3352/2161 
f 3556/2387 3352/2161 1365/111 
f 3556/2387 1365/111 3557/2388 
f 3556/2387 3557/2388 1572/328 
f 3556/2387 1572/328 1571/327 
f 3556/2387 1571/327 1570/326 
f 3556/2387 1570/326 3555/2386 
f 3558/2389 1743/2390 1742/2391 
f 3558/2389 1742/2391 3559/2392 
f 3558/2389 3559/2392 1579/335 
f 3558/2389 1579/335 1578/334 
f 3558/2389 1578/334 1585/341 
f 3558/2389 1585/341 3560/2393 
f 3558/2389 3560/2393 1744/2394 
f 3558/2389 1744/2394 1743/2390 
f 3561/2395 3562/2396 1281/23 
f 3561/2395 1281/23 1280/22 
f 3561/2395 1280/22 1279/21 
f 3561/2395 1279/21 3563/2397 
f 3561/2395 3563/2397 1579/335 
f 3561/2395 1579/335 3559/2392 
f 3561/2395 3559/2392 1742/2391 
f 3561/2395 1742/2391 3562/2396 
f 3564/2398 3563/2397 1279/21 
f 3564/2398 1279/21 3251/2055 
f 3564/2398 3251/2055 1273/15 
f 3564/2398 1273/15 3565/2399 
f 3564/2398 3565/2399 1581/337 
f 3564/2398 1581/337 1580/336 
f 3564/2398 1580/336 1579/335 
f 3564/2398 1579/335 3563/2397 
f 3566/2400 1752/509 1751/508 
f 3566/2400 1751/508 3567/2401 
f 3566/2400 3567/2401 1588/344 
f 3566/2400 1588/344 1587/343 
f 3566/2400 1587/343 1594/350 
f 3566/2400 1594/350 3568/2402 
f 3566/2400 3568/2402 1753/510 
f 3566/2400 1753/510 1752/509 
f 3569/2403 3570/2404 1423/172 
f 3569/2403 1423/172 1422/171 
f 3569/2403 1422/171 1421/170 
f 3569/2403 1421/170 3571/2405 
f 3569/2403 3571/2405 1588/344 
f 3569/2403 1588/344 3567/2401 
f 3569/2403 3567/2401 1751/508 
f 3569/2403 1751/508 3570/2404 
f 3572/2406 3571/2405 1421/170 
f 3572/2406 1421/170 3409/2229 
f 3572/2406 3409/2229 1416/165 
f 3572/2406 1416/165 3573/2407 
f 3572/2406 3573/2407 1590/346 
f 3572/2406 1590/346 1589/345 
f 3572/2406 1589/345 1588/344 
f 3572/2406 1588/344 3571/2405 
f 3574/2408 1770/527 1769/526 
f 3574/2408 1769/526 3575/2409 
f 3574/2408 3575/2409 1597/353 
f 3574/2408 1597/353 1596/352 
f 3574/2408 1596/352 1603/359 
f 3574/2408 1603/359 3576/2410 
f 3574/2408 3576/2410 1771/528 
f 3574/2408 1771/528 1770/527 
f 3577/2411 3578/2412 1334/80 
f 3577/2411 1334/80 1333/79 
f 3577/2411 1333/79 1332/78 
f 3577/2411 1332/78 3579/2413 
f 3577/2411 3579/2413 1597/353 
f 3577/2411 1597/353 3575/2409 
f 3577/2411 3575/2409 1769/526 
f 3577/2411 1769/526 3578/2412 
f 3580/2414 3579/2413 1332/78 
f 3580/2414 1332/78 3309/2114 
f 3580/2414 3309/2114 1326/71 
f 3580/2414 1326/71 3581/2415 
f 3580/2414 3581/2415 1599/355 
f 3580/2414 1599/355 1598/354 
f 3580/2414 1598/354 1597/353 
f 3580/2414 1597/353 3579/2413 
f 3582/2416 1779/536 1778/535 
f 3582/2416 1778/535 3583/2417 
f 3582/2416 3583/2417 1606/362 
f 3582/2416 1606/362 1605/361 
f 3582/2416 1605/361 1612/368 
f 3582/2416 1612/368 3584/2418 
f 3582/2416 3584/2418 1780/537 
f 3582/2416 1780/537 1779/536 
f 3585/2419 3586/2420 1477/229 
f 3585/2419 1477/229 1476/228 
f 3585/2419 1476/228 1475/227 
f 3585/2419 1475/227 3587/2421 
f 3585/2419 3587/2421 1606/362 
f 3585/2419 1606/362 3583/2417 
f 3585/2419 3583/2417 1778/535 
f 3585/2419 1778/535 3586/2420 
f 3588/2422 3587/2421 1475/227 
f 3588/2422 1475/227 3466/2286 
f 3588/2422 3466/2286 1468/220 
f 3588/2422 1468/220 3589/2423 
f 3588/2422 3589/2423 1608/364 
f 3588/2422 1608/364 1607/363 
f 3588/2422 1607/363 1606/362 
f 3588/2422 1606/362 3587/2421 
f 3590/2424 1788/545 1787/544 
f 3590/2424 1787/544 3591/2425 
f 3590/2424 3591/2425 1615/371 
f 3590/2424 1615/371 1614/370 
f 3590/2424 1614/370 1621/377 
f 3590/2424 1621/377 3592/2426 
f 3590/2424 3592/2426 1789/546 
f 3590/2424 1789/546 1788/545 
f 3593/2427 3594/2428 1386/134 
f 3593/2427 1386/134 1385/133 
f 3593/2427 1385/133 1384/132 
f 3593/2427 1384/132 3595/2429 
f 3593/2427 3595/2429 1615/371 
f 3593/2427 1615/371 3591/2425 
f 3593/2427 3591/2425 1787/544 
f 3593/2427 1787/544 3594/2428 
f 3596/2430 3595/2429 1384/132 
f 3596/2430 1384/132 3368/2176 
f 3596/2430 3368/2176 1377/125 
f 3596/2430 1377/125 3597/2431 
f 3596/2430 3597/2431 1617/373 
f 3596/2430 1617/373 1616/372 
f 3596/2430 1616/372 1615/371 
f 3596/2430 1615/371 3595/2429 
f 3598/2432 1490/243 1489/242 
f 3598/2432 1489/242 3599/2433 
f 3598/2432 3599/2433 1624/380 
f 3598/2432 1624/380 1623/379 
f 3598/2432 1623/379 1630/386 
f 3598/2432 1630/386 3600/2434 
f 3598/2432 3600/2434 1491/244 
f 3598/2432 1491/244 1490/243 
f 3601/2435 3481/2300 1297/39 
f 3601/2435 1297/39 1296/38 
f 3601/2435 1296/38 1295/37 
f 3601/2435 1295/37 3602/2436 
f 3601/2435 3602/2436 1624/380 
f 3601/2435 1624/380 3599/2433 
f 3601/2435 3599/2433 1489/242 
f 3601/2435 1489/242 3481/2300 
f 3603/2437 3602/2436 1295/37 
f 3603/2437 1295/37 3270/2079 
f 3603/2437 3270/2079 1289/2078 
f 3603/2437 1289/2078 3604/2438 
f 3603/2437 3604/2438 1626/382 
f 3603/2437 1626/382 1625/381 
f 3603/2437 1625/381 1624/380 
f 3603/2437 1624/380 3602/2436 
f 3605/388 1519/275 1518/274 
f 3605/388 1518/274 3606/2439 
f 3605/388 3606/2439 1632/389 
f 3605/388 1638/395 3607/2440 
f 3605/388 3607/2440 1520/276 
f 3605/388 1520/276 1519/275 
f 3608/2441 3510/2330 1436/187 
f 3608/2441 1436/187 1435/186 
f 3608/2441 1435/186 1434/185 
f 3608/2441 1434/185 3609/2442 
f 3608/2441 3609/2442 1632/389 
f 3608/2441 1632/389 3606/2439 
f 3608/2441 3606/2439 1518/274 
f 3608/2441 1518/274 3510/2330 
f 3610/2443 3609/2442 1434/185 
f 3610/2443 1434/185 3424/2242 
f 3610/2443 3424/2242 1429/178 
f 3610/2443 1429/178 3611/2444 
f 3610/2443 3611/2444 1634/391 
f 3610/2443 1634/391 1633/390 
f 3610/2443 1633/390 1632/389 
f 3610/2443 1632/389 3609/2442 
f 3612/2445 1528/2446 1527/2447 
f 3612/2445 1527/2447 3613/2448 
f 3612/2445 3613/2448 1641/2449 
f 3612/2445 1641/2449 1640/2450 
f 3612/2445 1640/2450 1647/2451 
f 3612/2445 1647/2451 3614/2452 
f 3612/2445 3614/2452 1529/2453 
f 3612/2445 1529/2453 1528/2446 
f 3615/2454 3518/2455 1350/96 
f 3615/2454 1350/96 1349/95 
f 3615/2454 1349/95 1348/94 
f 3615/2454 1348/94 3616/2456 
f 3615/2454 3616/2456 1641/2449 
f 3615/2454 1641/2449 3613/2448 
f 3615/2454 3613/2448 1527/2447 
f 3615/2454 1527/2447 3518/2455 
f 3617/2457 3616/2458 1348/2459 
f 3617/2457 1348/2459 3328/2460 
f 3617/2457 3328/2460 1343/2461 
f 3617/2457 1343/2461 3618/2462 
f 3617/2457 3618/2462 1643/400 
f 3617/2457 1643/400 1642/399 
f 3617/2457 1642/399 1641/398 
f 3617/2457 1641/398 3616/2458 
f 3619/2463 1537/293 1536/292 
f 3619/2463 1536/292 3620/2464 
f 3619/2463 3620/2464 1650/407 
f 3619/2463 1650/407 1649/406 
f 3619/2463 1649/406 1656/413 
f 3619/2463 1656/413 3621/2465 
f 3619/2463 3621/2465 1538/294 
f 3619/2463 1538/294 1537/293 
f 3622/2466 3526/2346 1504/259 
f 3622/2466 1504/259 1503/258 
f 3622/2466 1503/258 1502/257 
f 3622/2466 1502/257 3623/2467 
f 3622/2466 3623/2467 1650/407 
f 3622/2466 1650/407 3620/2464 
f 3622/2466 3620/2464 1536/292 
f 3622/2466 1536/292 3526/2346 
f 3624/2468 3623/2467 1502/257 
f 3624/2468 1502/257 3494/2310 
f 3624/2468 3494/2310 1483/235 
f 3624/2468 1483/235 3625/2469 
f 3624/2468 3625/2469 1652/409 
f 3624/2468 1652/409 1651/408 
f 3624/2468 1651/408 1650/407 
f 3624/2468 1650/407 3623/2467 
f 3626/2470 1546/2471 1545/2472 
f 3626/2470 1545/2472 3627/2473 
f 3626/2470 3627/2473 1659/416 
f 3626/2470 1659/416 1658/415 
f 3626/2470 1658/415 1665/422 
f 3626/2470 1665/422 3628/2474 
f 3626/2470 3628/2474 1547/2475 
f 3626/2470 1547/2475 1546/2471 
f 3629/2476 3533/2477 1400/149 
f 3629/2476 1400/149 1399/148 
f 3629/2476 1399/148 1398/147 
f 3629/2476 1398/147 3630/2478 
f 3629/2476 3630/2478 1659/416 
f 3629/2476 1659/416 3627/2473 
f 3629/2476 3627/2473 1545/2472 
f 3629/2476 1545/2472 3533/2477 
f 3631/2479 3630/2478 1398/147 
f 3631/2479 1398/147 3383/2190 
f 3631/2479 3383/2190 1392/141 
f 3631/2479 1392/141 3632/2480 
f 3631/2479 3632/2480 1661/418 
f 3631/2479 1661/418 1660/417 
f 3631/2479 1660/417 1659/416 
f 3631/2479 1659/416 3630/2478 
f 3633/2481 1555/311 1554/310 
f 3633/2481 1554/310 3634/2482 
f 3633/2481 3634/2482 1668/425 
f 3633/2481 1668/425 1667/424 
f 3633/2481 1667/424 1674/431 
f 3633/2481 1674/431 3635/2483 
f 3633/2481 3635/2483 1556/312 
f 3633/2481 1556/312 1555/311 
f 3636/2484 3541/2369 1311/54 
f 3636/2484 1311/54 1310/53 
f 3636/2484 1310/53 1309/52 
f 3636/2484 1309/52 3637/2485 
f 3636/2484 3637/2485 1668/425 
f 3636/2484 1668/425 3634/2482 
f 3636/2484 3634/2482 1554/310 
f 3636/2484 1554/310 3541/2369 
f 3638/2486 3637/2485 1309/52 
f 3638/2486 1309/52 3286/2093 
f 3638/2486 3286/2093 1304/47 
f 3638/2486 1304/47 3478/2297 
f 3638/2486 3478/2297 1670/427 
f 3638/2486 1670/427 1669/426 
f 3638/2486 1669/426 1668/425 
f 3638/2486 1668/425 3637/2485 
f 3639/2487 1564/320 1563/319 
f 3639/2487 1563/319 3640/2488 
f 3639/2487 3640/2488 1677/434 
f 3639/2487 1677/434 1676/433 
f 3639/2487 1676/433 1683/440 
f 3639/2487 1683/440 3641/2489 
f 3639/2487 3641/2489 1565/321 
f 3639/2487 1565/321 1564/320 
f 3642/2490 3549/2380 1451/203 
f 3642/2490 1451/203 1450/202 
f 3642/2490 1450/202 1449/201 
f 3642/2490 1449/201 3643/2491 
f 3642/2490 3643/2491 1677/434 
f 3642/2490 1677/434 3640/2488 
f 3642/2490 3640/2488 1563/319 
f 3642/2490 1563/319 3549/2380 
f 3644/2492 3643/2491 1449/201 
f 3644/2492 1449/201 3440/2257 
f 3644/2492 3440/2257 1445/196 
f 3644/2492 1445/196 3507/2327 
f 3644/2492 3507/2327 1679/436 
f 3644/2492 1679/436 1678/435 
f 3644/2492 1678/435 1677/434 
f 3644/2492 1677/434 3643/2491 
f 3645/2493 1573/329 1572/328 
f 3645/2493 1572/328 3646/2494 
f 3645/2493 3646/2494 1686/443 
f 3645/2493 1686/443 1685/442 
f 3645/2493 1685/442 1692/449 
f 3645/2493 1692/449 3647/2495 
f 3645/2493 3647/2495 1574/330 
f 3645/2493 1574/330 1573/329 
f 3648/2496 3557/2388 1365/111 
f 3648/2496 1365/111 1364/110 
f 3648/2496 1364/110 1363/109 
f 3648/2496 1363/109 3649/2497 
f 3648/2496 3649/2497 1686/443 
f 3648/2496 1686/443 3646/2494 
f 3648/2496 3646/2494 1572/328 
f 3648/2496 1572/328 3557/2388 
f 3650/2498 3649/2497 1363/109 
f 3650/2498 1363/109 3344/2154 
f 3650/2498 3344/2154 1358/104 
f 3650/2498 1358/104 3515/2335 
f 3650/2498 3515/2335 1688/445 
f 3650/2498 1688/445 1687/444 
f 3650/2498 1687/444 1686/443 
f 3650/2498 1686/443 3649/2497 
f 3651/2499 1582/338 1581/337 
f 3651/2499 1581/337 3652/2500 
f 3651/2499 3652/2500 1695/452 
f 3651/2499 1695/452 1694/451 
f 3651/2499 1694/451 1701/458 
f 3651/2499 1701/458 3653/2501 
f 3651/2499 3653/2501 1583/339 
f 3651/2499 1583/339 1582/338 
f 3654/2502 3565/2399 1273/15 
f 3654/2502 1273/15 1272/14 
f 3654/2502 1272/14 1271/13 
f 3654/2502 1271/13 3655/2503 
f 3654/2502 3655/2503 1695/452 
f 3654/2502 1695/452 3652/2500 
f 3654/2502 3652/2500 1581/337 
f 3654/2502 1581/337 3565/2399 
f 3656/2504 3655/2503 1271/13 
f 3656/2504 1271/13 3241/2045 
f 3656/2504 3241/2045 1267/7 
f 3656/2504 1267/7 3657/2505 
f 3656/2504 3657/2505 1697/454 
f 3656/2504 1697/454 1696/453 
f 3656/2504 1696/453 1695/452 
f 3656/2504 1695/452 3655/2503 
f 3658/2506 1591/347 1590/346 
f 3658/2506 1590/346 3659/2507 
f 3658/2506 3659/2507 1704/461 
f 3658/2506 1704/461 1703/460 
f 3658/2506 1703/460 1710/467 
f 3658/2506 1710/467 3660/2508 
f 3658/2506 3660/2508 1592/348 
f 3658/2506 1592/348 1591/347 
f 3661/2509 3573/2407 1416/165 
f 3661/2509 1416/165 1415/164 
f 3661/2509 1415/164 1414/163 
f 3661/2509 1414/163 3662/2510 
f 3661/2509 3662/2510 1704/461 
f 3661/2509 1704/461 3659/2507 
f 3661/2509 3659/2507 1590/346 
f 3661/2509 1590/346 3573/2407 
f 3663/2511 3662/2510 1414/163 
f 3663/2511 1414/163 3402/2222 
f 3663/2511 3402/2222 1408/2221 
f 3663/2511 1408/2221 3530/2512 
f 3663/2511 3530/2512 1706/463 
f 3663/2511 1706/463 1705/462 
f 3663/2511 1705/462 1704/461 
f 3663/2511 1704/461 3662/2510 
f 3664/2513 1600/356 1599/355 
f 3664/2513 1599/355 3665/2514 
f 3664/2513 3665/2514 1713/470 
f 3664/2513 1713/470 1712/469 
f 3664/2513 1712/469 1719/476 
f 3664/2513 1719/476 3666/2515 
f 3664/2513 3666/2515 1601/357 
f 3664/2513 1601/357 1600/356 
f 3667/2516 3581/2415 1326/71 
f 3667/2516 1326/71 1325/70 
f 3667/2516 1325/70 1324/69 
f 3667/2516 1324/69 3668/2517 
f 3667/2516 3668/2517 1713/470 
f 3667/2516 1713/470 3665/2514 
f 3667/2516 3665/2514 1599/355 
f 3667/2516 1599/355 3581/2415 
f 3669/2518 3668/2517 1324/69 
f 3669/2518 1324/69 3301/2106 
f 3669/2518 3301/2106 1317/62 
f 3669/2518 1317/62 3538/2366 
f 3669/2518 3538/2366 1715/472 
f 3669/2518 1715/472 1714/471 
f 3669/2518 1714/471 1713/470 
f 3669/2518 1713/470 3668/2517 
f 3670/2519 1609/365 1608/364 
f 3670/2519 1608/364 3671/2520 
f 3670/2519 3671/2520 1722/479 
f 3670/2519 1722/479 1721/478 
f 3670/2519 1721/478 1728/485 
f 3670/2519 1728/485 3672/2521 
f 3670/2519 3672/2521 1610/366 
f 3670/2519 1610/366 1609/365 
f 3673/2522 3589/2423 1468/220 
f 3673/2522 1468/220 1467/219 
f 3673/2522 1467/219 1466/218 
f 3673/2522 1466/218 3674/2523 
f 3673/2522 3674/2523 1722/479 
f 3673/2522 1722/479 3671/2520 
f 3673/2522 3671/2520 1608/364 
f 3673/2522 1608/364 3589/2423 
f 3675/2524 3674/2523 1466/218 
f 3675/2524 1466/218 3456/2276 
f 3675/2524 3456/2276 1460/2275 
f 3675/2524 1460/2275 3546/2525 
f 3675/2524 3546/2525 1724/481 
f 3675/2524 1724/481 1723/480 
f 3675/2524 1723/480 1722/479 
f 3675/2524 1722/479 3674/2523 
f 3676/2526 1618/374 1617/373 
f 3676/2526 1617/373 3677/2527 
f 3676/2526 3677/2527 1731/488 
f 3676/2526 1731/488 1730/487 
f 3676/2526 1730/487 1737/494 
f 3676/2526 1737/494 3678/2528 
f 3676/2526 3678/2528 1619/375 
f 3676/2526 1619/375 1618/374 
f 3679/2529 3597/2431 1377/125 
f 3679/2529 1377/125 1376/124 
f 3679/2529 1376/124 1375/123 
f 3679/2529 1375/123 3680/2530 
f 3679/2529 3680/2530 1731/488 
f 3679/2529 1731/488 3677/2527 
f 3679/2529 3677/2527 1617/373 
f 3679/2529 1617/373 3597/2431 
f 3681/2531 3680/2530 1375/123 
f 3681/2531 1375/123 3359/2167 
f 3681/2531 3359/2167 1371/118 
f 3681/2531 1371/118 3554/2385 
f 3681/2531 3554/2385 1733/490 
f 3681/2531 1733/490 1732/489 
f 3681/2531 1732/489 1731/488 
f 3681/2531 1731/488 3680/2530 
f 3682/2532 1627/2533 1626/2534 
f 3682/2532 1626/2534 3683/2535 
f 3682/2532 3683/2535 1740/2536 
f 3682/2532 1740/2536 1739/2537 
f 3682/2532 1739/2537 1746/2538 
f 3682/2532 1746/2538 3684/2539 
f 3682/2532 3684/2539 1628/2540 
f 3682/2532 1628/2540 1627/2533 
f 3685/2541 3604/2542 1289/31 
f 3685/2541 1289/31 1288/30 
f 3685/2541 1288/30 1287/29 
f 3685/2541 1287/29 3686/2543 
f 3685/2541 3686/2543 1740/2536 
f 3685/2541 1740/2536 3683/2535 
f 3685/2541 3683/2535 1626/2534 
f 3685/2541 1626/2534 3604/2542 
f 3687/2544 3686/2545 1287/2546 
f 3687/2544 1287/2546 3261/2547 
f 3687/2544 3261/2547 1281/2548 
f 3687/2544 1281/2548 3562/2549 
f 3687/2544 3562/2549 1742/499 
f 3687/2544 1742/499 1741/498 
f 3687/2544 1741/498 1740/497 
f 3687/2544 1740/497 3686/2545 
f 3688/2550 1635/392 1634/391 
f 3688/2550 1634/391 3689/2551 
f 3688/2550 3689/2551 1749/506 
f 3688/2550 1749/506 1748/505 
f 3688/2550 1748/505 1755/512 
f 3688/2550 1755/512 3690/2552 
f 3688/2550 3690/2552 1636/393 
f 3688/2550 1636/393 1635/392 
f 3691/2553 3611/2444 1429/178 
f 3691/2553 1429/178 1428/177 
f 3691/2553 1428/177 1427/176 
f 3691/2553 1427/176 3692/2554 
f 3691/2553 3692/2554 1749/506 
f 3691/2553 1749/506 3689/2551 
f 3691/2553 3689/2551 1634/391 
f 3691/2553 1634/391 3611/2444 
f 3693/2555 3692/2554 1427/176 
f 3693/2555 1427/176 3415/2234 
f 3693/2555 3415/2234 1423/172 
f 3693/2555 1423/172 3570/2404 
f 3693/2555 3570/2404 1751/508 
f 3693/2555 1751/508 1750/507 
f 3693/2555 1750/507 1749/506 
f 3693/2555 1749/506 3692/2554 
f 3694/2556 1698/455 1697/454 
f 3694/2556 1697/454 3695/2557 
f 3694/2556 3695/2557 1758/515 
f 3694/2556 1758/515 1757/514 
f 3694/2556 1757/514 1764/521 
f 3694/2556 1764/521 3696/2558 
f 3694/2556 3696/2558 1699/456 
f 3694/2556 1699/456 1698/455 
f 3697/2559 3657/2505 1267/7 
f 3697/2559 1267/7 1266/6 
f 3697/2559 1266/6 1265/5 
f 3697/2559 1265/5 3698/2560 
f 3697/2559 3698/2560 1758/515 
f 3697/2559 1758/515 3695/2557 
f 3697/2559 3695/2557 1697/454 
f 3697/2559 1697/454 3657/2505 
f 3699/2561 3698/2560 1265/5 
f 3699/2561 1265/5 3233/2039 
f 3699/2561 3233/2039 1498/252 
f 3699/2561 1498/252 3523/2343 
f 3699/2561 3523/2343 1760/517 
f 3699/2561 1760/517 1759/516 
f 3699/2561 1759/516 1758/515 
f 3699/2561 1758/515 3698/2560 
f 3700/2562 1644/2563 1643/2564 
f 3700/2562 1643/2564 3701/2565 
f 3700/2562 3701/2565 1767/524 
f 3700/2562 1767/524 1766/523 
f 3700/2562 1766/523 1773/530 
f 3700/2562 1773/530 3702/2566 
f 3700/2562 3702/2566 1645/2567 
f 3700/2562 1645/2567 1644/2563 
f 3703/2568 3618/2569 1343/89 
f 3703/2568 1343/89 1342/88 
f 3703/2568 1342/88 1341/87 
f 3703/2568 1341/87 3704/2570 
f 3703/2568 3704/2570 1767/524 
f 3703/2568 1767/524 3701/2565 
f 3703/2568 3701/2565 1643/2564 
f 3703/2568 1643/2564 3618/2569 
f 3705/2571 3704/2570 1341/87 
f 3705/2571 1341/87 3319/2124 
f 3705/2571 3319/2124 1334/80 
f 3705/2571 1334/80 3578/2412 
f 3705/2571 3578/2412 1769/526 
f 3705/2571 1769/526 1768/525 
f 3705/2571 1768/525 1767/524 
f 3705/2571 1767/524 3704/2570 
f 1775/532 1653/410 1652/409 
f 1775/532 1652/409 3706/2572 
f 1775/532 3706/2572 1776/533 
f 1775/532 1782/539 3707/2573 
f 1775/532 3707/2573 1654/411 
f 1775/532 1654/411 1653/410 
f 3708/2574 3625/2469 1483/235 
f 3708/2574 1483/235 1482/234 
f 3708/2574 1482/234 1481/233 
f 3708/2574 1481/233 3709/2575 
f 3708/2574 3709/2575 1776/533 
f 3708/2574 1776/533 3706/2572 
f 3708/2574 3706/2572 1652/409 
f 3708/2574 1652/409 3625/2469 
f 3710/2576 3709/2575 1481/233 
f 3710/2576 1481/233 3473/2292 
f 3710/2576 3473/2292 1477/229 
f 3710/2576 1477/229 3586/2420 
f 3710/2576 3586/2420 1778/535 
f 3710/2576 1778/535 1777/534 
f 3710/2576 1777/534 1776/533 
f 3710/2576 1776/533 3709/2575 
f 3711/2577 1662/419 1661/418 
f 3711/2577 1661/418 3712/2578 
f 3711/2577 3712/2578 1785/542 
f 3711/2577 1785/542 1784/541 
f 3711/2577 1784/541 1791/548 
f 3711/2577 1791/548 3713/2579 
f 3711/2577 3713/2579 1663/420 
f 3711/2577 1663/420 1662/419 
f 3714/2580 3632/2480 1392/141 
f 3714/2580 1392/141 1391/140 
f 3714/2580 1391/140 1390/139 
f 3714/2580 1390/139 3715/2581 
f 3714/2580 3715/2581 1785/542 
f 3714/2580 1785/542 3712/2578 
f 3714/2580 3712/2578 1661/418 
f 3714/2580 1661/418 3632/2480 
f 3716/2582 3715/2581 1390/139 
f 3716/2582 1390/139 3374/2181 
f 3716/2582 3374/2181 1386/134 
f 3716/2582 1386/134 3594/2428 
f 3716/2582 3594/2428 1787/544 
f 3716/2582 1787/544 1786/543 
f 3716/2582 1786/543 1785/542 
f 3716/2582 1785/542 3715/2581 
f 3717/2583 2114/882 3718/2584 
f 3717/2583 3718/2584 1793/550 
f 3717/2583 1793/550 1799/556 
f 3717/2583 1799/556 3719/2585 
f 3717/2583 3719/2585 2115/883 
f 3717/2583 2115/883 2114/882 
f 3720/2586 3721/2587 2015/2588 
f 3720/2586 2015/2588 3722/2589 
f 3720/2586 3722/2589 1964/2590 
f 3720/2586 1964/2590 3723/2591 
f 3720/2586 3723/2591 1793/550 
f 3720/2586 1793/550 3718/2584 
f 3720/2586 3718/2584 2114/882 
f 3720/2586 2114/882 3721/2587 
f 3724/2592 3723/2591 1964/2590 
f 3724/2592 1964/2590 1963/2593 
f 3724/2592 1963/2593 1962/2594 
f 3724/2592 1962/2594 3725/2595 
f 3724/2592 3725/2595 1795/552 
f 3724/2592 1795/552 1794/551 
f 3724/2592 1794/551 1793/550 
f 3724/2592 1793/550 3723/2591 
f 3726/2596 1859/616 1858/615 
f 3726/2596 1858/615 3727/2597 
f 3726/2596 3727/2597 1802/559 
f 3726/2596 1802/559 1801/558 
f 3726/2596 1801/558 1808/565 
f 3726/2596 1808/565 3728/2598 
f 3726/2596 3728/2598 1860/617 
f 3726/2596 1860/617 1859/616 
f 3729/2599 3730/2600 1735/2601 
f 3729/2599 1735/2601 3552/2602 
f 3729/2599 3552/2602 1576/2603 
f 3729/2599 1576/2603 3731/2604 
f 3729/2599 3731/2604 1802/559 
f 3729/2599 1802/559 3727/2597 
f 3729/2599 3727/2597 1858/615 
f 3729/2599 1858/615 3730/2600 
f 3732/2605 3731/2604 1576/2603 
f 3732/2605 1576/2603 1575/2606 
f 3732/2605 1575/2606 1574/2607 
f 3732/2605 1574/2607 3733/2608 
f 3732/2605 3733/2608 1804/561 
f 3732/2605 1804/561 1803/560 
f 3732/2605 1803/560 1802/559 
f 3732/2605 1802/559 3731/2604 
f 3734/2609 1867/625 1866/624 
f 3734/2609 1866/624 3735/2610 
f 3734/2609 3735/2610 1811/568 
f 3734/2609 1811/568 1810/567 
f 3734/2609 1810/567 1817/574 
f 3734/2609 1817/574 3736/2611 
f 3734/2609 3736/2611 1868/626 
f 3734/2609 1868/626 1867/625 
f 3735/2610 3737/2612 1771/2613 
f 3735/2610 1771/2613 3576/2614 
f 3735/2610 3576/2614 1603/2615 
f 3735/2610 1603/2615 3738/2616 
f 3735/2610 3738/2616 1811/568 
f 3735/2610 1866/624 3737/2612 
f 3739/2617 3738/2616 1603/2615 
f 3739/2617 1603/2615 1602/2618 
f 3739/2617 1602/2618 1601/2619 
f 3739/2617 1601/2619 3740/2620 
f 3739/2617 3740/2620 1813/570 
f 3739/2617 1813/570 1812/569 
f 3739/2617 1812/569 1811/568 
f 3739/2617 1811/568 3738/2616 
f 3741/2621 1875/634 3745/633 
f 3741/2621 3745/633 3742/2622 
f 3741/2621 3742/2622 1820/577 
f 3741/2621 1820/577 1819/576 
f 3741/2621 1819/576 1826/583 
f 3741/2621 1826/583 3743/2623 
f 3741/2621 3743/2623 1876/635 
f 3741/2621 1876/635 1875/634 
f 3744/2624 3745/633 1491/2625 
f 3744/2624 1491/2625 3600/2626 
f 3744/2624 3600/2626 1630/2627 
f 3744/2624 1630/2627 3746/2628 
f 3744/2624 3746/2628 1820/577 
f 3744/2624 1820/577 3742/2622 
f 3744/2624 3742/2622 3745/633 
f 3747/2629 3746/2628 1630/2627 
f 3747/2629 1630/2627 1629/2630 
f 3747/2629 1629/2630 1628/2631 
f 3747/2629 1628/2631 3748/2632 
f 3747/2629 3748/2632 1822/579 
f 3747/2629 1822/579 1821/578 
f 3747/2629 1821/578 1820/577 
f 3747/2629 1820/577 3746/2628 
f 3749/2633 1893/652 1892/651 
f 3749/2633 1892/651 3750/2634 
f 3749/2633 3750/2634 1829/586 
f 3749/2633 1829/586 1828/585 
f 3749/2633 1828/585 1835/592 
f 3749/2633 1835/592 3751/2635 
f 3749/2633 3751/2635 1894/653 
f 3749/2633 1894/653 1893/652 
f 3752/2636 3753/2637 1538/2638 
f 3752/2636 1538/2638 3621/2639 
f 3752/2636 3621/2639 1656/2640 
f 3752/2636 1656/2640 3754/2641 
f 3752/2636 3754/2641 1829/586 
f 3752/2636 1829/586 3750/2634 
f 3752/2636 3750/2634 1892/651 
f 3752/2636 1892/651 3753/2637 
f 3755/2642 3754/2641 1656/2640 
f 3755/2642 1656/2640 1655/2643 
f 3755/2642 1655/2643 1654/2644 
f 3755/2642 1654/2644 3756/2645 
f 3755/2642 3756/2645 1831/588 
f 3755/2642 1831/588 1830/587 
f 3755/2642 1830/587 1829/586 
f 3755/2642 1829/586 3754/2641 
f 3757/2646 1900/660 1899/659 
f 3757/2646 1838/595 1837/594 
f 3757/2646 1837/594 1844/601 
f 3757/2646 1844/601 3758/2647 
f 3757/2646 3758/2647 1901/661 
f 3757/2646 1901/661 1900/660 
f 3759/2648 3760/2649 1565/2650 
f 3759/2648 1565/2650 3641/2651 
f 3759/2648 3641/2651 1683/2652 
f 3759/2648 1683/2652 3761/2653 
f 3759/2648 3761/2653 1838/595 
f 3759/2648 1838/595 3757/2646 
f 3759/2648 3757/2646 1899/659 
f 3759/2648 1899/659 3760/2649 
f 3762/2654 3761/2653 1683/2652 
f 3762/2654 1683/2652 1682/2655 
f 3762/2654 1682/2655 1681/2656 
f 3762/2654 1681/2656 3763/2657 
f 3762/2654 3763/2657 1840/597 
f 3762/2654 1840/597 1839/596 
f 3762/2654 1839/596 1838/595 
f 3762/2654 1838/595 3761/2653 
f 3764/2658 1908/669 1907/668 
f 3764/2658 1907/668 3765/2659 
f 3764/2658 3765/2659 1847/604 
f 3764/2658 1847/604 1846/603 
f 3764/2658 1846/603 1853/610 
f 3764/2658 1853/610 3766/2660 
f 3764/2658 3766/2660 1909/670 
f 3764/2658 1909/670 1908/669 
f 3767/2661 3768/2662 1592/2663 
f 3767/2661 1592/2663 3660/2664 
f 3767/2661 3660/2664 1710/2665 
f 3767/2661 1710/2665 3769/2666 
f 3767/2661 3769/2666 1847/604 
f 3767/2661 1847/604 3765/2659 
f 3767/2661 3765/2659 1907/668 
f 3767/2661 1907/668 3768/2662 
f 3770/2667 3769/2666 1710/2665 
f 3770/2667 1710/2665 1709/2668 
f 3770/2667 1709/2668 1708/2315 
f 3770/2667 1708/2315 3498/2314 
f 3770/2667 3498/2314 1849/606 
f 3770/2667 1849/606 1848/605 
f 3770/2667 1848/605 1847/604 
f 3770/2667 1847/604 3769/2666 
f 3771/2669 1917/678 1916/677 
f 3771/2669 1916/677 3772/2670 
f 3771/2669 3772/2670 1856/613 
f 3771/2669 1856/613 1855/612 
f 3771/2669 1855/612 1862/619 
f 3771/2669 1862/619 3773/2671 
f 3771/2669 3773/2671 1918/679 
f 3771/2669 1918/679 1917/678 
f 3774/2672 3775/2673 1619/2674 
f 3774/2672 1619/2674 3678/2675 
f 3774/2672 3678/2675 1737/2676 
f 3774/2672 1737/2676 3776/2677 
f 3774/2672 3776/2677 1856/613 
f 3774/2672 1856/613 3772/2670 
f 3774/2672 3772/2670 1916/677 
f 3774/2672 1916/677 3775/2673 
f 3777/2678 3776/2677 1737/2676 
f 3777/2678 1737/2676 1736/2679 
f 3777/2678 1736/2679 1735/2601 
f 3777/2678 1735/2601 3730/2600 
f 3777/2678 3730/2600 1858/615 
f 3777/2678 1858/615 1857/614 
f 3777/2678 1857/614 1856/613 
f 3777/2678 1856/613 3776/2677 
f 3778/2680 1925/687 3782/686 
f 3778/2680 3782/686 3779/2681 
f 3778/2680 3779/2681 1865/622 
f 3778/2680 1865/622 1864/621 
f 3778/2680 1864/621 1870/628 
f 3778/2680 1870/628 3780/2682 
f 3778/2680 3780/2682 1926/688 
f 3778/2680 1926/688 1925/687 
f 3781/2683 3782/686 1645/2684 
f 3781/2683 1645/2684 3702/2685 
f 3781/2683 3702/2685 1773/2686 
f 3781/2683 1773/2686 3783/2687 
f 3781/2683 3783/2687 1865/622 
f 3781/2683 1865/622 3779/2681 
f 3781/2683 3779/2681 3782/686 
f 3784/623 3783/2687 1773/2686 
f 3784/623 1773/2686 1772/2688 
f 3784/623 1772/2688 1771/2613 
f 3784/623 1771/2613 3737/2612 
f 3784/623 3737/2612 1866/624 
f 3784/623 1865/622 3783/2687 
f 3785/2689 1934/696 1933/695 
f 3785/2689 1933/695 3786/2690 
f 3785/2689 3786/2690 1873/631 
f 3785/2689 1873/631 1872/630 
f 3785/2689 1872/630 1878/637 
f 3785/2689 1878/637 3787/2691 
f 3785/2689 3787/2691 1935/697 
f 3785/2689 1935/697 1934/696 
f 3788/2692 3789/2693 1672/2694 
f 3788/2692 1672/2694 3476/2695 
f 3788/2692 3476/2695 1493/2696 
f 3788/2692 1493/2696 3790/2697 
f 3788/2692 3790/2697 1873/631 
f 3788/2692 1873/631 3786/2690 
f 3788/2692 3786/2690 1933/695 
f 3788/2692 1933/695 3789/2693 
f 3791/2698 3790/2697 1493/2696 
f 3791/2698 1493/2696 1492/2699 
f 3791/2698 1492/2699 1491/2625 
f 3791/2698 1491/2625 3745/633 
f 3791/2698 3745/633 1874/632 
f 3791/2698 1874/632 1873/631 
f 3791/2698 1873/631 3790/2697 
f 3792/2700 1943/705 1942/704 
f 3792/2700 1881/640 1880/639 
f 3792/2700 1880/639 1887/646 
f 3792/2700 1887/646 3793/2701 
f 3792/2700 3793/2701 1944/706 
f 3792/2700 1944/706 1943/705 
f 3794/2702 3795/2703 1699/2704 
f 3794/2702 1699/2704 3696/2705 
f 3794/2702 3696/2705 1764/2706 
f 3794/2702 1764/2706 3796/2707 
f 3794/2702 3796/2707 1881/640 
f 3794/2702 1881/640 3792/2700 
f 3794/2702 3792/2700 1942/704 
f 3794/2702 1942/704 3795/2703 
f 3797/2708 3796/2707 1764/2706 
f 3797/2708 1764/2706 1763/2709 
f 3797/2708 1763/2709 1762/2710 
f 3797/2708 1762/2710 3798/2711 
f 3797/2708 3798/2711 1883/642 
f 3797/2708 1883/642 1882/641 
f 3797/2708 1882/641 1881/640 
f 3797/2708 1881/640 3796/2707 
f 3799/2712 1884/643 1883/642 
f 3799/2712 1883/642 3800/2713 
f 3799/2712 3800/2713 1890/649 
f 3799/2712 1890/649 1889/648 
f 3799/2712 1889/648 1896/655 
f 3799/2712 1896/655 3801/2714 
f 3799/2712 3801/2714 1885/644 
f 3799/2712 1885/644 1884/643 
f 3802/2715 3798/2711 1762/2710 
f 3802/2715 1762/2710 3521/2716 
f 3802/2715 3521/2716 1540/2717 
f 3802/2715 1540/2717 3803/2718 
f 3802/2715 3803/2718 1890/649 
f 3802/2715 1890/649 3800/2713 
f 3802/2715 3800/2713 1883/642 
f 3802/2715 1883/642 3798/2711 
f 3804/2719 3803/2718 1540/2717 
f 3804/2719 1540/2717 1539/2720 
f 3804/2719 1539/2720 1538/2638 
f 3804/2719 1538/2638 3753/2637 
f 3804/2719 3753/2637 1892/651 
f 3804/2719 1892/651 1891/650 
f 3804/2719 1891/650 1890/649 
f 3804/2719 1890/649 3803/2718 
f 3805/2721 1952/714 1951/713 
f 3805/2721 1951/713 3809/658 
f 3805/2721 3809/658 1898/657 
f 3805/2721 1898/657 1903/663 
f 3805/2721 1903/663 3806/2722 
f 3805/2721 3806/2722 1953/715 
f 3805/2721 1953/715 1952/714 
f 3807/2723 3808/2724 1726/2725 
f 3807/2723 1726/2725 3544/2726 
f 3807/2723 3544/2726 1567/2727 
f 3807/2723 1567/2727 3809/658 
f 3807/2723 3809/658 1951/713 
f 3807/2723 1951/713 3808/2724 
f 3809/658 1567/2727 1566/2728 
f 3809/658 1566/2728 1565/2650 
f 3809/658 1565/2650 3760/2649 
f 3809/658 3760/2649 1899/659 
f 3810/2729 1961/723 1960/722 
f 3810/2729 1960/722 3811/2730 
f 3810/2729 3811/2730 1906/666 
f 3810/2729 1906/666 1905/665 
f 3810/2729 1905/665 1911/672 
f 3810/2729 1911/672 3812/2731 
f 3810/2729 3812/2731 1962/724 
f 3810/2729 1962/724 1961/723 
f 3813/2732 3814/2733 1753/2734 
f 3813/2732 1753/2734 3568/2735 
f 3813/2732 3568/2735 1594/2736 
f 3813/2732 1594/2736 3815/2737 
f 3813/2732 3815/2737 1906/666 
f 3813/2732 1906/666 3811/2730 
f 3813/2732 3811/2730 1960/722 
f 3813/2732 1960/722 3814/2733 
f 3816/667 3815/2737 1594/2736 
f 3816/667 1594/2736 1593/2738 
f 3816/667 1593/2738 1592/2663 
f 3816/667 1592/2663 3768/2662 
f 3816/667 3768/2662 1907/668 
f 3816/667 1906/666 3815/2737 
f 3817/2739 1970/732 1969/731 
f 3817/2739 1969/731 3818/2740 
f 3817/2739 3818/2740 1914/675 
f 3817/2739 1914/675 1913/674 
f 3817/2739 1913/674 1920/681 
f 3817/2739 1920/681 3819/2741 
f 3817/2739 3819/2741 1971/733 
f 3817/2739 1971/733 1970/732 
f 3820/2742 3821/2743 1789/2744 
f 3820/2742 1789/2744 3592/2745 
f 3820/2742 3592/2745 1621/2746 
f 3820/2742 1621/2746 3822/2747 
f 3820/2742 3822/2747 1914/675 
f 3820/2742 1914/675 3818/2740 
f 3820/2742 3818/2740 1969/731 
f 3820/2742 1969/731 3821/2743 
f 3823/2748 3822/2747 1621/2746 
f 3823/2748 1621/2746 1620/2749 
f 3823/2748 1620/2749 1619/2674 
f 3823/2748 1619/2674 3775/2673 
f 3823/2748 3775/2673 1916/677 
f 3823/2748 1916/677 1915/676 
f 3823/2748 1915/676 1914/675 
f 3823/2748 1914/675 3822/2747 
f 3824/2750 1979/741 1978/740 
f 3824/2750 1978/740 3825/2751 
f 3824/2750 3825/2751 1923/684 
f 3824/2750 1923/684 1922/683 
f 3824/2750 1922/683 1928/690 
f 3824/2750 1928/690 3826/2752 
f 3824/2750 3826/2752 1980/742 
f 3824/2750 1980/742 1979/741 
f 3827/2753 3828/2754 1529/2755 
f 3827/2753 1529/2755 3614/2756 
f 3827/2753 3614/2756 1647/2757 
f 3827/2753 1647/2757 3829/2758 
f 3827/2753 3829/2758 1923/684 
f 3827/2753 1923/684 3825/2751 
f 3827/2753 3825/2751 1978/740 
f 3827/2753 1978/740 3828/2754 
f 3830/2759 3829/2758 1647/2757 
f 3830/2759 1647/2757 1646/2760 
f 3830/2759 1646/2760 1645/2684 
f 3830/2759 1645/2684 3782/686 
f 3830/2759 3782/686 1924/685 
f 3830/2759 1924/685 1923/684 
f 3830/2759 1923/684 3829/2758 
f 3831/2761 1988/750 1987/749 
f 3831/2761 1987/749 3832/2762 
f 3831/2761 3832/2762 1931/693 
f 3831/2761 1931/693 1930/692 
f 3831/2761 1930/692 1937/699 
f 3831/2761 1937/699 3833/2763 
f 3831/2761 3833/2763 1989/751 
f 3831/2761 1989/751 1988/750 
f 3834/2764 3835/2765 1556/2766 
f 3834/2764 1556/2766 3635/2767 
f 3834/2764 3635/2767 1674/2768 
f 3834/2764 1674/2768 3836/2769 
f 3834/2764 3836/2769 1931/693 
f 3834/2764 1931/693 3832/2762 
f 3834/2764 3832/2762 1987/749 
f 3834/2764 1987/749 3835/2765 
f 1932/694 3836/2769 1674/2768 
f 1932/694 1674/2768 1673/2770 
f 1932/694 1673/2770 1672/2694 
f 1932/694 1672/2694 3789/2693 
f 1932/694 3789/2693 1933/695 
f 1932/694 1931/693 3836/2769 
f 3837/2771 1996/759 1995/758 
f 3837/2771 1995/758 3838/2772 
f 3837/2771 3838/2772 1940/702 
f 3837/2771 1940/702 1939/701 
f 3837/2771 1939/701 1946/708 
f 3837/2771 1946/708 3839/2773 
f 3837/2771 3839/2773 1997/760 
f 3837/2771 1997/760 1996/759 
f 3838/2772 3840/2774 1583/2775 
f 3838/2772 1583/2775 3653/2776 
f 3838/2772 3653/2776 1701/2777 
f 3838/2772 1701/2777 3841/2778 
f 3838/2772 3841/2778 1940/702 
f 3838/2772 1995/758 3840/2774 
f 3842/2779 3841/2778 1701/2777 
f 3842/2779 1701/2777 1700/2780 
f 3842/2779 1700/2780 1699/2704 
f 3842/2779 1699/2704 3795/2703 
f 3842/2779 3795/2703 1942/704 
f 3842/2779 1942/704 1941/703 
f 3842/2779 1941/703 1940/702 
f 3842/2779 1940/702 3841/2778 
f 3843/2781 2005/768 2004/767 
f 3843/2781 2004/767 3844/2782 
f 3843/2781 3844/2782 1949/711 
f 3843/2781 1949/711 1948/710 
f 3843/2781 1948/710 1955/717 
f 3843/2781 1955/717 3845/2783 
f 3843/2781 3845/2783 2006/769 
f 3843/2781 2006/769 2005/768 
f 3844/2782 3846/2784 1610/2785 
f 3844/2782 1610/2785 3672/2786 
f 3844/2782 3672/2786 1728/2787 
f 3844/2782 1728/2787 3847/2788 
f 3844/2782 3847/2788 1949/711 
f 3844/2782 2004/767 3846/2784 
f 3848/2789 3847/2788 1728/2787 
f 3848/2789 1728/2787 1727/2790 
f 3848/2789 1727/2790 1726/2725 
f 3848/2789 1726/2725 3808/2724 
f 3848/2789 3808/2724 1951/713 
f 3848/2789 1951/713 1950/712 
f 3848/2789 1950/712 1949/711 
f 3848/2789 1949/711 3847/2788 
f 3849/2791 2014/777 2013/776 
f 3849/2791 2013/776 3850/2792 
f 3849/2791 3850/2792 1958/720 
f 3849/2791 1958/720 1957/719 
f 3849/2791 1957/719 1964/726 
f 3849/2791 1964/726 3722/2793 
f 3849/2791 3722/2793 2015/778 
f 3849/2791 2015/778 2014/777 
f 3851/2794 3852/2795 1636/2796 
f 3851/2794 1636/2796 3690/2797 
f 3851/2794 3690/2797 1755/2798 
f 3851/2794 1755/2798 3853/2799 
f 3851/2794 3853/2799 1958/720 
f 3851/2794 1958/720 3850/2792 
f 3851/2794 3850/2792 2013/776 
f 3851/2794 2013/776 3852/2795 
f 3854/2800 3853/2799 1755/2798 
f 3854/2800 1755/2798 1754/2801 
f 3854/2800 1754/2801 1753/2734 
f 3854/2800 1753/2734 3814/2733 
f 3854/2800 3814/2733 1960/722 
f 3854/2800 1960/722 1959/721 
f 3854/2800 1959/721 1958/720 
f 3854/2800 1958/720 3853/2799 
f 3855/2802 2021/785 2020/784 
f 3855/2802 2020/784 3856/2803 
f 3855/2802 3856/2803 1967/729 
f 3855/2802 1967/729 1966/728 
f 3855/2802 1966/728 1973/735 
f 3855/2802 1973/735 3857/2804 
f 3855/2802 3857/2804 2022/786 
f 3855/2802 2022/786 2021/785 
f 3858/2805 3859/2806 1663/2807 
f 3858/2805 1663/2807 3713/2808 
f 3858/2805 3713/2808 1791/2809 
f 3858/2805 1791/2809 3860/2810 
f 3858/2805 3860/2810 1967/729 
f 3858/2805 1967/729 3856/2803 
f 3858/2805 3856/2803 2020/784 
f 3858/2805 2020/784 3859/2806 
f 3861/2811 3860/2810 1791/2809 
f 3861/2811 1791/2809 1790/2812 
f 3861/2811 1790/2812 1789/2744 
f 3861/2811 1789/2744 3821/2743 
f 3861/2811 3821/2743 1969/731 
f 3861/2811 1969/731 1968/730 
f 3861/2811 1968/730 1967/729 
f 3861/2811 1967/729 3860/2810 
f 3862/2813 2029/794 3866/793 
f 3862/2813 3866/793 3863/2814 
f 3862/2813 3863/2814 1976/738 
f 3862/2813 1976/738 1975/737 
f 3862/2813 1975/737 1982/744 
f 3862/2813 1982/744 3864/2815 
f 3862/2813 3864/2815 2030/795 
f 3862/2813 2030/795 2029/794 
f 3865/2816 3866/793 1690/2817 
f 3865/2816 1690/2817 3513/2818 
f 3865/2816 3513/2818 1531/2819 
f 3865/2816 1531/2819 3867/2820 
f 3865/2816 3867/2820 1976/738 
f 3865/2816 1976/738 3863/2814 
f 3865/2816 3863/2814 3866/793 
f 3868/2821 3867/2820 1531/2819 
f 3868/2821 1531/2819 1530/2822 
f 3868/2821 1530/2822 1529/2755 
f 3868/2821 1529/2755 3828/2754 
f 3868/2821 3828/2754 1978/740 
f 3868/2821 1978/740 1977/739 
f 3868/2821 1977/739 1976/738 
f 3868/2821 1976/738 3867/2820 
f 3869/2823 2038/803 2037/802 
f 3869/2823 2037/802 3870/2824 
f 3869/2823 3870/2824 1985/747 
f 3869/2823 1985/747 1984/746 
f 3869/2823 1984/746 1991/753 
f 3869/2823 1991/753 3871/2825 
f 3869/2823 3871/2825 2039/804 
f 3869/2823 2039/804 2038/803 
f 3872/2826 3873/2827 1717/2828 
f 3872/2826 1717/2828 3536/2829 
f 3872/2826 3536/2829 1558/2830 
f 3872/2826 1558/2830 3874/2831 
f 3872/2826 3874/2831 1985/747 
f 3872/2826 1985/747 3870/2824 
f 3872/2826 3870/2824 2037/802 
f 3872/2826 2037/802 3873/2827 
f 3875/2832 3874/2831 1558/2830 
f 3875/2832 1558/2830 1557/2833 
f 3875/2832 1557/2833 1556/2766 
f 3875/2832 1556/2766 3835/2765 
f 3875/2832 3835/2765 1987/749 
f 3875/2832 1987/749 1986/748 
f 3875/2832 1986/748 1985/747 
f 3875/2832 1985/747 3874/2831 
f 3876/2834 2045/811 3880/810 
f 3876/2834 3880/810 3877/2835 
f 3876/2834 3877/2835 1994/756 
f 3876/2834 1994/756 1993/755 
f 3876/2834 1993/755 1999/762 
f 3876/2834 1999/762 3878/2836 
f 3876/2834 3878/2836 2046/812 
f 3876/2834 2046/812 2045/811 
f 3879/2837 3880/810 1744/2838 
f 3879/2837 1744/2838 3560/2839 
f 3879/2837 3560/2839 1585/2840 
f 3879/2837 1585/2840 3881/2841 
f 3879/2837 3881/2841 1994/756 
f 3879/2837 1994/756 3877/2835 
f 3879/2837 3877/2835 3880/810 
f 3882/757 3881/2841 1585/2840 
f 3882/757 1585/2840 1584/2842 
f 3882/757 1584/2842 1583/2775 
f 3882/757 1583/2775 3840/2774 
f 3882/757 3840/2774 1995/758 
f 3882/757 1994/756 3881/2841 
f 3883/2843 2054/820 2053/819 
f 3883/2843 2053/819 3884/2844 
f 3883/2843 3884/2844 2002/765 
f 3883/2843 2002/765 2001/764 
f 3883/2843 2001/764 2008/771 
f 3883/2843 2008/771 3885/2845 
f 3883/2843 3885/2845 2055/821 
f 3883/2843 2055/821 2054/820 
f 3886/2846 3887/2847 1780/2848 
f 3886/2846 1780/2848 3584/2849 
f 3886/2846 3584/2849 1612/2850 
f 3886/2846 1612/2850 3888/2851 
f 3886/2846 3888/2851 2002/765 
f 3886/2846 2002/765 3884/2844 
f 3886/2846 3884/2844 2053/819 
f 3886/2846 2053/819 3887/2847 
f 3889/2852 3888/2851 1612/2850 
f 3889/2852 1612/2850 1611/2853 
f 3889/2852 1611/2853 1610/2785 
f 3889/2852 1610/2785 3846/2784 
f 3889/2852 3846/2784 2004/767 
f 3889/2852 2004/767 2003/766 
f 3889/2852 2003/766 2002/765 
f 3889/2852 2002/765 3888/2851 
f 3890/2854 2063/829 2062/828 
f 3890/2854 2011/774 2010/773 
f 3890/2854 2010/773 2017/780 
f 3890/2854 2017/780 3891/2855 
f 3890/2854 3891/2855 2064/830 
f 3890/2854 2064/830 2063/829 
f 3892/2856 3893/2857 1520/2858 
f 3892/2856 1520/2858 3607/2859 
f 3892/2856 3607/2859 1638/2860 
f 3892/2856 1638/2860 3894/2861 
f 3892/2856 3894/2861 2011/774 
f 3892/2856 2011/774 3890/2854 
f 3892/2856 3890/2854 2062/828 
f 3892/2856 2062/828 3893/2857 
f 3895/2862 3894/2861 1638/2860 
f 3895/2862 1638/2860 1637/2863 
f 3895/2862 1637/2863 1636/2796 
f 3895/2862 1636/2796 3852/2795 
f 3895/2862 3852/2795 2013/776 
f 3895/2862 2013/776 2012/775 
f 3895/2862 2012/775 2011/774 
f 3895/2862 2011/774 3894/2861 
f 3896/2864 1510/266 1509/265 
f 3896/2864 1509/265 3899/783 
f 3896/2864 3899/783 2019/782 
f 3896/2864 2019/782 2024/788 
f 3896/2864 2024/788 3897/2865 
f 3896/2864 3897/2865 1511/267 
f 3896/2864 1511/267 1510/266 
f 3898/2866 3502/2322 1547/2321 
f 3898/2866 1547/2321 3628/2867 
f 3898/2866 3628/2867 1665/2868 
f 3898/2866 1665/2868 3899/783 
f 3898/2866 3899/783 1509/265 
f 3898/2866 1509/265 3502/2322 
f 3899/783 1665/2868 1664/2869 
f 3899/783 1664/2869 1663/2807 
f 3899/783 1663/2807 3859/2806 
f 3899/783 3859/2806 2020/784 
f 3900/2870 1805/562 1804/561 
f 3900/2870 1804/561 3901/2871 
f 3900/2870 3901/2871 2027/791 
f 3900/2870 2027/791 2026/790 
f 3900/2870 2026/790 2032/797 
f 3900/2870 2032/797 3902/2872 
f 3900/2870 3902/2872 1806/563 
f 3900/2870 1806/563 1805/562 
f 3903/2873 3733/2608 1574/2607 
f 3903/2873 1574/2607 3647/2874 
f 3903/2873 3647/2874 1692/2875 
f 3903/2873 1692/2875 3904/2876 
f 3903/2873 3904/2876 2027/791 
f 3903/2873 2027/791 3901/2871 
f 3903/2873 3901/2871 1804/561 
f 3903/2873 1804/561 3733/2608 
f 3905/2877 3904/2876 1692/2875 
f 3905/2877 1692/2875 1691/2878 
f 3905/2877 1691/2878 1690/2817 
f 3905/2877 1690/2817 3866/793 
f 3905/2877 3866/793 2028/792 
f 3905/2877 2028/792 2027/791 
f 3905/2877 2027/791 3904/2876 
f 3906/2879 1814/571 1813/570 
f 3906/2879 2035/800 2034/799 
f 3906/2879 2034/799 2041/806 
f 3906/2879 2041/806 3907/2880 
f 3906/2879 3907/2880 1815/572 
f 3906/2879 1815/572 1814/571 
f 3908/2881 3740/2620 1601/2619 
f 3908/2881 1601/2619 3666/2882 
f 3908/2881 3666/2882 1719/2883 
f 3908/2881 1719/2883 3909/2884 
f 3908/2881 3909/2884 2035/800 
f 3908/2881 2035/800 3906/2879 
f 3908/2881 3906/2879 1813/570 
f 3908/2881 1813/570 3740/2620 
f 3910/2885 3909/2884 1719/2883 
f 3910/2885 1719/2883 1718/2886 
f 3910/2885 1718/2886 1717/2828 
f 3910/2885 1717/2828 3873/2827 
f 3910/2885 3873/2827 2037/802 
f 3910/2885 2037/802 2036/801 
f 3910/2885 2036/801 2035/800 
f 3910/2885 2035/800 3909/2884 
f 3911/2887 1823/580 1822/579 
f 3911/2887 1822/579 3912/2888 
f 3911/2887 3912/2888 2044/809 
f 3911/2887 2044/809 2043/808 
f 3911/2887 2043/808 2048/814 
f 3911/2887 2048/814 3913/2889 
f 3911/2887 3913/2889 1824/581 
f 3911/2887 1824/581 1823/580 
f 3914/2890 3748/2632 1628/2631 
f 3914/2890 1628/2631 3684/2891 
f 3914/2890 3684/2891 1746/2892 
f 3914/2890 1746/2892 3915/2893 
f 3914/2890 3915/2893 2044/809 
f 3914/2890 2044/809 3912/2888 
f 3914/2890 3912/2888 1822/579 
f 3914/2890 1822/579 3748/2632 
f 3916/2894 3915/2893 1746/2892 
f 3916/2894 1746/2892 1745/2895 
f 3916/2894 1745/2895 1744/2838 
f 3916/2894 1744/2838 3880/810 
f 3916/2894 3880/810 2042/807 
f 3916/2894 2042/807 2044/809 
f 3916/2894 2044/809 3915/2893 
f 3917/2896 1832/589 1831/588 
f 3917/2896 1831/588 3918/2897 
f 3917/2896 3918/2897 2051/817 
f 3917/2896 2051/817 2050/816 
f 3917/2896 2050/816 2057/823 
f 3917/2896 2057/823 3919/2898 
f 3917/2896 3919/2898 1833/590 
f 3917/2896 1833/590 1832/589 
f 3920/2899 3756/2645 1654/2644 
f 3920/2899 1654/2644 3707/2900 
f 3920/2899 3707/2900 1782/2901 
f 3920/2899 1782/2901 3921/2902 
f 3920/2899 3921/2902 2051/817 
f 3920/2899 2051/817 3918/2897 
f 3920/2899 3918/2897 1831/588 
f 3920/2899 1831/588 3756/2645 
f 2052/818 3921/2902 1782/2901 
f 2052/818 1782/2901 1781/2903 
f 2052/818 1781/2903 1780/2848 
f 2052/818 1780/2848 3887/2847 
f 2052/818 3887/2847 2053/819 
f 2052/818 2051/817 3921/2902 
f 3922/2904 1841/598 1840/597 
f 3922/2904 1840/597 3923/2905 
f 3922/2904 3923/2905 2060/826 
f 3922/2904 2060/826 2059/825 
f 3922/2904 2059/825 2066/832 
f 3922/2904 2066/832 3924/2906 
f 3922/2904 3924/2906 1842/599 
f 3922/2904 1842/599 1841/598 
f 3925/2907 3763/2657 1681/2656 
f 3925/2907 1681/2656 3505/2908 
f 3925/2907 3505/2908 1522/2909 
f 3925/2907 1522/2909 3926/2910 
f 3925/2907 3926/2910 2060/826 
f 3925/2907 2060/826 3923/2905 
f 3925/2907 3923/2905 1840/597 
f 3925/2907 1840/597 3763/2657 
f 3927/2911 3926/2910 1522/2909 
f 3927/2911 1522/2909 1521/2912 
f 3927/2911 1521/2912 1520/2858 
f 3927/2911 1520/2858 3893/2857 
f 3927/2911 3893/2857 2062/828 
f 3927/2911 2062/828 2061/827 
f 3927/2911 2061/827 2060/826 
f 3927/2911 2060/826 3926/2910 
f 3928/2913 2383/1157 2382/1156 
f 3928/2913 2382/1156 3929/2914 
f 3928/2913 3929/2914 2069/835 
f 3928/2913 2069/835 2068/834 
f 3928/2913 2068/834 2075/841 
f 3928/2913 2075/841 3930/2915 
f 3928/2913 3930/2915 2384/1158 
f 3928/2913 2384/1158 2383/1157 
f 3931/2916 3932/2917 2264/2918 
f 3931/2916 2264/2918 3933/2919 
f 3931/2916 3933/2919 2211/2920 
f 3931/2916 2211/2920 3934/2921 
f 3931/2916 3934/2921 2069/835 
f 3931/2916 2069/835 3929/2914 
f 3931/2916 3929/2914 2382/1156 
f 3931/2916 2382/1156 3932/2917 
f 3935/2922 3934/2921 2211/2920 
f 3935/2922 2211/2920 2210/2923 
f 3935/2922 2210/2923 2209/2924 
f 3935/2922 2209/2924 3936/2925 
f 3935/2922 3936/2925 2071/837 
f 3935/2922 2071/837 2070/836 
f 3935/2922 2070/836 2069/835 
f 3935/2922 2069/835 3934/2921 
f 3937/2926 2122/890 2121/889 
f 3937/2926 2121/889 3938/2927 
f 3937/2926 3938/2927 2078/844 
f 3937/2926 2078/844 2077/843 
f 3937/2926 2077/843 2083/849 
f 3937/2926 2083/849 3939/2928 
f 3937/2926 3939/2928 2123/891 
f 3937/2926 2123/891 2122/890 
f 3940/2929 3941/2930 2022/2931 
f 3940/2929 2022/2931 3857/2932 
f 3940/2929 3857/2932 1973/2933 
f 3940/2929 1973/2933 3942/2934 
f 3940/2929 3942/2934 2078/844 
f 3940/2929 2078/844 3938/2927 
f 3940/2929 3938/2927 2121/889 
f 3940/2929 2121/889 3941/2930 
f 3943/2935 3942/2934 1973/2933 
f 3943/2935 1973/2933 1972/2936 
f 3943/2935 1972/2936 1971/2937 
f 3943/2935 1971/2937 3944/2938 
f 3943/2935 3944/2938 2079/845 
f 3943/2935 2079/845 2076/842 
f 3943/2935 2076/842 2078/844 
f 3943/2935 2078/844 3942/2934 
f 3945/2939 2130/898 2129/897 
f 3945/2939 3949/852 2085/851 
f 3945/2939 2085/851 2090/857 
f 3945/2939 2090/857 3946/2940 
f 3945/2939 3946/2940 2131/899 
f 3945/2939 2131/899 2130/898 
f 3947/2941 3948/2942 2030/2943 
f 3947/2941 2030/2943 3864/2944 
f 3947/2941 3864/2944 1982/2945 
f 3947/2941 1982/2945 3949/852 
f 3947/2941 3949/852 3945/2939 
f 3947/2941 3945/2939 2129/897 
f 3947/2941 2129/897 3948/2942 
f 3950/2946 3949/852 1982/2945 
f 3950/2946 1982/2945 1981/2947 
f 3950/2946 1981/2947 1980/2948 
f 3950/2946 1980/2948 3951/2949 
f 3950/2946 3951/2949 2086/853 
f 3950/2946 2086/853 2084/850 
f 3950/2946 2084/850 3949/852 
f 3952/2950 2138/906 2137/905 
f 3952/2950 2137/905 3953/2951 
f 3952/2950 3953/2951 2092/859 
f 3952/2950 2092/859 2097/864 
f 3952/2950 2097/864 3954/2952 
f 3952/2950 3954/2952 2139/907 
f 3952/2950 2139/907 2138/906 
f 3955/2953 3956/2954 2039/2955 
f 3955/2953 2039/2955 3871/2956 
f 3955/2953 3871/2956 1991/2957 
f 3955/2953 1991/2957 3957/2958 
f 3955/2953 3957/2958 2092/859 
f 3955/2953 2092/859 3953/2951 
f 3955/2953 3953/2951 2137/905 
f 3955/2953 2137/905 3956/2954 
f 3958/2959 3957/2958 1991/2957 
f 3958/2959 1991/2957 1990/2960 
f 3958/2959 1990/2960 1989/2961 
f 3958/2959 1989/2961 3959/2962 
f 3958/2959 3959/2962 2094/861 
f 3958/2959 2094/861 2093/860 
f 3958/2959 2093/860 2092/859 
f 3958/2959 2092/859 3957/2958 
f 3960/2963 2146/915 2145/914 
f 3960/2963 2145/914 3961/2964 
f 3960/2963 3961/2964 2099/866 
f 3960/2963 2099/866 2104/872 
f 3960/2963 2104/872 3962/2965 
f 3960/2963 3962/2965 2147/916 
f 3960/2963 2147/916 2146/915 
f 3963/2966 3964/2967 2046/2968 
f 3963/2966 2046/2968 3878/2969 
f 3963/2966 3878/2969 1999/2970 
f 3963/2966 1999/2970 3965/2971 
f 3963/2966 3965/2971 2099/866 
f 3963/2966 2099/866 3961/2964 
f 3963/2966 3961/2964 2145/914 
f 3963/2966 2145/914 3964/2967 
f 3966/2972 3965/2971 1999/2970 
f 3966/2972 1999/2970 1998/2973 
f 3966/2972 1998/2973 1997/2974 
f 3966/2972 1997/2974 3967/868 
f 3966/2972 3967/868 2100/867 
f 3966/2972 2100/867 2099/866 
f 3966/2972 2099/866 3965/2971 
f 3968/2975 2152/920 3969/2976 
f 3968/2975 3969/2976 2106/878 
f 3968/2975 2106/878 2110/877 
f 3968/2975 2110/877 3970/2977 
f 3968/2975 3970/2977 2153/921 
f 3968/2975 2153/921 2152/920 
f 3969/2976 3971/2978 2055/2979 
f 3969/2976 2055/2979 3885/2980 
f 3969/2976 3885/2980 2008/2981 
f 3969/2976 2008/2981 3972/2982 
f 3969/2976 3972/2982 2106/878 
f 3969/2976 2152/920 3971/2978 
f 3973/2983 3972/2982 2008/2981 
f 3973/2983 2008/2981 2007/2984 
f 3973/2983 2007/2984 2006/2985 
f 3973/2983 2006/2985 3974/2986 
f 3973/2983 3974/2986 2107/874 
f 3973/2983 2107/874 2105/873 
f 3973/2983 2105/873 2106/878 
f 3973/2983 2106/878 3972/2982 
f 3975/2987 2160/929 2159/928 
f 3975/2987 2159/928 3976/2988 
f 3975/2987 3976/2988 2112/880 
f 3975/2987 2112/880 2117/885 
f 3975/2987 2117/885 3977/2989 
f 3975/2987 3977/2989 2161/930 
f 3975/2987 2161/930 2160/929 
f 3978/2990 3979/2991 2064/2992 
f 3978/2990 2064/2992 3891/2993 
f 3978/2990 3891/2993 2017/2994 
f 3978/2990 2017/2994 3980/2995 
f 3978/2990 3980/2995 2112/880 
f 3978/2990 2112/880 3976/2988 
f 3978/2990 3976/2988 2159/928 
f 3978/2990 2159/928 3979/2991 
f 3981/2996 3980/2995 2017/2994 
f 3981/2996 2017/2994 2016/2997 
f 3981/2996 2016/2997 2015/2588 
f 3981/2996 2015/2588 3721/2587 
f 3981/2996 3721/2587 2114/882 
f 3981/2996 2114/882 2113/881 
f 3981/2996 2113/881 2112/880 
f 3981/2996 2112/880 3980/2995 
f 3982/2998 2169/2999 2168/3000 
f 3982/2998 2168/3000 3983/3001 
f 3982/2998 3983/3001 2119/887 
f 3982/2998 2119/887 2125/893 
f 3982/2998 2125/893 3984/3002 
f 3982/2998 3984/3002 2170/3003 
f 3982/2998 2170/3003 2169/2999 
f 3985/3004 3986/3005 1511/3006 
f 3985/3004 1511/3006 3897/3007 
f 3985/3004 3897/3007 2024/3008 
f 3985/3004 2024/3008 3987/3009 
f 3985/3004 3987/3009 2119/887 
f 3985/3004 2119/887 3983/3001 
f 3985/3004 3983/3001 2168/3000 
f 3985/3004 2168/3000 3986/3005 
f 3988/3010 3987/3009 2024/3008 
f 3988/3010 2024/3008 2023/3011 
f 3988/3010 2023/3011 2022/2931 
f 3988/3010 2022/2931 3941/2930 
f 3988/3010 3941/2930 2121/889 
f 3988/3010 2121/889 2120/888 
f 3988/3010 2120/888 2119/887 
f 3988/3010 2119/887 3987/3009 
f 3989/3012 2178/947 2177/946 
f 3989/3012 2177/946 3990/3013 
f 3989/3012 3990/3013 2127/895 
f 3989/3012 2127/895 2133/901 
f 3989/3012 2133/901 3991/3014 
f 3989/3012 3991/3014 2179/948 
f 3989/3012 2179/948 2178/947 
f 3992/3015 3993/3016 1806/3017 
f 3992/3015 1806/3017 3902/3018 
f 3992/3015 3902/3018 2032/3019 
f 3992/3015 2032/3019 3994/3020 
f 3992/3015 3994/3020 2127/895 
f 3992/3015 2127/895 3990/3013 
f 3992/3015 3990/3013 2177/946 
f 3992/3015 2177/946 3993/3016 
f 3995/3021 3994/3020 2032/3019 
f 3995/3021 2032/3019 2031/3022 
f 3995/3021 2031/3022 2030/2943 
f 3995/3021 2030/2943 3948/2942 
f 3995/3021 3948/2942 2129/897 
f 3995/3021 2129/897 2128/896 
f 3995/3021 2128/896 2127/895 
f 3995/3021 2127/895 3994/3020 
f 3996/3023 2186/956 2185/955 
f 3996/3023 2135/903 2141/909 
f 3996/3023 2141/909 3997/3024 
f 3996/3023 3997/3024 2187/957 
f 3996/3023 2187/957 2186/956 
f 3998/3025 3999/3026 1815/3027 
f 3998/3025 1815/3027 3907/3028 
f 3998/3025 3907/3028 2041/3029 
f 3998/3025 2041/3029 4000/3030 
f 3998/3025 4000/3030 2135/903 
f 3998/3025 2135/903 3996/3023 
f 3998/3025 3996/3023 2185/955 
f 3998/3025 2185/955 3999/3026 
f 4001/3031 4000/3030 2041/3029 
f 4001/3031 2041/3029 2040/3032 
f 4001/3031 2040/3032 2039/2955 
f 4001/3031 2039/2955 3956/2954 
f 4001/3031 3956/2954 2137/905 
f 4001/3031 2137/905 2136/904 
f 4001/3031 2136/904 2135/903 
f 4001/3031 2135/903 4000/3030 
f 4002/3033 2193/3034 4003/3035 
f 4002/3033 4003/3035 4007/912 
f 4002/3033 4007/912 2143/911 
f 4002/3033 2143/911 2149/918 
f 4002/3033 2149/918 4004/3036 
f 4002/3033 4004/3036 2194/3037 
f 4002/3033 2194/3037 2193/3034 
f 4005/3038 4006/3039 1824/3040 
f 4005/3038 1824/3040 3913/3041 
f 4005/3038 3913/3041 2048/3042 
f 4005/3038 2048/3042 4007/912 
f 4005/3038 4007/912 4003/3035 
f 4005/3038 4003/3035 2193/3034 
f 4005/3038 2193/3034 4006/3039 
f 2144/913 4007/912 2048/3042 
f 2144/913 2048/3042 2047/3043 
f 2144/913 2047/3043 2046/2968 
f 2144/913 2046/2968 3964/2967 
f 2144/913 3964/2967 2145/914 
f 4008/3044 2201/972 2200/971 
f 4008/3044 2200/971 4009/3045 
f 4008/3044 4009/3045 2151/924 
f 4008/3044 2151/924 2155/923 
f 4008/3044 2155/923 4010/3046 
f 4008/3044 4010/3046 2202/973 
f 4008/3044 2202/973 2201/972 
f 4011/3047 4012/3048 1833/3049 
f 4011/3047 1833/3049 3919/3050 
f 4011/3047 3919/3050 2057/3051 
f 4011/3047 2057/3051 4013/3052 
f 4011/3047 4013/3052 2151/924 
f 4011/3047 2151/924 4009/3045 
f 4011/3047 4009/3045 2200/971 
f 4011/3047 2200/971 4012/3048 
f 4014/3053 4013/3052 2057/3051 
f 4014/3053 2057/3051 2056/3054 
f 4014/3053 2056/3054 2055/2979 
f 4014/3053 2055/2979 3971/2978 
f 4014/3053 3971/2978 2152/920 
f 4014/3053 2152/920 2150/919 
f 4014/3053 2150/919 2151/924 
f 4014/3053 2151/924 4013/3052 
f 4015/3055 2208/980 4016/3056 
f 4015/3055 4016/3056 2157/926 
f 4015/3055 2157/926 2156/925 
f 4015/3055 2156/925 2163/932 
f 4015/3055 2163/932 4017/3057 
f 4015/3055 4017/3057 2209/981 
f 4015/3055 2209/981 2208/980 
f 4018/3058 4019/3059 1842/3060 
f 4018/3058 1842/3060 3924/3061 
f 4018/3058 3924/3061 2066/3062 
f 4018/3058 2066/3062 4020/3063 
f 4018/3058 4020/3063 2157/926 
f 4018/3058 2157/926 4016/3056 
f 4018/3058 4016/3056 2208/980 
f 4018/3058 2208/980 4019/3059 
f 4021/3064 4020/3063 2066/3062 
f 4021/3064 2066/3062 2065/3065 
f 4021/3064 2065/3065 2064/2992 
f 4021/3064 2064/2992 3979/2991 
f 4021/3064 3979/2991 2159/928 
f 4021/3064 2159/928 2158/927 
f 4021/3064 2158/927 2157/926 
f 4021/3064 2157/926 4020/3063 
f 4022/3066 2216/3067 2215/3068 
f 4022/3066 2166/3069 2165/3070 
f 4022/3066 2165/3070 2172/3071 
f 4022/3066 2172/3071 4023/3072 
f 4022/3066 4023/3072 2217/3073 
f 4022/3066 2217/3073 2216/3067 
f 4024/3074 4025/3075 1851/3076 
f 4024/3074 1851/3076 3497/3077 
f 4024/3074 3497/3077 1513/3078 
f 4024/3074 1513/3078 4026/3079 
f 4024/3074 4026/3079 2166/3069 
f 4024/3074 2166/3069 4022/3066 
f 4024/3074 4022/3066 2215/3068 
f 4024/3074 2215/3068 4025/3075 
f 2167/936 4026/3080 1513/3081 
f 2167/936 1513/3081 1512/3082 
f 2167/936 1512/3082 1511/3083 
f 2167/936 1511/3083 3986/3084 
f 2167/936 3986/3084 2168/937 
f 2167/936 2166/935 4026/3080 
f 4027/3085 2175/944 2174/943 
f 4027/3085 2174/943 2181/950 
f 4027/3085 2181/950 4028/3086 
f 4027/3085 4028/3086 2224/997 
f 4027/3085 2224/997 2223/996 
f 4029/3087 4030/3088 1860/3089 
f 4029/3087 1860/3089 3728/3090 
f 4029/3087 3728/3090 1808/3091 
f 4029/3087 1808/3091 2175/944 
f 4029/3087 2175/944 4027/3085 
f 4029/3087 4027/3085 2223/996 
f 4029/3087 2223/996 4030/3088 
f 4031/3092 2175/944 1808/3091 
f 4031/3092 1808/3091 1807/3093 
f 4031/3092 1807/3093 1806/3017 
f 4031/3092 1806/3017 3993/3016 
f 4031/3092 3993/3016 2177/946 
f 4031/3092 2177/946 2176/945 
f 4031/3092 2176/945 2175/944 
f 4032/3094 2232/1005 2231/1004 
f 4032/3094 2231/1004 4033/3095 
f 4032/3094 4033/3095 2184/953 
f 4032/3094 2184/953 2183/952 
f 4032/3094 2183/952 2189/959 
f 4032/3094 2189/959 4034/3096 
f 4032/3094 4034/3096 2233/1006 
f 4032/3094 2233/1006 2232/1005 
f 4035/3097 4036/3098 1868/3099 
f 4035/3097 1868/3099 3736/3100 
f 4035/3097 3736/3100 1817/3101 
f 4035/3097 1817/3101 4037/3102 
f 4035/3097 4037/3102 2184/953 
f 4035/3097 2184/953 4033/3095 
f 4035/3097 4033/3095 2231/1004 
f 4035/3097 2231/1004 4036/3098 
f 4038/954 4037/3102 1817/3101 
f 4038/954 1817/3101 1816/3103 
f 4038/954 1816/3103 1815/3027 
f 4038/954 1815/3027 3999/3026 
f 4038/954 3999/3026 2185/955 
f 4038/954 2184/953 4037/3102 
f 4039/3104 2239/1012 4040/3105 
f 4039/3104 4040/3105 4043/962 
f 4039/3104 4043/962 2191/961 
f 4039/3104 2191/961 2196/967 
f 4039/3104 2196/967 4041/3106 
f 4039/3104 4041/3106 2240/1013 
f 4039/3104 2240/1013 2239/1012 
f 4040/3105 4042/3107 1876/3108 
f 4040/3105 1876/3108 3743/3109 
f 4040/3105 3743/3109 1826/3110 
f 4040/3105 1826/3110 4043/962 
f 4040/3105 2239/1012 4042/3107 
f 4044/3111 4043/962 1826/3110 
f 4044/3111 1826/3110 1825/3112 
f 4044/3111 1825/3112 1824/3113 
f 4044/3111 1824/3113 4006/3114 
f 4044/3111 4006/3114 2193/964 
f 4044/3111 2193/964 2192/963 
f 4044/3111 2192/963 4043/962 
f 4045/3115 2254/1027 4046/3116 
f 4045/3115 4046/3116 2198/969 
f 4045/3115 2198/969 2204/975 
f 4045/3115 2204/975 4047/3117 
f 4045/3115 4047/3117 2255/1028 
f 4045/3115 2255/1028 2254/1027 
f 4048/3118 4049/3119 1894/3120 
f 4048/3118 1894/3120 3751/3121 
f 4048/3118 3751/3121 1835/3122 
f 4048/3118 1835/3122 4050/3123 
f 4048/3118 4050/3123 2198/969 
f 4048/3118 2198/969 4046/3116 
f 4048/3118 4046/3116 2254/1027 
f 4048/3118 2254/1027 4049/3119 
f 4051/3124 4050/3123 1835/3122 
f 4051/3124 1835/3122 1834/3125 
f 4051/3124 1834/3125 1833/3049 
f 4051/3124 1833/3049 4012/3048 
f 4051/3124 4012/3048 2200/971 
f 4051/3124 2200/971 2199/970 
f 4051/3124 2199/970 2198/969 
f 4051/3124 2198/969 4050/3123 
f 4052/3126 2263/1036 2262/1035 
f 4052/3126 2262/1035 4053/3127 
f 4052/3126 4053/3127 2207/978 
f 4052/3126 2207/978 2206/977 
f 4052/3126 2206/977 2211/983 
f 4052/3126 2211/983 3933/3128 
f 4052/3126 3933/3128 2264/1037 
f 4052/3126 2264/1037 2263/1036 
f 4054/3129 4055/3130 1901/3131 
f 4054/3129 1901/3131 3758/3132 
f 4054/3129 3758/3132 1844/3133 
f 4054/3129 1844/3133 4056/3134 
f 4054/3129 4056/3134 2207/978 
f 4054/3129 2207/978 4053/3127 
f 4054/3129 4053/3127 2262/1035 
f 4054/3129 2262/1035 4055/3130 
f 4057/979 4056/3134 1844/3133 
f 4057/979 1844/3133 1843/3135 
f 4057/979 1843/3135 1842/3060 
f 4057/979 1842/3060 4019/3059 
f 4057/979 4019/3059 2208/980 
f 4057/979 2207/978 4056/3134 
f 4058/3136 2270/1043 4059/3137 
f 4058/3136 4059/3137 4063/986 
f 4058/3136 4063/986 2213/985 
f 4058/3136 2213/985 2219/992 
f 4058/3136 2219/992 4060/3138 
f 4058/3136 4060/3138 2271/1044 
f 4058/3136 2271/1044 2270/1043 
f 4061/3139 4062/3140 1909/3141 
f 4061/3139 1909/3141 3766/3142 
f 4061/3139 3766/3142 1853/3143 
f 4061/3139 1853/3143 4063/986 
f 4061/3139 4063/986 4059/3137 
f 4061/3139 4059/3137 2270/1043 
f 4061/3139 2270/1043 4062/3140 
f 4064/3144 4063/986 1853/3143 
f 4064/3144 1853/3143 1852/3145 
f 4064/3144 1852/3145 1851/3146 
f 4064/3144 1851/3146 4025/3147 
f 4064/3144 4025/3147 2215/988 
f 4064/3144 2215/988 2214/987 
f 4064/3144 2214/987 4063/986 
f 4065/3148 2278/1051 2277/1050 
f 4065/3148 2277/1050 4066/3149 
f 4065/3148 4066/3149 2221/994 
f 4065/3148 2221/994 2226/999 
f 4065/3148 2226/999 4067/3150 
f 4065/3148 4067/3150 2279/1052 
f 4065/3148 2279/1052 2278/1051 
f 4068/3151 4069/3152 1918/3153 
f 4068/3151 1918/3153 3773/3154 
f 4068/3151 3773/3154 1862/3155 
f 4068/3151 1862/3155 4070/3156 
f 4068/3151 4070/3156 2221/994 
f 4068/3151 2221/994 4066/3149 
f 4068/3151 4066/3149 2277/1050 
f 4068/3151 2277/1050 4069/3152 
f 4071/3157 4070/3156 1862/3155 
f 4071/3157 1862/3155 1861/3158 
f 4071/3157 1861/3158 1860/3089 
f 4071/3157 1860/3089 4030/3088 
f 4071/3157 4030/3088 2223/996 
f 4071/3157 2223/996 2222/995 
f 4071/3157 2222/995 2221/994 
f 4071/3157 2221/994 4070/3156 
f 4072/3159 2286/3160 2285/3161 
f 4072/3159 2285/3161 4073/3162 
f 4072/3159 4073/3162 2229/1002 
f 4072/3159 2229/1002 2228/1001 
f 4072/3159 2228/1001 2235/1008 
f 4072/3159 2235/1008 4074/3163 
f 4072/3159 4074/3163 2287/3164 
f 4072/3159 2287/3164 2286/3160 
f 4075/3165 4076/3166 1926/3167 
f 4075/3165 1926/3167 3780/3168 
f 4075/3165 3780/3168 1870/3169 
f 4075/3165 1870/3169 4077/3170 
f 4075/3165 4077/3170 2229/1002 
f 4075/3165 2229/1002 4073/3162 
f 4075/3165 4073/3162 2285/3161 
f 4075/3165 2285/3161 4076/3166 
f 4078/3171 4077/3170 1870/3169 
f 4078/3171 1870/3169 1869/3172 
f 4078/3171 1869/3172 1868/3099 
f 4078/3171 1868/3099 4036/3098 
f 4078/3171 4036/3098 2231/1004 
f 4078/3171 2231/1004 2230/1003 
f 4078/3171 2230/1003 2229/1002 
f 4078/3171 2229/1002 4077/3170 
f 4079/3173 2295/1069 2294/1068 
f 4079/3173 2294/1068 4080/3174 
f 4079/3173 4080/3174 2237/1010 
f 4079/3173 2237/1010 2242/1015 
f 4079/3173 2242/1015 4081/3175 
f 4079/3173 4081/3175 2296/1070 
f 4079/3173 2296/1070 2295/1069 
f 4082/3176 4083/3177 1935/3178 
f 4082/3176 1935/3178 3787/3179 
f 4082/3176 3787/3179 1878/3180 
f 4082/3176 1878/3180 4084/3181 
f 4082/3176 4084/3181 2237/1010 
f 4082/3176 2237/1010 4080/3174 
f 4082/3176 4080/3174 2294/1068 
f 4082/3176 2294/1068 4083/3177 
f 4085/3182 4084/3181 1878/3180 
f 4085/3182 1878/3180 1877/3183 
f 4085/3182 1877/3183 1876/3108 
f 4085/3182 1876/3108 4042/3107 
f 4085/3182 4042/3107 2239/1012 
f 4085/3182 2239/1012 2238/1011 
f 4085/3182 2238/1011 2237/1010 
f 4085/3182 2237/1010 4084/3181 
f 4086/3184 2303/1077 2302/1076 
f 4086/3184 2302/1076 4087/3185 
f 4086/3184 4087/3185 2244/1017 
f 4086/3184 2244/1017 2243/1016 
f 4086/3184 2243/1016 2250/1023 
f 4086/3184 2250/1023 4088/3186 
f 4086/3184 4088/3186 2304/1078 
f 4086/3184 2304/1078 2303/1077 
f 4089/3187 4090/3188 1944/3189 
f 4089/3187 1944/3189 3793/3190 
f 4089/3187 3793/3190 1887/3191 
f 4089/3187 1887/3191 4091/3192 
f 4089/3187 4091/3192 2244/1017 
f 4089/3187 2244/1017 4087/3185 
f 4089/3187 4087/3185 2302/1076 
f 4089/3187 2302/1076 4090/3188 
f 4092/3193 4091/3192 1887/3191 
f 4092/3193 1887/3191 1886/3194 
f 4092/3193 1886/3194 1885/3195 
f 4092/3193 1885/3195 4093/3196 
f 4092/3193 4093/3196 2246/1019 
f 4092/3193 2246/1019 2245/1018 
f 4092/3193 2245/1018 2244/1017 
f 4092/3193 2244/1017 4091/3192 
f 4094/3197 2247/1020 2246/1019 
f 4094/3197 2246/1019 4095/3198 
f 4094/3197 4095/3198 2252/1025 
f 4094/3197 2252/1025 2257/1030 
f 4094/3197 2257/1030 4096/3199 
f 4094/3197 4096/3199 2248/1021 
f 4094/3197 2248/1021 2247/1020 
f 4097/3200 4093/3196 1885/3195 
f 4097/3200 1885/3195 3801/3201 
f 4097/3200 3801/3201 1896/3202 
f 4097/3200 1896/3202 4098/3203 
f 4097/3200 4098/3203 2252/1025 
f 4097/3200 2252/1025 4095/3198 
f 4097/3200 4095/3198 2246/1019 
f 4097/3200 2246/1019 4093/3196 
f 4099/3204 4098/3203 1896/3202 
f 4099/3204 1896/3202 1895/3205 
f 4099/3204 1895/3205 1894/3120 
f 4099/3204 1894/3120 4049/3119 
f 4099/3204 4049/3119 2254/1027 
f 4099/3204 2254/1027 2253/1026 
f 4099/3204 2253/1026 2252/1025 
f 4099/3204 2252/1025 4098/3203 
f 4100/3206 2312/3207 2311/3208 
f 4100/3206 2311/3208 4101/3209 
f 4100/3206 4101/3209 2260/1033 
f 4100/3206 2260/1033 2259/1032 
f 4100/3206 2259/1032 2266/1039 
f 4100/3206 2266/1039 4102/3210 
f 4100/3206 4102/3210 2313/3211 
f 4100/3206 2313/3211 2312/3207 
f 4103/3212 4104/3213 1953/3214 
f 4103/3212 1953/3214 3806/3215 
f 4103/3212 3806/3215 1903/3216 
f 4103/3212 1903/3216 4105/3217 
f 4103/3212 4105/3217 2260/1033 
f 4103/3212 2260/1033 4101/3209 
f 4103/3212 4101/3209 2311/3208 
f 4103/3212 2311/3208 4104/3213 
f 4106/3218 4105/3217 1903/3216 
f 4106/3218 1903/3216 1902/3219 
f 4106/3218 1902/3219 1901/3131 
f 4106/3218 1901/3131 4055/3130 
f 4106/3218 4055/3130 2262/1035 
f 4106/3218 2262/1035 2261/1034 
f 4106/3218 2261/1034 2260/1033 
f 4106/3218 2260/1033 4105/3217 
f 4107/3220 1796/553 1795/552 
f 4107/3220 1795/552 4108/3221 
f 4107/3220 4108/3221 2268/1041 
f 4107/3220 2268/1041 2273/1046 
f 4107/3220 2273/1046 4109/3222 
f 4107/3220 4109/3222 1797/554 
f 4107/3220 1797/554 1796/553 
f 4110/3223 3725/2595 1962/2594 
f 4110/3223 1962/2594 3812/3224 
f 4110/3223 3812/3224 1911/3225 
f 4110/3223 1911/3225 4111/3226 
f 4110/3223 4111/3226 2268/1041 
f 4110/3223 2268/1041 4108/3221 
f 4110/3223 4108/3221 1795/552 
f 4110/3223 1795/552 3725/2595 
f 4112/3227 4111/3226 1911/3225 
f 4112/3227 1911/3225 1910/3228 
f 4112/3227 1910/3228 1909/3141 
f 4112/3227 1909/3141 4062/3140 
f 4112/3227 4062/3140 2270/1043 
f 4112/3227 2270/1043 2269/1042 
f 4112/3227 2269/1042 2268/1041 
f 4112/3227 2268/1041 4111/3226 
f 4113/3229 2080/846 2079/845 
f 4113/3229 2079/845 4114/3230 
f 4113/3229 4114/3230 2275/1048 
f 4113/3229 2275/1048 2274/1047 
f 4113/3229 2274/1047 2281/1054 
f 4113/3229 2281/1054 4115/3231 
f 4113/3229 4115/3231 2081/847 
f 4113/3229 2081/847 2080/846 
f 4116/3232 3944/2938 1971/2937 
f 4116/3232 1971/2937 3819/3233 
f 4116/3232 3819/3233 1920/3234 
f 4116/3232 1920/3234 4117/3235 
f 4116/3232 4117/3235 2275/1048 
f 4116/3232 2275/1048 4114/3230 
f 4116/3232 4114/3230 2079/845 
f 4116/3232 2079/845 3944/2938 
f 4118/3236 4117/3235 1920/3234 
f 4118/3236 1920/3234 1919/3237 
f 4118/3236 1919/3237 1918/3153 
f 4118/3236 1918/3153 4069/3152 
f 4118/3236 4069/3152 2277/1050 
f 4118/3236 2277/1050 2276/1049 
f 4118/3236 2276/1049 2275/1048 
f 4118/3236 2275/1048 4117/3235 
f 4119/3238 2087/3239 2086/3240 
f 4119/3238 2086/3240 4120/3241 
f 4119/3238 4120/3241 4123/1057 
f 4119/3238 4123/1057 2283/1056 
f 4119/3238 2283/1056 2289/1063 
f 4119/3238 2289/1063 4121/3242 
f 4119/3238 4121/3242 2088/3243 
f 4119/3238 2088/3243 2087/3239 
f 4122/3244 3951/3245 1980/3246 
f 4122/3244 1980/3246 3826/3247 
f 4122/3244 3826/3247 1928/3248 
f 4122/3244 1928/3248 4123/3249 
f 4122/3244 4123/1057 4120/3241 
f 4122/3244 4120/3241 2086/3240 
f 4122/3244 2086/3240 3951/3245 
f 2284/1058 4123/1057 1928/3250 
f 2284/1058 1928/3250 1927/3251 
f 2284/1058 1927/3251 1926/3252 
f 2284/1058 1926/3252 4076/3253 
f 2284/1058 4076/3253 2285/1059 
f 4124/3254 2094/861 4125/3255 
f 4124/3254 4125/3255 2292/1066 
f 4124/3254 2292/1066 2291/1065 
f 4124/3254 2291/1065 2298/1072 
f 4124/3254 2298/1072 4126/3256 
f 4124/3254 4126/3256 2095/862 
f 4124/3254 2095/862 2094/861 
f 4127/3257 3959/2962 1989/2961 
f 4127/3257 1989/2961 3833/3258 
f 4127/3257 3833/3258 1937/3259 
f 4127/3257 1937/3259 2292/1066 
f 4127/3257 2292/1066 4125/3255 
f 4127/3257 4125/3255 2094/861 
f 4127/3257 2094/861 3959/2962 
f 4128/3260 2292/1066 1937/3259 
f 4128/3260 1937/3259 1936/3261 
f 4128/3260 1936/3261 1935/3178 
f 4128/3260 1935/3178 4083/3177 
f 4128/3260 4083/3177 2294/1068 
f 4128/3260 2294/1068 2293/1067 
f 4128/3260 2293/1067 2292/1066 
f 4129/3262 2101/869 3967/868 
f 4129/3262 3967/868 4130/3263 
f 4129/3262 4130/3263 2301/1075 
f 4129/3262 2301/1075 2300/1074 
f 4129/3262 2300/1074 2306/1080 
f 4129/3262 2306/1080 4131/3264 
f 4129/3262 4131/3264 2102/870 
f 4129/3262 2102/870 2101/869 
f 4132/3265 3967/868 1997/2974 
f 4132/3265 1997/2974 3839/3266 
f 4132/3265 3839/3266 1946/3267 
f 4132/3265 1946/3267 4133/3268 
f 4132/3265 4133/3268 2301/1075 
f 4132/3265 2301/1075 4130/3263 
f 4132/3265 4130/3263 3967/868 
f 4134/3269 4133/3268 1946/3267 
f 4134/3269 1946/3267 1945/3270 
f 4134/3269 1945/3270 1944/3189 
f 4134/3269 1944/3189 4090/3188 
f 4134/3269 4090/3188 2302/1076 
f 4134/3269 2302/1076 2299/1073 
f 4134/3269 2299/1073 2301/1075 
f 4134/3269 2301/1075 4133/3268 
f 4135/3271 2309/1083 2308/1082 
f 4135/3271 2308/1082 2315/1089 
f 4135/3271 2315/1089 4136/3272 
f 4135/3271 4136/3272 2108/875 
f 4135/3271 2108/875 2107/874 
f 4137/3273 3974/2986 2006/2985 
f 4137/3273 2006/2985 3845/3274 
f 4137/3273 3845/3274 1955/3275 
f 4137/3273 1955/3275 4138/3276 
f 4137/3273 4138/3276 2309/1083 
f 4137/3273 2309/1083 4135/3271 
f 4137/3273 4135/3271 2107/874 
f 4137/3273 2107/874 3974/2986 
f 2310/1084 4138/3276 1955/3275 
f 2310/1084 1955/3275 1954/3277 
f 2310/1084 1954/3277 1953/3278 
f 2310/1084 1953/3278 4104/3279 
f 2310/1084 4104/3279 2311/1085 
f 2310/1084 2309/1083 4138/3276 
f 4139/3280 2317/1091 2323/1097 
f 4139/3280 2323/1097 4140/3281 
f 4139/3280 4140/3281 2637/1412 
f 4139/3280 2637/1412 2636/1411 
f 4141/3282 4142/3283 2538/3284 
f 4141/3282 2538/3284 4143/3285 
f 4141/3282 4143/3285 2488/3286 
f 4141/3282 2488/3286 4144/3287 
f 4141/3282 4144/3287 2317/1091 
f 4141/3282 2317/1091 4139/3280 
f 4141/3282 4139/3280 2636/1411 
f 4141/3282 2636/1411 4142/3283 
f 4145/3288 4144/3287 2488/3286 
f 4145/3288 2488/3286 2487/3289 
f 4145/3288 2487/3289 2486/3290 
f 4145/3288 2486/3290 4146/3291 
f 4145/3288 4146/3291 2319/1093 
f 4145/3288 2319/1093 2318/1092 
f 4145/3288 2318/1092 2317/1091 
f 4145/3288 2317/1091 4144/3287 
f 4147/3292 2392/1166 2391/1165 
f 4147/3292 2391/1165 4148/3293 
f 4147/3292 4148/3293 2326/1100 
f 4147/3292 2326/1100 2325/1099 
f 4147/3292 2325/1099 2332/1106 
f 4147/3292 2332/1106 4149/3294 
f 4147/3292 4149/3294 2393/1167 
f 4147/3292 2393/1167 2392/1166 
f 4150/3295 4151/3296 2271/3297 
f 4150/3295 2271/3297 4060/3298 
f 4150/3295 4060/3298 2219/3299 
f 4150/3295 2219/3299 4152/3300 
f 4150/3295 4152/3300 2326/1100 
f 4150/3295 2326/1100 4148/3293 
f 4150/3295 4148/3293 2391/1165 
f 4150/3295 2391/1165 4151/3296 
f 4153/3301 4152/3300 2219/3299 
f 4153/3301 2219/3299 2218/3302 
f 4153/3301 2218/3302 2217/3303 
f 4153/3301 2217/3303 4154/3304 
f 4153/3301 4154/3304 2328/1102 
f 4153/3301 2328/1102 2327/1101 
f 4153/3301 2327/1101 2326/1100 
f 4153/3301 2326/1100 4152/3300 
f 4155/3305 2401/1175 2400/1174 
f 4155/3305 2400/1174 4156/3306 
f 4155/3305 4156/3306 2335/1109 
f 4155/3305 2335/1109 2334/1108 
f 4155/3305 2334/1108 2341/1115 
f 4155/3305 2341/1115 4157/3307 
f 4155/3305 4157/3307 2402/1176 
f 4155/3305 2402/1176 2401/1175 
f 4158/3308 4159/3309 2279/3310 
f 4158/3308 2279/3310 4067/3311 
f 4158/3308 4067/3311 2226/3312 
f 4158/3308 2226/3312 4160/3313 
f 4158/3308 4160/3313 2335/1109 
f 4158/3308 2335/1109 4156/3306 
f 4158/3308 4156/3306 2400/1174 
f 4158/3308 2400/1174 4159/3309 
f 4161/3314 4160/3313 2226/3312 
f 4161/3314 2226/3312 2225/3315 
f 4161/3314 2225/3315 2224/3316 
f 4161/3314 2224/3316 4162/3317 
f 4161/3314 4162/3317 2337/1111 
f 4161/3314 2337/1111 2336/1110 
f 4161/3314 2336/1110 2335/1109 
f 4161/3314 2335/1109 4160/3313 
f 4163/3318 2410/1184 2409/1183 
f 4163/3318 2409/1183 4164/3319 
f 4163/3318 4164/3319 2344/1118 
f 4163/3318 2344/1118 2343/1117 
f 4163/3318 2343/1117 2350/1124 
f 4163/3318 2350/1124 4165/3320 
f 4163/3318 4165/3320 2411/1185 
f 4163/3318 2411/1185 2410/1184 
f 4166/3321 4167/3322 2287/3323 
f 4166/3321 2287/3323 4074/3324 
f 4166/3321 4074/3324 2235/3325 
f 4166/3321 2235/3325 4168/3326 
f 4166/3321 4168/3326 2344/1118 
f 4166/3321 2344/1118 4164/3319 
f 4166/3321 4164/3319 2409/1183 
f 4166/3321 2409/1183 4167/3322 
f 4169/3327 4168/3326 2235/3325 
f 4169/3327 2235/3325 2234/3328 
f 4169/3327 2234/3328 2233/3329 
f 4169/3327 2233/3329 4170/3330 
f 4169/3327 4170/3330 2346/1120 
f 4169/3327 2346/1120 2345/1119 
f 4169/3327 2345/1119 2344/1118 
f 4169/3327 2344/1118 4168/3326 
f 4171/3331 2418/1192 2417/1191 
f 4171/3331 2417/1191 4172/3332 
f 4171/3331 4172/3332 2353/1127 
f 4171/3331 2353/1127 2352/1126 
f 4171/3331 2352/1126 2359/1133 
f 4171/3331 2359/1133 4173/3333 
f 4171/3331 4173/3333 2419/1193 
f 4171/3331 2419/1193 2418/1192 
f 4174/3334 4175/3335 2296/3336 
f 4174/3334 2296/3336 4081/3337 
f 4174/3334 4081/3337 2242/3338 
f 4174/3334 2242/3338 4176/3339 
f 4174/3334 4176/3339 2353/1127 
f 4174/3334 2353/1127 4172/3332 
f 4174/3334 4172/3332 2417/1191 
f 4174/3334 2417/1191 4175/3335 
f 4177/3340 4176/3339 2242/3338 
f 4177/3340 2242/3338 2241/3341 
f 4177/3340 2241/3341 2240/3342 
f 4177/3340 2240/3342 4178/3343 
f 4177/3340 4178/3343 2355/1129 
f 4177/3340 2355/1129 2354/1128 
f 4177/3340 2354/1128 2353/1127 
f 4177/3340 2353/1127 4176/3339 
f 4179/3344 2426/1200 2425/1199 
f 4179/3344 2362/1136 2361/1135 
f 4179/3344 2361/1135 2368/1142 
f 4179/3344 2368/1142 4180/3345 
f 4179/3344 4180/3345 2427/1201 
f 4179/3344 2427/1201 2426/1200 
f 4181/3346 4182/3347 2304/3348 
f 4181/3346 2304/3348 4088/3349 
f 4181/3346 4088/3349 2250/3350 
f 4181/3346 2250/3350 4183/3351 
f 4181/3346 4183/3351 2362/1136 
f 4181/3346 2362/1136 4179/3344 
f 4181/3346 4179/3344 2425/1199 
f 4181/3346 2425/1199 4182/3347 
f 4184/3352 4183/3351 2250/3350 
f 4184/3352 2250/3350 2249/3353 
f 4184/3352 2249/3353 2248/3354 
f 4184/3352 2248/3354 4185/3355 
f 4184/3352 4185/3355 2364/1138 
f 4184/3352 2364/1138 2363/1137 
f 4184/3352 2363/1137 2362/1136 
f 4184/3352 2362/1136 4183/3351 
f 4186/3356 2365/1139 2364/1138 
f 4186/3356 2371/1145 2370/1144 
f 4186/3356 2370/1144 2377/1151 
f 4186/3356 2377/1151 4187/3357 
f 4186/3356 4187/3357 2366/1140 
f 4186/3356 2366/1140 2365/1139 
f 4188/3358 4185/3355 2248/3354 
f 4188/3358 2248/3354 4096/3359 
f 4188/3358 4096/3359 2257/3360 
f 4188/3358 2257/3360 4189/3361 
f 4188/3358 4189/3361 2371/1145 
f 4188/3358 2371/1145 4186/3356 
f 4188/3358 4186/3356 2364/1138 
f 4188/3358 2364/1138 4185/3355 
f 4190/3362 4189/3361 2257/3360 
f 4190/3362 2257/3360 2256/3363 
f 4190/3362 2256/3363 2255/3364 
f 4190/3362 2255/3364 4191/3365 
f 4190/3362 4191/3365 2373/1147 
f 4190/3362 2373/1147 2372/1146 
f 4190/3362 2372/1146 2371/1145 
f 4190/3362 2371/1145 4189/3361 
f 4192/3366 2435/1209 2434/1208 
f 4192/3366 2434/1208 4193/3367 
f 4192/3366 4193/3367 2380/1154 
f 4192/3366 2380/1154 2379/1153 
f 4192/3366 2379/1153 2386/1160 
f 4192/3366 2386/1160 4194/3368 
f 4192/3366 4194/3368 2436/1210 
f 4192/3366 2436/1210 2435/1209 
f 4195/3369 4196/3370 2313/3371 
f 4195/3369 2313/3371 4102/3372 
f 4195/3369 4102/3372 2266/3373 
f 4195/3369 2266/3373 4197/3374 
f 4195/3369 4197/3374 2380/1154 
f 4195/3369 2380/1154 4193/3367 
f 4195/3369 4193/3367 2434/1208 
f 4195/3369 2434/1208 4196/3370 
f 4198/3375 4197/3374 2266/3373 
f 4198/3375 2266/3373 2265/3376 
f 4198/3375 2265/3376 2264/2918 
f 4198/3375 2264/2918 3932/2917 
f 4198/3375 3932/2917 2382/1156 
f 4198/3375 2382/1156 2381/1155 
f 4198/3375 2381/1155 2380/1154 
f 4198/3375 2380/1154 4197/3374 
f 4199/3377 2442/1216 2389/1163 
f 4199/3377 2389/1163 2388/1162 
f 4199/3377 2388/1162 2395/1169 
f 4199/3377 2395/1169 4200/3378 
f 4199/3377 4200/3378 2443/1217 
f 4199/3377 2443/1217 2442/1216 
f 4201/3379 4202/3380 1797/3381 
f 4201/3379 1797/3381 4109/3382 
f 4201/3379 4109/3382 2273/3383 
f 4201/3379 2273/3383 4203/3384 
f 4201/3379 4203/3384 2389/1163 
f 4201/3379 2389/1163 2442/1216 
f 4201/3379 2442/1216 4202/3380 
f 4204/3385 4203/3384 2273/3383 
f 4204/3385 2273/3383 2272/3386 
f 4204/3385 2272/3386 2271/3297 
f 4204/3385 2271/3297 4151/3296 
f 4204/3385 4151/3296 2391/1165 
f 4204/3385 2391/1165 2390/1164 
f 4204/3385 2390/1164 2389/1163 
f 4204/3385 2389/1163 4203/3384 
f 4205/3387 2450/1224 2449/1223 
f 4205/3387 2398/1172 2397/1171 
f 4205/3387 2397/1171 2404/1178 
f 4205/3387 2404/1178 4206/3388 
f 4205/3387 4206/3388 2451/1225 
f 4205/3387 2451/1225 2450/1224 
f 4207/3389 4208/3390 2081/3391 
f 4207/3389 2081/3391 4115/3392 
f 4207/3389 4115/3392 2281/3393 
f 4207/3389 2281/3393 4209/3394 
f 4207/3389 4209/3394 2398/1172 
f 4207/3389 2398/1172 4205/3387 
f 4207/3389 4205/3387 2449/1223 
f 4207/3389 2449/1223 4208/3390 
f 4210/3395 4209/3394 2281/3393 
f 4210/3395 2281/3393 2280/3396 
f 4210/3395 2280/3396 2279/3310 
f 4210/3395 2279/3310 4159/3309 
f 4210/3395 4159/3309 2400/1174 
f 4210/3395 2400/1174 2399/1173 
f 4210/3395 2399/1173 2398/1172 
f 4210/3395 2398/1172 4209/3394 
f 4211/3397 2459/1233 2458/1232 
f 4211/3397 2458/1232 4212/3398 
f 4211/3397 4212/3398 2407/1181 
f 4211/3397 2407/1181 2406/1180 
f 4211/3397 2406/1180 2413/1187 
f 4211/3397 2413/1187 4213/3399 
f 4211/3397 4213/3399 2460/1234 
f 4211/3397 2460/1234 2459/1233 
f 4214/3400 4215/3401 2088/3402 
f 4214/3400 2088/3402 4121/3403 
f 4214/3400 4121/3403 2289/3404 
f 4214/3400 2289/3404 4216/3405 
f 4214/3400 4216/3405 2407/1181 
f 4214/3400 2407/1181 4212/3398 
f 4214/3400 4212/3398 2458/1232 
f 4214/3400 2458/1232 4215/3401 
f 4217/3406 4216/3405 2289/3404 
f 4217/3406 2289/3404 2288/3407 
f 4217/3406 2288/3407 2287/3323 
f 4217/3406 2287/3323 4167/3322 
f 4217/3406 4167/3322 2409/1183 
f 4217/3406 2409/1183 2408/1182 
f 4217/3406 2408/1182 2407/1181 
f 4217/3406 2407/1181 4216/3405 
f 4218/3408 2467/1241 2466/1240 
f 4218/3408 2416/1190 2415/1189 
f 4218/3408 2415/1189 2421/1195 
f 4218/3408 2421/1195 4219/3409 
f 4218/3408 4219/3409 2468/1242 
f 4218/3408 2468/1242 2467/1241 
f 4220/3410 4221/3411 2095/3412 
f 4220/3410 2095/3412 4126/3413 
f 4220/3410 4126/3413 2298/3414 
f 4220/3410 2298/3414 4222/3415 
f 4220/3410 4222/3415 2416/1190 
f 4220/3410 2416/1190 4218/3408 
f 4220/3410 4218/3408 2466/1240 
f 4220/3410 2466/1240 4221/3411 
f 4223/3416 4222/3415 2298/3414 
f 4223/3416 2298/3414 2297/3417 
f 4223/3416 2297/3417 2296/3336 
f 4223/3416 2296/3336 4175/3335 
f 4223/3416 4175/3335 2417/1191 
f 4223/3416 2417/1191 2414/1188 
f 4223/3416 2414/1188 2416/1190 
f 4223/3416 2416/1190 4222/3415 
f 4224/3418 2476/1250 2475/1249 
f 4224/3418 2475/1249 4225/3419 
f 4224/3418 4225/3419 2424/1198 
f 4224/3418 2424/1198 2423/1197 
f 4224/3418 2423/1197 2429/1203 
f 4224/3418 2429/1203 4226/3420 
f 4224/3418 4226/3420 2477/1251 
f 4224/3418 2477/1251 2476/1250 
f 4227/3421 4228/3422 2102/3423 
f 4227/3421 2102/3423 4131/3424 
f 4227/3421 4131/3424 2306/3425 
f 4227/3421 2306/3425 4229/3426 
f 4227/3421 4229/3426 2424/1198 
f 4227/3421 2424/1198 4225/3419 
f 4227/3421 4225/3419 2475/1249 
f 4227/3421 2475/1249 4228/3422 
f 4230/3427 4229/3426 2306/3425 
f 4230/3427 2306/3425 2305/3428 
f 4230/3427 2305/3428 2304/3348 
f 4230/3427 2304/3348 4182/3347 
f 4230/3427 4182/3347 2425/1199 
f 4230/3427 2425/1199 2422/1196 
f 4230/3427 2422/1196 2424/1198 
f 4230/3427 2424/1198 4229/3426 
f 4231/3429 2485/1259 2484/1258 
f 4231/3429 2432/1206 2431/1205 
f 4231/3429 2431/1205 2438/1212 
f 4231/3429 2438/1212 4232/3430 
f 4231/3429 4232/3430 2486/1260 
f 4231/3429 2486/1260 2485/1259 
f 4233/3431 4234/3432 2108/3433 
f 4233/3431 2108/3433 4136/3434 
f 4233/3431 4136/3434 2315/3435 
f 4233/3431 2315/3435 4235/3436 
f 4233/3431 4235/3436 2432/1206 
f 4233/3431 2432/1206 4231/3429 
f 4233/3431 4231/3429 2484/1258 
f 4233/3431 2484/1258 4234/3432 
f 4236/3437 4235/3436 2315/3435 
f 4236/3437 2315/3435 2314/3438 
f 4236/3437 2314/3438 2313/3371 
f 4236/3437 2313/3371 4196/3370 
f 4236/3437 4196/3370 2434/1208 
f 4236/3437 2434/1208 2433/1207 
f 4236/3437 2433/1207 2432/1206 
f 4236/3437 2432/1206 4235/3436 
f 4237/3439 2494/1268 2493/1267 
f 4237/3439 2441/1215 2440/1214 
f 4237/3439 2440/1214 2445/1219 
f 4237/3439 2445/1219 4238/3440 
f 4237/3439 4238/3440 2495/1269 
f 4237/3439 2495/1269 2494/1268 
f 4239/3441 4240/3442 2115/3443 
f 4239/3441 2115/3443 3719/3444 
f 4239/3441 3719/3444 1799/3445 
f 4239/3441 1799/3445 4241/3446 
f 4239/3441 4241/3446 2441/1215 
f 4239/3441 2441/1215 4237/3439 
f 4239/3441 4237/3439 2493/1267 
f 4239/3441 2493/1267 4240/3442 
f 4242/3447 4241/3446 1799/3445 
f 4242/3447 1799/3445 1798/3448 
f 4242/3447 1798/3448 1797/3381 
f 4242/3447 1797/3381 4202/3380 
f 4242/3447 4202/3380 2442/1216 
f 4242/3447 2442/1216 2441/1215 
f 4242/3447 2441/1215 4241/3446 
f 4243/3449 2503/1277 2502/1276 
f 4243/3449 2502/1276 4244/3450 
f 4243/3449 4244/3450 2448/1222 
f 4243/3449 2448/1222 2447/1221 
f 4243/3449 2447/1221 2453/1227 
f 4243/3449 2453/1227 4245/3451 
f 4243/3449 4245/3451 2504/1278 
f 4243/3449 2504/1278 2503/1277 
f 4246/3452 4247/3453 2123/3454 
f 4246/3452 2123/3454 3939/3455 
f 4246/3452 3939/3455 2083/3456 
f 4246/3452 2083/3456 4248/3457 
f 4246/3452 4248/3457 2448/1222 
f 4246/3452 2448/1222 4244/3450 
f 4246/3452 4244/3450 2502/1276 
f 4246/3452 2502/1276 4247/3453 
f 4249/3458 4248/3457 2083/3456 
f 4249/3458 2083/3456 2082/3459 
f 4249/3458 2082/3459 2081/3391 
f 4249/3458 2081/3391 4208/3390 
f 4249/3458 4208/3390 2449/1223 
f 4249/3458 2449/1223 2446/1220 
f 4249/3458 2446/1220 2448/1222 
f 4249/3458 2448/1222 4248/3457 
f 4250/3460 2511/1285 2510/1284 
f 4250/3460 2510/1284 4251/3461 
f 4250/3460 4251/3461 2456/1230 
f 4250/3460 2456/1230 2455/1229 
f 4250/3460 2455/1229 2462/1236 
f 4250/3460 2462/1236 4252/3462 
f 4250/3460 4252/3462 2512/1286 
f 4250/3460 2512/1286 2511/1285 
f 4253/3463 4254/3464 2131/3465 
f 4253/3463 2131/3465 3946/3466 
f 4253/3463 3946/3466 2090/3467 
f 4253/3463 2090/3467 4255/3468 
f 4253/3463 4255/3468 2456/1230 
f 4253/3463 2456/1230 4251/3461 
f 4253/3463 4251/3461 2510/1284 
f 4253/3463 2510/1284 4254/3464 
f 4256/3469 4255/3468 2090/3467 
f 4256/3469 2090/3467 2089/3470 
f 4256/3469 2089/3470 2088/3402 
f 4256/3469 2088/3402 4215/3401 
f 4256/3469 4215/3401 2458/1232 
f 4256/3469 2458/1232 2457/1231 
f 4256/3469 2457/1231 2456/1230 
f 4256/3469 2456/1230 4255/3468 
f 4257/3471 2520/1294 2519/1293 
f 4257/3471 2519/1293 4258/3472 
f 4257/3471 4258/3472 2465/1239 
f 4257/3471 2465/1239 2464/1238 
f 4257/3471 2464/1238 2470/1244 
f 4257/3471 2470/1244 4259/3473 
f 4257/3471 4259/3473 2521/1295 
f 4257/3471 2521/1295 2520/1294 
f 4260/3474 4261/3475 2139/3476 
f 4260/3474 2139/3476 3954/3477 
f 4260/3474 3954/3477 2097/3478 
f 4260/3474 2097/3478 4262/3479 
f 4260/3474 4262/3479 2465/1239 
f 4260/3474 2465/1239 4258/3472 
f 4260/3474 4258/3472 2519/1293 
f 4260/3474 2519/1293 4261/3475 
f 4263/3480 4262/3479 2097/3478 
f 4263/3480 2097/3478 2096/3481 
f 4263/3480 2096/3481 2095/3412 
f 4263/3480 2095/3412 4221/3411 
f 4263/3480 4221/3411 2466/1240 
f 4263/3480 2466/1240 2463/1237 
f 4263/3480 2463/1237 2465/1239 
f 4263/3480 2465/1239 4262/3479 
f 4264/3482 2529/1303 2528/1302 
f 4264/3482 2528/1302 4265/3483 
f 4264/3482 4265/3483 2473/1247 
f 4264/3482 2473/1247 2472/1246 
f 4264/3482 2472/1246 2479/1253 
f 4264/3482 2479/1253 4266/3484 
f 4264/3482 4266/3484 2530/1304 
f 4264/3482 2530/1304 2529/1303 
f 4267/3485 4268/3486 2147/3487 
f 4267/3485 2147/3487 3962/3488 
f 4267/3485 3962/3488 2104/3489 
f 4267/3485 2104/3489 4269/3490 
f 4267/3485 4269/3490 2473/1247 
f 4267/3485 2473/1247 4265/3483 
f 4267/3485 4265/3483 2528/1302 
f 4267/3485 2528/1302 4268/3486 
f 4270/3491 4269/3490 2104/3489 
f 4270/3491 2104/3489 2103/3492 
f 4270/3491 2103/3492 2102/3423 
f 4270/3491 2102/3423 4228/3422 
f 4270/3491 4228/3422 2475/1249 
f 4270/3491 2475/1249 2474/1248 
f 4270/3491 2474/1248 2473/1247 
f 4270/3491 2473/1247 4269/3490 
f 4271/3493 2537/1311 2536/1310 
f 4271/3493 2536/1310 4272/3494 
f 4271/3493 4272/3494 2482/1256 
f 4271/3493 2482/1256 2481/1255 
f 4271/3493 2481/1255 2488/1262 
f 4271/3493 2488/1262 4143/3495 
f 4271/3493 4143/3495 2538/1312 
f 4271/3493 2538/1312 2537/1311 
f 4273/3496 4274/3497 2153/3498 
f 4273/3496 2153/3498 3970/3499 
f 4273/3496 3970/3499 2110/3500 
f 4273/3496 2110/3500 4275/3501 
f 4273/3496 4275/3501 2482/1256 
f 4273/3496 2482/1256 4272/3494 
f 4273/3496 4272/3494 2536/1310 
f 4273/3496 2536/1310 4274/3497 
f 4276/3502 4275/3501 2110/3500 
f 4276/3502 2110/3500 2109/3503 
f 4276/3502 2109/3503 2108/3433 
f 4276/3502 2108/3433 4234/3432 
f 4276/3502 4234/3432 2484/1258 
f 4276/3502 2484/1258 2483/1257 
f 4276/3502 2483/1257 2482/1256 
f 4276/3502 2482/1256 4275/3501 
f 4277/3504 2546/1320 2545/1319 
f 4277/3504 2545/1319 4278/3505 
f 4277/3504 4278/3505 2491/1265 
f 4277/3504 2491/1265 2490/1264 
f 4277/3504 2490/1264 2497/1271 
f 4277/3504 2497/1271 4279/3506 
f 4277/3504 4279/3506 2547/1321 
f 4277/3504 2547/1321 2546/1320 
f 4280/3507 4281/3508 2161/3509 
f 4280/3507 2161/3509 3977/3510 
f 4280/3507 3977/3510 2117/3511 
f 4280/3507 2117/3511 4282/3512 
f 4280/3507 4282/3512 2491/1265 
f 4280/3507 2491/1265 4278/3505 
f 4280/3507 4278/3505 2545/1319 
f 4280/3507 2545/1319 4281/3508 
f 4283/3513 4282/3512 2117/3511 
f 4283/3513 2117/3511 2116/3514 
f 4283/3513 2116/3514 2115/3443 
f 4283/3513 2115/3443 4240/3442 
f 4283/3513 4240/3442 2493/1267 
f 4283/3513 2493/1267 2492/1266 
f 4283/3513 2492/1266 2491/1265 
f 4283/3513 2491/1265 4282/3512 
f 4284/3515 2555/1329 2554/1328 
f 4284/3515 2554/1328 4285/3516 
f 4284/3515 4285/3516 2500/1274 
f 4284/3515 2500/1274 2499/1273 
f 4284/3515 2499/1273 2506/1280 
f 4284/3515 2506/1280 4286/3517 
f 4284/3515 4286/3517 2556/1330 
f 4284/3515 2556/1330 2555/1329 
f 4287/3518 4288/3519 2170/3520 
f 4287/3518 2170/3520 3984/3521 
f 4287/3518 3984/3521 2125/3522 
f 4287/3518 2125/3522 4289/3523 
f 4287/3518 4289/3523 2500/1274 
f 4287/3518 2500/1274 4285/3516 
f 4287/3518 4285/3516 2554/1328 
f 4287/3518 2554/1328 4288/3519 
f 4290/3524 4289/3523 2125/3522 
f 4290/3524 2125/3522 2124/3525 
f 4290/3524 2124/3525 2123/3454 
f 4290/3524 2123/3454 4247/3453 
f 4290/3524 4247/3453 2502/1276 
f 4290/3524 2502/1276 2501/1275 
f 4290/3524 2501/1275 2500/1274 
f 4290/3524 2500/1274 4289/3523 
f 4291/3526 2563/1337 2562/1336 
f 4291/3526 2562/1336 4292/3527 
f 4291/3526 4292/3527 2509/1283 
f 4291/3526 2509/1283 2508/1282 
f 4291/3526 2508/1282 2514/1288 
f 4291/3526 2514/1288 4293/3528 
f 4291/3526 4293/3528 2564/1338 
f 4291/3526 2564/1338 2563/1337 
f 4294/3529 4295/3530 2179/3531 
f 4294/3529 2179/3531 3991/3532 
f 4294/3529 3991/3532 2133/3533 
f 4294/3529 2133/3533 4296/3534 
f 4294/3529 4296/3534 2509/1283 
f 4294/3529 2509/1283 4292/3527 
f 4294/3529 4292/3527 2562/1336 
f 4294/3529 2562/1336 4295/3530 
f 4297/3535 4296/3534 2133/3533 
f 4297/3535 2133/3533 2132/3536 
f 4297/3535 2132/3536 2131/3465 
f 4297/3535 2131/3465 4254/3464 
f 4297/3535 4254/3464 2510/1284 
f 4297/3535 2510/1284 2507/1281 
f 4297/3535 2507/1281 2509/1283 
f 4297/3535 2509/1283 4296/3534 
f 4298/3537 2571/1345 2570/1344 
f 4298/3537 2570/1344 4299/3538 
f 4298/3537 4299/3538 2517/1291 
f 4298/3537 2517/1291 2516/1290 
f 4298/3537 2516/1290 2523/1297 
f 4298/3537 2523/1297 4300/3539 
f 4298/3537 4300/3539 2572/1346 
f 4298/3537 2572/1346 2571/1345 
f 4301/3540 4302/3541 2187/3542 
f 4301/3540 2187/3542 3997/3543 
f 4301/3540 3997/3543 2141/3544 
f 4301/3540 2141/3544 4303/3545 
f 4301/3540 4303/3545 2517/1291 
f 4301/3540 2517/1291 4299/3538 
f 4301/3540 4299/3538 2570/1344 
f 4301/3540 2570/1344 4302/3541 
f 4304/3546 4303/3545 2141/3544 
f 4304/3546 2141/3544 2140/3547 
f 4304/3546 2140/3547 2139/3476 
f 4304/3546 2139/3476 4261/3475 
f 4304/3546 4261/3475 2519/1293 
f 4304/3546 2519/1293 2518/1292 
f 4304/3546 2518/1292 2517/1291 
f 4304/3546 2517/1291 4303/3545 
f 4305/3548 2580/1354 2579/1353 
f 4305/3548 2579/1353 4306/3549 
f 4305/3548 4306/3549 2526/1300 
f 4305/3548 2526/1300 2525/1299 
f 4305/3548 2525/1299 2532/1306 
f 4305/3548 2532/1306 4307/3550 
f 4305/3548 4307/3550 2581/1355 
f 4305/3548 2581/1355 2580/1354 
f 4308/3551 4309/3552 2194/3553 
f 4308/3551 2194/3553 4004/3554 
f 4308/3551 4004/3554 2149/3555 
f 4308/3551 2149/3555 4310/3556 
f 4308/3551 4310/3556 2526/1300 
f 4308/3551 2526/1300 4306/3549 
f 4308/3551 4306/3549 2579/1353 
f 4308/3551 2579/1353 4309/3552 
f 4311/3557 4310/3556 2149/3555 
f 4311/3557 2149/3555 2148/3558 
f 4311/3557 2148/3558 2147/3487 
f 4311/3557 2147/3487 4268/3486 
f 4311/3557 4268/3486 2528/1302 
f 4311/3557 2528/1302 2527/1301 
f 4311/3557 2527/1301 2526/1300 
f 4311/3557 2526/1300 4310/3556 
f 4312/3559 2588/1362 2535/1309 
f 4312/3559 2535/1309 2534/1308 
f 4312/3559 2534/1308 2540/1314 
f 4312/3559 2540/1314 4313/3560 
f 4312/3559 4313/3560 2589/1363 
f 4312/3559 2589/1363 2588/1362 
f 4314/3561 4315/3562 2202/3563 
f 4314/3561 2202/3563 4010/3564 
f 4314/3561 4010/3564 2155/3565 
f 4314/3561 2155/3565 4316/3566 
f 4314/3561 4316/3566 2535/1309 
f 4314/3561 2535/1309 2588/1362 
f 4314/3561 2588/1362 4315/3562 
f 4317/3567 4316/3566 2155/3565 
f 4317/3567 2155/3565 2154/3568 
f 4317/3567 2154/3568 2153/3498 
f 4317/3567 2153/3498 4274/3497 
f 4317/3567 4274/3497 2536/1310 
f 4317/3567 2536/1310 2533/1307 
f 4317/3567 2533/1307 2535/1309 
f 4317/3567 2535/1309 4316/3566 
f 4318/3569 2072/838 2071/837 
f 4318/3569 2543/1317 2542/1316 
f 4318/3569 2542/1316 2549/1323 
f 4318/3569 2549/1323 4319/3570 
f 4318/3569 4319/3570 2073/839 
f 4318/3569 2073/839 2072/838 
f 4320/3571 3936/2925 2209/2924 
f 4320/3571 2209/2924 4017/3572 
f 4320/3571 4017/3572 2163/3573 
f 4320/3571 2163/3573 4321/3574 
f 4320/3571 4321/3574 2543/1317 
f 4320/3571 2543/1317 4318/3569 
f 4320/3571 4318/3569 2071/837 
f 4320/3571 2071/837 3936/2925 
f 4322/3575 4321/3574 2163/3573 
f 4322/3575 2163/3573 2162/3576 
f 4322/3575 2162/3576 2161/3509 
f 4322/3575 2161/3509 4281/3508 
f 4322/3575 4281/3508 2545/1319 
f 4322/3575 2545/1319 2544/1318 
f 4322/3575 2544/1318 2543/1317 
f 4322/3575 2543/1317 4321/3574 
f 4323/3577 2329/1103 2328/1102 
f 4323/3577 2328/1102 4324/3578 
f 4323/3577 4324/3578 2552/1326 
f 4323/3577 2552/1326 2551/1325 
f 4323/3577 2551/1325 2558/1332 
f 4323/3577 2558/1332 4325/3579 
f 4323/3577 4325/3579 2330/1104 
f 4323/3577 2330/1104 2329/1103 
f 4326/3580 4154/3304 2217/3303 
f 4326/3580 2217/3303 4023/3581 
f 4326/3580 4023/3581 2172/3582 
f 4326/3580 2172/3582 4327/3583 
f 4326/3580 4327/3583 2552/1326 
f 4326/3580 2552/1326 4324/3578 
f 4326/3580 4324/3578 2328/1102 
f 4326/3580 2328/1102 4154/3304 
f 4328/3584 4327/3583 2172/3582 
f 4328/3584 2172/3582 2171/3585 
f 4328/3584 2171/3585 2170/3520 
f 4328/3584 2170/3520 4288/3519 
f 4328/3584 4288/3519 2554/1328 
f 4328/3584 2554/1328 2553/1327 
f 4328/3584 2553/1327 2552/1326 
f 4328/3584 2552/1326 4327/3583 
f 4329/3586 2338/1112 2337/1111 
f 4329/3586 2561/1335 2560/1334 
f 4329/3586 2560/1334 2566/1340 
f 4329/3586 2566/1340 4330/3587 
f 4329/3586 4330/3587 2339/1113 
f 4329/3586 2339/1113 2338/1112 
f 4331/3588 4162/3317 2224/3316 
f 4331/3588 2224/3316 4028/3589 
f 4331/3588 4028/3589 2181/3590 
f 4331/3588 2181/3590 4332/3591 
f 4331/3588 4332/3591 2561/1335 
f 4331/3588 2561/1335 4329/3586 
f 4331/3588 4329/3586 2337/1111 
f 4331/3588 2337/1111 4162/3317 
f 4333/3592 4332/3591 2181/3590 
f 4333/3592 2181/3590 2180/3593 
f 4333/3592 2180/3593 2179/3531 
f 4333/3592 2179/3531 4295/3530 
f 4333/3592 4295/3530 2562/1336 
f 4333/3592 2562/1336 2559/1333 
f 4333/3592 2559/1333 2561/1335 
f 4333/3592 2561/1335 4332/3591 
f 4334/3594 2347/1121 2346/1120 
f 4334/3594 2346/1120 4335/3595 
f 4334/3594 4335/3595 2569/1343 
f 4334/3594 2569/1343 2568/1342 
f 4334/3594 2568/1342 2574/1348 
f 4334/3594 2574/1348 4336/3596 
f 4334/3594 4336/3596 2348/1122 
f 4334/3594 2348/1122 2347/1121 
f 4337/3597 4170/3330 2233/3329 
f 4337/3597 2233/3329 4034/3598 
f 4337/3597 4034/3598 2189/3599 
f 4337/3597 2189/3599 4338/3600 
f 4337/3597 4338/3600 2569/1343 
f 4337/3597 2569/1343 4335/3595 
f 4337/3597 4335/3595 2346/1120 
f 4337/3597 2346/1120 4170/3330 
f 4339/3601 4338/3600 2189/3599 
f 4339/3601 2189/3599 2188/3602 
f 4339/3601 2188/3602 2187/3542 
f 4339/3601 2187/3542 4302/3541 
f 4339/3601 4302/3541 2570/1344 
f 4339/3601 2570/1344 2567/1341 
f 4339/3601 2567/1341 2569/1343 
f 4339/3601 2569/1343 4338/3600 
f 4340/3603 2356/1130 2355/1129 
f 4340/3603 2355/1129 4341/3604 
f 4340/3603 4341/3604 2577/1351 
f 4340/3603 2577/1351 2576/1350 
f 4340/3603 2576/1350 2583/1357 
f 4340/3603 2583/1357 4342/3605 
f 4340/3603 4342/3605 2357/1131 
f 4340/3603 2357/1131 2356/1130 
f 4343/3606 4178/3343 2240/3342 
f 4343/3606 2240/3342 4041/3607 
f 4343/3606 4041/3607 2196/3608 
f 4343/3606 2196/3608 4344/3609 
f 4343/3606 4344/3609 2577/1351 
f 4343/3606 2577/1351 4341/3604 
f 4343/3606 4341/3604 2355/1129 
f 4343/3606 2355/1129 4178/3343 
f 4345/3610 4344/3609 2196/3608 
f 4345/3610 2196/3608 2195/3611 
f 4345/3610 2195/3611 2194/3553 
f 4345/3610 2194/3553 4309/3552 
f 4345/3610 4309/3552 2579/1353 
f 4345/3610 2579/1353 2578/1352 
f 4345/3610 2578/1352 2577/1351 
f 4345/3610 2577/1351 4344/3609 
f 4346/3612 2374/1148 2373/1147 
f 4346/3612 2586/1360 2585/1359 
f 4346/3612 2585/1359 2591/1365 
f 4346/3612 2591/1365 4347/3613 
f 4346/3612 4347/3613 2375/1149 
f 4346/3612 2375/1149 2374/1148 
f 4348/3614 4191/3365 2255/3364 
f 4348/3614 2255/3364 4047/3615 
f 4348/3614 4047/3615 2204/3616 
f 4348/3614 2204/3616 4349/3617 
f 4348/3614 4349/3617 2586/1360 
f 4348/3614 2586/1360 4346/3612 
f 4348/3614 4346/3612 2373/1147 
f 4348/3614 2373/1147 4191/3365 
f 4350/3618 4349/3617 2204/3616 
f 4350/3618 2204/3616 2203/3619 
f 4350/3618 2203/3619 2202/3563 
f 4350/3618 2202/3563 4315/3562 
f 4350/3618 4315/3562 2588/1362 
f 4350/3618 2588/1362 2587/1361 
f 4350/3618 2587/1361 2586/1360 
f 4350/3618 2586/1360 4349/3617 
f 4351/3620 2879/1672 4354/1671 
f 4351/3620 2593/1372 2598/1371 
f 4351/3620 2598/1371 4352/3621 
f 4351/3620 4352/3621 2880/1673 
f 4351/3620 2880/1673 2879/1672 
f 4353/3622 4354/1671 2778/3623 
f 4353/3622 2778/3623 4355/3624 
f 4353/3622 4355/3624 2727/3625 
f 4353/3622 2727/3625 4356/3626 
f 4353/3622 4356/3626 2593/1372 
f 4353/3622 2593/1372 4351/3620 
f 4353/3622 4351/3620 4354/1671 
f 4357/3627 4356/3626 2727/3625 
f 4357/3627 2727/3625 2726/3628 
f 4357/3627 2726/3628 2725/3629 
f 4357/3627 2725/3629 4358/3630 
f 4357/3627 4358/3630 2594/1367 
f 4357/3627 2594/1367 2592/1366 
f 4357/3627 2592/1366 2593/1372 
f 4357/3627 2593/1372 4356/3626 
f 4359/3631 2601/1375 2600/1374 
f 4359/3631 2600/1374 2606/1381 
f 4359/3631 2606/1381 4360/3632 
f 4359/3631 4360/3632 2645/1420 
f 4359/3631 2645/1420 2644/1419 
f 4361/3633 4362/3634 2547/3635 
f 4361/3633 2547/3635 4279/3636 
f 4361/3633 4279/3636 2497/3637 
f 4361/3633 2497/3637 2601/1375 
f 4361/3633 2601/1375 4359/3631 
f 4361/3633 4359/3631 2644/1419 
f 4361/3633 2644/1419 4362/3634 
f 4363/3638 2601/1375 2497/3637 
f 4363/3638 2497/3637 2496/3639 
f 4363/3638 2496/3639 2495/3640 
f 4363/3638 2495/3640 4364/1377 
f 4363/3638 4364/1377 2602/1376 
f 4363/3638 2602/1376 2601/1375 
f 4365/3641 2608/3642 2607/1382 
f 4365/3641 2607/1382 2613/1387 
f 4365/3641 2613/1387 4366/3643 
f 4365/3641 4366/3643 2652/1427 
f 4365/3641 2652/1427 2651/1426 
f 4367/3644 4368/3645 2556/3646 
f 4367/3644 2556/3646 4286/3647 
f 4367/3644 4286/3647 2506/3648 
f 4367/3644 2608/3642 4365/3641 
f 4367/3644 4365/3641 2651/1426 
f 4367/3644 2651/1426 4368/3645 
f 4369/3649 4367/3644 2506/3648 
f 4369/3649 2506/3648 2505/3650 
f 4369/3649 2505/3650 2504/3651 
f 4369/3649 2504/3651 4370/3652 
f 4369/3649 4370/3652 2609/1383 
f 4369/3649 2609/1383 2607/1382 
f 4369/3649 2607/1382 2608/3642 
f 4369/3649 2608/3642 4367/3644 
f 4371/3653 2659/1434 2658/1433 
f 4371/3653 2658/1433 4373/3654 
f 4371/3653 4373/3654 2614/1388 
f 4371/3653 2614/1388 2618/1392 
f 4371/3653 2618/1392 4372/3655 
f 4371/3653 4372/3655 2660/1435 
f 4371/3653 2660/1435 2659/1434 
f 4373/3654 2658/1433 2564/3656 
f 4373/3654 2564/3656 4293/3657 
f 4373/3654 4293/3657 2514/3658 
f 4374/3659 4373/3654 2514/3658 
f 4374/3659 2514/3658 2513/3660 
f 4374/3659 2513/3660 2512/3661 
f 4374/3659 2512/3661 4375/3662 
f 4374/3659 4375/3662 2615/1389 
f 4374/3659 2615/1389 2614/1388 
f 4374/3659 2614/1388 4373/3654 
f 4376/3663 2666/1442 2665/1441 
f 4376/3663 2665/1441 4377/3664 
f 4376/3663 4377/3664 2621/1395 
f 4376/3663 2621/1395 2620/1394 
f 4376/3663 2620/1394 2626/1400 
f 4376/3663 2626/1400 4378/3665 
f 4376/3663 4378/3665 2667/1443 
f 4376/3663 2667/1443 2666/1442 
f 4379/3666 4380/3667 2572/3668 
f 4379/3666 2572/3668 4300/3669 
f 4379/3666 4300/3669 2523/3670 
f 4379/3666 2523/3670 2621/1395 
f 4379/3666 2621/1395 4377/3664 
f 4379/3666 4377/3664 2665/1441 
f 4379/3666 2665/1441 4380/3667 
f 4381/3671 2621/1395 2523/3670 
f 4381/3671 2523/3670 2522/3672 
f 4381/3671 2522/3672 2521/3673 
f 4381/3671 2521/3673 4382/3674 
f 4381/3671 4382/3674 2622/1396 
f 4381/3671 2622/1396 2619/1393 
f 4381/3671 2619/1393 2621/1395 
f 4383/3675 2673/3676 4384/3677 
f 4383/3675 4384/3677 2629/1403 
f 4383/3675 2629/1403 2628/1402 
f 4383/3675 2628/1402 2633/1407 
f 4383/3675 2633/1407 4385/3678 
f 4383/3675 4385/3678 2674/3679 
f 4383/3675 2674/3679 2673/3676 
f 4386/3680 4387/3681 2581/3682 
f 4386/3680 2581/3682 4307/3683 
f 4386/3680 4307/3683 2532/3684 
f 4386/3680 2532/3684 4388/3685 
f 4386/3680 4388/3685 2629/1403 
f 4386/3680 2629/1403 4384/3677 
f 4386/3680 4384/3677 2673/3676 
f 4386/3680 2673/3676 4387/3681 
f 4389/3686 4388/3685 2532/3684 
f 4389/3686 2532/3684 2531/3687 
f 4389/3686 2531/3687 2530/3688 
f 4389/3686 2530/3688 4390/3689 
f 4389/3686 4390/3689 2630/1404 
f 4389/3686 2630/1404 2627/1401 
f 4389/3686 2627/1401 2629/1403 
f 4389/3686 2629/1403 4388/3685 
f 4391/1409 2681/1457 2680/1456 
f 4391/1409 2680/1456 4392/3690 
f 4391/1409 4392/3690 2635/1410 
f 4391/1409 2639/1414 4393/3691 
f 4391/1409 4393/3691 2682/1458 
f 4391/1409 2682/1458 2681/1457 
f 4394/3692 2680/1456 2589/3693 
f 4394/3692 2589/3693 4313/3694 
f 4394/3692 4313/3694 2540/3695 
f 4394/3692 2540/3695 2635/1410 
f 4394/3692 2635/1410 4392/3690 
f 4394/3692 4392/3690 2680/1456 
f 2635/1410 2540/3695 2539/3696 
f 2635/1410 2539/3696 2538/3284 
f 2635/1410 2538/3284 4142/3283 
f 2635/1410 4142/3283 2636/1411 
f 4395/3697 2689/1466 2688/1465 
f 4395/3697 2688/1465 4396/3698 
f 4395/3697 4396/3698 2642/1417 
f 4395/3697 2642/1417 2641/1416 
f 4395/3697 2641/1416 2647/1422 
f 4395/3697 2647/1422 4397/3699 
f 4395/3697 4397/3699 2690/1467 
f 4395/3697 2690/1467 2689/1466 
f 4398/3700 4399/3701 2073/3702 
f 4398/3700 2073/3702 4319/3703 
f 4398/3700 4319/3703 2549/3704 
f 4398/3700 2549/3704 4400/3705 
f 4398/3700 4400/3705 2642/1417 
f 4398/3700 2642/1417 4396/3698 
f 4398/3700 4396/3698 2688/1465 
f 4398/3700 2688/1465 4399/3701 
f 4401/3706 4400/3705 2549/3704 
f 4401/3706 2549/3704 2548/3707 
f 4401/3706 2548/3707 2547/3635 
f 4401/3706 2547/3635 4362/3634 
f 4401/3706 4362/3634 2644/1419 
f 4401/3706 2644/1419 2643/1418 
f 4401/3706 2643/1418 2642/1417 
f 4401/3706 2642/1417 4400/3705 
f 4402/3708 2696/3709 4403/3710 
f 4402/3708 4403/3710 2650/1425 
f 4402/3708 2650/1425 2649/1424 
f 4402/3708 2649/1424 2654/1429 
f 4402/3708 2654/1429 4404/3711 
f 4402/3708 4404/3711 2697/3712 
f 4402/3708 2697/3712 2696/3709 
f 4405/3713 4406/3714 2330/3715 
f 4405/3713 2330/3715 4325/3716 
f 4405/3713 4325/3716 2558/3717 
f 4405/3713 2558/3717 2650/1425 
f 4405/3713 2650/1425 4403/3710 
f 4405/3713 4403/3710 2696/3709 
f 4405/3713 2696/3709 4406/3714 
f 4407/3718 2650/1425 2558/3717 
f 4407/3718 2558/3717 2557/3719 
f 4407/3718 2557/3719 2556/3646 
f 4407/3718 2556/3646 4368/3645 
f 4407/3718 4368/3645 2651/1426 
f 4407/3718 2651/1426 2648/1423 
f 4407/3718 2648/1423 2650/1425 
f 4408/3720 2704/1481 2703/1480 
f 4408/3720 2657/1432 2656/1431 
f 4408/3720 2656/1431 2662/1437 
f 4408/3720 2662/1437 4409/3721 
f 4408/3720 4409/3721 2705/1482 
f 4408/3720 2705/1482 2704/1481 
f 4410/3722 4411/3723 2339/3724 
f 4410/3722 2339/3724 4330/3725 
f 4410/3722 4330/3725 2566/3726 
f 4410/3722 2566/3726 4412/3727 
f 4410/3722 4412/3727 2657/1432 
f 4410/3722 2657/1432 4408/3720 
f 4410/3722 4408/3720 2703/1480 
f 4410/3722 2703/1480 4411/3723 
f 4413/3728 4412/3727 2566/3726 
f 4413/3728 2566/3726 2565/3729 
f 4413/3728 2565/3729 2564/3656 
f 4413/3728 2564/3656 2658/1433 
f 4413/3728 2658/1433 2655/1430 
f 4413/3728 2655/1430 2657/1432 
f 4413/3728 2657/1432 4412/3727 
f 4414/3730 2711/1488 4415/3731 
f 4414/3730 4415/3731 2664/1439 
f 4414/3730 2664/1439 2669/1445 
f 4414/3730 2669/1445 4416/3732 
f 4414/3730 4416/3732 2712/1489 
f 4414/3730 2712/1489 2711/1488 
f 4417/3733 4418/3734 2348/3735 
f 4417/3733 2348/3735 4336/3736 
f 4417/3733 4336/3736 2574/3737 
f 4417/3733 2574/3737 4419/3738 
f 4417/3733 4419/3738 2664/1439 
f 4417/3733 2664/1439 4415/3731 
f 4417/3733 4415/3731 2711/1488 
f 4417/3733 2711/1488 4418/3734 
f 4420/1440 4419/3738 2574/3737 
f 4420/1440 2574/3737 2573/3739 
f 4420/1440 2573/3739 2572/3668 
f 4420/1440 2572/3668 4380/3667 
f 4420/1440 4380/3667 2665/1441 
f 4420/1440 2664/1439 4419/3738 
f 4421/3740 2717/1496 4425/1495 
f 4421/3740 4425/1495 4422/3741 
f 4421/3740 4422/3741 2671/1447 
f 4421/3740 2671/1447 2676/1452 
f 4421/3740 2676/1452 4423/3742 
f 4421/3740 4423/3742 2718/1497 
f 4421/3740 2718/1497 2717/1496 
f 4424/3743 4425/1495 2357/3744 
f 4424/3743 2357/3744 4342/3745 
f 4424/3743 4342/3745 2583/3746 
f 4424/3743 2583/3746 4426/3747 
f 4424/3743 4426/3747 2671/1447 
f 4424/3743 2671/1447 4422/3741 
f 4424/3743 4422/3741 4425/1495 
f 4427/3748 4426/3747 2583/3746 
f 4427/3748 2583/3746 2582/3749 
f 4427/3748 2582/3749 2581/3750 
f 4427/3748 2581/3750 4387/3751 
f 4427/3748 4387/3751 2673/1449 
f 4427/3748 2673/1449 2672/1448 
f 4427/3748 2672/1448 2671/1447 
f 4427/3748 2671/1447 4426/3747 
f 4428/3752 2732/1512 2731/1511 
f 4428/3752 2679/1455 2678/1454 
f 4428/3752 2678/1454 2684/1460 
f 4428/3752 2684/1460 4429/3753 
f 4428/3752 4429/3753 2733/1513 
f 4428/3752 2733/1513 2732/1512 
f 4430/3754 4431/3755 2375/3756 
f 4430/3754 2375/3756 4347/3757 
f 4430/3754 4347/3757 2591/3758 
f 4430/3754 2591/3758 4432/3759 
f 4430/3754 4432/3759 2679/1455 
f 4430/3754 2679/1455 4428/3752 
f 4430/3754 4428/3752 2731/1511 
f 4430/3754 2731/1511 4431/3755 
f 4433/3760 4432/3759 2591/3758 
f 4433/3760 2591/3758 2590/3761 
f 4433/3760 2590/3761 2589/3693 
f 4433/3760 2589/3693 2680/1456 
f 4433/3760 2680/1456 2677/1453 
f 4433/3760 2677/1453 2679/1455 
f 4433/3760 2679/1455 4432/3759 
f 4434/3762 2739/1520 2738/1519 
f 4434/3762 2738/1519 4436/3763 
f 4434/3762 4436/3763 2687/1463 
f 4434/3762 2687/1463 2686/1462 
f 4434/3762 2686/1462 2692/1469 
f 4434/3762 2692/1469 4435/3764 
f 4434/3762 4435/3764 2740/1521 
f 4434/3762 2740/1521 2739/1520 
f 4436/3763 2738/1519 2384/3765 
f 4436/3763 2384/3765 3930/3766 
f 4436/3763 3930/3766 2075/3767 
f 4436/3763 2075/3767 4437/3768 
f 4436/3763 4437/3768 2687/1463 
f 4438/1464 4437/3768 2075/3767 
f 4438/1464 2075/3767 2074/3769 
f 4438/1464 2074/3769 2073/3702 
f 4438/1464 2073/3702 4399/3701 
f 4438/1464 4399/3701 2688/1465 
f 4438/1464 2687/1463 4437/3768 
f 4439/3770 2694/1471 2699/1476 
f 4439/3770 2699/1476 4440/3771 
f 4439/3770 4440/3771 2746/1529 
f 4439/3770 2746/1529 2745/1528 
f 4441/3772 4442/3773 2393/3774 
f 4441/3772 2393/3774 4149/3775 
f 4441/3772 4149/3775 2332/3776 
f 4441/3772 2332/3776 4443/3777 
f 4441/3772 4443/3777 2694/1471 
f 4441/3772 2694/1471 4439/3770 
f 4441/3772 4439/3770 2745/1528 
f 4441/3772 2745/1528 4442/3773 
f 4444/3778 4443/3777 2332/3776 
f 4444/3778 2332/3776 2331/3779 
f 4444/3778 2331/3779 2330/3780 
f 4444/3778 2330/3780 4406/3781 
f 4444/3778 4406/3781 2696/1473 
f 4444/3778 2696/1473 2695/1472 
f 4444/3778 2695/1472 2694/1471 
f 4444/3778 2694/1471 4443/3777 
f 4445/3782 2752/1536 2751/1535 
f 4445/3782 2702/1479 2701/1478 
f 4445/3782 2701/1478 2707/1484 
f 4445/3782 2707/1484 4446/3783 
f 4445/3782 4446/3783 2753/1537 
f 4445/3782 2753/1537 2752/1536 
f 4447/3784 4448/3785 2402/3786 
f 4447/3784 2402/3786 4157/3787 
f 4447/3784 4157/3787 2341/3788 
f 4447/3784 2341/3788 2702/1479 
f 4447/3784 2702/1479 4445/3782 
f 4447/3784 4445/3782 2751/1535 
f 4447/3784 2751/1535 4448/3785 
f 4449/3789 2702/1479 2341/3788 
f 4449/3789 2341/3788 2340/3790 
f 4449/3789 2340/3790 2339/3724 
f 4449/3789 2339/3724 4411/3723 
f 4449/3789 4411/3723 2703/1480 
f 4449/3789 2703/1480 2700/1477 
f 4449/3789 2700/1477 2702/1479 
f 4450/3791 2760/1545 4453/1544 
f 4450/3791 2709/1486 2708/1485 
f 4450/3791 2708/1485 2714/1491 
f 4450/3791 2714/1491 4451/3792 
f 4450/3791 4451/3792 2761/1546 
f 4450/3791 2761/1546 2760/1545 
f 4452/3793 4453/1544 2411/3794 
f 4452/3793 2411/3794 4165/3795 
f 4452/3793 4165/3795 2350/3796 
f 4452/3793 2709/1486 4450/3791 
f 4452/3793 4450/3791 4453/1544 
f 4454/3797 4452/3793 2350/3796 
f 4454/3797 2350/3796 2349/3798 
f 4454/3797 2349/3798 2348/3735 
f 4454/3797 2348/3735 4418/3734 
f 4454/3797 4418/3734 2711/1488 
f 4454/3797 2711/1488 2710/1487 
f 4454/3797 2710/1487 2709/1486 
f 4454/3797 2709/1486 4452/3793 
f 4455/1493 2768/1553 2767/1552 
f 4455/1493 2767/1552 4457/3799 
f 4455/1493 4457/3799 2716/1494 
f 4455/1493 2720/1499 4456/3800 
f 4455/1493 4456/3800 2769/1554 
f 4455/1493 2769/1554 2768/1553 
f 4457/3799 2767/1552 2419/3801 
f 4457/3799 2419/3801 4173/3802 
f 4457/3799 4173/3802 2359/3803 
f 4457/3799 2359/3803 4458/3804 
f 4457/3799 4458/3804 2716/1494 
f 4459/3805 4458/3804 2359/3803 
f 4459/3805 2359/3803 2358/3806 
f 4459/3805 2358/3806 2357/3744 
f 4459/3805 2357/3744 4425/1495 
f 4459/3805 4425/1495 2715/1492 
f 4459/3805 2715/1492 2716/1494 
f 4459/3805 2716/1494 4458/3804 
f 4460/3807 2777/1562 2776/1561 
f 4460/3807 2776/1561 4461/3808 
f 4460/3807 4461/3808 4464/1502 
f 4460/3807 4464/1502 2722/1501 
f 4460/3807 2722/1501 2727/1507 
f 4460/3807 2727/1507 4355/3809 
f 4460/3807 4355/3809 2778/1563 
f 4460/3807 2778/1563 2777/1562 
f 4462/3810 4463/3811 2427/3812 
f 4462/3810 2427/3812 4180/3813 
f 4462/3810 4180/3813 2368/3814 
f 4462/3810 2368/3814 4464/1502 
f 4462/3810 4464/1502 4461/3808 
f 4462/3810 4461/3808 2776/1561 
f 4462/3810 2776/1561 4463/3811 
f 4465/3815 4464/1502 2368/3814 
f 4465/3815 2368/3814 2367/3816 
f 4465/3815 2367/3816 2366/3817 
f 4465/3815 2366/3817 4466/3818 
f 4465/3815 4466/3818 2723/1503 
f 4465/3815 2723/1503 2721/1500 
f 4465/3815 2721/1500 4464/1502 
f 4467/3819 2724/1504 2723/1503 
f 4467/3819 2730/1510 2729/1509 
f 4467/3819 2729/1509 2735/1515 
f 4467/3819 2735/1515 4468/3820 
f 4467/3819 4468/3820 2725/1505 
f 4467/3819 2725/1505 2724/1504 
f 4469/3821 4466/3818 2366/3817 
f 4469/3821 2366/3817 4187/3822 
f 4469/3821 4187/3822 2377/3823 
f 4469/3821 2377/3823 2730/1510 
f 4469/3821 2730/1510 4467/3819 
f 4469/3821 4467/3819 2723/1503 
f 4469/3821 2723/1503 4466/3818 
f 4470/3824 2730/1510 2377/3823 
f 4470/3824 2377/3823 2376/3825 
f 4470/3824 2376/3825 2375/3756 
f 4470/3824 2375/3756 4431/3755 
f 4470/3824 4431/3755 2731/1511 
f 4470/3824 2731/1511 2728/1508 
f 4470/3824 2728/1508 2730/1510 
f 4471/1517 2785/3826 2784/3827 
f 4471/1517 2736/1516 2742/1523 
f 4471/1517 2742/1523 4472/3828 
f 4471/1517 4472/3828 2786/3829 
f 4471/1517 2786/3829 2785/3826 
f 4473/3830 2784/3827 2436/3831 
f 4473/3830 2436/3831 4194/3832 
f 4473/3830 4194/3832 2386/3833 
f 4473/3830 4471/1517 2784/3827 
f 4474/3834 4473/3830 2386/3833 
f 4474/3834 2386/3833 2385/3835 
f 4474/3834 2385/3835 2384/3765 
f 4474/3834 2384/3765 2738/1519 
f 4474/3834 2738/1519 2737/1518 
f 4474/3834 2737/1518 4471/1517 
f 4474/3834 4471/1517 4473/3830 
f 4475/1525 2793/1579 2792/1578 
f 4475/1525 2792/1578 4477/3836 
f 4475/1525 4477/3836 2744/1526 
f 4475/1525 2748/1531 4476/3837 
f 4475/1525 4476/3837 2794/1580 
f 4475/1525 2794/1580 2793/1579 
f 4477/3836 2792/1578 2443/3838 
f 4477/3836 2443/3838 4200/3839 
f 4477/3836 4200/3839 2395/3840 
f 4477/3836 2395/3840 4478/3841 
f 4477/3836 4478/3841 2744/1526 
f 4479/1527 4478/3841 2395/3840 
f 4479/1527 2395/3840 2394/3842 
f 4479/1527 2394/3842 2393/3774 
f 4479/1527 2393/3774 4442/3773 
f 4479/1527 4442/3773 2745/1528 
f 4479/1527 2744/1526 4478/3841 
f 4480/3843 2801/1587 2800/1586 
f 4480/3843 2800/1586 4481/3844 
f 4480/3843 4481/3844 4485/1534 
f 4480/3843 4485/1534 2750/1533 
f 4480/3843 2750/1533 2755/1539 
f 4480/3843 2755/1539 4482/3845 
f 4480/3843 4482/3845 2802/1588 
f 4480/3843 2802/1588 2801/1587 
f 4483/3846 4484/3847 2451/3848 
f 4483/3846 2451/3848 4206/3849 
f 4483/3846 4206/3849 2404/3850 
f 4483/3846 2404/3850 4485/1534 
f 4483/3846 4485/1534 4481/3844 
f 4483/3846 4481/3844 2800/1586 
f 4483/3846 2800/1586 4484/3847 
f 4486/3851 4485/1534 2404/3850 
f 4486/3851 2404/3850 2403/3852 
f 4486/3851 2403/3852 2402/3786 
f 4486/3851 2402/3786 4448/3785 
f 4486/3851 4448/3785 2751/1535 
f 4486/3851 2751/1535 2749/1532 
f 4486/3851 2749/1532 4485/1534 
f 4487/3853 2808/3854 4488/3855 
f 4487/3853 4488/3855 2758/1542 
f 4487/3853 2758/1542 2757/1541 
f 4487/3853 2757/1541 2763/1548 
f 4487/3853 2763/1548 4489/3856 
f 4487/3853 4489/3856 2809/3857 
f 4487/3853 2809/3857 2808/3854 
f 4490/3858 4491/3859 2460/3860 
f 4490/3858 2460/3860 4213/3861 
f 4490/3858 4213/3861 2413/3862 
f 4490/3858 2413/3862 4492/3863 
f 4490/3858 4492/3863 2758/1542 
f 4490/3858 2758/1542 4488/3855 
f 4490/3858 4488/3855 2808/3854 
f 4490/3858 2808/3854 4491/3859 
f 4493/3864 4492/3863 2413/3862 
f 4493/3864 2413/3862 2412/3865 
f 4493/3864 2412/3865 2411/3794 
f 4493/3864 2411/3794 4453/1544 
f 4493/3864 4453/1544 2759/1543 
f 4493/3864 2759/1543 2758/1542 
f 4493/3864 2758/1542 4492/3863 
f 4494/3866 2816/1603 2815/1602 
f 4494/3866 2815/1602 4496/3867 
f 4494/3866 4496/3867 2766/1551 
f 4494/3866 2766/1551 2765/1550 
f 4494/3866 2765/1550 2771/1556 
f 4494/3866 2771/1556 4495/3868 
f 4494/3866 4495/3868 2817/1604 
f 4494/3866 2817/1604 2816/1603 
f 4496/3867 4497/3869 2468/3870 
f 4496/3867 2468/3870 4219/3871 
f 4496/3867 4219/3871 2421/3872 
f 4496/3867 2421/3872 4498/3873 
f 4496/3867 4498/3873 2766/1551 
f 4496/3867 2815/1602 4497/3869 
f 4499/3874 4498/3873 2421/3872 
f 4499/3874 2421/3872 2420/3875 
f 4499/3874 2420/3875 2419/3801 
f 4499/3874 2419/3801 2767/1552 
f 4499/3874 2767/1552 2764/1549 
f 4499/3874 2764/1549 2766/1551 
f 4499/3874 2766/1551 4498/3873 
f 4500/3876 2823/1609 2822/1608 
f 4500/3876 2822/1608 4501/3877 
f 4500/3876 4501/3877 2774/1559 
f 4500/3876 2774/1559 2773/1558 
f 4500/3876 2773/1558 2780/1565 
f 4500/3876 2780/1565 4502/3878 
f 4500/3876 4502/3878 2824/1610 
f 4500/3876 2824/1610 2823/1609 
f 4503/3879 4504/3880 2477/3881 
f 4503/3879 2477/3881 4226/3882 
f 4503/3879 4226/3882 2429/3883 
f 4503/3879 2429/3883 4505/3884 
f 4503/3879 4505/3884 2774/1559 
f 4503/3879 2774/1559 4501/3877 
f 4503/3879 4501/3877 2822/1608 
f 4503/3879 2822/1608 4504/3880 
f 4506/3885 4505/3884 2429/3883 
f 4506/3885 2429/3883 2428/3886 
f 4506/3885 2428/3886 2427/3812 
f 4506/3885 2427/3812 4463/3811 
f 4506/3885 4463/3811 2776/1561 
f 4506/3885 2776/1561 2775/1560 
f 4506/3885 2775/1560 2774/1559 
f 4506/3885 2774/1559 4505/3884 
f 4507/3887 2320/1094 2319/1093 
f 4507/3887 2319/1093 4508/3888 
f 4507/3887 4508/3888 2783/1568 
f 4507/3887 2783/1568 2782/1567 
f 4507/3887 2782/1567 2788/1574 
f 4507/3887 2788/1574 4509/3889 
f 4507/3887 4509/3889 2321/1095 
f 4507/3887 2321/1095 2320/1094 
f 4510/3890 4146/3291 2486/3290 
f 4510/3890 2486/3290 4232/3891 
f 4510/3890 4232/3891 2438/3892 
f 4510/3890 2438/3892 2783/1568 
f 4510/3890 2783/1568 4508/3888 
f 4510/3890 4508/3888 2319/1093 
f 4510/3890 2319/1093 4146/3291 
f 4511/1569 2783/1568 2438/3892 
f 4511/1569 2438/3892 2437/3893 
f 4511/1569 2437/3893 2436/3894 
f 4511/1569 2436/3894 2784/1570 
f 4512/3895 2603/1378 4364/1377 
f 4512/3895 4364/1377 4514/3896 
f 4512/3895 4514/3896 2791/1577 
f 4512/3895 2791/1577 2790/1576 
f 4512/3895 2790/1576 2796/1582 
f 4512/3895 2796/1582 4513/3897 
f 4512/3895 4513/3897 2604/1379 
f 4512/3895 2604/1379 2603/1378 
f 4514/3896 4364/1377 2495/3640 
f 4514/3896 2495/3640 4238/3898 
f 4514/3896 4238/3898 2445/3899 
f 4514/3896 2445/3899 4515/3900 
f 4514/3896 4515/3900 2791/1577 
f 4516/3901 4515/3900 2445/3899 
f 4516/3901 2445/3899 2444/3902 
f 4516/3901 2444/3902 2443/3838 
f 4516/3901 2443/3838 2792/1578 
f 4516/3901 2792/1578 2789/1575 
f 4516/3901 2789/1575 2791/1577 
f 4516/3901 2791/1577 4515/3900 
f 4517/3903 2610/1384 2609/1383 
f 4517/3903 2799/1585 2798/1584 
f 4517/3903 2798/1584 2804/1590 
f 4517/3903 2804/1590 4518/3904 
f 4517/3903 4518/3904 2611/1385 
f 4517/3903 2611/1385 2610/1384 
f 4519/3905 4370/3652 2504/3651 
f 4519/3905 2504/3651 4245/3906 
f 4519/3905 4245/3906 2453/3907 
f 4519/3905 2453/3907 4520/3908 
f 4519/3905 4520/3908 2799/1585 
f 4519/3905 2799/1585 4517/3903 
f 4519/3905 4517/3903 2609/1383 
f 4519/3905 2609/1383 4370/3652 
f 4521/3909 4520/3908 2453/3907 
f 4521/3909 2453/3907 2452/3910 
f 4521/3909 2452/3910 2451/3848 
f 4521/3909 2451/3848 4484/3847 
f 4521/3909 4484/3847 2800/1586 
f 4521/3909 2800/1586 2797/1583 
f 4521/3909 2797/1583 2799/1585 
f 4521/3909 2799/1585 4520/3908 
f 4522/3911 2615/1389 4523/3912 
f 4522/3911 4523/3912 2806/1592 
f 4522/3911 2806/1592 2811/1597 
f 4522/3911 2811/1597 4524/3913 
f 4522/3911 4524/3913 2616/1390 
f 4522/3911 2616/1390 2615/1389 
f 4525/3914 4375/3662 2512/3661 
f 4525/3914 2512/3661 4252/3915 
f 4525/3914 4252/3915 2462/3916 
f 4525/3914 2462/3916 4526/3917 
f 4525/3914 4526/3917 2806/1592 
f 4525/3914 2806/1592 4523/3912 
f 4525/3914 4523/3912 2615/1389 
f 4525/3914 2615/1389 4375/3662 
f 4527/3918 4526/3917 2462/3916 
f 4527/3918 2462/3916 2461/3919 
f 4527/3918 2461/3919 2460/3920 
f 4527/3918 2460/3920 4491/3921 
f 4527/3918 4491/3921 2808/1594 
f 4527/3918 2808/1594 2807/1593 
f 4527/3918 2807/1593 2806/1592 
f 4527/3918 2806/1592 4526/3917 
f 4528/3922 2623/1397 2622/1396 
f 4528/3922 4531/1600 2813/1599 
f 4528/3922 2813/1599 2819/1606 
f 4528/3922 2819/1606 4529/3923 
f 4528/3922 4529/3923 2624/1398 
f 4528/3922 2624/1398 2623/1397 
f 4530/3924 4382/3674 2521/3673 
f 4530/3924 2521/3673 4259/3925 
f 4530/3924 4259/3925 2470/3926 
f 4530/3924 2470/3926 4531/1600 
f 4530/3924 4531/1600 4528/3922 
f 4530/3924 4528/3922 2622/1396 
f 4530/3924 2622/1396 4382/3674 
f 4532/3927 4531/1600 2470/3926 
f 4532/3927 2470/3926 2469/3928 
f 4532/3927 2469/3928 2468/3870 
f 4532/3927 2468/3870 4497/3869 
f 4532/3927 4497/3869 2815/1602 
f 4532/3927 2815/1602 2814/1601 
f 4532/3927 2814/1601 4531/1600 
f 4533/3929 2821/3930 2820/1607 
f 4533/3929 2820/1607 2826/1612 
f 4533/3929 2826/1612 4534/3931 
f 4533/3929 4534/3931 2631/1405 
f 4533/3929 2631/1405 2630/1404 
f 4535/3932 4390/3689 2530/3688 
f 4535/3932 2530/3688 4266/3933 
f 4535/3932 4266/3933 2479/3934 
f 4535/3932 2821/3930 4533/3929 
f 4535/3932 4533/3929 2630/1404 
f 4535/3932 2630/1404 4390/3689 
f 4536/3935 4535/3932 2479/3934 
f 4536/3935 2479/3934 2478/3936 
f 4536/3935 2478/3936 2477/3881 
f 4536/3935 2477/3881 4504/3880 
f 4536/3935 4504/3880 2822/1608 
f 4536/3935 2822/1608 2820/1607 
f 4536/3935 2820/1607 2821/3930 
f 4536/3935 2821/3930 4535/3932 
f 4537/3937 3093/3938 4538/3939 
f 4537/3937 4538/3939 2831/1614 
f 4537/3937 2831/1614 4539/3940 
f 4537/3937 4539/3940 3093/3938 
f 4538/3939 4540/3941 3014/3942 
f 4538/3939 3014/3942 4541/3943 
f 4538/3939 4541/3943 2971/3944 
f 4538/3939 2971/3944 4542/3945 
f 4538/3939 4542/3945 2831/1614 
f 4538/3939 3093/3938 4540/3941 
f 4543/1615 4542/3945 2971/3944 
f 4543/1615 2971/3944 2970/3946 
f 4543/1615 2970/3946 2969/3947 
f 4543/1615 2969/3947 4544/3948 
f 4543/1615 4544/3948 2828/1616 
f 4543/1615 2831/1614 4542/3945 
f 4545/3949 2595/1368 2594/1367 
f 4545/3949 2594/1367 4546/3950 
f 4545/3949 4546/3950 2833/1620 
f 4545/3949 2833/1620 2837/1626 
f 4545/3949 2837/1626 4547/3951 
f 4545/3949 4547/3951 2596/1369 
f 4545/3949 2596/1369 2595/1368 
f 4548/3952 4358/3630 2725/3629 
f 4548/3952 2725/3629 4468/3953 
f 4548/3952 4468/3953 2735/3954 
f 4548/3952 2735/3954 4549/3955 
f 4548/3952 4549/3955 2833/1620 
f 4548/3952 2833/1620 4546/3950 
f 4548/3952 4546/3950 2594/1367 
f 4548/3952 2594/1367 4358/3630 
f 4550/1621 4549/3955 2735/3954 
f 4550/1621 2735/3954 2734/3956 
f 4550/1621 2734/3956 2733/3957 
f 4550/1621 2733/3957 4551/1622 
f 4550/1621 2833/1620 4549/3955 
f 4552/3958 2885/1679 4553/3959 
f 4552/3958 4553/3959 2840/1629 
f 4552/3958 2840/1629 2839/1628 
f 4552/3958 2839/1628 2846/1635 
f 4552/3958 2846/1635 4554/3960 
f 4552/3958 4554/3960 2886/1680 
f 4552/3958 2886/1680 2885/1679 
f 4555/3961 4556/3962 2786/3963 
f 4555/3961 2786/3963 4472/3964 
f 4555/3961 4472/3964 2742/3965 
f 4555/3961 2742/3965 4557/3966 
f 4555/3961 4557/3966 2840/1629 
f 4555/3961 2840/1629 4553/3959 
f 4555/3961 4553/3959 2885/1679 
f 4555/3961 2885/1679 4556/3962 
f 4558/3967 4557/3966 2742/3965 
f 4558/3967 2742/3965 2741/3968 
f 4558/3967 2741/3968 2740/3969 
f 4558/3967 2740/3969 4559/3970 
f 4558/3967 4559/3970 2842/1631 
f 4558/3967 2842/1631 2841/1630 
f 4558/3967 2841/1630 2840/1629 
f 4558/3967 2840/1629 4557/3966 
f 4560/3971 2893/1687 2892/1686 
f 4560/3971 2848/1637 2853/1643 
f 4560/3971 2853/1643 4561/3972 
f 4560/3971 4561/3972 2894/1688 
f 4560/3971 2894/1688 2893/1687 
f 4562/3973 4563/3974 2794/3975 
f 4562/3973 2794/3975 4476/3976 
f 4562/3973 4476/3976 2748/3977 
f 4562/3973 2748/3977 4564/3978 
f 4562/3973 4564/3978 2848/1637 
f 4562/3973 2848/1637 4560/3971 
f 4562/3973 4560/3971 2892/1686 
f 4562/3973 2892/1686 4563/3974 
f 4565/1638 4564/3978 2748/3977 
f 4565/1638 2748/3977 2747/3979 
f 4565/1638 2747/3979 2746/3980 
f 4565/1638 2746/3980 4566/3981 
f 4565/1638 4566/3981 2849/1639 
f 4565/1638 2848/1637 4564/3978 
f 4567/3982 2900/1695 4570/1694 
f 4567/3982 4570/1694 4569/3983 
f 4567/3982 4569/3983 2856/1646 
f 4567/3982 2856/1646 2855/1645 
f 4567/3982 2855/1645 2861/1652 
f 4567/3982 2861/1652 4568/3984 
f 4567/3982 4568/3984 2901/1696 
f 4567/3982 2901/1696 2900/1695 
f 4569/3983 4570/1694 2802/3985 
f 4569/3983 2802/3985 4482/3986 
f 4569/3983 4482/3986 2755/3987 
f 4569/3983 2755/3987 4571/3988 
f 4569/3983 4571/3988 2856/1646 
f 4572/1647 4571/3988 2755/3987 
f 4572/1647 2755/3987 2754/3989 
f 4572/1647 2754/3989 2753/3990 
f 4572/1647 2753/3990 4573/3991 
f 4572/1647 4573/3991 2857/1648 
f 4572/1647 2856/1646 4571/3988 
f 4574/3992 2908/1703 2907/1702 
f 4574/3992 2907/1702 4575/3993 
f 4574/3992 4575/3993 2863/1654 
f 4574/3992 2863/1654 2868/1659 
f 4574/3992 2868/1659 4576/3994 
f 4574/3992 4576/3994 2909/1704 
f 4574/3992 2909/1704 2908/1703 
f 4575/3993 4577/3995 2809/3996 
f 4575/3993 2809/3996 4489/3997 
f 4575/3993 4489/3997 2763/3998 
f 4575/3993 2763/3998 4578/3999 
f 4575/3993 4578/3999 2863/1654 
f 4575/3993 2907/1702 4577/3995 
f 4579/4000 4578/3999 2763/3998 
f 4579/4000 2763/3998 2762/4001 
f 4579/4000 2762/4001 2761/4002 
f 4579/4000 2761/4002 4580/4003 
f 4579/4000 4580/4003 2865/1656 
f 4579/4000 2865/1656 2864/1655 
f 4579/4000 2864/1655 2863/1654 
f 4579/4000 2863/1654 4578/3999 
f 4581/4004 2916/1711 4583/4005 
f 4581/4004 4583/4005 2870/1661 
f 4581/4004 2870/1661 2876/1667 
f 4581/4004 2876/1667 4582/4006 
f 4581/4004 4582/4006 2917/1712 
f 4581/4004 2917/1712 2916/1711 
f 4583/4005 4584/4007 2817/4008 
f 4583/4005 2817/4008 4495/4009 
f 4583/4005 4495/4009 2771/4010 
f 4583/4005 2771/4010 4585/4011 
f 4583/4005 4585/4011 2870/1661 
f 4583/4005 2916/1711 4584/4007 
f 4586/4012 4585/4011 2771/4010 
f 4586/4012 2771/4010 2770/4013 
f 4586/4012 2770/4013 2769/4014 
f 4586/4012 2769/4014 4587/4015 
f 4586/4012 4587/4015 2872/1663 
f 4586/4012 2872/1663 2871/1662 
f 4586/4012 2871/1662 2870/1661 
f 4586/4012 2870/1661 4585/4011 
f 4588/4016 2923/1719 2922/1718 
f 4588/4016 2922/1718 4589/4017 
f 4588/4016 4589/4017 2878/1669 
f 4588/4016 2878/1669 2882/1675 
f 4588/4016 2882/1675 4590/4018 
f 4588/4016 4590/4018 2924/1720 
f 4588/4016 2924/1720 2923/1719 
f 4589/4017 4591/4019 2824/4020 
f 4589/4017 2824/4020 4502/4021 
f 4589/4017 4502/4021 2780/4022 
f 4589/4017 2780/4022 4592/4023 
f 4589/4017 4592/4023 2878/1669 
f 4589/4017 2922/1718 4591/4019 
f 4593/1670 4592/4023 2780/4022 
f 4593/1670 2780/4022 2779/4024 
f 4593/1670 2779/4024 2778/3623 
f 4593/1670 2778/3623 4354/1671 
f 4593/1670 2878/1669 4592/4023 
f 4594/4025 2930/1725 2929/1724 
f 4594/4025 2929/1724 4595/4026 
f 4594/4025 4595/4026 2884/1677 
f 4594/4025 2884/1677 2888/1682 
f 4594/4025 2888/1682 4596/4027 
f 4594/4025 4596/4027 2931/1726 
f 4594/4025 2931/1726 2930/1725 
f 4595/4026 4597/4028 2321/4029 
f 4595/4026 2321/4029 4509/4030 
f 4595/4026 4509/4030 2788/4031 
f 4595/4026 2788/4031 4598/1678 
f 4595/4026 4598/1678 2884/1677 
f 4595/4026 2929/1724 4597/4028 
f 4598/1678 2788/4031 2787/4032 
f 4598/1678 2787/4032 2786/3963 
f 4598/1678 2786/3963 4556/3962 
f 4598/1678 4556/3962 2885/1679 
f 4599/4033 2938/1734 4601/4034 
f 4599/4033 4601/4034 2890/1684 
f 4599/4033 2890/1684 2896/1690 
f 4599/4033 2896/1690 4600/4035 
f 4599/4033 4600/4035 2939/1735 
f 4599/4033 2939/1735 2938/1734 
f 4601/4034 4602/4036 2604/4037 
f 4601/4034 2604/4037 4513/4038 
f 4601/4034 4513/4038 2796/4039 
f 4601/4034 2796/4039 4603/4040 
f 4601/4034 4603/4040 2890/1684 
f 4601/4034 2938/1734 4602/4036 
f 4604/4041 4603/4040 2796/4039 
f 4604/4041 2796/4039 2795/4042 
f 4604/4041 2795/4042 2794/3975 
f 4604/4041 2794/3975 4563/3974 
f 4604/4041 4563/3974 2892/1686 
f 4604/4041 2892/1686 2891/1685 
f 4604/4041 2891/1685 2890/1684 
f 4604/4041 2890/1684 4603/4040 
f 4605/4043 2946/1742 2945/1741 
f 4605/4043 2945/1741 4606/4044 
f 4605/4043 4606/4044 2898/1692 
f 4605/4043 2898/1692 2903/1698 
f 4605/4043 2903/1698 4607/4045 
f 4605/4043 4607/4045 2947/1743 
f 4605/4043 2947/1743 2946/1742 
f 4606/4044 4608/4046 2611/4047 
f 4606/4044 2611/4047 4518/4048 
f 4606/4044 4518/4048 2804/4049 
f 4606/4044 2804/4049 4609/4050 
f 4606/4044 4609/4050 2898/1692 
f 4606/4044 2945/1741 4608/4046 
f 2899/1693 4609/4050 2804/4049 
f 2899/1693 2804/4049 2803/4051 
f 2899/1693 2803/4051 2802/3985 
f 2899/1693 2802/3985 4570/1694 
f 2899/1693 2898/1692 4609/4050 
f 4610/4052 2953/1749 4611/4053 
f 4610/4052 4611/4053 2905/1700 
f 4610/4052 2905/1700 2911/1706 
f 4610/4052 2911/1706 4612/4054 
f 4610/4052 4612/4054 2954/1750 
f 4610/4052 2954/1750 2953/1749 
f 4613/4055 4614/4056 2616/4057 
f 4613/4055 2616/4057 4524/4058 
f 4613/4055 4524/4058 2811/4059 
f 4613/4055 2811/4059 4615/4060 
f 4613/4055 4615/4060 2905/1700 
f 4613/4055 2905/1700 4611/4053 
f 4613/4055 4611/4053 2953/1749 
f 4613/4055 2953/1749 4614/4056 
f 2906/1701 4615/4060 2811/4059 
f 2906/1701 2811/4059 2810/4061 
f 2906/1701 2810/4061 2809/3996 
f 2906/1701 2809/3996 4577/3995 
f 2906/1701 4577/3995 2907/1702 
f 2906/1701 2905/1700 4615/4060 
f 4616/4062 2961/1757 2960/1756 
f 4616/4062 2960/1756 4617/4063 
f 4616/4062 4617/4063 2914/1709 
f 4616/4062 2914/1709 2913/1708 
f 4616/4062 2913/1708 2919/1714 
f 4616/4062 2919/1714 4618/4064 
f 4616/4062 4618/4064 2962/1758 
f 4616/4062 2962/1758 2961/1757 
f 4619/4065 4620/4066 2624/4067 
f 4619/4065 2624/4067 4529/4068 
f 4619/4065 4529/4068 2819/4069 
f 4619/4065 2819/4069 4621/4070 
f 4619/4065 4621/4070 2914/1709 
f 4619/4065 2914/1709 4617/4063 
f 4619/4065 4617/4063 2960/1756 
f 4619/4065 2960/1756 4620/4066 
f 4622/4071 4621/4070 2819/4069 
f 4622/4071 2819/4069 2818/4072 
f 4622/4071 2818/4072 2817/4008 
f 4622/4071 2817/4008 4584/4007 
f 4622/4071 4584/4007 2916/1711 
f 4622/4071 2916/1711 2915/1710 
f 4622/4071 2915/1710 2914/1709 
f 4622/4071 2914/1709 4621/4070 
f 4623/4073 2921/1716 2926/1722 
f 4623/4073 2926/1722 4624/4074 
f 4623/4073 4624/4074 2969/1765 
f 4623/4073 2969/1765 2968/1764 
f 4625/4075 4626/4076 2631/4077 
f 4625/4075 2631/4077 4534/4078 
f 4625/4075 4534/4078 2826/4079 
f 4625/4075 2921/1716 4623/4073 
f 4625/4075 4623/4073 2968/1764 
f 4625/4075 2968/1764 4626/4076 
f 4627/1717 4625/4075 2826/4079 
f 4627/1717 2826/4079 2825/4080 
f 4627/1717 2825/4080 2824/4020 
f 4627/1717 2824/4020 4591/4019 
f 4627/1717 4591/4019 2922/1718 
f 4627/1717 2921/1716 4625/4075 
f 4628/4081 2976/1772 2975/1771 
f 4628/4081 2928/1729 2933/1728 
f 4628/4081 2933/1728 4629/4082 
f 4628/4081 4629/4082 2977/1773 
f 4628/4081 2977/1773 2976/1772 
f 4630/4083 4631/4084 2637/4085 
f 4630/4083 2637/4085 4140/4086 
f 4630/4083 4140/4086 2323/4087 
f 4630/4083 2323/4087 4632/4088 
f 4630/4083 4632/4088 2928/1729 
f 4630/4083 2928/1729 4628/4081 
f 4630/4083 4628/4081 2975/1771 
f 4630/4083 2975/1771 4631/4084 
f 4632/4088 2323/4087 2322/4089 
f 4632/4088 2322/4089 2321/4029 
f 4632/4088 2321/4029 4597/4028 
f 4632/4088 4597/4028 2929/1724 
f 4632/4088 2929/1724 2927/1723 
f 4632/4088 2927/1723 2928/1729 
f 4633/4090 2984/1781 2983/1780 
f 4633/4090 2983/1780 4634/4091 
f 4633/4090 4634/4091 2936/1732 
f 4633/4090 2936/1732 2935/1731 
f 4633/4090 2935/1731 2941/1737 
f 4633/4090 2941/1737 4635/4092 
f 4633/4090 4635/4092 2985/1782 
f 4633/4090 2985/1782 2984/1781 
f 4636/4093 4637/4094 2645/4095 
f 4636/4093 2645/4095 4360/4096 
f 4636/4093 4360/4096 2606/4097 
f 4636/4093 2606/4097 4638/4098 
f 4636/4093 4638/4098 2936/1732 
f 4636/4093 2936/1732 4634/4091 
f 4636/4093 4634/4091 2983/1780 
f 4636/4093 2983/1780 4637/4094 
f 4639/4099 4638/4098 2606/4097 
f 4639/4099 2606/4097 2605/4100 
f 4639/4099 2605/4100 2604/4037 
f 4639/4099 2604/4037 4602/4036 
f 4639/4099 4602/4036 2938/1734 
f 4639/4099 2938/1734 2937/1733 
f 4639/4099 2937/1733 2936/1732 
f 4639/4099 2936/1732 4638/4098 
f 4640/4101 2943/1739 2949/1745 
f 4640/4101 2949/1745 4641/4102 
f 4640/4101 4641/4102 2992/1789 
f 4640/4101 2992/1789 2991/1788 
f 4642/4103 4643/4104 2652/4105 
f 4642/4103 2652/4105 4366/4106 
f 4642/4103 4366/4106 2613/4107 
f 4642/4103 2613/4107 4644/4108 
f 4642/4103 4644/4108 2943/1739 
f 4642/4103 2943/1739 4640/4101 
f 4642/4103 4640/4101 2991/1788 
f 4642/4103 2991/1788 4643/4104 
f 4645/4109 4644/4108 2613/4107 
f 4645/4109 2613/4107 2612/4110 
f 4645/4109 2612/4110 2611/4047 
f 4645/4109 2611/4047 4608/4046 
f 4645/4109 4608/4046 2945/1741 
f 4645/4109 2945/1741 2944/1740 
f 4645/4109 2944/1740 2943/1739 
f 4645/4109 2943/1739 4644/4108 
f 4646/4111 2999/1796 2998/1795 
f 4646/4111 2951/1747 2956/1752 
f 4646/4111 2956/1752 4647/4112 
f 4646/4111 4647/4112 3000/1797 
f 4646/4111 3000/1797 2999/1796 
f 4648/4113 4649/4114 2660/4115 
f 4648/4113 2660/4115 4372/4116 
f 4648/4113 4372/4116 2618/4117 
f 4648/4113 2618/4117 4650/4118 
f 4648/4113 4650/4118 2951/1747 
f 4648/4113 2951/1747 4646/4111 
f 4648/4113 4646/4111 2998/1795 
f 4648/4113 2998/1795 4649/4114 
f 4651/4119 4650/4118 2618/4117 
f 4651/4119 2618/4117 2617/4120 
f 4651/4119 2617/4120 2616/4057 
f 4651/4119 2616/4057 4614/4056 
f 4651/4119 4614/4056 2953/1749 
f 4651/4119 2953/1749 2952/1748 
f 4651/4119 2952/1748 2951/1747 
f 4651/4119 2951/1747 4650/4118 
f 4652/4121 2959/1755 2958/1754 
f 4652/4121 2958/1754 2964/1760 
f 4652/4121 2964/1760 4653/4122 
f 4652/4121 4653/4122 3006/1804 
f 4652/4121 3006/1804 3005/1803 
f 4654/4123 4655/4124 2667/4125 
f 4654/4123 2667/4125 4378/4126 
f 4654/4123 4378/4126 2626/4127 
f 4654/4123 2626/4127 4656/4128 
f 4654/4123 4656/4128 2959/1755 
f 4654/4123 2959/1755 4652/4121 
f 4654/4123 4652/4121 3005/1803 
f 4654/4123 3005/1803 4655/4124 
f 4657/4129 4656/4128 2626/4127 
f 4657/4129 2626/4127 2625/4130 
f 4657/4129 2625/4130 2624/4067 
f 4657/4129 2624/4067 4620/4066 
f 4657/4129 4620/4066 2960/1756 
f 4657/4129 2960/1756 2957/1753 
f 4657/4129 2957/1753 2959/1755 
f 4657/4129 2959/1755 4656/4128 
f 4658/4131 3013/1811 3012/1810 
f 4658/4131 3012/1810 4659/4132 
f 4658/4131 4659/4132 2966/1762 
f 4658/4131 2966/1762 2971/1767 
f 4658/4131 2971/1767 4541/4133 
f 4658/4131 4541/4133 3014/1812 
f 4658/4131 3014/1812 3013/1811 
f 4659/4132 4660/4134 2674/4135 
f 4659/4132 2674/4135 4385/4136 
f 4659/4132 4385/4136 2633/4137 
f 4659/4132 2633/4137 4661/4138 
f 4659/4132 4661/4138 2966/1762 
f 4659/4132 3012/1810 4660/4134 
f 4662/4139 4661/4138 2633/4137 
f 4662/4139 2633/4137 2632/4140 
f 4662/4139 2632/4140 2631/4077 
f 4662/4139 2631/4077 4626/4076 
f 4662/4139 4626/4076 2968/1764 
f 4662/4139 2968/1764 2967/1763 
f 4662/4139 2967/1763 2966/1762 
f 4662/4139 2966/1762 4661/4138 
f 4663/4141 3020/1817 3019/1816 
f 4663/4141 2973/1769 2979/1775 
f 4663/4141 2979/1775 4664/4142 
f 4663/4141 4664/4142 3021/1818 
f 4663/4141 3021/1818 3020/1817 
f 4665/4143 4666/4144 2682/4145 
f 4665/4143 2682/4145 4393/4146 
f 4665/4143 4393/4146 2639/4147 
f 4665/4143 2639/4147 4667/4148 
f 4665/4143 4667/4148 2973/1769 
f 4665/4143 2973/1769 4663/4141 
f 4665/4143 4663/4141 3019/1816 
f 4665/4143 3019/1816 4666/4144 
f 4668/4149 4667/4148 2639/4147 
f 4668/4149 2639/4147 2638/4150 
f 4668/4149 2638/4150 2637/4085 
f 4668/4149 2637/4085 4631/4084 
f 4668/4149 4631/4084 2975/1771 
f 4668/4149 2975/1771 2974/1770 
f 4668/4149 2974/1770 2973/1769 
f 4668/4149 2973/1769 4667/4148 
f 4669/4151 3027/1824 3026/1823 
f 4669/4151 3026/1823 4670/4152 
f 4669/4151 4670/4152 2982/1778 
f 4669/4151 2982/1778 2981/1777 
f 4669/4151 2981/1777 2987/1784 
f 4669/4151 2987/1784 4671/4153 
f 4669/4151 4671/4153 3028/1825 
f 4669/4151 3028/1825 3027/1824 
f 4672/4154 4673/4155 2690/4156 
f 4672/4154 2690/4156 4397/4157 
f 4672/4154 4397/4157 2647/4158 
f 4672/4154 2647/4158 4674/4159 
f 4672/4154 4674/4159 2982/1778 
f 4672/4154 2982/1778 4670/4152 
f 4672/4154 4670/4152 3026/1823 
f 4672/4154 3026/1823 4673/4155 
f 4675/1779 4674/4159 2647/4158 
f 4675/1779 2647/4158 2646/4160 
f 4675/1779 2646/4160 2645/4095 
f 4675/1779 2645/4095 4637/4094 
f 4675/1779 4637/4094 2983/1780 
f 4675/1779 2982/1778 4674/4159 
f 4676/4161 3036/1834 3035/1833 
f 4676/4161 3035/1833 4677/4162 
f 4676/4161 4677/4162 2989/1786 
f 4676/4161 2989/1786 2994/1791 
f 4676/4161 2994/1791 4678/4163 
f 4676/4161 4678/4163 3037/1835 
f 4676/4161 3037/1835 3036/1834 
f 4677/4162 4679/4164 2697/4165 
f 4677/4162 2697/4165 4404/4166 
f 4677/4162 4404/4166 2654/4167 
f 4677/4162 2654/4167 4680/4168 
f 4677/4162 4680/4168 2989/1786 
f 4677/4162 3035/1833 4679/4164 
f 4681/4169 4680/4168 2654/4167 
f 4681/4169 2654/4167 2653/4170 
f 4681/4169 2653/4170 2652/4105 
f 4681/4169 2652/4105 4643/4104 
f 4681/4169 4643/4104 2991/1788 
f 4681/4169 2991/1788 2990/1787 
f 4681/4169 2990/1787 2989/1786 
f 4681/4169 2989/1786 4680/4168 
f 4682/4171 3043/1842 4685/1841 
f 4682/4171 4685/1841 2996/1793 
f 4682/4171 2996/1793 3002/1799 
f 4682/4171 3002/1799 4683/4172 
f 4682/4171 4683/4172 3044/1843 
f 4682/4171 3044/1843 3043/1842 
f 4684/4173 4685/1841 2705/4174 
f 4684/4173 2705/4174 4409/4175 
f 4684/4173 4409/4175 2662/4176 
f 4684/4173 2662/4176 4686/4177 
f 4684/4173 4686/4177 2996/1793 
f 4684/4173 2996/1793 4685/1841 
f 4687/4178 4686/4177 2662/4176 
f 4687/4178 2662/4176 2661/4179 
f 4687/4178 2661/4179 2660/4115 
f 4687/4178 2660/4115 4649/4114 
f 4687/4178 4649/4114 2998/1795 
f 4687/4178 2998/1795 2997/1794 
f 4687/4178 2997/1794 2996/1793 
f 4687/4178 2996/1793 4686/4177 
f 4688/4180 3051/1850 3050/1849 
f 4688/4180 3050/1849 4689/4181 
f 4688/4180 4689/4181 3004/1801 
f 4688/4180 3004/1801 3008/1806 
f 4688/4180 3008/1806 4690/4182 
f 4688/4180 4690/4182 3052/1851 
f 4688/4180 3052/1851 3051/1850 
f 4691/4183 4692/4184 2712/4185 
f 4691/4183 2712/4185 4416/4186 
f 4691/4183 4416/4186 2669/4187 
f 4691/4183 2669/4187 4693/4188 
f 4691/4183 4693/4188 3004/1801 
f 4691/4183 3004/1801 4689/4181 
f 4691/4183 4689/4181 3050/1849 
f 4691/4183 3050/1849 4692/4184 
f 4694/1802 4693/4188 2669/4187 
f 4694/1802 2669/4187 2668/4189 
f 4694/1802 2668/4189 2667/4125 
f 4694/1802 2667/4125 4655/4124 
f 4694/1802 4655/4124 3005/1803 
f 4694/1802 3004/1801 4693/4188 
f 4695/4190 3057/1857 4696/4191 
f 4695/4190 4696/4191 3010/1808 
f 4695/4190 3010/1808 3016/1814 
f 4695/4190 3016/1814 4697/4192 
f 4695/4190 4697/4192 3058/1858 
f 4695/4190 3058/1858 3057/1857 
f 4698/4193 4699/4194 2718/4195 
f 4698/4193 2718/4195 4423/4196 
f 4698/4193 4423/4196 2676/4197 
f 4698/4193 2676/4197 4700/4198 
f 4698/4193 4700/4198 3010/1808 
f 4698/4193 3010/1808 4696/4191 
f 4698/4193 4696/4191 3057/1857 
f 4698/4193 3057/1857 4699/4194 
f 4701/4199 4700/4198 2676/4197 
f 4701/4199 2676/4197 2675/4200 
f 4701/4199 2675/4200 2674/4135 
f 4701/4199 2674/4135 4660/4134 
f 4701/4199 4660/4134 3012/1810 
f 4701/4199 3012/1810 3011/1809 
f 4701/4199 3011/1809 3010/1808 
f 4701/4199 3010/1808 4700/4198 
f 4702/4201 2834/1623 4551/1622 
f 4702/4201 4551/1622 3018/1821 
f 4702/4201 3018/1821 3023/1820 
f 4702/4201 3023/1820 4703/4202 
f 4702/4201 4703/4202 2835/1624 
f 4702/4201 2835/1624 2834/1623 
f 4704/4203 4551/1622 2733/3957 
f 4704/4203 2733/3957 4429/4204 
f 4704/4203 4429/4204 2684/4205 
f 4704/4203 2684/4205 4705/4206 
f 4704/4203 4705/4206 3018/1821 
f 4704/4203 3018/1821 4551/1622 
f 4706/4207 4705/4206 2684/4205 
f 4706/4207 2684/4205 2683/4208 
f 4706/4207 2683/4208 2682/4145 
f 4706/4207 2682/4145 4666/4144 
f 4706/4207 4666/4144 3019/1816 
f 4706/4207 3019/1816 3017/1815 
f 4706/4207 3017/1815 3018/1821 
f 4706/4207 3018/1821 4705/4206 
f 4707/4209 2843/1632 2842/1631 
f 4707/4209 2842/1631 4708/4210 
f 4707/4209 4708/4210 3025/1828 
f 4707/4209 3025/1828 3030/1827 
f 4707/4209 3030/1827 4709/4211 
f 4707/4209 4709/4211 2844/1633 
f 4707/4209 2844/1633 2843/1632 
f 4710/4212 4559/3970 2740/3969 
f 4710/4212 2740/3969 4435/4213 
f 4710/4212 4435/4213 2692/4214 
f 4710/4212 2692/4214 4711/4215 
f 4710/4212 4711/4215 3025/1828 
f 4710/4212 3025/1828 4708/4210 
f 4710/4212 4708/4210 2842/1631 
f 4710/4212 2842/1631 4559/3970 
f 4712/4216 4711/4215 2692/4214 
f 4712/4216 2692/4214 2691/4217 
f 4712/4216 2691/4217 2690/4156 
f 4712/4216 2690/4156 4673/4155 
f 4712/4216 4673/4155 3026/1823 
f 4712/4216 3026/1823 3024/1822 
f 4712/4216 3024/1822 3025/1828 
f 4712/4216 3025/1828 4711/4215 
f 4713/4218 2850/1640 2849/1639 
f 4713/4218 3033/1831 3032/1830 
f 4713/4218 3032/1830 3039/1837 
f 4713/4218 3039/1837 4714/4219 
f 4713/4218 4714/4219 2851/1641 
f 4713/4218 2851/1641 2850/1640 
f 4715/4220 4566/3981 2746/3980 
f 4715/4220 2746/3980 4440/4221 
f 4715/4220 4440/4221 2699/4222 
f 4715/4220 2699/4222 4716/4223 
f 4715/4220 4716/4223 3033/1831 
f 4715/4220 3033/1831 4713/4218 
f 4715/4220 4713/4218 2849/1639 
f 4715/4220 2849/1639 4566/3981 
f 4717/4224 4716/4223 2699/4222 
f 4717/4224 2699/4222 2698/4225 
f 4717/4224 2698/4225 2697/4165 
f 4717/4224 2697/4165 4679/4164 
f 4717/4224 4679/4164 3035/1833 
f 4717/4224 3035/1833 3034/1832 
f 4717/4224 3034/1832 3033/1831 
f 4717/4224 3033/1831 4716/4223 
f 4718/4226 2858/1649 2857/1648 
f 4718/4226 2857/1648 4719/4227 
f 4718/4226 4719/4227 3042/1840 
f 4718/4226 3042/1840 3041/1839 
f 4718/4226 3041/1839 3046/1845 
f 4718/4226 3046/1845 4720/4228 
f 4718/4226 4720/4228 2859/1650 
f 4718/4226 2859/1650 2858/1649 
f 4721/4229 4573/3991 2753/3990 
f 4721/4229 2753/3990 4446/4230 
f 4721/4229 4446/4230 2707/4231 
f 4721/4229 2707/4231 4722/4232 
f 4721/4229 4722/4232 3042/1840 
f 4721/4229 3042/1840 4719/4227 
f 4721/4229 4719/4227 2857/1648 
f 4721/4229 2857/1648 4573/3991 
f 4723/4233 4722/4232 2707/4231 
f 4723/4233 2707/4231 2706/4234 
f 4723/4233 2706/4234 2705/4174 
f 4723/4233 2705/4174 4685/1841 
f 4723/4233 4685/1841 3040/1838 
f 4723/4233 3040/1838 3042/1840 
f 4723/4233 3042/1840 4722/4232 
f 4724/4235 3048/1847 3054/1853 
f 4724/4235 3054/1853 4725/4236 
f 4724/4235 4725/4236 2866/1657 
f 4724/4235 2866/1657 2865/1656 
f 4726/4237 4580/4003 2761/4002 
f 4726/4237 2761/4002 4451/4238 
f 4726/4237 4451/4238 2714/4239 
f 4726/4237 2714/4239 4727/4240 
f 4726/4237 4727/4240 3048/1847 
f 4726/4237 3048/1847 4724/4235 
f 4726/4237 4724/4235 2865/1656 
f 4726/4237 2865/1656 4580/4003 
f 4728/4241 4727/4240 2714/4239 
f 4728/4241 2714/4239 2713/4242 
f 4728/4241 2713/4242 2712/4185 
f 4728/4241 2712/4185 4692/4184 
f 4728/4241 4692/4184 3050/1849 
f 4728/4241 3050/1849 3049/1848 
f 4728/4241 3049/1848 3048/1847 
f 4728/4241 3048/1847 4727/4240 
f 4729/4243 2873/1664 2872/1663 
f 4729/4243 3056/1855 3060/1860 
f 4729/4243 3060/1860 4730/4244 
f 4729/4243 4730/4244 2874/1665 
f 4729/4243 2874/1665 2873/1664 
f 4731/4245 4587/4015 2769/4014 
f 4731/4245 2769/4014 4456/4246 
f 4731/4245 4456/4246 2720/4247 
f 4731/4245 2720/4247 4732/1856 
f 4731/4245 4732/1856 3056/1855 
f 4731/4245 3056/1855 4729/4243 
f 4731/4245 4729/4243 2872/1663 
f 4731/4245 2872/1663 4587/4015 
f 4732/1856 2720/4247 2719/4248 
f 4732/1856 2719/4248 2718/4195 
f 4732/1856 2718/4195 4699/4194 
f 4732/1856 4699/4194 3057/1857 
f 3062/1862 3067/1868 4733/4249 
f 3062/1862 4733/4249 3097/4250 
f 3062/1862 4734/4251 3021/4252 
f 3062/1862 3021/4252 4664/4253 
f 3062/1862 4664/4253 2979/4254 
f 3062/1862 2979/4254 4735/1863 
f 3062/1862 3097/4250 4734/4251 
f 4735/1863 2979/4254 2978/4255 
f 4735/1863 2978/4255 2977/4256 
f 4735/1863 2977/4256 4736/4257 
f 4735/1863 4736/4257 3063/1864 
f 4737/4258 4740/1870 3074/1876 
f 4737/4258 3074/1876 4738/4259 
f 4737/4258 4738/4259 3104/1908 
f 4737/4258 3104/1908 3103/1907 
f 4737/4258 4739/4260 3028/4261 
f 4737/4258 3028/4261 4671/4262 
f 4737/4258 4671/4262 2987/4263 
f 4737/4258 2987/4263 4740/1870 
f 4737/4258 3103/1907 4739/4260 
f 3069/1871 4740/1870 2987/4263 
f 3069/1871 2987/4263 2986/4264 
f 3069/1871 2986/4264 2985/4265 
f 3069/1871 2985/4265 4741/4266 
f 3069/1871 4741/4266 3070/1872 
f 4743/4267 4744/4268 3037/4269 
f 4743/4267 3037/4269 4678/4270 
f 4743/4267 4678/4270 2994/4271 
f 4743/4267 2994/4271 4745/4272 
f 4743/4267 4745/4272 3080/1878 
f 4743/4267 3080/1878 4742/4273 
f 4743/4267 4742/4273 3107/4274 
f 4743/4267 3107/4274 4744/4268 
f 4746/1879 4745/4272 2994/4271 
f 4746/1879 2994/4271 2993/4275 
f 4746/1879 2993/4275 2992/4276 
f 4746/1879 2992/4276 4747/4277 
f 4746/1879 4747/4277 3076/1880 
f 4746/1879 3080/1878 4745/4272 
f 4748/4278 3084/1888 4749/4279 
f 4748/4278 4749/4279 3112/1913 
f 4750/4280 4751/4281 3044/4282 
f 4750/4280 3044/4282 4683/4283 
f 4750/4280 4683/4283 3002/4284 
f 4750/4280 3002/4284 4752/4285 
f 4750/4280 4752/4285 3084/1888 
f 4750/4280 3084/1888 4748/4278 
f 4750/4280 4748/4278 3112/1913 
f 4750/4280 3112/1913 4751/4281 
f 4753/4286 4752/4285 3002/4284 
f 4753/4286 3002/4284 3001/4287 
f 4753/4286 3001/4287 3000/4288 
f 4753/4286 3000/4288 4754/1885 
f 4753/4286 4754/1885 3081/1884 
f 4753/4286 3081/1884 3084/1888 
f 4753/4286 3084/1888 4752/4285 
f 4755/4289 3116/1917 4756/4290 
f 4755/4289 4756/4290 3086/1891 
f 4755/4289 3086/1891 3085/1890 
f 4755/4289 3085/1890 3091/1895 
f 4755/4289 3091/1895 4757/4291 
f 4755/4289 4757/4291 3116/1917 
f 4756/4290 4758/4292 3052/4293 
f 4756/4290 3052/4293 4690/4294 
f 4756/4290 4690/4294 3008/4295 
f 4756/4290 3008/4295 4759/4296 
f 4756/4290 4759/4296 3086/1891 
f 4756/4290 3116/1917 4758/4292 
f 4760/4297 4759/4296 3008/4295 
f 4760/4297 3008/4295 3007/4298 
f 4760/4297 3007/4298 3006/4299 
f 4760/4297 3006/4299 4761/4300 
f 4760/4297 4761/4300 3088/1893 
f 4760/4297 3088/1893 3087/1892 
f 4760/4297 3087/1892 3086/1891 
f 4760/4297 3086/1891 4759/4296 
f 4762/4301 3120/1921 3119/1920 
f 4763/4302 4764/4303 3058/4304 
f 4763/4302 3058/4304 4697/4305 
f 4763/4302 4697/4305 3016/4306 
f 4763/4302 3016/4306 4765/4307 
f 4763/4302 4765/4307 3095/1899 
f 4763/4302 3095/1899 4762/4301 
f 4763/4302 4762/4301 3119/1920 
f 4763/4302 3119/1920 4764/4303 
f 3092/1896 4765/4307 3016/4306 
f 3092/1896 3016/4306 3015/4308 
f 3092/1896 3015/4308 3014/4309 
f 3092/1896 3014/4309 4540/4310 
f 3092/1896 4540/4310 3093/1897 
f 3092/1896 3095/1899 4765/4307 
f 4766/4311 3129/1929 4767/4312 
f 4766/4311 4767/4312 3096/1902 
f 4766/4311 3096/1902 3099/1901 
f 4766/4311 3099/1901 4768/4313 
f 4766/4311 4768/4313 3130/1930 
f 4766/4311 3130/1930 3129/1929 
f 4769/4314 4770/4315 2835/4316 
f 4769/4314 2835/4316 4703/4317 
f 4769/4314 4703/4317 3023/4318 
f 4769/4314 3023/4318 4771/4319 
f 4769/4314 4771/4319 3096/1902 
f 4769/4314 3096/1902 4767/4312 
f 4769/4314 4767/4312 3129/1929 
f 4769/4314 3129/1929 4770/4315 
f 4772/4320 4771/4319 3023/4318 
f 4772/4320 3023/4318 3022/4321 
f 4772/4320 3022/4321 3021/4252 
f 4772/4320 3021/4252 4734/4251 
f 4772/4320 4734/4251 3097/4250 
f 4772/4320 3097/4250 3098/1900 
f 4772/4320 3098/1900 3096/1902 
f 4772/4320 3096/1902 4771/4319 
f 4773/4322 3134/1932 4774/4323 
f 4773/4322 4774/4323 3101/1905 
f 4773/4322 3101/1905 3100/1904 
f 4773/4322 3100/1904 3106/1909 
f 4773/4322 3106/1909 4775/4324 
f 4773/4322 4775/4324 3134/1932 
f 4774/4323 4776/4325 2844/4326 
f 4774/4323 2844/4326 4709/4327 
f 4774/4323 4709/4327 3030/4328 
f 4774/4323 3030/4328 4777/4329 
f 4774/4323 4777/4329 3101/1905 
f 4774/4323 3134/1932 4776/4325 
f 4778/4330 4777/4329 3030/4328 
f 4778/4330 3030/4328 3029/4331 
f 4778/4330 3029/4331 3028/4261 
f 4778/4330 3028/4261 4739/4260 
f 4778/4330 4739/4260 3103/1907 
f 4778/4330 3103/1907 3102/1906 
f 4778/4330 3102/1906 3101/1905 
f 4778/4330 3101/1905 4777/4329 
f 4779/4332 3137/1936 3136/1935 
f 4779/4332 3136/1935 4780/4333 
f 4779/4332 4780/4333 3109/4334 
f 4779/4332 3109/4334 4781/4335 
f 4779/4332 4781/4335 3138/1937 
f 4779/4332 3138/1937 3137/1936 
f 4780/4333 4782/4336 2851/4337 
f 4780/4333 2851/4337 4714/4338 
f 4780/4333 4714/4338 3039/4339 
f 4780/4333 3039/4339 4783/4340 
f 4780/4333 4783/4340 3109/4334 
f 4780/4333 3136/1935 4782/4336 
f 4784/4341 4783/4340 3039/4339 
f 4784/4341 3039/4339 3038/4342 
f 4784/4341 3038/4342 3037/4343 
f 4784/4341 3037/4343 4744/4344 
f 4784/4341 4744/4344 3107/4345 
f 4784/4341 3107/4345 3108/4346 
f 4784/4341 3108/4346 3109/4334 
f 4784/4341 3109/4334 4783/4340 
f 4785/4347 3143/1942 3142/1941 
f 4785/4347 3144/1943 3143/1942 
f 4786/4348 4787/4349 2859/4350 
f 4786/4348 2859/4350 4720/4351 
f 4786/4348 4720/4351 3046/4352 
f 4786/4348 3046/4352 4788/4353 
f 4786/4348 4788/4353 3114/1911 
f 4786/4348 3114/1911 4785/4347 
f 4786/4348 4785/4347 3142/1941 
f 4786/4348 3142/1941 4787/4349 
f 4789/4354 4788/4353 3046/4352 
f 4789/4354 3046/4352 3045/4355 
f 4789/4354 3045/4355 3044/4282 
f 4789/4354 3044/4282 4751/4281 
f 4789/4354 4751/4281 3112/1913 
f 4789/4354 3112/1913 3111/1912 
f 4789/4354 3111/1912 3114/1911 
f 4789/4354 3114/1911 4788/4353 
f 4790/4356 3151/1950 3150/1949 
f 4790/4356 3150/1949 4791/4357 
f 4790/4356 4791/4357 3115/1916 
f 4790/4356 3115/1916 3117/1915 
f 4790/4356 3117/1915 4792/4358 
f 4790/4356 4792/4358 3152/1951 
f 4790/4356 3152/1951 3151/1950 
f 4793/4359 4794/4360 2866/4361 
f 4793/4359 2866/4361 4725/4362 
f 4793/4359 4725/4362 3054/4363 
f 4793/4359 3054/4363 3115/1916 
f 4793/4359 3115/1916 4791/4357 
f 4793/4359 4791/4357 3150/1949 
f 4793/4359 3150/1949 4794/4360 
f 3115/1916 3054/4363 3053/4364 
f 3115/1916 3053/4364 3052/4293 
f 3115/1916 3052/4293 4758/4292 
f 3115/1916 4758/4292 3116/1917 
f 4796/4365 3118/1919 3121/1918 
f 4796/4365 3121/1918 3122/4366 
f 4796/4365 3122/4366 4795/4367 
f 4796/4365 4795/4367 3156/1955 
f 4796/4365 4797/4368 2874/4369 
f 4796/4365 2874/4369 4730/4370 
f 4796/4365 4730/4370 3060/4371 
f 4796/4365 3060/4371 3118/1919 
f 4796/4365 3156/1955 4797/4368 
f 3118/1919 3060/4371 3059/4372 
f 3118/1919 3059/4372 3058/4304 
f 3118/1919 3058/4304 4764/4303 
f 3118/1919 4764/4303 3119/1920 
f 4798/4373 3163/1962 3162/1961 
f 4798/4373 3162/1961 4799/4374 
f 4798/4373 4799/4374 3128/1927 
f 4798/4373 3128/1927 4800/4375 
f 4798/4373 4800/4375 3164/1963 
f 4798/4373 3164/1963 3163/1962 
f 4799/4374 4801/4376 2880/4377 
f 4799/4374 2880/4377 4352/4378 
f 4799/4374 4352/4378 2598/4379 
f 4799/4374 2598/4379 4802/4380 
f 4799/4374 4802/4380 3128/1927 
f 4799/4374 3162/1961 4801/4376 
f 3123/1922 4802/4380 2598/4379 
f 3123/1922 2598/4379 2597/4381 
f 3123/1922 2597/4381 2596/4382 
f 3123/1922 2596/4382 4803/4383 
f 3123/1922 4803/4383 3124/1923 
f 3123/1922 3128/1927 4802/4380 
f 4805/4384 3125/1924 3124/1923 
f 4805/4384 3124/1923 4804/4385 
f 4805/4384 4804/4385 3132/4386 
f 4805/4384 3126/1925 3125/1924 
f 4806/4387 4803/4383 2596/4382 
f 4806/4387 2596/4382 4547/4388 
f 4806/4387 4547/4388 2837/4389 
f 4806/4387 2837/4389 4807/4390 
f 4806/4387 4807/4390 3132/4386 
f 4806/4387 3132/4386 4804/4385 
f 4806/4387 4804/4385 3124/1923 
f 4806/4387 3124/1923 4803/4383 
f 4808/4391 4807/4390 2837/4389 
f 4808/4391 2837/4389 2836/4392 
f 4808/4391 2836/4392 2835/4316 
f 4808/4391 2835/4316 4770/4315 
f 4808/4391 4770/4315 3129/1929 
f 4808/4391 3129/1929 3131/1928 
f 4808/4391 3131/1928 3132/4386 
f 4808/4391 3132/4386 4807/4390 
f 4810/4393 3168/4394 4809/4395 
f 4810/4393 4809/4395 3133/1931 
f 4810/4393 3133/1931 3135/1933 
f 4810/4393 3169/4396 3168/4394 
f 4811/4397 3168/4394 2886/4398 
f 4811/4397 2886/4398 4554/4399 
f 4811/4397 4554/4399 2846/4400 
f 4811/4397 2846/4400 3133/1931 
f 4811/4397 3133/1931 4809/4395 
f 4811/4397 4809/4395 3168/4394 
f 3133/1931 2846/4400 2845/4401 
f 3133/1931 2845/4401 2844/4326 
f 3133/1931 2844/4326 4776/4325 
f 3133/1931 4776/4325 3134/1932 
f 4812/4402 4813/4403 2894/4404 
f 4812/4402 2894/4404 4561/4405 
f 4812/4402 4561/4405 2853/4406 
f 4812/4402 2853/4406 4814/1934 
f 4812/4402 4814/1934 3140/1939 
f 4812/4402 3140/1939 3173/1973 
f 4812/4402 3173/1973 4813/4403 
f 4814/1934 2853/4406 2852/4407 
f 4814/1934 2852/4407 2851/4337 
f 4814/1934 2851/4337 4782/4336 
f 4814/1934 4782/4336 3136/1935 
f 4815/4408 3180/1980 3179/1979 
f 4815/4408 3179/1979 4816/4409 
f 4815/4408 4816/4409 3141/1945 
f 4815/4408 3141/1945 3146/1944 
f 4815/4408 3146/1944 4817/4410 
f 4815/4408 4817/4410 3181/1981 
f 4815/4408 3181/1981 3180/1980 
f 4816/4409 4818/4411 2901/4412 
f 4816/4409 2901/4412 4568/4413 
f 4816/4409 4568/4413 2861/4414 
f 4816/4409 2861/4414 4819/4415 
f 4816/4409 4819/4415 3141/1945 
f 4816/4409 3179/1979 4818/4411 
f 4820/4416 4819/4415 2861/4414 
f 4820/4416 2861/4414 2860/4417 
f 4820/4416 2860/4417 2859/4350 
f 4820/4416 2859/4350 4787/4349 
f 4820/4416 4787/4349 3142/1941 
f 4820/4416 3142/1941 3145/1940 
f 4820/4416 3145/1940 3141/1945 
f 4820/4416 3141/1945 4819/4415 
f 4821/4418 3148/1947 3154/1953 
f 4821/4418 3154/1953 4822/4419 
f 4821/4418 4822/4419 3186/4420 
f 4821/4418 3186/4420 4823/4421 
f 4821/4418 4823/4421 2909/4422 
f 4821/4418 2909/4422 4576/4423 
f 4821/4418 4576/4423 2868/4424 
f 4821/4418 2868/4424 3148/1947 
f 4824/4425 3148/1947 2868/4424 
f 4824/4425 2868/4424 2867/4426 
f 4824/4425 2867/4426 2866/4361 
f 4824/4425 2866/4361 4794/4360 
f 4824/4425 4794/4360 3150/1949 
f 4824/4425 3150/1949 3149/1948 
f 4824/4425 3149/1948 3148/1947 
f 4825/4427 3158/1957 4826/4428 
f 4825/4427 4826/4428 3190/1991 
f 4825/4427 4827/4429 2917/4430 
f 4825/4427 2917/4430 4582/4431 
f 4825/4427 4582/4431 2876/4432 
f 4825/4427 2876/4432 4828/4433 
f 4825/4427 4828/4433 3158/1957 
f 4825/4427 3190/1991 4827/4429 
f 4829/4434 4828/4433 2876/4432 
f 4829/4434 2876/4432 2875/4435 
f 4829/4434 2875/4435 2874/4369 
f 4829/4434 2874/4369 4797/4368 
f 4829/4434 4797/4368 3156/1955 
f 4829/4434 3156/1955 3155/1954 
f 4829/4434 3155/1954 3158/1957 
f 4829/4434 3158/1957 4828/4433 
f 4830/4436 3193/1997 4833/1996 
f 4830/4436 3161/1960 3160/1959 
f 4830/4436 3160/1959 3166/1965 
f 4830/4436 3166/1965 4831/4437 
f 4830/4436 4831/4437 3194/1998 
f 4830/4436 3194/1998 3193/1997 
f 4832/4438 4833/1996 2924/4439 
f 4832/4438 2924/4439 4590/4440 
f 4832/4438 4590/4440 2882/4441 
f 4832/4438 2882/4441 4834/4442 
f 4832/4438 4834/4442 3161/1960 
f 4832/4438 3161/1960 4830/4436 
f 4832/4438 4830/4436 4833/1996 
f 4835/4443 4834/4442 2882/4441 
f 4835/4443 2882/4441 2881/4444 
f 4835/4443 2881/4444 2880/4377 
f 4835/4443 2880/4377 4801/4376 
f 4835/4443 4801/4376 3162/1961 
f 4835/4443 3162/1961 3159/1958 
f 4835/4443 3159/1958 3161/1960 
f 4835/4443 3161/1960 4834/4442 
f 4836/4445 3200/2004 4840/2003 
f 4836/4445 4840/2003 4837/4446 
f 4836/4445 4837/4446 3171/1967 
f 4836/4445 3171/1967 4838/4447 
f 4836/4445 4838/4447 3201/2005 
f 4836/4445 3201/2005 3200/2004 
f 4839/4448 4840/2003 2931/4449 
f 4839/4448 2931/4449 4596/4450 
f 4839/4448 4596/4450 2888/4451 
f 4839/4448 2888/4451 4841/4452 
f 4839/4448 4841/4452 3171/1967 
f 4839/4448 3171/1967 4837/4446 
f 4839/4448 4837/4446 4840/2003 
f 4842/1968 4841/4452 2888/4451 
f 4842/1968 2888/4451 2887/4453 
f 4842/1968 2887/4453 2886/4454 
f 4842/1968 2886/4454 3168/1969 
f 4842/1968 3171/1967 4841/4452 
f 4843/4455 3175/1975 4844/4456 
f 4843/4455 4844/4456 3205/2009 
f 4843/4455 4845/4457 2939/4458 
f 4843/4455 2939/4458 4600/4459 
f 4843/4455 4600/4459 2896/4460 
f 4843/4455 2896/4460 4846/4461 
f 4843/4455 4846/4461 3175/1975 
f 4843/4455 3205/2009 4845/4457 
f 4847/4462 4846/4461 2896/4460 
f 4847/4462 2896/4460 2895/4463 
f 4847/4462 2895/4463 2894/4404 
f 4847/4462 2894/4404 4813/4403 
f 4847/4462 4813/4403 3173/1973 
f 4847/4462 3173/1973 3172/1972 
f 4847/4462 3172/1972 3175/1975 
f 4847/4462 3175/1975 4846/4461 
f 4848/4464 4852/2014 4849/4465 
f 4848/4464 4849/4465 3178/1978 
f 4848/4464 3178/1978 3177/1977 
f 4848/4464 3177/1977 3183/1983 
f 4848/4464 3183/1983 4850/4466 
f 4848/4464 4850/4466 3209/2015 
f 4848/4464 3209/2015 4852/2014 
f 4851/4467 4852/2014 2947/4468 
f 4851/4467 2947/4468 4607/4469 
f 4851/4467 4607/4469 2903/4470 
f 4851/4467 2903/4470 4853/4471 
f 4851/4467 4853/4471 3178/1978 
f 4851/4467 3178/1978 4849/4465 
f 4851/4467 4849/4465 4852/2014 
f 4854/4472 4853/4471 2903/4470 
f 4854/4472 2903/4470 2902/4473 
f 4854/4472 2902/4473 2901/4412 
f 4854/4472 2901/4412 4818/4411 
f 4854/4472 4818/4411 3179/1979 
f 4854/4472 3179/1979 3176/1976 
f 4854/4472 3176/1976 3178/1978 
f 4854/4472 3178/1978 4853/4471 
f 4855/4474 3213/2018 3212/2017 
f 4855/4474 3185/1989 3188/1988 
f 4855/4474 3214/2019 3213/2018 
f 4856/4475 4857/4476 2954/4477 
f 4856/4475 2954/4477 4612/4478 
f 4856/4475 4612/4478 2911/4479 
f 4856/4475 2911/4479 3185/1989 
f 4856/4475 3185/1989 4855/4474 
f 4856/4475 4855/4474 3212/2017 
f 4856/4475 3212/2017 4857/4476 
f 3184/1984 3185/1989 2911/4479 
f 3184/1984 2911/4479 2910/4480 
f 3184/1984 2910/4480 2909/4481 
f 3184/1984 2909/4481 4823/1985 
f 4858/4482 3220/2026 3219/2025 
f 4858/4482 3219/2025 4859/4483 
f 4858/4482 4859/4483 4862/1994 
f 4858/4482 4862/1994 3192/1993 
f 4858/4482 3192/1993 4860/4484 
f 4858/4482 4860/4484 3221/2027 
f 4858/4482 3221/2027 3220/2026 
f 4859/4483 4861/4485 2962/4486 
f 4859/4483 2962/4486 4618/4487 
f 4859/4483 4618/4487 2919/4488 
f 4859/4483 2919/4488 4862/1994 
f 4859/4483 3219/2025 4861/4485 
f 3189/1990 4862/1994 2919/4488 
f 3189/1990 2919/4488 2918/4489 
f 3189/1990 2918/4489 2917/4430 
f 3189/1990 2917/4430 4827/4429 
f 3189/1990 4827/4429 3190/1991 
f 4863/4490 2829/1617 2828/1616 
f 4863/4490 2828/1616 4864/4491 
f 4863/4490 4864/4491 3195/1995 
f 4863/4490 3195/1995 4865/4492 
f 4863/4490 4865/4492 2829/1617 
f 4866/4493 4544/3948 2969/3947 
f 4866/4493 2969/3947 4624/4494 
f 4866/4493 4624/4494 2926/4495 
f 4866/4493 2926/4495 4867/4496 
f 4866/4493 4867/4496 3195/1995 
f 4866/4493 3195/1995 4864/4491 
f 4866/4493 4864/4491 2828/1616 
f 4866/4493 2828/1616 4544/3948 
f 4867/4496 2926/4495 2925/4497 
f 4867/4496 2925/4497 2924/4439 
f 4867/4496 2924/4439 4833/1996 
f 4867/4496 4833/1996 3195/1995 
f 4868/4498 3064/1865 3063/1864 
f 4868/4498 3198/2001 3197/2000 
f 4868/4498 3197/2000 3203/2007 
f 4868/4498 3203/2007 4869/4499 
f 4868/4498 4869/4499 3065/1866 
f 4868/4498 3065/1866 3064/1865 
f 4868/4498 4736/4257 2977/4256 
f 4868/4498 2977/4256 4629/4500 
f 4868/4498 4629/4500 2933/4501 
f 4868/4498 2933/4501 4870/4502 
f 4868/4498 4870/4502 3198/2001 
f 4868/4498 3063/1864 4736/4257 
f 4871/4503 4870/4502 2933/4501 
f 4871/4503 2933/4501 2932/4504 
f 4871/4503 2932/4504 2931/4449 
f 4871/4503 2931/4449 4840/2003 
f 4871/4503 4840/2003 3199/2002 
f 4871/4503 3199/2002 3198/2001 
f 4871/4503 3198/2001 4870/4502 
f 4872/4505 3071/1873 3070/1872 
f 4872/4505 3070/1872 4873/4506 
f 4872/4505 4873/4506 4875/2012 
f 4872/4505 4875/2012 3207/2011 
f 4872/4505 3207/2011 4874/4507 
f 4872/4505 4874/4507 3072/1874 
f 4872/4505 3072/1874 3071/1873 
f 4873/4506 4741/4266 2985/4265 
f 4873/4506 2985/4265 4635/4508 
f 4873/4506 4635/4508 2941/4509 
f 4873/4506 2941/4509 4875/2012 
f 4873/4506 3070/1872 4741/4266 
f 3204/2008 4875/2012 2941/4509 
f 3204/2008 2941/4509 2940/4510 
f 3204/2008 2940/4510 2939/4458 
f 3204/2008 2939/4458 4845/4457 
f 3204/2008 4845/4457 3205/2009 
f 4876/4511 3077/1881 3076/1880 
f 4876/4511 3076/1880 4877/4512 
f 4876/4511 4877/4512 3208/4513 
f 4876/4511 3208/4513 3210/2013 
f 4876/4511 3210/2013 4878/4514 
f 4876/4511 4878/4514 3078/1882 
f 4876/4511 3078/1882 3077/1881 
f 4879/4515 4747/4277 2992/4276 
f 4879/4515 2992/4276 4641/4516 
f 4879/4515 4641/4516 2949/4517 
f 4879/4515 2949/4517 3208/4513 
f 4879/4515 3208/4513 4877/4512 
f 4879/4515 4877/4512 3076/1880 
f 4879/4515 3076/1880 4747/4277 
f 3208/4513 2949/4517 2948/4518 
f 3208/4513 2948/4518 2947/4468 
f 3208/4513 2947/4468 4852/2014 
f 3208/4513 4852/2014 3210/2013 
f 3216/2021 3082/1886 4754/1885 
f 4880/4519 4754/1885 3000/4288 
f 4880/4519 3000/4288 4647/4520 
f 4880/4519 4647/4520 2956/4521 
f 4880/4519 2956/4521 3211/2016 
f 4880/4519 3211/2016 3216/2021 
f 4880/4519 3216/2021 4754/1885 
f 3211/2016 2956/4521 2955/4522 
f 3211/2016 2955/4522 2954/4477 
f 3211/2016 2954/4477 4857/4476 
f 3211/2016 4857/4476 3212/2017 
f 4881/4523 4883/2023 3223/2029 
f 4881/4523 3223/2029 4882/4524 
f 4881/4523 4882/4524 3089/1894 
f 4881/4523 3089/1894 3088/1893 
f 4881/4523 4761/4300 3006/4299 
f 4881/4523 3006/4299 4653/4525 
f 4881/4523 4653/4525 2964/4526 
f 4881/4523 2964/4526 4883/2023 
f 4881/4523 3088/1893 4761/4300 
f 3218/2024 4883/2023 2964/4526 
f 3218/2024 2964/4526 2963/4527 
f 3218/2024 2963/4527 2962/4486 
f 3218/2024 2962/4486 4861/4485 
f 3218/2024 4861/4485 3219/2025 
f 4884/4528 4885/4529 4886/4530 
f 4884/4528 4886/4530 4887/4531 
f 4884/4528 4887/4531 4888/4532 
f 4884/4528 4888/4532 4889/4533 
f 4884/4528 4889/4533 4890/4534 
f 4884/4528 4890/4534 4891/4535 
f 4884/4528 4891/4535 4885/4529 
f 4892/4536 4893/4537 6744/4538 
f 4892/4536 4894/4539 4895/4540 
f 4892/4536 4895/4540 4896/4541 
f 4892/4536 4896/4541 4897/4542 
f 4892/4536 4897/4542 4893/4537 
f 4898/4543 4900/4544 4901/4545 
f 4898/4543 4901/4545 4902/4546 
f 4898/4543 4902/4546 4903/4547 
f 4898/4543 4903/4547 4899/4548 
f 4904/4549 4905/4550 4906/4551 
f 4904/4549 4906/4551 4907/4552 
f 4904/4549 4907/4552 4908/4553 
f 4904/4549 4908/4553 4909/4554 
f 4904/4549 4909/4554 4910/4555 
f 4904/4549 4910/4555 4911/4556 
f 4904/4549 4911/4556 4912/4557 
f 4904/4549 4912/4557 4905/4550 
f 4913/4558 4914/4559 4915/4560 
f 4913/4558 4915/4560 6771/4561 
f 4913/4558 6771/4561 4916/4562 
f 4913/4558 4916/4562 4917/4563 
f 4913/4558 4917/4563 4918/4564 
f 4913/4558 4918/4564 4919/4565 
f 4913/4558 4919/4565 4914/4559 
f 4920/4566 4921/4567 6777/4568 
f 4920/4566 6777/4568 4922/4569 
f 4920/4566 4922/4569 4923/4570 
f 4920/4566 4923/4570 4924/4571 
f 4920/4566 4924/4571 4925/4572 
f 4920/4566 4925/4572 4926/4573 
f 4920/4566 4926/4573 4921/4567 
f 4927/4574 4928/4575 4929/4576 
f 4927/4574 4929/4576 6787/4577 
f 4927/4574 6787/4577 6788/4578 
f 4927/4574 6788/4578 4930/4579 
f 4927/4574 4930/4579 4931/4580 
f 4927/4574 4931/4580 4932/4581 
f 4927/4574 4932/4581 4933/4582 
f 4927/4574 4933/4582 4928/4575 
f 4934/4583 4936/4584 4937/4585 
f 4934/4583 4937/4585 4938/4586 
f 4934/4583 4938/4586 4939/4587 
f 4934/4583 4939/4587 4940/4588 
f 4934/4583 4940/4588 4935/4589 
f 4941/4590 4942/4591 4943/4592 
f 4941/4590 6806/4593 4944/4594 
f 4941/4590 4944/4594 4945/4595 
f 4941/4590 4945/4595 4946/4596 
f 4941/4590 4946/4596 4947/4597 
f 4941/4590 4947/4597 4942/4591 
f 4948/4598 4949/4599 4950/4600 
f 4948/4598 4950/4600 4951/4601 
f 4948/4598 4951/4601 4952/4602 
f 4948/4598 4952/4602 4953/4603 
f 4948/4598 4953/4603 4954/4604 
f 4948/4598 4954/4604 4955/4605 
f 4948/4598 4955/4605 4956/4606 
f 4948/4598 4956/4606 4949/4599 
f 4957/4607 4958/4608 4959/4609 
f 4957/4607 4959/4609 4960/4610 
f 4957/4607 4960/4610 4961/4611 
f 4957/4607 4961/4611 4962/4612 
f 4957/4607 4962/4612 4963/4613 
f 4957/4607 4963/4613 4964/4614 
f 4957/4607 4964/4614 4958/4608 
f 4965/4615 4966/4616 4967/4617 
f 4965/4615 4968/4618 4969/4619 
f 4965/4615 4969/4619 4970/4620 
f 4965/4615 4970/4620 4971/4621 
f 4965/4615 4971/4621 4972/4622 
f 4965/4615 4972/4622 4966/4616 
f 4973/4623 4974/4624 4975/4625 
f 4973/4623 4976/4626 4977/4627 
f 4973/4623 4977/4627 4978/4628 
f 4973/4623 4978/4628 4979/4629 
f 4973/4623 4979/4629 4974/4624 
f 4980/4630 4981/4631 4982/4632 
f 4980/4630 4982/4632 6845/4633 
f 4980/4630 6845/4633 4983/4634 
f 4980/4630 4983/4634 4984/4635 
f 4980/4630 4984/4635 4985/4636 
f 4980/4630 4985/4636 4986/4637 
f 4980/4630 4986/4637 4981/4631 
f 4987/4638 4988/4639 6852/4640 
f 4987/4638 6852/4640 6853/4641 
f 4987/4638 6853/4641 4989/4642 
f 4987/4638 4989/4642 4990/4643 
f 4987/4638 4990/4643 4991/4644 
f 4987/4638 4991/4644 4992/4645 
f 4987/4638 4992/4645 4988/4639 
f 4993/4646 4994/4647 6861/4648 
f 4993/4646 6861/4648 4995/4649 
f 4993/4646 4995/4649 4996/4650 
f 4993/4646 4996/4650 4997/4651 
f 4993/4646 4997/4651 4998/4652 
f 4993/4646 4998/4652 4999/4653 
f 4993/4646 4999/4653 4994/4647 
f 5000/4654 5001/4655 5002/4656 
f 5000/4654 5002/4656 5003/4657 
f 5000/4654 5003/4657 5004/4658 
f 5000/4654 5004/4658 5005/4659 
f 5000/4654 5005/4659 5006/4660 
f 5000/4654 5006/4660 5007/4661 
f 5000/4654 5007/4661 5001/4655 
f 5008/4662 5009/4663 6879/4664 
f 5008/4662 5010/4665 5011/4666 
f 5008/4662 5011/4666 5012/4667 
f 5008/4662 5012/4667 5013/4668 
f 5008/4662 5013/4668 5009/4663 
f 5014/4669 5016/4670 5017/4671 
f 5014/4669 5017/4671 5018/4672 
f 5014/4669 5018/4672 5019/4673 
f 5014/4669 5019/4673 5015/4674 
f 5020/4675 5022/4676 5023/4677 
f 5020/4675 5023/4677 5024/4678 
f 5020/4675 5024/4678 5025/4679 
f 5020/4675 5025/4679 5026/4680 
f 5020/4675 5026/4680 5021/4681 
f 5027/4682 5028/4683 5029/4684 
f 5027/4682 5029/4684 6904/4685 
f 5027/4682 6904/4685 5030/4686 
f 5027/4682 5030/4686 5031/4687 
f 5027/4682 5031/4687 5032/4688 
f 5027/4682 5032/4688 5033/4689 
f 5027/4682 5033/4689 5028/4683 
f 5034/4690 5035/4691 6911/4692 
f 5034/4690 6911/4692 5036/4693 
f 5034/4690 5036/4693 5037/4694 
f 5034/4690 5037/4694 5038/4695 
f 5034/4690 5038/4695 5039/4696 
f 5034/4690 5039/4696 5035/4691 
f 5040/4697 5041/4698 6919/4699 
f 5040/4697 6919/4699 6920/4700 
f 5040/4697 6920/4700 5042/4701 
f 5040/4697 5042/4701 5043/4702 
f 5040/4697 5043/4702 5044/4703 
f 5040/4697 5044/4703 5045/4704 
f 5040/4697 5045/4704 5041/4698 
f 5046/4705 5047/4706 5048/4707 
f 5046/4705 5048/4707 5049/4708 
f 5046/4705 5049/4708 5050/4709 
f 5046/4705 5050/4709 5051/4710 
f 5046/4705 5051/4710 5052/4711 
f 5046/4705 5052/4711 5053/4712 
f 5046/4705 5053/4712 5054/4713 
f 5046/4705 5054/4713 5047/4706 
f 5055/4714 5056/4715 5057/4716 
f 5055/4714 6939/4717 5058/4718 
f 5055/4714 5058/4718 5059/4719 
f 5055/4714 5059/4719 5060/4720 
f 5055/4714 5060/4720 5061/4721 
f 5055/4714 5061/4721 5056/4715 
f 5062/4722 5063/4723 5064/4724 
f 5062/4722 5064/4724 5065/4725 
f 5062/4722 5065/4725 5066/4726 
f 5062/4722 5066/4726 5067/4727 
f 5062/4722 5067/4727 5068/4728 
f 5062/4722 5068/4728 5069/4729 
f 5062/4722 5069/4729 5070/4730 
f 5062/4722 5070/4730 5063/4723 
f 5071/4731 5073/4732 5074/4733 
f 5071/4731 5074/4733 5075/4734 
f 5071/4731 5075/4734 5076/4735 
f 5071/4731 5076/4735 5072/4736 
f 5077/4737 5078/4738 5079/4739 
f 5077/4737 5080/4740 5081/4741 
f 5077/4737 5081/4741 5082/4742 
f 5077/4737 5082/4742 5083/4743 
f 5077/4737 5083/4743 5084/4744 
f 5077/4737 5084/4744 5078/4738 
f 5085/4745 5086/4746 5087/4747 
f 5085/4745 5088/4748 5089/4749 
f 5085/4745 5089/4749 5090/4750 
f 5085/4745 5090/4750 5091/4751 
f 5085/4745 5091/4751 5086/4746 
f 5092/4752 6978/4753 5094/4754 
f 5092/4752 5094/4754 5095/4755 
f 5092/4752 5095/4755 5096/4756 
f 5092/4752 5096/4756 5097/4757 
f 5092/4752 5097/4757 5093/4758 
f 5098/4759 5099/4760 5100/4761 
f 5098/4759 5100/4761 5101/4762 
f 5098/4759 5101/4762 5102/4763 
f 5098/4759 5102/4763 5103/4764 
f 5098/4759 5103/4764 5104/4765 
f 5098/4759 5104/4765 5105/4766 
f 5098/4759 5105/4766 5106/4767 
f 5098/4759 5106/4767 5099/4760 
f 5107/4768 5108/4769 6991/4770 
f 5107/4768 6991/4770 5109/4771 
f 5107/4768 5109/4771 5110/4772 
f 5107/4768 5110/4772 5111/4773 
f 5107/4768 5111/4773 5112/4774 
f 5107/4768 5112/4774 5108/4769 
f 5113/4775 5114/4776 6998/4777 
f 5113/4775 6998/4777 6999/4778 
f 5113/4775 6999/4778 6993/4779 
f 5113/4775 6993/4779 5115/4780 
f 5113/4775 5115/4780 5116/4781 
f 5113/4775 5116/4781 5117/4782 
f 5113/4775 5117/4782 5118/4783 
f 5113/4775 5118/4783 5114/4776 
f 5119/4784 5120/4785 5121/4786 
f 5119/4784 5121/4786 5122/4787 
f 5119/4784 5122/4787 5123/4788 
f 5119/4784 5123/4788 5124/4789 
f 5119/4784 5124/4789 5125/4790 
f 5119/4784 5125/4790 5126/4791 
f 5119/4784 5126/4791 5127/4792 
f 5119/4784 5127/4792 5120/4785 
f 5128/4793 5129/4794 5130/4795 
f 5128/4793 5130/4795 5131/4796 
f 5128/4793 5131/4796 5132/4797 
f 5128/4793 5132/4797 5133/4798 
f 5128/4793 5133/4798 5134/4799 
f 5128/4793 5134/4799 5135/4800 
f 5128/4793 5135/4800 5136/4801 
f 5128/4793 5136/4801 5129/4794 
f 5137/4802 5138/4803 5139/4804 
f 5137/4802 5139/4804 5140/4805 
f 5137/4802 5140/4805 5141/4806 
f 5137/4802 5141/4806 5142/4807 
f 5137/4802 5142/4807 5143/4808 
f 5137/4802 5143/4808 5144/4809 
f 5137/4802 5144/4809 5145/4810 
f 5137/4802 5145/4810 5138/4803 
f 5146/4811 5147/4812 5148/4813 
f 5146/4811 5149/4814 5150/4815 
f 5146/4811 5150/4815 5151/4816 
f 5146/4811 5151/4816 5152/4817 
f 5146/4811 5152/4817 5153/4818 
f 5146/4811 5153/4818 5147/4812 
f 5154/4819 5155/4820 5156/4821 
f 5154/4819 5156/4821 5157/4822 
f 5154/4819 5157/4822 5158/4823 
f 5154/4819 5158/4823 5159/4824 
f 5154/4819 5159/4824 5160/4825 
f 5154/4819 5160/4825 5161/4826 
f 5154/4819 5161/4826 5162/4827 
f 5154/4819 5162/4827 5155/4820 
f 5163/4828 5164/4829 5165/4830 
f 5163/4828 5165/4830 5166/4831 
f 5163/4828 5166/4831 5167/4832 
f 5163/4828 5167/4832 5168/4833 
f 5163/4828 5168/4833 5169/4834 
f 5163/4828 5169/4834 5170/4835 
f 5163/4828 5170/4835 5171/4836 
f 5163/4828 5171/4836 5164/4829 
f 5172/4837 5173/4838 5174/4839 
f 5172/4837 5174/4839 5175/4840 
f 5172/4837 5175/4840 5176/4841 
f 5172/4837 5176/4841 5177/4842 
f 5172/4837 5177/4842 5178/4843 
f 5172/4837 5178/4843 5179/4844 
f 5172/4837 5179/4844 5180/4845 
f 5172/4837 5180/4845 5173/4838 
f 5181/4846 5182/4847 5183/4848 
f 5181/4846 5183/4848 5184/4849 
f 5181/4846 5184/4849 5185/4850 
f 5181/4846 5185/4850 5186/4851 
f 5181/4846 5186/4851 5187/4852 
f 5181/4846 5187/4852 5188/4853 
f 5181/4846 5188/4853 5189/4854 
f 5181/4846 5189/4854 5182/4847 
f 5190/4855 5191/4856 5192/4857 
f 5190/4855 5192/4857 5193/4858 
f 5190/4855 5193/4858 5194/4859 
f 5190/4855 5194/4859 5195/4860 
f 5190/4855 5195/4860 5196/4861 
f 5190/4855 5196/4861 5197/4862 
f 5190/4855 5197/4862 5198/4863 
f 5190/4855 5198/4863 5191/4856 
f 5199/4864 5200/4865 5201/4866 
f 5199/4864 5201/4866 5202/4867 
f 5199/4864 5202/4867 5203/4868 
f 5199/4864 5203/4868 5204/4869 
f 5199/4864 5204/4869 5205/4870 
f 5199/4864 5205/4870 5206/4871 
f 5199/4864 5206/4871 5207/4872 
f 5199/4864 5207/4872 5200/4865 
f 5208/4873 5209/4874 5210/4875 
f 5208/4873 5210/4875 5211/4876 
f 5208/4873 5211/4876 5212/4877 
f 5208/4873 5212/4877 5213/4878 
f 5208/4873 5213/4878 5214/4879 
f 5208/4873 5214/4879 5215/4880 
f 5208/4873 5215/4880 5216/4881 
f 5208/4873 5216/4881 5209/4874 
f 5217/4882 5218/4883 5219/4884 
f 5217/4882 5219/4884 5220/4885 
f 5217/4882 5220/4885 5221/4886 
f 5217/4882 5221/4886 5222/4887 
f 5217/4882 5222/4887 5223/4888 
f 5217/4882 5223/4888 5224/4889 
f 5217/4882 5224/4889 5225/4890 
f 5217/4882 5225/4890 5218/4883 
f 5226/4891 5227/4892 5228/4893 
f 5226/4891 5228/4893 5229/4894 
f 5226/4891 5229/4894 5230/4895 
f 5226/4891 5230/4895 5231/4896 
f 5226/4891 5231/4896 5232/4897 
f 5226/4891 5232/4897 5233/4898 
f 5226/4891 5233/4898 5234/4899 
f 5226/4891 5234/4899 5227/4892 
f 5235/4900 5236/4901 5237/4902 
f 5235/4900 5237/4902 5238/4903 
f 5235/4900 5238/4903 5239/4904 
f 5235/4900 5239/4904 5240/4905 
f 5235/4900 5240/4905 5241/4906 
f 5235/4900 5241/4906 5242/4907 
f 5235/4900 5242/4907 5243/4908 
f 5235/4900 5243/4908 5236/4901 
f 5244/4909 5245/4910 5246/4911 
f 5244/4909 5247/4912 5248/4913 
f 5244/4909 5248/4913 5249/4914 
f 5244/4909 5249/4914 5250/4915 
f 5244/4909 5250/4915 5251/4916 
f 5244/4909 5251/4916 5245/4910 
f 5252/4917 5253/4918 5254/4919 
f 5252/4917 5254/4919 5255/4920 
f 5252/4917 5255/4920 5256/4921 
f 5252/4917 5256/4921 5257/4922 
f 5252/4917 5257/4922 5258/4923 
f 5252/4917 5258/4923 5259/4924 
f 5252/4917 5259/4924 5260/4925 
f 5252/4917 5260/4925 5253/4918 
f 5261/4926 5262/4927 5263/4928 
f 5261/4926 5263/4928 5264/4929 
f 5261/4926 5264/4929 5265/4930 
f 5261/4926 5265/4930 5266/4931 
f 5261/4926 5266/4931 5267/4932 
f 5261/4926 5267/4932 5268/4933 
f 5261/4926 5268/4933 5269/4934 
f 5261/4926 5269/4934 5262/4927 
f 5270/4935 5271/4936 5272/4937 
f 5270/4935 5272/4937 5273/4938 
f 5270/4935 5273/4938 5274/4939 
f 5270/4935 5274/4939 5275/4940 
f 5270/4935 5275/4940 5276/4941 
f 5270/4935 5276/4941 5277/4942 
f 5270/4935 5277/4942 5278/4943 
f 5270/4935 5278/4943 5271/4936 
f 5279/4944 5280/4945 5281/4946 
f 5279/4944 5281/4946 5282/4947 
f 5279/4944 5282/4947 5283/4948 
f 5279/4944 5283/4948 5284/4949 
f 5279/4944 5284/4949 5285/4950 
f 5279/4944 5285/4950 5286/4951 
f 5279/4944 5286/4951 5287/4952 
f 5279/4944 5287/4952 5280/4945 
f 5288/4953 5289/4954 5290/4955 
f 5288/4953 5290/4955 5291/4956 
f 5288/4953 5291/4956 5292/4957 
f 5288/4953 5292/4957 5293/4958 
f 5288/4953 5293/4958 5294/4959 
f 5288/4953 5294/4959 5295/4960 
f 5288/4953 5295/4960 5296/4961 
f 5288/4953 5296/4961 5289/4954 
f 5297/4962 5298/4963 5299/4964 
f 5297/4962 5299/4964 5300/4965 
f 5297/4962 5300/4965 5301/4966 
f 5297/4962 5301/4966 5302/4967 
f 5297/4962 5302/4967 5303/4968 
f 5297/4962 5303/4968 5304/4969 
f 5297/4962 5304/4969 5305/4970 
f 5297/4962 5305/4970 5298/4963 
f 5306/4971 5307/4972 5308/4973 
f 5306/4971 5308/4973 5309/4974 
f 5306/4971 5309/4974 5310/4975 
f 5306/4971 5310/4975 5311/4976 
f 5306/4971 5311/4976 5312/4977 
f 5306/4971 5312/4977 5313/4978 
f 5306/4971 5313/4978 5314/4979 
f 5306/4971 5314/4979 5307/4972 
f 5315/4980 5316/4981 5317/4982 
f 5315/4980 5317/4982 5318/4983 
f 5315/4980 5318/4983 5319/4984 
f 5315/4980 5319/4984 5320/4985 
f 5315/4980 5320/4985 5321/4986 
f 5315/4980 5321/4986 5322/4987 
f 5315/4980 5322/4987 5323/4988 
f 5315/4980 5323/4988 5316/4981 
f 5324/4989 5325/4990 5326/4991 
f 5324/4989 5326/4991 5327/4992 
f 5324/4989 5327/4992 5328/4993 
f 5324/4989 5328/4993 5329/4994 
f 5324/4989 5329/4994 5330/4995 
f 5324/4989 5330/4995 5331/4996 
f 5324/4989 5331/4996 5332/4997 
f 5324/4989 5332/4997 5325/4990 
f 5333/4998 5334/4999 5335/5000 
f 5333/4998 5335/5000 5336/5001 
f 5333/4998 5336/5001 5337/5002 
f 5333/4998 5337/5002 5338/5003 
f 5333/4998 5338/5003 5339/5004 
f 5333/4998 5339/5004 5340/5005 
f 5333/4998 5340/5005 5341/5006 
f 5333/4998 5341/5006 5334/4999 
f 5342/5007 5343/5008 5344/5009 
f 5342/5007 5344/5009 5345/5010 
f 5342/5007 5345/5010 5346/5011 
f 5342/5007 5346/5011 5347/5012 
f 5342/5007 5347/5012 5348/5013 
f 5342/5007 5348/5013 5349/5014 
f 5342/5007 5349/5014 5350/5015 
f 5342/5007 5350/5015 5343/5008 
f 5351/5016 5352/5017 5353/5018 
f 5351/5016 5353/5018 5354/5019 
f 5351/5016 5354/5019 5355/5020 
f 5351/5016 5355/5020 5356/5021 
f 5351/5016 5356/5021 5357/5022 
f 5351/5016 5357/5022 5358/5023 
f 5351/5016 5358/5023 5359/5024 
f 5351/5016 5359/5024 5352/5017 
f 5360/5025 5361/5026 5362/5027 
f 5360/5025 5362/5027 5363/5028 
f 5360/5025 5363/5028 5364/5029 
f 5360/5025 5364/5029 5365/5030 
f 5360/5025 5365/5030 5366/5031 
f 5360/5025 5366/5031 5367/5032 
f 5360/5025 5367/5032 5368/5033 
f 5360/5025 5368/5033 5361/5026 
f 5369/5034 5370/5035 5371/5036 
f 5369/5034 5371/5036 5372/5037 
f 5369/5034 5372/5037 5373/5038 
f 5369/5034 5373/5038 5374/5039 
f 5369/5034 5374/5039 5375/5040 
f 5369/5034 5375/5040 5376/5041 
f 5369/5034 5376/5041 5377/5042 
f 5369/5034 5377/5042 5370/5035 
f 5378/5043 5379/5044 5380/5045 
f 5378/5043 5380/5045 5381/5046 
f 5378/5043 5381/5046 5382/5047 
f 5378/5043 5382/5047 5383/5048 
f 5378/5043 5383/5048 5384/5049 
f 5378/5043 5384/5049 5385/5050 
f 5378/5043 5385/5050 5386/5051 
f 5378/5043 5386/5051 5379/5044 
f 5387/5052 5388/5053 5389/5054 
f 5387/5052 5389/5054 5390/5055 
f 5387/5052 5390/5055 5391/5056 
f 5387/5052 5391/5056 5392/5057 
f 5387/5052 5392/5057 5393/5058 
f 5387/5052 5393/5058 5394/5059 
f 5387/5052 5394/5059 5395/5060 
f 5387/5052 5395/5060 5388/5053 
f 5396/5061 5397/5062 5398/5063 
f 5396/5061 5398/5063 5399/5064 
f 5396/5061 5399/5064 5400/5065 
f 5396/5061 5400/5065 5401/5066 
f 5396/5061 5401/5066 5402/5067 
f 5396/5061 5402/5067 5403/5068 
f 5396/5061 5403/5068 5404/5069 
f 5396/5061 5404/5069 5397/5062 
f 5405/5070 5406/5071 5407/5072 
f 5405/5070 5407/5072 5408/5073 
f 5405/5070 5408/5073 5409/5074 
f 5405/5070 5409/5074 5410/5075 
f 5405/5070 5410/5075 5411/5076 
f 5405/5070 5411/5076 5412/5077 
f 5405/5070 5412/5077 5413/5078 
f 5405/5070 5413/5078 5406/5071 
f 5414/5079 5415/5080 5416/5081 
f 5414/5079 5416/5081 5417/5082 
f 5414/5079 5417/5082 5418/5083 
f 5414/5079 5418/5083 5419/5084 
f 5414/5079 5419/5084 5420/5085 
f 5414/5079 5420/5085 5421/5086 
f 5414/5079 5421/5086 5422/5087 
f 5414/5079 5422/5087 5415/5080 
f 5423/5088 5424/5089 5425/5090 
f 5423/5088 5425/5090 5426/5091 
f 5423/5088 5426/5091 5427/5092 
f 5423/5088 5427/5092 5428/5093 
f 5423/5088 5428/5093 5429/5094 
f 5423/5088 5429/5094 5430/5095 
f 5423/5088 5430/5095 5431/5096 
f 5423/5088 5431/5096 5424/5089 
f 5432/5097 5433/5098 5434/5099 
f 5432/5097 5434/5099 5435/5100 
f 5432/5097 5435/5100 5436/5101 
f 5432/5097 5436/5101 5437/5102 
f 5432/5097 5437/5102 5438/5103 
f 5432/5097 5438/5103 5439/5104 
f 5432/5097 5439/5104 5440/5105 
f 5432/5097 5440/5105 5433/5098 
f 5441/5106 5442/5107 5443/5108 
f 5441/5106 5443/5108 5444/5109 
f 5441/5106 5444/5109 5445/5110 
f 5441/5106 5445/5110 5446/5111 
f 5441/5106 5446/5111 5447/5112 
f 5441/5106 5447/5112 5448/5113 
f 5441/5106 5448/5113 5449/5114 
f 5441/5106 5449/5114 5442/5107 
f 5450/5115 5451/5116 5452/5117 
f 5450/5115 5452/5117 5453/5118 
f 5450/5115 5453/5118 5454/5119 
f 5450/5115 5454/5119 5455/5120 
f 5450/5115 5455/5120 5456/5121 
f 5450/5115 5456/5121 5457/5122 
f 5450/5115 5457/5122 5458/5123 
f 5450/5115 5458/5123 5451/5116 
f 5459/5124 5460/5125 5461/5126 
f 5459/5124 5461/5126 5462/5127 
f 5459/5124 5462/5127 5463/5128 
f 5459/5124 5463/5128 5464/5129 
f 5459/5124 5464/5129 5465/5130 
f 5459/5124 5465/5130 5466/5131 
f 5459/5124 5466/5131 5467/5132 
f 5459/5124 5467/5132 5460/5125 
f 5468/5133 5469/5134 5470/5135 
f 5468/5133 5470/5135 5471/5136 
f 5468/5133 5471/5136 5472/5137 
f 5468/5133 5472/5137 5473/5138 
f 5468/5133 5473/5138 5474/5139 
f 5468/5133 5474/5139 5475/5140 
f 5468/5133 5475/5140 5476/5141 
f 5468/5133 5476/5141 5469/5134 
f 5477/5142 7290/5143 5478/5144 
f 5477/5142 5478/5144 5479/5145 
f 5477/5142 5479/5145 5480/5146 
f 5477/5142 5480/5146 5481/5147 
f 5477/5142 5481/5147 5482/5148 
f 5477/5142 5482/5148 5483/5149 
f 5477/5142 5483/5149 5484/5150 
f 5477/5142 5484/5150 7290/5143 
f 5485/5151 5486/5152 5487/5153 
f 5485/5151 5487/5153 5488/5154 
f 5485/5151 5488/5154 5489/5155 
f 5485/5151 5489/5155 5490/5156 
f 5485/5151 5490/5156 5491/5157 
f 5485/5151 5491/5157 5492/5158 
f 5485/5151 5492/5158 7253/5159 
f 5485/5151 7253/5159 5486/5152 
f 5493/5160 5494/5161 5495/5162 
f 5493/5160 5495/5162 5496/5163 
f 5493/5160 5496/5163 5497/5164 
f 5493/5160 5497/5164 5498/5165 
f 5493/5160 5498/5165 5499/5166 
f 5493/5160 5499/5166 5500/5167 
f 5493/5160 5500/5167 5501/5168 
f 5493/5160 5501/5168 5494/5161 
f 5502/5169 5503/5170 5504/5171 
f 5502/5169 5504/5171 5505/5172 
f 5502/5169 5505/5172 5506/5173 
f 5502/5169 5506/5173 5507/5174 
f 5502/5169 5507/5174 5508/5175 
f 5502/5169 5508/5175 5509/5176 
f 5502/5169 5509/5176 5510/5177 
f 5502/5169 5510/5177 5503/5170 
f 5511/5178 7316/5179 5512/5180 
f 5511/5178 5512/5180 5513/5181 
f 5511/5178 5513/5181 5514/5182 
f 5511/5178 5514/5182 5515/5183 
f 5511/5178 5515/5183 5516/5184 
f 5511/5178 5516/5184 5517/5185 
f 5511/5178 5517/5185 5518/5186 
f 5511/5178 5518/5186 7316/5179 
f 5519/5187 7323/5188 5520/5189 
f 5519/5187 5520/5189 5521/5190 
f 5519/5187 5521/5190 5522/5191 
f 5519/5187 5522/5191 5523/5192 
f 5519/5187 5523/5192 5524/5193 
f 5519/5187 5524/5193 5525/5194 
f 5519/5187 5525/5194 5526/5195 
f 5519/5187 5526/5195 7323/5188 
f 5527/5196 5528/5197 5529/5198 
f 5527/5196 5529/5198 5530/5199 
f 5527/5196 5530/5199 5531/5200 
f 5527/5196 5531/5200 5532/5201 
f 5527/5196 5532/5201 5533/5202 
f 5527/5196 5533/5202 5534/5203 
f 5527/5196 5534/5203 5535/5204 
f 5527/5196 5535/5204 5528/5197 
f 5536/5205 7336/5206 5537/5207 
f 5536/5205 5537/5207 5538/5208 
f 5536/5205 5538/5208 5539/5209 
f 5536/5205 5539/5209 5540/5210 
f 5536/5205 5540/5210 5541/5211 
f 5536/5205 5541/5211 5542/5212 
f 5536/5205 5542/5212 7288/5213 
f 5536/5205 7288/5213 7336/5206 
f 5543/5214 5544/5215 5545/5216 
f 5543/5214 5545/5216 5546/5217 
f 5543/5214 5546/5217 5547/5218 
f 5543/5214 5547/5218 5548/5219 
f 5543/5214 5548/5219 5549/5220 
f 5543/5214 5549/5220 5550/5221 
f 5543/5214 5550/5221 5551/5222 
f 5543/5214 5551/5222 5544/5215 
f 5552/5223 5553/5224 5554/5225 
f 5552/5223 5554/5225 5555/5226 
f 5552/5223 5555/5226 5556/5227 
f 5552/5223 5556/5227 5557/5228 
f 5552/5223 5557/5228 5558/5229 
f 5552/5223 5558/5229 5559/5230 
f 5552/5223 5559/5230 5560/5231 
f 5552/5223 5560/5231 5553/5224 
f 5561/5232 5562/5233 5563/5234 
f 5561/5232 5563/5234 5564/5235 
f 5561/5232 5564/5235 5565/5236 
f 5561/5232 5565/5236 5566/5237 
f 5561/5232 5566/5237 5567/5238 
f 5561/5232 5567/5238 5568/5239 
f 5561/5232 5568/5239 5569/5240 
f 5561/5232 5569/5240 5562/5233 
f 5570/5241 5571/5242 5572/5243 
f 5570/5241 5572/5243 5573/5244 
f 5570/5241 5573/5244 5574/5245 
f 5570/5241 5574/5245 5575/5246 
f 5570/5241 5575/5246 5576/5247 
f 5570/5241 5576/5247 5577/5248 
f 5570/5241 5577/5248 5578/5249 
f 5570/5241 5578/5249 5571/5242 
f 5579/5250 5580/5251 5581/5252 
f 5579/5250 5581/5252 5582/5253 
f 5579/5250 5582/5253 5583/5254 
f 5579/5250 5583/5254 5584/5255 
f 5579/5250 5584/5255 5585/5256 
f 5579/5250 5585/5256 5586/5257 
f 5579/5250 5586/5257 5587/5258 
f 5579/5250 5587/5258 5580/5251 
f 5588/5259 5589/5260 5590/5261 
f 5588/5259 5590/5261 5591/5262 
f 5588/5259 5591/5262 5592/5263 
f 5588/5259 5592/5263 5593/5264 
f 5588/5259 5593/5264 5594/5265 
f 5588/5259 5594/5265 5595/5266 
f 5588/5259 5595/5266 5596/5267 
f 5588/5259 5596/5267 5589/5260 
f 5597/5268 5598/5269 5599/5270 
f 5597/5268 5599/5270 5600/5271 
f 5597/5268 5600/5271 5601/5272 
f 5597/5268 5601/5272 5602/5273 
f 5597/5268 5602/5273 5603/5274 
f 5597/5268 5603/5274 5604/5275 
f 5597/5268 5604/5275 5605/5276 
f 5597/5268 5605/5276 5598/5269 
f 5606/5277 7386/5278 5607/5279 
f 5606/5277 5607/5279 5608/5280 
f 5606/5277 5608/5280 5609/5281 
f 5606/5277 5609/5281 5610/5282 
f 5606/5277 5610/5282 5611/5283 
f 5606/5277 5611/5283 5612/5284 
f 5606/5277 5612/5284 5613/5285 
f 5606/5277 5613/5285 7386/5278 
f 5614/5286 5615/5287 5616/5288 
f 5614/5286 5616/5288 5617/5289 
f 5614/5286 5617/5289 5618/5290 
f 5614/5286 5618/5290 5619/5291 
f 5614/5286 5619/5291 5620/5292 
f 5614/5286 5620/5292 5621/5293 
f 5614/5286 5621/5293 5622/5294 
f 5614/5286 5622/5294 5615/5287 
f 5623/5295 5624/5296 5625/5297 
f 5623/5295 5625/5297 5626/5298 
f 5623/5295 5626/5298 5627/5299 
f 5623/5295 5627/5299 5628/5300 
f 5623/5295 5628/5300 5629/5301 
f 5623/5295 5629/5301 5630/5302 
f 5623/5295 5630/5302 5631/5303 
f 5623/5295 5631/5303 5624/5296 
f 5632/5304 7405/5305 5633/5306 
f 5632/5304 5633/5306 5634/5307 
f 5632/5304 5634/5307 5635/5308 
f 5632/5304 5635/5308 5636/5309 
f 5632/5304 5636/5309 5637/5310 
f 5632/5304 5637/5310 5638/5311 
f 5632/5304 5638/5311 5639/5312 
f 5632/5304 5639/5312 7405/5305 
f 5640/5313 5641/5314 5642/5315 
f 5640/5313 5642/5315 5643/5316 
f 5640/5313 5643/5316 5644/5317 
f 5640/5313 5644/5317 5645/5318 
f 5640/5313 5645/5318 5646/5319 
f 5640/5313 5646/5319 5647/5320 
f 5640/5313 5647/5320 7370/5321 
f 5640/5313 7370/5321 5641/5314 
f 5648/5322 5649/5323 5650/5324 
f 5648/5322 5650/5324 5651/5325 
f 5648/5322 5651/5325 5652/5326 
f 5648/5322 5652/5326 5653/5327 
f 5648/5322 5653/5327 5654/5328 
f 5648/5322 5654/5328 5655/5329 
f 5648/5322 5655/5329 5656/5330 
f 5648/5322 5656/5330 5649/5323 
f 5657/5331 7422/5332 5658/5333 
f 5657/5331 5658/5333 5659/5334 
f 5657/5331 5659/5334 5660/5335 
f 5657/5331 5660/5335 5661/5336 
f 5657/5331 5661/5336 5662/5337 
f 5657/5331 5662/5337 5663/5338 
f 5657/5331 5663/5338 7384/5339 
f 5657/5331 7384/5339 7422/5332 
f 5664/5340 7428/5341 5665/5342 
f 5664/5340 5665/5342 5666/5343 
f 5664/5340 5666/5343 5667/5344 
f 5664/5340 5667/5344 5668/5345 
f 5664/5340 5668/5345 5669/5346 
f 5664/5340 5669/5346 5670/5347 
f 5664/5340 5670/5347 5671/5348 
f 5664/5340 5671/5348 7428/5341 
f 5672/5349 5673/5350 5674/5351 
f 5672/5349 5674/5351 5675/5352 
f 5672/5349 5675/5352 5676/5353 
f 5672/5349 5676/5353 5677/5354 
f 5672/5349 5677/5354 5678/5355 
f 5672/5349 5678/5355 5679/5356 
f 5672/5349 5679/5356 5680/5357 
f 5672/5349 5680/5357 5673/5350 
f 5681/5358 5682/5359 5683/5360 
f 5681/5358 5683/5360 5684/5361 
f 5681/5358 5684/5361 5685/5362 
f 5681/5358 5685/5362 5686/5363 
f 5681/5358 5686/5363 5687/5364 
f 5681/5358 5687/5364 5688/5365 
f 5681/5358 5688/5365 5689/5366 
f 5681/5358 5689/5366 5682/5359 
f 5690/5367 5691/5368 5692/5369 
f 5690/5367 5692/5369 5693/5370 
f 5690/5367 5693/5370 5694/5371 
f 5690/5367 5694/5371 5695/5372 
f 5690/5367 5695/5372 5696/5373 
f 5690/5367 5696/5373 5697/5374 
f 5698/5375 5699/5376 5700/5377 
f 5698/5375 5700/5377 5701/5378 
f 5698/5375 5701/5378 5702/5379 
f 5698/5375 5702/5379 5703/5380 
f 5698/5375 5703/5380 5704/5381 
f 5705/5382 5706/5383 7460/5384 
f 5705/5382 7460/5384 5707/5385 
f 5705/5382 5707/5385 5708/5386 
f 5705/5382 5708/5386 5709/5387 
f 5705/5382 5709/5387 5710/5388 
f 5705/5382 5710/5388 5711/5389 
f 5705/5382 5711/5389 5706/5383 
f 5712/5390 7469/5391 5713/5392 
f 5712/5390 5713/5392 5714/5393 
f 5712/5390 5714/5393 5715/5394 
f 5712/5390 5715/5394 5716/5395 
f 5712/5390 5716/5395 5717/5396 
f 5712/5390 5717/5396 7470/5397 
f 5712/5390 7470/5397 7469/5391 
f 5718/5398 5719/5399 5720/5400 
f 5718/5398 5720/5400 5721/5401 
f 5718/5398 5721/5401 5722/5402 
f 5718/5398 5722/5402 5723/5403 
f 5724/5404 5725/5405 5726/5406 
f 5724/5404 5726/5406 5727/5407 
f 5724/5404 5727/5407 5728/5408 
f 5724/5404 5728/5408 5729/5409 
f 5730/5410 7491/5411 5731/5412 
f 5730/5410 5731/5412 5732/5413 
f 5730/5410 5732/5413 5733/5414 
f 5730/5410 5733/5414 5734/5415 
f 5730/5410 5734/5415 5735/5416 
f 5730/5410 5735/5416 5736/5417 
f 5730/5410 5736/5417 7491/5411 
f 5737/5418 5738/5419 5739/5420 
f 5737/5418 5739/5420 5740/5421 
f 5737/5418 5740/5421 5741/5422 
f 5737/5418 5741/5422 5742/5423 
f 5737/5418 5742/5423 5743/5424 
f 5737/5418 5743/5424 5744/5425 
f 5737/5418 5744/5425 5738/5419 
f 5745/5426 5746/5427 7503/5428 
f 5745/5426 7503/5428 5747/5429 
f 5745/5426 5747/5429 5748/5430 
f 5745/5426 5748/5430 5749/5431 
f 5745/5426 5749/5431 5750/5432 
f 5745/5426 5750/5432 5751/5433 
f 5745/5426 5751/5433 5752/5434 
f 5745/5426 5752/5434 5746/5427 
f 5753/5435 7511/5436 5754/5437 
f 5753/5435 5754/5437 5755/5438 
f 5753/5435 5755/5438 5756/5439 
f 5753/5435 5756/5439 5757/5440 
f 5753/5435 5757/5440 5758/5441 
f 5753/5435 5758/5441 5759/5442 
f 5753/5435 5759/5442 7511/5436 
f 5760/5443 5761/5444 5762/5445 
f 5760/5443 5762/5445 5763/5446 
f 5760/5443 5763/5446 5764/5447 
f 5760/5443 5764/5447 5765/5448 
f 5766/5449 5768/5450 5769/5451 
f 5766/5449 5769/5451 5770/5452 
f 5766/5449 5770/5452 5771/5453 
f 5766/5449 5771/5453 5772/5454 
f 5773/5455 7531/5456 5774/5457 
f 5773/5455 5774/5457 5775/5458 
f 5773/5455 5775/5458 5776/5459 
f 5773/5455 5776/5459 5777/5460 
f 5773/5455 5777/5460 5778/5461 
f 5773/5455 5778/5461 5779/5462 
f 5773/5455 5779/5462 5780/5463 
f 5773/5455 5780/5463 7531/5456 
f 5781/5464 5782/5465 5783/5466 
f 5781/5464 5783/5466 5784/5467 
f 5781/5464 5784/5467 5785/5468 
f 5781/5464 5785/5468 5786/5469 
f 5781/5464 5786/5469 5787/5470 
f 5781/5464 5787/5470 5788/5471 
f 5781/5464 5788/5471 5782/5465 
f 5789/5472 5790/5473 5791/5474 
f 5789/5472 5791/5474 5792/5475 
f 5789/5472 5792/5475 5793/5476 
f 5789/5472 5793/5476 5794/5477 
f 5789/5472 5794/5477 5795/5478 
f 5789/5472 5795/5478 5796/5479 
f 5789/5472 5796/5479 5797/5480 
f 5789/5472 5797/5480 5790/5473 
f 5798/5481 5799/5482 5800/5483 
f 5798/5481 5800/5483 5801/5484 
f 5798/5481 5801/5484 5802/5485 
f 5798/5481 5802/5485 5803/5486 
f 5798/5481 5803/5486 5804/5487 
f 5798/5481 5804/5487 5799/5482 
f 5805/5488 5806/5489 5807/5490 
f 5805/5488 5807/5490 5808/5491 
f 5805/5488 5808/5491 5809/5492 
f 5805/5488 5809/5492 5810/5493 
f 5805/5488 5810/5493 5811/5494 
f 5805/5488 5811/5494 5812/5495 
f 5805/5488 5812/5495 5813/5496 
f 5805/5488 5813/5496 5806/5489 
f 5814/5497 5815/5498 5816/5499 
f 5814/5497 5816/5499 5817/5500 
f 5814/5497 5817/5500 5818/5501 
f 5814/5497 5818/5501 5819/5502 
f 5814/5497 5819/5502 5820/5503 
f 5814/5497 5820/5503 5821/5504 
f 5814/5497 5821/5504 5815/5498 
f 5822/5505 5823/5506 5824/5507 
f 5822/5505 5824/5507 5825/5508 
f 5822/5505 5825/5508 5826/5509 
f 5822/5505 5826/5509 5827/5510 
f 5822/5505 5827/5510 5828/5511 
f 5822/5505 5828/5511 5829/5512 
f 5822/5505 5829/5512 5823/5506 
f 5830/5513 5831/5514 5832/5515 
f 5830/5513 5832/5515 5833/5516 
f 5830/5513 5833/5516 5834/5517 
f 5830/5513 5834/5517 5835/5518 
f 5836/5519 5837/5520 5838/5521 
f 5836/5519 5838/5521 5839/5522 
f 5836/5519 5839/5522 5840/5523 
f 5836/5519 5840/5523 5841/5524 
f 5836/5519 5841/5524 5842/5525 
f 5836/5519 5842/5525 5843/5526 
f 5836/5519 5843/5526 5844/5527 
f 5836/5519 5844/5527 5837/5520 
f 5845/5528 5846/5529 5847/5530 
f 5845/5528 5847/5530 5848/5531 
f 5845/5528 5848/5531 5849/5532 
f 5845/5528 5849/5532 5850/5533 
f 5845/5528 5850/5533 5851/5534 
f 5845/5528 5851/5534 5846/5529 
f 5852/5535 5854/5536 5855/5537 
f 5852/5535 5855/5537 5856/5538 
f 5852/5535 5856/5538 5857/5539 
f 5852/5535 5857/5539 5858/5540 
f 5859/5541 5860/5542 5861/5543 
f 5859/5541 5861/5543 5862/5544 
f 5859/5541 5862/5544 5863/5545 
f 5859/5541 5863/5545 5864/5546 
f 5865/5547 5866/5548 5867/5549 
f 5865/5547 5867/5549 5868/5550 
f 5865/5547 5868/5550 5869/5551 
f 5865/5547 5869/5551 5870/5552 
f 5865/5547 5870/5552 5871/5553 
f 5865/5547 5871/5553 5872/5554 
f 5865/5547 5872/5554 5873/5555 
f 5865/5547 5873/5555 5866/5548 
f 5874/5556 5875/5557 5876/5558 
f 5874/5556 5876/5558 5877/5559 
f 5874/5556 5877/5559 5878/5560 
f 5874/5556 5878/5560 5879/5561 
f 5874/5556 5879/5561 5880/5562 
f 5874/5556 5880/5562 5875/5557 
f 5881/5563 5883/5564 5884/5565 
f 5881/5563 5884/5565 5885/5566 
f 5881/5563 5885/5566 5886/5567 
f 5881/5563 5886/5567 5887/5568 
f 5888/5569 7624/5570 7623/5571 
f 5888/5569 7623/5571 5889/5572 
f 5888/5569 5889/5572 5890/5573 
f 5888/5569 5890/5573 5891/5574 
f 5888/5569 5891/5574 5892/5575 
f 5888/5569 5892/5575 5893/5576 
f 5888/5569 5893/5576 5894/5577 
f 5888/5569 5894/5577 7624/5570 
f 5895/5578 5896/5579 5897/5580 
f 5895/5578 5897/5580 5898/5581 
f 5895/5578 5898/5581 5899/5582 
f 5895/5578 5899/5582 5900/5583 
f 5895/5578 5900/5583 5901/5584 
f 5895/5578 5901/5584 5902/5585 
f 5895/5578 5902/5585 5896/5579 
f 5903/5586 5904/5587 5905/5588 
f 5903/5586 5905/5588 5906/5589 
f 5903/5586 5906/5589 5907/5590 
f 5903/5586 5907/5590 5908/5591 
f 5903/5586 5908/5591 5909/5592 
f 5903/5586 5909/5592 5910/5593 
f 5911/5594 7640/5595 5912/5596 
f 5911/5594 5912/5596 5913/5597 
f 5911/5594 5913/5597 5914/5598 
f 5911/5594 5914/5598 5915/5599 
f 5911/5594 5915/5599 5916/5600 
f 5911/5594 5916/5600 5917/5601 
f 5911/5594 5917/5601 5918/5602 
f 5911/5594 5918/5602 7640/5595 
f 5919/5603 5920/5604 5921/5605 
f 5919/5603 5921/5605 5922/5606 
f 5919/5603 5922/5606 5923/5607 
f 5919/5603 5923/5607 5924/5608 
f 5919/5603 5924/5608 5925/5609 
f 5919/5603 5925/5609 5926/5610 
f 5919/5603 5926/5610 5920/5604 
f 5927/5611 5928/5612 5929/5613 
f 5927/5611 5929/5613 5930/5614 
f 5927/5611 5930/5614 5931/5615 
f 5927/5611 5931/5615 5932/5616 
f 5927/5611 5932/5616 5933/5617 
f 5927/5611 5933/5617 5934/5618 
f 5927/5611 5934/5618 5935/5619 
f 5927/5611 5935/5619 5928/5612 
f 5936/5620 5937/5621 5938/5622 
f 5936/5620 5938/5622 5939/5623 
f 5936/5620 5939/5623 5940/5624 
f 5936/5620 5940/5624 5941/5625 
f 5936/5620 5941/5625 5942/5626 
f 5936/5620 5942/5626 5943/5627 
f 5944/5628 5945/5629 5946/5630 
f 5944/5628 5946/5630 5947/5631 
f 5944/5628 5947/5631 5948/5632 
f 5944/5628 5948/5632 5949/5633 
f 5944/5628 5949/5633 5950/5634 
f 5944/5628 5950/5634 5951/5635 
f 5944/5628 5951/5635 5952/5636 
f 5944/5628 5952/5636 5945/5629 
f 5953/5637 5954/5638 5955/5639 
f 5953/5637 5955/5639 5956/5640 
f 5953/5637 5956/5640 5957/5641 
f 5953/5637 5957/5641 5958/5642 
f 5953/5637 5958/5642 5959/5643 
f 5953/5637 5959/5643 5960/5644 
f 5953/5637 5960/5644 5961/5645 
f 5953/5637 5961/5645 5954/5638 
f 5962/5646 5963/5647 5964/5648 
f 5962/5646 5964/5648 5965/5649 
f 5962/5646 5965/5649 5966/5650 
f 5962/5646 5966/5650 5967/5651 
f 5962/5646 5967/5651 5968/5652 
f 5962/5646 5968/5652 5969/5653 
f 5962/5646 5969/5653 5970/5654 
f 5962/5646 5970/5654 5963/5647 
f 5971/5655 5972/5656 5973/5657 
f 5971/5655 5973/5657 5974/5658 
f 5971/5655 5974/5658 5975/5659 
f 5971/5655 5975/5659 5976/5660 
f 5971/5655 5976/5660 5977/5661 
f 5971/5655 5977/5661 5978/5662 
f 5979/5663 5980/5664 5981/5665 
f 5979/5663 5981/5665 5982/5666 
f 5979/5663 5982/5666 5983/5667 
f 5979/5663 5983/5667 5984/5668 
f 5979/5663 5984/5668 5985/5669 
f 5979/5663 5985/5669 5986/5670 
f 5979/5663 5986/5670 5987/5671 
f 5979/5663 5987/5671 5980/5664 
f 5988/5672 5989/5673 5990/5674 
f 5988/5672 5990/5674 5991/5675 
f 5988/5672 5991/5675 5992/5676 
f 5988/5672 5992/5676 5993/5677 
f 5988/5672 5993/5677 5994/5678 
f 5988/5672 5994/5678 5995/5679 
f 5988/5672 5995/5679 5996/5680 
f 5988/5672 5996/5680 5989/5673 
f 5997/5681 5998/5682 5999/5683 
f 5997/5681 5999/5683 6000/5684 
f 5997/5681 6000/5684 6001/5685 
f 5997/5681 6001/5685 6002/5686 
f 5997/5681 6002/5686 6003/5687 
f 5997/5681 6003/5687 6004/5688 
f 5997/5681 6004/5688 6005/5689 
f 5997/5681 6005/5689 5998/5682 
f 6006/5690 6007/5691 6008/5692 
f 6006/5690 6008/5692 6009/5693 
f 6006/5690 6009/5693 6010/5694 
f 6006/5690 6010/5694 6011/5695 
f 6006/5690 6011/5695 6012/5696 
f 6006/5690 6012/5696 6013/5697 
f 6006/5690 6013/5697 6014/5698 
f 6006/5690 6014/5698 6007/5691 
f 6015/5699 6016/5700 6017/5701 
f 6015/5699 6017/5701 6018/5702 
f 6015/5699 6018/5702 6019/5703 
f 6015/5699 6019/5703 6020/5704 
f 6015/5699 6020/5704 6021/5705 
f 6015/5699 6021/5705 6022/5706 
f 6015/5699 6022/5706 6023/5707 
f 6015/5699 6023/5707 6016/5700 
f 6024/5708 6025/5709 6026/5710 
f 6024/5708 6026/5710 6027/5711 
f 6024/5708 6027/5711 6028/5712 
f 6024/5708 6028/5712 6029/5713 
f 6024/5708 6029/5713 6030/5714 
f 6024/5708 6030/5714 6031/5715 
f 6032/5716 6033/5717 6034/5718 
f 6032/5716 6034/5718 6035/5719 
f 6032/5716 6035/5719 6036/5720 
f 6032/5716 6036/5720 6037/5721 
f 6032/5716 6037/5721 6038/5722 
f 6032/5716 6038/5722 6039/5723 
f 6032/5716 6039/5723 6040/5724 
f 6032/5716 6040/5724 6033/5717 
f 6041/5725 6042/5726 6043/5727 
f 6041/5725 6043/5727 6044/5728 
f 6041/5725 6044/5728 6045/5729 
f 6041/5725 6045/5729 6046/5730 
f 6041/5725 6046/5730 6047/5731 
f 6041/5725 6047/5731 6048/5732 
f 6041/5725 6048/5732 6042/5726 
f 6049/5733 6050/5734 6051/5735 
f 6049/5733 6051/5735 6052/5736 
f 6049/5733 6052/5736 6053/5737 
f 6049/5733 6053/5737 6054/5738 
f 6049/5733 6054/5738 6055/5739 
f 6049/5733 6055/5739 6056/5740 
f 6057/5741 6058/5742 6059/5743 
f 6057/5741 6059/5743 6060/5744 
f 6057/5741 6060/5744 6061/5745 
f 6057/5741 6061/5745 6062/5746 
f 6057/5741 6062/5746 6063/5747 
f 6057/5741 6063/5747 6064/5748 
f 6057/5741 6064/5748 6065/5749 
f 6057/5741 6065/5749 6058/5742 
f 6066/5750 6067/5751 6068/5752 
f 6066/5750 6068/5752 6069/5753 
f 6066/5750 6069/5753 6070/5754 
f 6066/5750 6070/5754 6071/5755 
f 6066/5750 6071/5755 6072/5756 
f 6066/5750 6072/5756 6073/5757 
f 6074/5758 6075/5759 6076/5760 
f 6074/5758 6076/5760 6077/5761 
f 6074/5758 6077/5761 6078/5762 
f 6074/5758 6078/5762 6079/5763 
f 6074/5758 6079/5763 6080/5764 
f 6074/5758 6080/5764 6081/5765 
f 6074/5758 6081/5765 6082/5766 
f 6074/5758 6082/5766 6075/5759 
f 6083/5767 6084/5768 6085/5769 
f 6083/5767 6085/5769 6086/5770 
f 6083/5767 6086/5770 6087/5771 
f 6083/5767 6087/5771 6088/5772 
f 6083/5767 6088/5772 6089/5773 
f 6083/5767 6089/5773 6090/5774 
f 6083/5767 6090/5774 6091/5775 
f 6083/5767 6091/5775 6084/5768 
f 6092/5776 6093/5777 6094/5778 
f 6092/5776 6094/5778 6095/5779 
f 6092/5776 6095/5779 6096/5780 
f 6092/5776 6096/5780 6097/5781 
f 6092/5776 6097/5781 6098/5782 
f 6092/5776 6098/5782 6099/5783 
f 6092/5776 6099/5783 6100/5784 
f 6092/5776 6100/5784 6093/5777 
f 6101/5785 6102/5786 6103/5787 
f 6101/5785 6103/5787 6104/5788 
f 6101/5785 6104/5788 6105/5789 
f 6101/5785 6105/5789 6106/5790 
f 6101/5785 6106/5790 6107/5791 
f 6101/5785 6107/5791 6108/5792 
f 6101/5785 6108/5792 6109/5793 
f 6101/5785 6109/5793 6102/5786 
f 6110/5794 6111/5795 6112/5796 
f 6110/5794 6112/5796 6113/5797 
f 6110/5794 6113/5797 6114/5798 
f 6110/5794 6114/5798 6115/5799 
f 6110/5794 6115/5799 6116/5800 
f 6110/5794 6116/5800 6117/5801 
f 6110/5794 6117/5801 6118/5802 
f 6110/5794 6118/5802 6111/5795 
f 6119/5803 6120/5804 6121/5805 
f 6119/5803 6121/5805 6122/5806 
f 6119/5803 6122/5806 6123/5807 
f 6119/5803 6123/5807 6124/5808 
f 6119/5803 6124/5808 6125/5809 
f 6119/5803 6125/5809 6126/5810 
f 6119/5803 6126/5810 6127/5811 
f 6119/5803 6127/5811 6120/5804 
f 6128/5812 6129/5813 6130/5814 
f 6128/5812 6130/5814 6131/5815 
f 6128/5812 6131/5815 6132/5816 
f 6128/5812 6132/5816 6133/5817 
f 6128/5812 6133/5817 6134/5818 
f 6128/5812 6134/5818 6135/5819 
f 6128/5812 6135/5819 6136/5820 
f 6128/5812 6136/5820 6129/5813 
f 6137/5821 6138/5822 6139/5823 
f 6137/5821 6139/5823 6140/5824 
f 6137/5821 6140/5824 6141/5825 
f 6137/5821 6141/5825 6142/5826 
f 6137/5821 6142/5826 6143/5827 
f 6137/5821 6143/5827 6144/5828 
f 6145/5829 6146/5830 6147/5831 
f 6145/5829 6147/5831 6148/5832 
f 6145/5829 6148/5832 6149/5833 
f 6145/5829 6149/5833 6150/5834 
f 6145/5829 6150/5834 6151/5835 
f 6145/5829 6151/5835 6152/5836 
f 6145/5829 6152/5836 6153/5837 
f 6145/5829 6153/5837 6146/5830 
f 6154/5838 6155/5839 6156/5840 
f 6154/5838 6156/5840 6157/5841 
f 6154/5838 6157/5841 6158/5842 
f 6154/5838 6158/5842 6159/5843 
f 6154/5838 6159/5843 6160/5844 
f 6154/5838 6160/5844 6161/5845 
f 6154/5838 6161/5845 6162/5846 
f 6154/5838 6162/5846 6155/5839 
f 6163/5847 6164/5848 6165/5849 
f 6163/5847 6165/5849 6166/5850 
f 6163/5847 6166/5850 6167/5851 
f 6163/5847 6167/5851 6168/5852 
f 6163/5847 6168/5852 6169/5853 
f 6163/5847 6169/5853 6170/5854 
f 6163/5847 6170/5854 6171/5855 
f 6163/5847 6171/5855 6164/5848 
f 6172/5856 6173/5857 6174/5858 
f 6172/5856 6174/5858 6175/5859 
f 6172/5856 6175/5859 6176/5860 
f 6172/5856 6176/5860 6177/5861 
f 6172/5856 6177/5861 6178/5862 
f 6172/5856 6178/5862 6179/5863 
f 6180/5864 6181/5865 6182/5866 
f 6180/5864 6182/5866 6183/5867 
f 6180/5864 6183/5867 6184/5868 
f 6180/5864 6184/5868 6185/5869 
f 6180/5864 6185/5869 6186/5870 
f 6180/5864 6186/5870 6187/5871 
f 6180/5864 6187/5871 6188/5872 
f 6180/5864 6188/5872 6181/5865 
f 6189/5873 6190/5874 6191/5875 
f 6189/5873 6191/5875 6192/5876 
f 6189/5873 6192/5876 6193/5877 
f 6189/5873 6193/5877 6194/5878 
f 6189/5873 6194/5878 6195/5879 
f 6189/5873 6195/5879 6196/5880 
f 6189/5873 6196/5880 6190/5874 
f 6197/5881 6198/5882 6199/5883 
f 6197/5881 6199/5883 6200/5884 
f 6197/5881 6200/5884 6201/5885 
f 6197/5881 6201/5885 6202/5886 
f 6197/5881 6202/5886 6203/5887 
f 6197/5881 6203/5887 6204/5888 
f 6197/5881 6204/5888 6205/5889 
f 6197/5881 6205/5889 6198/5882 
f 6206/5890 6207/5891 6208/5892 
f 6206/5890 6208/5892 6209/5893 
f 6206/5890 6209/5893 6210/5894 
f 6206/5890 6210/5894 6211/5895 
f 6206/5890 6211/5895 6212/5896 
f 6206/5890 6212/5896 6213/5897 
f 6206/5890 6213/5897 7863/5898 
f 6206/5890 7863/5898 6207/5891 
f 6214/5899 6215/5900 6216/5901 
f 6214/5899 6216/5901 6217/5902 
f 6214/5899 6217/5902 6218/5903 
f 6214/5899 6218/5903 6219/5904 
f 6214/5899 6219/5904 6220/5905 
f 6221/5906 6223/5907 6224/5908 
f 6221/5906 6224/5908 6225/5909 
f 6221/5906 6225/5909 6226/5910 
f 6227/5911 6228/5912 6229/5913 
f 6227/5911 6229/5913 6230/5914 
f 6227/5911 6230/5914 6231/5915 
f 6227/5911 6231/5915 6232/5916 
f 6227/5911 6232/5916 6233/5917 
f 6227/5911 6233/5917 6234/5918 
f 6235/5919 6236/5920 6237/5921 
f 6235/5919 6237/5921 6238/5922 
f 6235/5919 6238/5922 6239/5923 
f 6235/5919 6239/5923 6240/5924 
f 6241/5925 6242/5926 6243/5927 
f 6241/5925 6243/5927 6244/5928 
f 6241/5925 6244/5928 6245/5929 
f 6241/5925 6245/5929 6246/5930 
f 6241/5925 6246/5930 6247/5931 
f 6241/5925 6247/5931 6242/5926 
f 6248/5932 6249/5933 6250/5934 
f 6248/5932 6250/5934 6251/5935 
f 6248/5932 6251/5935 6252/5936 
f 6248/5932 6252/5936 6253/5937 
f 6248/5932 6253/5937 6254/5938 
f 6248/5932 6254/5938 6255/5939 
f 6248/5932 6255/5939 6249/5933 
f 6256/5940 6257/5941 6258/5942 
f 6256/5940 6258/5942 6259/5943 
f 6256/5940 6259/5943 6260/5944 
f 6256/5940 6260/5944 6261/5945 
f 6256/5940 6261/5945 6262/5946 
f 6256/5940 6262/5946 6257/5941 
f 6263/5947 7910/5948 6264/5949 
f 6263/5947 6264/5949 6265/5950 
f 6263/5947 6265/5950 6266/5951 
f 6263/5947 6266/5951 6267/5952 
f 6263/5947 6267/5952 6268/5953 
f 6263/5947 6268/5953 6269/5954 
f 6263/5947 6269/5954 6270/5955 
f 6263/5947 6270/5955 7910/5948 
f 6271/5956 6272/5957 6273/5958 
f 6271/5956 6273/5958 6274/5959 
f 6271/5956 6274/5959 6275/5960 
f 6271/5956 6275/5960 6276/5961 
f 6271/5956 6276/5961 6277/5962 
f 6271/5956 6277/5962 6278/5963 
f 6271/5956 6278/5963 6272/5957 
f 6279/5964 6280/5965 6281/5966 
f 6279/5964 6281/5966 6282/5967 
f 6279/5964 6282/5967 6283/5968 
f 6279/5964 6283/5968 6284/5969 
f 6279/5964 6284/5969 6285/5970 
f 6279/5964 6285/5970 6280/5965 
f 6286/5971 6287/5972 6288/5973 
f 6286/5971 6288/5973 6289/5974 
f 6286/5971 6289/5974 6290/5975 
f 6286/5971 6290/5975 6291/5976 
f 6286/5971 6291/5976 6292/5977 
f 6286/5971 6292/5977 6293/5978 
f 6286/5971 6293/5978 6294/5979 
f 6286/5971 6294/5979 6287/5972 
f 6295/5980 6296/5981 6297/5982 
f 6295/5980 6297/5982 6298/5983 
f 6295/5980 6298/5983 6299/5984 
f 6295/5980 6299/5984 6300/5985 
f 6295/5980 6300/5985 6301/5986 
f 6295/5980 6301/5986 6302/5987 
f 6303/5988 6304/5989 6305/5990 
f 6303/5988 6305/5990 6306/5991 
f 6303/5988 6306/5991 6307/5992 
f 6303/5988 6307/5992 6308/5993 
f 6303/5988 6308/5993 6309/5994 
f 6303/5988 6309/5994 6304/5989 
f 6310/5995 7947/5996 6311/5997 
f 6310/5995 6311/5997 6312/5998 
f 6310/5995 6312/5998 6313/5999 
f 6310/5995 6313/5999 6314/6000 
f 6310/5995 6314/6000 6315/6001 
f 6310/5995 6315/6001 6316/6002 
f 6310/5995 6316/6002 6317/6003 
f 6310/5995 6317/6003 7947/5996 
f 6318/6004 6319/6005 6320/6006 
f 6318/6004 6320/6006 6321/6007 
f 6318/6004 6321/6007 6322/6008 
f 6318/6004 6322/6008 6323/6009 
f 6318/6004 6323/6009 6324/6010 
f 6325/6011 6327/6012 6328/6013 
f 6325/6011 6328/6013 6329/6014 
f 6325/6011 6329/6014 6330/6015 
f 6325/6011 6330/6015 7922/6016 
f 6331/6017 7962/6018 7961/6019 
f 6331/6017 7961/6019 6332/6020 
f 6331/6017 6332/6020 6333/6021 
f 6331/6017 6333/6021 6334/6022 
f 6331/6017 6334/6022 6335/6023 
f 6331/6017 6335/6023 6336/6024 
f 6331/6017 6336/6024 6337/6025 
f 6331/6017 6337/6025 7962/6018 
f 6338/6026 7968/6027 6339/6028 
f 6338/6026 6339/6028 6340/6029 
f 6338/6026 6340/6029 6341/6030 
f 6338/6026 6341/6030 6342/6031 
f 6338/6026 6342/6031 6343/6032 
f 6338/6026 6343/6032 6344/6033 
f 6338/6026 6344/6033 6345/6034 
f 6338/6026 6345/6034 7968/6027 
f 6346/6035 6347/6036 6348/6037 
f 6346/6035 6348/6037 6349/6038 
f 6346/6035 6349/6038 6350/6039 
f 6346/6035 6350/6039 6351/6040 
f 6346/6035 6351/6040 6352/6041 
f 6346/6035 6352/6041 6353/6042 
f 6346/6035 6353/6042 6354/6043 
f 6346/6035 6354/6043 6347/6036 
f 6355/6044 7977/6045 6356/6046 
f 6355/6044 6356/6046 6357/6047 
f 6355/6044 6357/6047 6358/6048 
f 6355/6044 6358/6048 6359/6049 
f 6355/6044 6359/6049 6360/6050 
f 6355/6044 6360/6050 6361/6051 
f 6355/6044 6361/6051 7977/6045 
f 6362/6052 7983/6053 7982/6054 
f 6362/6052 7982/6054 6363/6055 
f 6362/6052 6363/6055 6364/6056 
f 6362/6052 6364/6056 6365/6057 
f 6362/6052 6365/6057 6366/6058 
f 6362/6052 6366/6058 6367/6059 
f 6362/6052 6367/6059 6368/6060 
f 6362/6052 6368/6060 7983/6053 
f 6369/6061 6370/6062 6371/6063 
f 6369/6061 6371/6063 6372/6064 
f 6369/6061 6372/6064 6373/6065 
f 6369/6061 6373/6065 6374/6066 
f 6369/6061 6374/6066 6375/6067 
f 6369/6061 6375/6067 6376/6068 
f 6369/6061 6376/6068 7951/6069 
f 6369/6061 7951/6069 6370/6062 
f 6377/6070 6378/6071 6379/6072 
f 6377/6070 6379/6072 6380/6073 
f 6377/6070 6380/6073 6381/6074 
f 6377/6070 6381/6074 6382/6075 
f 6377/6070 6382/6075 6383/6076 
f 6377/6070 6383/6076 6384/6077 
f 6377/6070 6384/6077 6385/6078 
f 6377/6070 6385/6078 6378/6071 
f 6386/6079 6387/6080 6388/6081 
f 6386/6079 6388/6081 6389/6082 
f 6386/6079 6389/6082 6390/6083 
f 6386/6079 6390/6083 6391/6084 
f 6386/6079 6391/6084 6392/6085 
f 6386/6079 6392/6085 6393/6086 
f 6394/6087 6395/6088 6396/6089 
f 6394/6087 6396/6089 6397/6090 
f 6394/6087 6397/6090 6398/6091 
f 6394/6087 6398/6091 6399/6092 
f 6394/6087 6399/6092 6400/6093 
f 6394/6087 6400/6093 6401/6094 
f 6394/6087 6401/6094 6402/6095 
f 6394/6087 6402/6095 6395/6088 
f 6403/6096 6404/6097 6405/6098 
f 6403/6096 6405/6098 6406/6099 
f 6403/6096 6406/6099 6407/6100 
f 6403/6096 6407/6100 6408/6101 
f 6403/6096 6408/6101 6409/6102 
f 6403/6096 6409/6102 6410/6103 
f 6403/6096 6410/6103 6411/6104 
f 6403/6096 6411/6104 6404/6097 
f 6412/6105 6413/6106 6414/6107 
f 6412/6105 6414/6107 6415/6108 
f 6412/6105 6415/6108 6416/6109 
f 6412/6105 6416/6109 6417/6110 
f 6412/6105 6417/6110 6418/6111 
f 6412/6105 6418/6111 6419/6112 
f 6420/6113 6421/6114 6422/6115 
f 6420/6113 6422/6115 6423/6116 
f 6420/6113 6423/6116 6424/6117 
f 6420/6113 6424/6117 6425/6118 
f 6420/6113 6425/6118 6426/6119 
f 6420/6113 6426/6119 6421/6114 
f 6427/6120 6428/6121 8029/6122 
f 6427/6120 8029/6122 6429/6123 
f 6427/6120 6429/6123 6430/6124 
f 6427/6120 6430/6124 6431/6125 
f 6427/6120 6431/6125 6432/6126 
f 6427/6120 6432/6126 6433/6127 
f 6427/6120 6433/6127 6434/6128 
f 6427/6120 6434/6128 6428/6121 
f 6435/6129 6436/6130 6437/6131 
f 6435/6129 6437/6131 6438/6132 
f 6435/6129 6438/6132 6439/6133 
f 6435/6129 6439/6133 6440/6134 
f 6435/6129 6440/6134 6441/6135 
f 6442/6136 8038/6137 2831/1614 
f 6442/6136 2831/1614 2830/1618 
f 6442/6136 2830/1618 2829/1617 
f 6442/6136 2829/1617 6443/6138 
f 6442/6136 6443/6138 8038/6137 
f 6444/6139 6445/6140 6446/6141 
f 6444/6139 6446/6141 6447/6142 
f 6444/6139 6447/6142 6448/6143 
f 6444/6139 6448/6143 6449/6144 
f 6444/6139 6449/6144 6450/6145 
f 6444/6139 6450/6145 8045/6146 
f 6451/6147 6452/6148 6453/6149 
f 6451/6147 6453/6149 6454/6150 
f 6451/6147 6454/6150 6455/6151 
f 6451/6147 6455/6151 6456/6152 
f 6451/6147 6456/6152 6457/6153 
f 6451/6147 6457/6153 6458/6154 
f 6459/6155 6460/6156 6461/6157 
f 6459/6155 6461/6157 6462/6158 
f 6459/6155 6462/6158 6463/6159 
f 6459/6155 6463/6159 6464/6160 
f 6459/6155 6464/6160 6465/6161 
f 6466/6162 6467/6163 6468/6164 
f 6466/6162 6468/6164 6469/6165 
f 6466/6162 6469/6165 6470/6166 
f 6466/6162 6470/6166 6471/6167 
f 6466/6162 6471/6167 6472/6168 
f 6466/6162 6472/6168 6473/6169 
f 6466/6162 6473/6169 6467/6163 
f 6474/6170 6476/6171 6477/6172 
f 6474/6170 6477/6172 6478/6173 
f 6474/6170 6478/6173 6479/6174 
f 6480/6175 6481/6176 6482/6177 
f 6480/6175 6482/6177 6483/6178 
f 6480/6175 6483/6178 6484/6179 
f 6480/6175 6484/6179 6485/6180 
f 6480/6175 6485/6180 6486/6181 
f 6480/6175 6486/6181 6487/6182 
f 6480/6175 6487/6182 6481/6176 
f 6488/6183 8087/6184 6489/6185 
f 6488/6183 6489/6185 6490/6186 
f 6488/6183 6490/6186 6491/6187 
f 6488/6183 6491/6187 6492/6188 
f 6488/6183 6492/6188 6493/6189 
f 6488/6183 6493/6189 7853/6190 
f 6488/6183 7853/6190 8087/6184 
f 6494/6191 6496/6192 6497/6193 
f 6494/6191 6497/6193 6498/6194 
f 6494/6191 6498/6194 6499/6195 
f 6500/6196 6501/6197 6502/6198 
f 6500/6196 6502/6198 6503/6199 
f 6500/6196 6503/6199 6504/6200 
f 6500/6196 6504/6200 6505/6201 
f 6500/6196 6505/6201 6506/6202 
f 6500/6196 6506/6202 6507/6203 
f 6500/6196 6507/6203 6501/6197 
f 6508/6204 8105/6205 6509/6206 
f 6508/6204 6509/6206 6510/6207 
f 6508/6204 6510/6207 6511/6208 
f 6508/6204 6511/6208 6512/6209 
f 6508/6204 6512/6209 6513/6210 
f 6508/6204 6513/6210 8063/6211 
f 6508/6204 8063/6211 8105/6205 
f 6514/6212 6515/6213 6516/6214 
f 6514/6212 6516/6214 6517/6215 
f 6514/6212 6517/6215 6518/6216 
f 6514/6212 6518/6216 6519/6217 
f 6514/6212 6519/6217 6520/6218 
f 6514/6212 6520/6218 6521/6219 
f 6514/6212 6521/6219 6522/6220 
f 6514/6212 6522/6220 6515/6213 
f 6523/6221 6524/6222 6525/6223 
f 6523/6221 6525/6223 6526/6224 
f 6523/6221 6526/6224 6527/6225 
f 6523/6221 6527/6225 6528/6226 
f 6523/6221 6528/6226 6529/6227 
f 6530/6228 6531/6229 6532/6230 
f 6530/6228 6532/6230 6533/6231 
f 6530/6228 6533/6231 6534/6232 
f 6530/6228 6534/6232 6535/6233 
f 6530/6228 6535/6233 6536/6234 
f 6537/6235 6538/6236 6539/6237 
f 6537/6235 6539/6237 6540/6238 
f 6537/6235 6540/6238 6541/6239 
f 6537/6235 6541/6239 6542/6240 
f 6537/6235 6542/6240 6543/6241 
f 6544/6242 6545/6243 6546/6244 
f 6544/6242 6546/6244 6547/6245 
f 6544/6242 6547/6245 6548/6246 
f 6544/6242 6548/6246 6549/6247 
f 6544/6242 6549/6247 6550/6248 
f 6544/6242 6550/6248 6545/6243 
f 6551/6249 6552/6250 6553/6251 
f 6551/6249 6553/6251 6554/6252 
f 6551/6249 6554/6252 6555/6253 
f 6551/6249 6555/6253 6556/6254 
f 6551/6249 6556/6254 6557/6255 
f 6558/6256 6559/6257 6560/6258 
f 6558/6256 6560/6258 6561/6259 
f 6558/6256 6561/6259 6562/6260 
f 6558/6256 6562/6260 6563/6261 
f 6564/6262 8154/6263 6565/6264 
f 6564/6262 6565/6264 6566/6265 
f 6564/6262 6566/6265 6567/6266 
f 6564/6262 6567/6266 6568/6267 
f 6564/6262 6568/6267 6569/6268 
f 6564/6262 6569/6268 6570/6269 
f 6564/6262 6570/6269 6571/6270 
f 6564/6262 6571/6270 8154/6263 
f 6572/6271 6573/6272 6574/6273 
f 6572/6271 6574/6273 6575/6274 
f 6572/6271 6575/6274 6576/6275 
f 6572/6271 6576/6275 6577/6276 
f 6572/6271 6577/6276 6578/6277 
f 6579/6278 6580/6279 6581/6280 
f 6579/6278 6581/6280 6582/6281 
f 6579/6278 6582/6281 6583/6282 
f 6579/6278 6583/6282 6584/6283 
f 6579/6278 6584/6283 6585/6284 
f 6586/6285 6587/6286 6588/6287 
f 6586/6285 6588/6287 6589/6288 
f 6586/6285 6589/6288 6590/6289 
f 6586/6285 6590/6289 6591/6290 
f 6586/6285 6591/6290 6592/6291 
f 6586/6285 6592/6291 6593/6292 
f 6586/6285 6593/6292 6587/6286 
f 6594/6293 6595/6294 6596/6295 
f 6594/6293 6596/6295 6597/6296 
f 6594/6293 6597/6296 6598/6297 
f 6594/6293 6598/6297 6599/6298 
f 6594/6293 6599/6298 6600/6299 
f 6601/6300 6602/6301 6603/6302 
f 6601/6300 6603/6302 6604/6303 
f 6601/6300 6604/6303 6605/6304 
f 6601/6300 6605/6304 6606/6305 
f 6601/6300 6606/6305 6607/6306 
f 6601/6300 6607/6306 6608/6307 
f 6601/6300 6608/6307 6602/6301 
f 6609/6308 6610/6309 6611/6310 
f 6609/6308 6611/6310 6612/6311 
f 6609/6308 6612/6311 6613/6312 
f 6609/6308 6613/6312 6614/6313 
f 6615/6314 6616/6315 6617/6316 
f 6615/6314 6617/6316 6618/6317 
f 6615/6314 6618/6317 6619/6318 
f 6615/6314 6619/6318 6620/6319 
f 6615/6314 6620/6319 6621/6320 
f 6615/6314 6621/6320 6622/6321 
f 6615/6314 6622/6321 6623/6322 
f 6615/6314 6623/6322 6616/6315 
f 6624/6323 6625/6324 6626/6325 
f 6624/6323 6626/6325 6627/6326 
f 6624/6323 6627/6326 6628/6327 
f 6624/6323 6628/6327 6629/6328 
f 6624/6323 6629/6328 6630/6329 
f 6631/6330 6632/6331 6633/6332 
f 6631/6330 6633/6332 6634/6333 
f 6631/6330 6634/6333 6635/6334 
f 6631/6330 6635/6334 6636/6335 
f 6631/6330 6636/6335 6637/6336 
f 6638/6337 6639/6338 6640/6339 
f 6638/6337 6640/6339 6641/6340 
f 6638/6337 6641/6340 6642/6341 
f 6638/6337 6642/6341 6643/6342 
f 6638/6337 6643/6342 6644/6343 
f 6638/6337 6644/6343 6645/6344 
f 6638/6337 6645/6344 6646/6345 
f 6638/6337 6646/6345 6639/6338 
f 6647/6346 8218/6347 6648/6348 
f 6647/6346 6648/6348 6649/6349 
f 6647/6346 6649/6349 6650/6350 
f 6647/6346 6650/6350 6651/6351 
f 6647/6346 6651/6351 6652/6352 
f 6647/6346 6652/6352 8182/6353 
f 6647/6346 8182/6353 8218/6347 
f 6653/6354 6654/6355 6655/6356 
f 6653/6354 6655/6356 6656/6357 
f 6653/6354 6656/6357 6657/6358 
f 6653/6354 6657/6358 6658/6359 
f 6653/6354 6658/6359 6659/6360 
f 6660/6361 6661/6362 6662/6363 
f 6660/6361 6662/6363 6663/6364 
f 6660/6361 6663/6364 6664/6365 
f 6660/6361 6664/6365 6665/6366 
f 6666/6367 8230/6368 6667/6369 
f 6666/6367 6667/6369 3067/1868 
f 6666/6367 3067/1868 3066/1867 
f 6666/6367 3066/1867 3065/1866 
f 6666/6367 3065/1866 6668/6370 
f 6666/6367 6668/6370 6669/6371 
f 6666/6367 6669/6371 8230/6368 
f 3073/1875 8236/6372 8235/6373 
f 3073/1875 8235/6373 3074/1876 
f 3073/1875 3072/1874 6670/6374 
f 3073/1875 6670/6374 6671/6375 
f 3073/1875 6671/6375 8236/6372 
f 6672/6376 6673/6377 3080/1878 
f 6672/6376 3080/1878 3079/1883 
f 6672/6376 3079/1883 3078/1882 
f 6672/6376 3078/1882 6674/6378 
f 6672/6376 6674/6378 6675/6379 
f 6672/6376 6675/6379 6673/6377 
f 6676/6380 3084/1888 3083/1887 
f 6676/6380 3083/1887 3082/1886 
f 6676/6380 3082/1886 8247/6381 
f 8251/6382 6677/6383 6678/6384 
f 8251/6382 6678/6384 3091/1895 
f 8251/6382 3091/1895 3090/1889 
f 8251/6382 3090/1889 3089/1894 
f 6679/6385 3095/1899 3094/1898 
f 6679/6385 3094/1898 3093/1897 
f 3098/1900 6680/6386 3099/1901 
f 8264/6387 6681/6388 6682/6389 
f 8264/6387 6682/6389 3106/1909 
f 8264/6387 3106/1909 3105/1903 
f 8264/6387 3105/1903 3104/1908 
f 6683/6390 6684/6391 3114/1911 
f 6683/6390 3114/1911 3113/1914 
f 6683/6390 3113/1914 3112/1913 
f 6683/6390 3112/1913 8244/6392 
f 6683/6390 8244/6392 6684/6391 
f 3117/1915 6685/6393 4792/4358 
f 6686/6394 8280/6395 6687/6396 
f 6686/6394 6687/6396 6688/6397 
f 6686/6394 6688/6397 3122/4366 
f 6686/6394 3122/4366 3121/1918 
f 6686/6394 3121/1918 3120/1921 
f 6686/6394 3120/1921 6689/6398 
f 6686/6394 6689/6398 8280/6395 
f 8284/6399 3128/1927 3127/1926 
f 8284/6399 3127/1926 3126/1925 
f 8284/6399 3126/1925 6690/6400 
f 8284/6399 6690/6400 6691/6401 
f 6692/6402 6693/6403 3132/4386 
f 6692/6402 3132/4386 3131/1928 
f 6692/6402 3131/1928 3130/1930 
f 6692/6402 3130/1930 6694/6404 
f 6692/6402 6694/6404 6693/6403 
f 6695/6405 8294/6406 3140/1939 
f 6695/6405 3140/1939 3139/1938 
f 6695/6405 3139/1938 3138/1937 
f 6695/6405 3138/1937 6696/6407 
f 6695/6405 6696/6407 6697/6408 
f 6695/6405 6697/6408 8294/6406 
f 3145/1940 8300/6409 6698/6410 
f 3145/1940 6698/6410 3146/1944 
f 3145/1940 3144/1943 6699/6411 
f 3145/1940 6699/6411 6700/6412 
f 3145/1940 6700/6412 8300/6409 
f 8303/6413 6701/6414 3154/1953 
f 8303/6413 3154/1953 3153/1952 
f 8303/6413 3153/1952 3152/1951 
f 8303/6413 3152/1951 6702/6415 
f 8303/6413 6702/6415 6703/6416 
f 6704/6417 3158/1957 3157/1956 
f 6704/6417 3157/1956 3156/1955 
f 8313/6418 6705/6419 6706/6420 
f 8313/6418 6706/6420 3166/1965 
f 8313/6418 3166/1965 3165/1964 
f 8313/6418 3165/1964 3164/1963 
f 8313/6418 3164/1963 6707/6421 
f 8313/6418 6707/6421 8282/6422 
f 6708/6423 6709/6424 3171/1967 
f 6708/6423 3171/1967 3170/1971 
f 6708/6423 3170/1971 3169/1970 
f 6708/6423 3169/1970 6710/6425 
f 6708/6423 6710/6425 6709/6424 
f 6711/6426 3175/1975 3174/1974 
f 6711/6426 3174/1974 3173/1973 
f 6712/6427 6713/6428 6714/6429 
f 6712/6427 6714/6429 3183/1983 
f 6712/6427 3183/1983 3182/1982 
f 6712/6427 3182/1982 3181/1981 
f 6712/6427 3181/1981 6715/6430 
f 6712/6427 6715/6430 8298/6431 
f 6716/6432 6717/6433 3188/1988 
f 6716/6432 3188/1988 3187/1987 
f 6716/6432 3187/1987 3186/1986 
f 6716/6432 3186/1986 8302/6434 
f 6718/6435 6719/6436 3192/1993 
f 6718/6435 3192/1993 3191/1992 
f 6718/6435 3191/1992 3190/1991 
f 3195/1995 3194/1998 6720/6437 
f 3195/1995 6720/6437 8311/6438 
f 8339/6439 6721/6440 6722/6441 
f 8339/6439 6722/6441 3203/2007 
f 8339/6439 3203/2007 3202/2006 
f 8339/6439 3202/2006 3201/2005 
f 8339/6439 3201/2005 6723/6442 
f 8339/6439 6723/6442 8315/6443 
f 6724/6444 6725/6445 3207/2011 
f 6724/6444 3207/2011 3206/2010 
f 6724/6444 3206/2010 3205/2009 
f 3210/2013 3209/2015 8324/6446 
f 6727/6447 6728/6448 3216/2021 
f 6727/6447 3216/2021 3215/2020 
f 6727/6447 3215/2020 3214/2019 
f 6727/6447 3214/2019 6729/6449 
f 6727/6447 6729/6449 6730/6450 
f 6727/6447 6730/6450 6728/6448 
f 3222/2028 8351/6451 8350/6452 
f 3222/2028 8350/6452 3223/2029 
f 3222/2028 3221/2027 6731/6453 
f 3222/2028 6731/6453 6732/6454 
f 3222/2028 6732/6454 8351/6451 
f 6733/6455 6734/6456 6735/6457 
f 6733/6455 6735/6457 6736/6458 
f 6733/6455 6736/6458 6737/6459 
f 6733/6455 6737/6459 4888/4532 
f 6733/6455 4888/4532 4887/4531 
f 6733/6455 4887/4531 4886/4530 
f 6733/6455 4886/4530 6734/6456 
f 6738/6460 5109/4771 6739/6461 
f 6738/6460 6739/6461 6740/6462 
f 6738/6460 6740/6462 6735/6457 
f 6738/6460 6735/6457 6734/6456 
f 6738/6460 6734/6456 4886/4530 
f 6738/6460 4886/4530 6741/6463 
f 6738/6460 6741/6463 5109/4771 
f 6742/6464 5109/4771 6741/6463 
f 6742/6464 6741/6463 4886/4530 
f 6742/6464 4886/4530 4885/4529 
f 6742/6464 4885/4529 4891/4535 
f 6742/6464 4891/4535 6743/6465 
f 6742/6464 6743/6465 5110/4772 
f 6742/6464 5110/4772 5109/4771 
f 4892/4536 6744/4538 6745/6466 
f 4892/4536 6745/6466 6746/6467 
f 4892/4536 6746/6467 4894/4539 
f 6747/6468 4888/4532 6737/6459 
f 6747/6468 6737/6459 6748/6469 
f 6747/6468 6748/6469 6744/4538 
f 6747/6468 6744/4538 6749/6470 
f 6747/6468 6749/6470 4888/4532 
f 6750/6471 4888/4532 6749/6470 
f 6750/6471 6749/6470 6744/4538 
f 6750/6471 6744/4538 4893/4537 
f 6750/6471 4893/4537 4897/4542 
f 6750/6471 4897/4542 6751/6472 
f 6750/6471 6751/6472 4889/4533 
f 6750/6471 4889/4533 4888/4532 
f 4898/4543 4899/4548 6752/6473 
f 4898/4543 6752/6473 6753/6474 
f 4898/4543 6753/6474 6754/6475 
f 4898/4543 6754/6475 6755/6476 
f 4898/4543 6755/6476 4900/4544 
f 6756/6477 4894/4539 6746/6467 
f 6756/6477 6752/6473 4899/4548 
f 6756/6477 4899/4548 6757/6478 
f 6756/6477 6757/6478 4894/4539 
f 6758/6479 4894/4539 6757/6478 
f 6758/6479 6757/6478 4899/4548 
f 6758/6479 4899/4548 4903/4547 
f 6758/6479 4903/4547 6759/6480 
f 6758/6479 6759/6480 4895/4540 
f 6758/6479 4895/4540 4894/4539 
f 6760/6481 6761/6482 6762/6483 
f 6760/6481 6762/6483 6763/6484 
f 6760/6481 6763/6484 6764/6485 
f 6760/6481 6764/6485 6765/6486 
f 6760/6481 6765/6486 4908/4553 
f 6760/6481 4908/4553 4907/4552 
f 6760/6481 4907/4552 4906/4551 
f 6760/6481 4906/4551 6761/6482 
f 6766/6487 6755/6476 6754/6475 
f 6766/6487 6754/6475 6767/6488 
f 6766/6487 6767/6488 6762/6483 
f 6766/6487 6762/6483 6761/6482 
f 6766/6487 6761/6482 4906/4551 
f 6766/6487 4900/4544 6755/6476 
f 6766/6487 4906/4551 4905/4550 
f 6766/6487 4905/4550 4912/4557 
f 6766/6487 4912/4557 6768/6489 
f 6766/6487 6768/6489 4901/4545 
f 6766/6487 4901/4545 4900/4544 
f 6771/4561 6769/6490 6770/6491 
f 6771/4561 6772/6492 4916/4562 
f 6771/4561 4915/4560 6769/6490 
f 6773/6493 6765/6494 6764/6495 
f 6773/6493 6764/6495 6774/6496 
f 6773/6493 6774/6496 6770/6491 
f 6773/6493 6770/6491 6769/6490 
f 6773/6493 6769/6490 4915/4560 
f 6773/6493 4915/4560 6775/6497 
f 6773/6493 6775/6497 4908/6498 
f 6773/6493 4908/6498 6765/6494 
f 6775/6497 4909/6499 4908/6498 
f 6775/6497 4915/4560 4914/4559 
f 6775/6497 4914/4559 4919/4565 
f 6775/6497 4919/4565 6776/6500 
f 6775/6497 6776/6500 4910/6501 
f 6775/6497 4910/6501 4909/6499 
f 6778/6502 6779/6503 4923/4570 
f 6778/6502 4923/4570 4922/4569 
f 6778/6502 4922/4569 6777/4568 
f 6780/6504 4916/4562 6772/6492 
f 6780/6504 6772/6492 6781/6505 
f 6780/6504 6781/6505 6777/4568 
f 6780/6504 6777/4568 6782/6506 
f 6780/6504 6782/6506 4916/4562 
f 6783/6507 4916/4562 6782/6506 
f 6783/6507 6782/6506 6777/4568 
f 6783/6507 6777/4568 4921/4567 
f 6783/6507 4921/4567 4926/4573 
f 6783/6507 4926/4573 6784/6508 
f 6783/6507 6784/6508 4917/4563 
f 6783/6507 4917/4563 4916/4562 
f 6787/4577 6785/6509 6786/6510 
f 6787/4577 4929/4576 6785/6509 
f 6789/6511 4923/4570 6779/6503 
f 6789/6511 6779/6503 6790/6512 
f 6789/6511 6790/6512 6786/6510 
f 6789/6511 6786/6510 6785/6509 
f 6789/6511 6785/6509 4929/4576 
f 6789/6511 4929/4576 6791/6513 
f 6789/6511 6791/6513 4923/4570 
f 6792/6514 4923/4570 6791/6513 
f 6792/6514 6791/6513 4929/4576 
f 6792/6514 4929/4576 4928/4575 
f 6792/6514 4928/4575 4933/4582 
f 6792/6514 4933/4582 6793/6515 
f 6792/6514 6793/6515 4924/4571 
f 6792/6514 4924/4571 4923/4570 
f 6794/6516 4935/4589 6795/6517 
f 6794/6516 6795/6517 6796/6518 
f 6794/6516 6796/6518 6797/6519 
f 6794/6516 6797/6519 6798/6520 
f 6794/6516 6798/6520 4936/4584 
f 6794/6516 4936/4584 4934/4583 
f 6794/6516 4934/4583 4935/4589 
f 6799/6521 6788/4578 6800/6522 
f 6799/6521 6800/6522 6795/6517 
f 6799/6521 6795/6517 4935/4589 
f 6801/6523 4930/4579 6788/4578 
f 6801/6523 6788/4578 6799/6521 
f 6801/6523 6799/6521 4935/4589 
f 6801/6523 4935/4589 4940/4588 
f 6801/6523 4940/4588 6802/6524 
f 6801/6523 6802/6524 4931/4580 
f 6801/6523 4931/4580 4930/4579 
f 4941/4590 6803/6525 6804/6526 
f 4941/4590 6804/6526 6805/6527 
f 4941/4590 6805/6527 6806/4593 
f 4941/4590 4943/4592 6803/6525 
f 6807/6528 6798/6520 6797/6519 
f 6807/6528 6804/6526 6803/6525 
f 6807/6528 6803/6525 4943/4592 
f 6807/6528 4936/4584 6798/6520 
f 6808/6529 4937/4585 4936/4584 
f 6808/6529 4936/4584 6807/6528 
f 6808/6529 6807/6528 4943/4592 
f 6808/6529 4943/4592 4942/4591 
f 6808/6529 4942/4591 4947/4597 
f 6808/6529 4947/4597 6809/6530 
f 6808/6529 6809/6530 4938/4586 
f 6808/6529 4938/4586 4937/4585 
f 4951/4601 4950/4600 6810/6531 
f 4951/4601 6810/6531 6811/6532 
f 4951/4601 6811/6532 6812/6533 
f 4951/4601 6812/6533 6813/6534 
f 4951/4601 6813/6534 4952/4602 
f 6814/6535 6806/4593 6815/6536 
f 6814/6535 6815/6536 6810/6531 
f 6814/6535 6810/6531 4950/4600 
f 6816/6537 4944/4594 6806/4593 
f 6816/6537 6806/4593 6814/6535 
f 6816/6537 6814/6535 4950/4600 
f 6816/6537 4950/4600 4949/4599 
f 6816/6537 4949/4599 4956/4606 
f 6816/6537 4956/4606 6817/6538 
f 6816/6537 6817/6538 4945/4595 
f 6816/6537 4945/4595 4944/4594 
f 4960/4610 6818/6539 6819/6540 
f 4960/4610 6819/6540 6820/6541 
f 4960/4610 6820/6541 6821/6542 
f 4960/4610 6821/6542 4961/4611 
f 4960/4610 4959/4609 6818/6539 
f 6822/6543 6813/6534 6812/6533 
f 6822/6543 6812/6533 6823/6544 
f 6822/6543 6823/6544 6819/6540 
f 6822/6543 6819/6540 6818/6539 
f 6822/6543 6818/6539 4959/4609 
f 6822/6543 4959/4609 6824/6545 
f 6822/6543 6824/6545 4952/4602 
f 6822/6543 4952/4602 6813/6534 
f 6825/6546 4953/4603 4952/4602 
f 6825/6546 4952/4602 6824/6545 
f 6825/6546 6824/6545 4959/4609 
f 6825/6546 4959/4609 4958/4608 
f 6825/6546 4958/4608 4964/4614 
f 6825/6546 4964/4614 6826/6547 
f 6825/6546 6826/6547 4954/4604 
f 6825/6546 4954/4604 4953/4603 
f 6827/6548 6828/6549 6829/6550 
f 6827/6548 6829/6550 6830/6551 
f 6827/6548 6830/6551 6831/6552 
f 6827/6548 6831/6552 6832/6553 
f 6827/6548 6832/6553 4968/4618 
f 6827/6548 4968/4618 4965/4615 
f 6827/6548 4965/4615 4967/4617 
f 6827/6548 4967/4617 6828/6549 
f 6833/6554 6821/6542 6834/6555 
f 6833/6554 6834/6555 6829/6550 
f 6833/6554 6829/6550 6828/6549 
f 6833/6554 6828/6549 4967/4617 
f 6833/6554 4961/4611 6821/6542 
f 6833/6554 4967/4617 4966/4616 
f 6833/6554 4966/4616 4972/4622 
f 6833/6554 4972/4622 6835/6556 
f 6833/6554 6835/6556 4962/4612 
f 6833/6554 4962/4612 4961/4611 
f 4973/4623 6836/6557 6837/6558 
f 4973/4623 6837/6558 6838/6559 
f 4973/4623 6838/6559 6839/6560 
f 4973/4623 6839/6560 4976/4626 
f 4973/4623 4975/4625 6836/6557 
f 6840/6561 6832/6562 6831/6563 
f 6840/6561 6831/6563 6841/6564 
f 6840/6561 6841/6564 6837/6558 
f 6840/6561 6837/6558 6836/6557 
f 6840/6561 6836/6557 4975/4625 
f 6840/6561 4975/4625 6842/6565 
f 6840/6561 6842/6565 4968/6566 
f 6840/6561 4968/6566 6832/6562 
f 6842/6565 4969/6567 4968/6566 
f 6842/6565 4975/4625 4974/4624 
f 6842/6565 4974/4624 4979/4629 
f 6842/6565 4979/4629 6843/6568 
f 6842/6565 6843/6568 4970/6569 
f 6842/6565 4970/6569 4969/6567 
f 6845/4633 6846/6570 4983/4634 
f 6845/4633 4982/4632 6844/6571 
f 6847/6572 4976/4626 6839/6560 
f 6847/6572 6839/6560 6848/6573 
f 6847/6572 6848/6573 6844/6571 
f 6847/6572 6844/6571 4982/4632 
f 6847/6572 4982/4632 6849/6574 
f 6847/6572 6849/6574 4976/4626 
f 6850/6575 4976/4626 6849/6574 
f 6850/6575 6849/6574 4982/4632 
f 6850/6575 4982/4632 4981/4631 
f 6850/6575 4981/4631 4986/4637 
f 6850/6575 4986/4637 6851/6576 
f 6850/6575 6851/6576 4977/4627 
f 6850/6575 4977/4627 4976/4626 
f 6853/4641 6854/6577 4989/4642 
f 6855/6578 4983/4634 6846/6570 
f 6855/6578 6846/6570 6856/6579 
f 6855/6578 6856/6579 6852/4640 
f 6855/6578 6852/4640 6857/6580 
f 6855/6578 6857/6580 4983/4634 
f 6858/6581 4983/4634 6857/6580 
f 6858/6581 6857/6580 6852/4640 
f 6858/6581 6852/4640 4988/4639 
f 6858/6581 4988/4639 4992/4645 
f 6858/6581 4992/4645 6859/6582 
f 6858/6581 6859/6582 4984/4635 
f 6858/6581 4984/4635 4983/4634 
f 6861/4648 4994/4647 6860/6583 
f 6861/4648 6862/6584 6863/6585 
f 6861/4648 6863/6585 4995/4649 
f 6864/6586 4989/4642 6854/6577 
f 6864/6586 6854/6577 6865/6587 
f 6864/6586 6865/6587 6860/6583 
f 6864/6586 6860/6583 4994/4647 
f 6864/6586 4994/4647 6866/6588 
f 6864/6586 6866/6588 4989/4642 
f 6867/6589 4989/4642 6866/6588 
f 6867/6589 6866/6588 4994/4647 
f 6867/6589 4994/4647 4999/4653 
f 6867/6589 4999/4653 6868/6590 
f 6867/6589 6868/6590 4990/4643 
f 6867/6589 4990/4643 4989/4642 
f 6869/6591 6870/6592 6871/6593 
f 6869/6591 6871/6593 6872/6594 
f 6869/6591 6872/6594 6873/6595 
f 6869/6591 6873/6595 5004/4658 
f 6869/6591 5004/4658 5003/4657 
f 6869/6591 5003/4657 5002/4656 
f 6869/6591 5002/4656 6870/6592 
f 6874/6596 6863/6585 6862/6584 
f 6874/6596 6862/6584 6875/6597 
f 6874/6596 6875/6597 6871/6593 
f 6874/6596 6871/6593 6870/6592 
f 6874/6596 6870/6592 5002/4656 
f 6874/6596 5002/4656 6876/6598 
f 6874/6596 6876/6598 4995/4649 
f 6874/6596 4995/4649 6863/6585 
f 6877/6599 4996/4650 4995/4649 
f 6877/6599 4995/4649 6876/6598 
f 6877/6599 6876/6598 5002/4656 
f 6877/6599 5002/4656 5001/4655 
f 6877/6599 5001/4655 5007/4661 
f 6877/6599 5007/4661 6878/6600 
f 6877/6599 6878/6600 4997/4651 
f 6877/6599 4997/4651 4996/4650 
f 5008/4662 6879/4664 6880/6601 
f 5008/4662 6880/6601 6881/6602 
f 5008/4662 6881/6602 5010/4665 
f 6882/6603 5004/4658 6873/6595 
f 6882/6603 6873/6595 6883/6604 
f 6882/6603 6883/6604 6879/4664 
f 6882/6603 6879/4664 6884/6605 
f 6882/6603 6884/6605 5004/4658 
f 6884/6605 6879/4664 5009/4663 
f 6884/6605 5009/4663 5013/4668 
f 6884/6605 5013/4668 6885/6606 
f 6884/6605 6885/6606 5005/4659 
f 6884/6605 5005/4659 5004/4658 
f 5014/4669 5015/4674 6886/6607 
f 5014/4669 6886/6607 6887/6608 
f 5014/4669 6887/6608 6888/6609 
f 5014/4669 6888/6609 5016/4670 
f 6889/6610 5010/4665 6881/6602 
f 6889/6610 6886/6607 5015/4674 
f 6889/6610 5015/4674 6890/6611 
f 6889/6610 6890/6611 5010/4665 
f 6891/6612 5010/4665 6890/6611 
f 6891/6612 6890/6611 5015/4674 
f 6891/6612 5015/4674 5019/4673 
f 6891/6612 5019/4673 6892/6613 
f 6891/6612 6892/6613 5011/4666 
f 6891/6612 5011/4666 5010/4665 
f 6893/6614 6894/6615 6895/6616 
f 6893/6614 6895/6616 6896/6617 
f 6893/6614 6896/6617 6897/6618 
f 6893/6614 6897/6618 6898/6619 
f 6893/6614 6898/6619 5022/4676 
f 6893/6614 5022/4676 5020/4675 
f 6893/6614 5020/4675 5021/4681 
f 6893/6614 5021/4681 6894/6615 
f 6899/6620 5016/6621 6888/6622 
f 6899/6620 6888/6622 6900/6623 
f 6899/6620 6900/6623 6895/6624 
f 6899/6620 6895/6624 6894/6625 
f 6899/6620 6894/6625 5021/6626 
f 6899/6620 5021/6626 5026/6627 
f 6899/6620 5026/6627 6901/6628 
f 6899/6620 6901/6628 5017/6629 
f 6899/6620 5017/6629 5016/6621 
f 6904/4685 6902/6630 6903/6631 
f 6904/4685 6905/6632 5030/4686 
f 6904/4685 5029/4684 6902/6630 
f 6906/6633 6898/6634 6897/6635 
f 6906/6633 6897/6635 6907/6636 
f 6906/6633 6907/6636 6903/6631 
f 6906/6633 6903/6631 6902/6630 
f 6906/6633 6902/6630 5029/4684 
f 6906/6633 5029/4684 6908/6637 
f 6906/6633 6908/6637 5022/6638 
f 6906/6633 5022/6638 6898/6634 
f 6908/6637 5023/6639 5022/6638 
f 6908/6637 5029/4684 5028/4683 
f 6908/6637 5028/4683 5033/4689 
f 6908/6637 5033/4689 6909/6640 
f 6908/6637 6909/6640 5024/6641 
f 6908/6637 5024/6641 5023/6639 
f 6911/4692 5035/4691 6910/6642 
f 6911/4692 6912/6643 5036/4693 
f 6913/6644 5030/4686 6905/6632 
f 6913/6644 6905/6632 6914/6645 
f 6913/6644 6914/6645 6910/6642 
f 6913/6644 6910/6642 5035/4691 
f 6913/6644 5035/4691 6915/6646 
f 6913/6644 6915/6646 5030/4686 
f 6916/6647 5030/4686 6915/6646 
f 6916/6647 6915/6646 5035/4691 
f 6916/6647 5035/4691 5039/4696 
f 6916/6647 5039/4696 6917/6648 
f 6916/6647 6917/6648 5031/4687 
f 6916/6647 5031/4687 5030/4686 
f 6919/4699 5041/4698 6918/6649 
f 6921/6650 5036/4693 6912/6643 
f 6921/6650 6912/6643 6922/6651 
f 6921/6650 6922/6651 6918/6649 
f 6921/6650 6918/6649 5041/4698 
f 6921/6650 5041/4698 6923/6652 
f 6921/6650 6923/6652 5036/4693 
f 6924/6653 5036/4693 6923/6652 
f 6924/6653 6923/6652 5041/4698 
f 6924/6653 5041/4698 5045/4704 
f 6924/6653 5045/4704 6925/6654 
f 6924/6653 6925/6654 5037/4694 
f 6924/6653 5037/4694 5036/4693 
f 6926/6655 6927/6656 6928/6657 
f 6926/6655 6928/6657 6929/6658 
f 6926/6655 6929/6658 6930/6659 
f 6926/6655 6930/6659 5050/4709 
f 6926/6655 5050/4709 5049/4708 
f 6926/6655 5049/4708 5048/4707 
f 6926/6655 5048/4707 6927/6656 
f 6931/6660 6920/4700 6932/6661 
f 6931/6660 6932/6661 6927/6656 
f 6931/6660 6927/6656 5048/4707 
f 6931/6660 5048/4707 6933/6662 
f 6931/6660 6933/6662 6920/4700 
f 6934/6663 5042/4701 6920/4700 
f 6934/6663 6920/4700 6933/6662 
f 6934/6663 6933/6662 5048/4707 
f 6934/6663 5048/4707 5047/4706 
f 6934/6663 5047/4706 5054/4713 
f 6934/6663 5054/4713 6935/6664 
f 6934/6663 6935/6664 5043/4702 
f 6934/6663 5043/4702 5042/4701 
f 5055/4714 6936/6665 6937/6666 
f 5055/4714 6937/6666 6938/6667 
f 5055/4714 6938/6667 6939/4717 
f 5055/4714 5057/4716 6936/6665 
f 6940/6668 6930/6659 6929/6658 
f 6940/6668 6937/6666 6936/6665 
f 6940/6668 6936/6665 5057/4716 
f 6940/6668 5050/4709 6930/6659 
f 6941/6669 5051/4710 5050/4709 
f 6941/6669 5050/4709 6940/6668 
f 6941/6669 6940/6668 5057/4716 
f 6941/6669 5057/4716 5056/4715 
f 6941/6669 5056/4715 5061/4721 
f 6941/6669 5061/4721 6942/6670 
f 6941/6669 6942/6670 5052/4711 
f 6941/6669 5052/4711 5051/4710 
f 5065/4725 5064/4724 6943/6671 
f 5065/4725 6943/6671 6944/6672 
f 5065/4725 6944/6672 6945/6673 
f 5065/4725 6945/6673 6946/6674 
f 5065/4725 6946/6674 5066/4726 
f 6947/6675 6939/4717 6948/6676 
f 6947/6675 6948/6676 6943/6671 
f 6947/6675 6943/6671 5064/4724 
f 6949/6677 5058/4718 6939/4717 
f 6949/6677 6939/4717 6947/6675 
f 6949/6677 6947/6675 5064/4724 
f 6949/6677 5064/4724 5063/4723 
f 6949/6677 5063/4723 5070/4730 
f 6949/6677 5070/4730 6950/6678 
f 6949/6677 6950/6678 5059/4719 
f 6949/6677 5059/4719 5058/4718 
f 5071/4731 5072/4736 6951/6679 
f 5071/4731 6951/6679 6952/6680 
f 5071/4731 6952/6680 6953/6681 
f 5071/4731 6953/6681 5073/4732 
f 6954/6682 6946/6674 6945/6673 
f 6954/6682 6945/6673 6955/6683 
f 6954/6682 6955/6683 6951/6679 
f 6954/6682 6951/6679 5072/4736 
f 6954/6682 5072/4736 6956/6684 
f 6954/6682 6956/6684 5066/4726 
f 6954/6682 5066/4726 6946/6674 
f 6956/6684 5067/4727 5066/4726 
f 6956/6684 5072/4736 5076/4735 
f 6956/6684 5076/4735 6957/6685 
f 6956/6684 6957/6685 5068/4728 
f 6956/6684 5068/4728 5067/4727 
f 6958/6686 6959/6687 6960/6688 
f 6958/6686 6960/6688 6961/6689 
f 6958/6686 6961/6689 6962/6690 
f 6958/6686 6962/6690 6963/6691 
f 6958/6686 6963/6691 5080/4740 
f 6958/6686 5080/4740 5077/4737 
f 6958/6686 5077/4737 5079/4739 
f 6958/6686 5079/4739 6959/6687 
f 6959/6687 5073/6692 6953/6693 
f 6959/6687 6953/6693 6964/6694 
f 6959/6687 6964/6694 6960/6688 
f 6965/6695 5073/6692 6959/6687 
f 6965/6695 6959/6687 5079/4739 
f 6965/6695 5079/4739 5078/4738 
f 6965/6695 5078/4738 5084/4744 
f 6965/6695 5084/4744 6966/6696 
f 6965/6695 6966/6696 5074/6697 
f 6965/6695 5074/6697 5073/6692 
f 5085/4745 6967/6698 6968/6699 
f 5085/4745 6968/6699 6969/6700 
f 5085/4745 6969/6700 6970/6701 
f 5085/4745 6970/6701 6971/6702 
f 5085/4745 6971/6702 5088/4748 
f 5085/4745 5087/4747 6967/6698 
f 6972/6703 6963/6691 6962/6690 
f 6972/6703 6962/6690 6973/6704 
f 6972/6703 6973/6704 6968/6699 
f 6972/6703 6968/6699 6967/6698 
f 6972/6703 6967/6698 5087/4747 
f 6972/6703 5087/4747 6974/6705 
f 6972/6703 6974/6705 5080/4740 
f 6972/6703 5080/4740 6963/6691 
f 6974/6705 5081/4741 5080/4740 
f 6974/6705 5087/4747 5086/4746 
f 6974/6705 5086/4746 5091/4751 
f 6974/6705 5091/4751 6975/6706 
f 6974/6705 6975/6706 5082/4742 
f 6974/6705 5082/4742 5081/4741 
f 6977/6707 5093/4758 6976/6708 
f 6977/6707 6978/4753 5092/4752 
f 6977/6707 5092/4752 5093/4758 
f 6979/6709 6971/6702 6970/6701 
f 6979/6709 6976/6708 5093/4758 
f 6979/6709 5088/4748 6971/6702 
f 6980/6710 5088/4748 6979/6709 
f 6980/6710 6979/6709 5093/4758 
f 6980/6710 5093/4758 5097/4757 
f 6980/6710 5097/4757 6981/6711 
f 6980/6710 6981/6711 5089/4749 
f 6980/6710 5089/4749 5088/4748 
f 6982/6712 6983/6713 5287/4952 
f 6982/6712 5287/4952 5286/4951 
f 6982/6712 5286/4951 5285/4950 
f 6982/6712 5285/4950 6984/6714 
f 6982/6712 6984/6714 5102/4763 
f 6982/6712 5102/4763 5101/4762 
f 6982/6712 5101/4762 5100/4761 
f 6982/6712 5100/4761 6983/6713 
f 6985/6715 4925/4572 4924/4571 
f 6985/6715 4924/4571 6986/6716 
f 6985/6715 6986/6716 5287/4952 
f 6985/6715 5287/4952 6983/6713 
f 6985/6715 6983/6713 5100/4761 
f 6985/6715 5100/4761 6987/6717 
f 6985/6715 6987/6717 4926/4573 
f 6985/6715 4926/4573 4925/4572 
f 6988/6718 6784/6508 4926/4573 
f 6988/6718 4926/4573 6987/6717 
f 6988/6718 6987/6717 5100/4761 
f 6988/6718 5100/4761 5099/4760 
f 6988/6718 5099/4760 5106/4767 
f 6988/6718 5106/4767 6989/6719 
f 6988/6718 6989/6719 4917/4563 
f 6988/6718 4917/4563 6784/6508 
f 6991/4770 5108/4769 6990/6720 
f 6991/4770 6739/6461 5109/4771 
f 6992/6721 6993/4779 6994/6722 
f 6992/6721 6994/6722 6990/6720 
f 6992/6721 6990/6720 5108/4769 
f 6992/6721 5108/4769 6995/6723 
f 6992/6721 6995/6723 6993/4779 
f 6996/6724 5115/4780 6993/4779 
f 6996/6724 6993/4779 6995/6723 
f 6996/6724 6995/6723 5108/4769 
f 6996/6724 5108/4769 5112/4774 
f 6996/6724 5112/4774 6997/6725 
f 6996/6724 6997/6725 5116/4781 
f 6996/6724 5116/4781 5115/4780 
f 7000/6726 6978/4753 7001/6727 
f 7000/6726 7001/6727 6998/4777 
f 7000/6726 6998/4777 7002/6728 
f 7000/6726 7002/6728 6978/4753 
f 7003/6729 5094/4754 6978/4753 
f 7003/6729 6978/4753 7002/6728 
f 7003/6729 7002/6728 6998/4777 
f 7003/6729 6998/4777 5114/4776 
f 7003/6729 5114/4776 5118/4783 
f 7003/6729 5118/4783 7004/6730 
f 7003/6729 7004/6730 5095/4755 
f 7003/6729 5095/4755 5094/4754 
f 7005/6731 5467/5132 5466/5131 
f 7005/6731 5466/5131 5465/5130 
f 7005/6731 5465/5130 7006/6732 
f 7005/6731 7006/6732 5123/4788 
f 7005/6731 5123/4788 5122/4787 
f 7005/6731 5122/4787 5121/4786 
f 7007/6733 7008/6734 5321/6735 
f 7007/6733 5321/6735 7009/6736 
f 7007/6733 7009/6736 5467/5132 
f 7007/6733 5467/5132 7005/6731 
f 7007/6733 7005/6731 5121/4786 
f 7007/6733 5121/4786 7010/6737 
f 7007/6733 7010/6737 5158/6738 
f 7007/6733 5158/6738 7008/6734 
f 7011/6739 5159/6740 5158/6738 
f 7011/6739 5158/6738 7010/6737 
f 7011/6739 7010/6737 5121/4786 
f 7011/6739 5121/4786 5120/4785 
f 7011/6739 5120/4785 5127/4792 
f 7011/6739 5127/4792 7012/6741 
f 7011/6739 7012/6741 5160/6742 
f 7011/6739 5160/6742 5159/6740 
f 7013/6743 7014/6744 5296/4961 
f 7013/6743 5296/4961 5295/4960 
f 7013/6743 5295/4960 5294/4959 
f 7013/6743 5294/4959 7015/6745 
f 7013/6743 7015/6745 5132/4797 
f 7013/6743 5132/4797 5131/4796 
f 7013/6743 5131/4796 5130/4795 
f 7013/6743 5130/4795 7014/6744 
f 7016/6746 5060/4720 5059/4719 
f 7016/6746 5059/4719 7017/6747 
f 7016/6746 7017/6747 5296/4961 
f 7016/6746 5296/4961 7014/6744 
f 7016/6746 7014/6744 5130/4795 
f 7016/6746 5130/4795 7018/6748 
f 7016/6746 7018/6748 5061/4721 
f 7016/6746 5061/4721 5060/4720 
f 7019/6749 6942/6670 5061/4721 
f 7019/6749 5061/4721 7018/6748 
f 7019/6749 7018/6748 5130/4795 
f 7019/6749 5130/4795 5129/4794 
f 7019/6749 5129/4794 5136/4801 
f 7019/6749 5136/4801 7020/6750 
f 7019/6749 7020/6750 5052/4711 
f 7019/6749 5052/4711 6942/6670 
f 7021/6751 7022/6752 5305/4970 
f 7021/6751 5305/4970 5304/4969 
f 7021/6751 5304/4969 5303/4968 
f 7021/6751 5303/4968 7023/6753 
f 7021/6751 7023/6753 5141/4806 
f 7021/6751 5141/4806 5140/4805 
f 7021/6751 5140/4805 5139/4804 
f 7021/6751 5139/4804 7022/6752 
f 7024/6754 4978/4628 4977/4627 
f 7024/6754 4977/4627 7025/6755 
f 7024/6754 7025/6755 5305/4970 
f 7024/6754 5305/4970 7022/6752 
f 7024/6754 7022/6752 5139/4804 
f 7024/6754 5139/4804 7026/6756 
f 7024/6754 7026/6756 4979/4629 
f 7024/6754 4979/4629 4978/4628 
f 7027/6757 6843/6568 4979/4629 
f 7027/6757 4979/4629 7026/6756 
f 7027/6757 7026/6756 5139/4804 
f 7027/6757 5139/4804 5138/4803 
f 7027/6757 5138/4803 5145/4810 
f 7027/6757 5145/4810 7028/6758 
f 7027/6757 7028/6758 4970/6569 
f 7027/6757 4970/6569 6843/6568 
f 7029/6759 7030/6760 5377/5042 
f 7029/6759 5377/5042 5376/5041 
f 7029/6759 5376/5041 5375/5040 
f 7029/6759 5375/5040 7031/6761 
f 7029/6759 7031/6761 5149/4814 
f 7029/6759 5149/4814 5146/4811 
f 7029/6759 5146/4811 5148/4813 
f 7029/6759 5148/4813 7030/6760 
f 7032/6762 5111/4773 5110/4772 
f 7032/6762 5110/4772 7033/6763 
f 7032/6762 7033/6763 5377/5042 
f 7032/6762 5377/5042 7030/6760 
f 7032/6762 7030/6760 5148/4813 
f 7032/6762 5148/4813 7034/6764 
f 7032/6762 7034/6764 5112/4774 
f 7032/6762 5112/4774 5111/4773 
f 7035/6765 6997/6725 5112/4774 
f 7035/6765 5112/4774 7034/6764 
f 7035/6765 7034/6764 5148/4813 
f 7035/6765 5148/4813 5147/4812 
f 7035/6765 5147/4812 5153/4818 
f 7035/6765 5153/4818 7036/6766 
f 7035/6765 7036/6766 5116/4781 
f 7035/6765 5116/4781 6997/6725 
f 7037/6767 7038/6768 5323/6769 
f 7037/6767 5323/6769 5322/6770 
f 7037/6767 5322/6770 5321/6771 
f 7037/6767 5321/6771 7008/6772 
f 7037/6767 7008/6772 5158/6773 
f 7037/6767 5158/6773 5157/6774 
f 7037/6767 5157/6774 5156/6775 
f 7037/6767 5156/6775 7038/6768 
f 7039/6776 5025/4679 5024/4678 
f 7039/6776 5024/4678 7040/6777 
f 7039/6776 7040/6777 5323/6769 
f 7039/6776 5323/6769 7038/6768 
f 7039/6776 7038/6768 5156/6775 
f 7039/6776 5156/6775 7041/6778 
f 7039/6776 7041/6778 5026/4680 
f 7039/6776 5026/4680 5025/4679 
f 7042/6779 6901/6628 5026/6627 
f 7042/6779 5026/6627 7041/6780 
f 7042/6779 7041/6780 5156/4821 
f 7042/6779 5156/4821 5155/4820 
f 7042/6779 5155/4820 5162/4827 
f 7042/6779 5162/4827 7043/6781 
f 7042/6779 7043/6781 5017/6629 
f 7042/6779 5017/6629 6901/6628 
f 7044/6782 7045/6783 5332/4997 
f 7044/6782 5332/4997 5331/4996 
f 7044/6782 5331/4996 5330/4995 
f 7044/6782 5330/4995 7046/6784 
f 7044/6782 7046/6784 5167/4832 
f 7044/6782 5167/4832 5166/4831 
f 7044/6782 5166/4831 5165/4830 
f 7044/6782 5165/4830 7045/6783 
f 7047/6785 4939/4587 4938/4586 
f 7047/6785 4938/4586 7048/6786 
f 7047/6785 7048/6786 5332/4997 
f 7047/6785 5332/4997 7045/6783 
f 7047/6785 7045/6783 5165/4830 
f 7047/6785 5165/4830 7049/6787 
f 7047/6785 7049/6787 4940/4588 
f 7047/6785 4940/4588 4939/4587 
f 7050/6788 6802/6524 4940/4588 
f 7050/6788 4940/4588 7049/6787 
f 7050/6788 7049/6787 5165/4830 
f 7050/6788 5165/4830 5164/4829 
f 7050/6788 5164/4829 5171/4836 
f 7050/6788 5171/4836 7051/6789 
f 7050/6788 7051/6789 4931/4580 
f 7050/6788 4931/4580 6802/6524 
f 7052/6790 7053/6791 5341/6792 
f 7052/6790 5341/6792 5340/6793 
f 7052/6790 5340/6793 5339/6794 
f 7052/6790 5339/6794 7054/6795 
f 7052/6790 7054/6795 5176/4841 
f 7052/6790 5176/4841 5175/4840 
f 7052/6790 5175/4840 5174/4839 
f 7052/6790 5174/4839 7053/6791 
f 7055/6796 5075/4734 5074/4733 
f 7055/6796 5074/4733 7056/6797 
f 7055/6796 7056/6797 5341/6792 
f 7055/6796 5341/6792 7053/6791 
f 7055/6796 7053/6791 5174/4839 
f 7055/6796 5174/4839 7057/6798 
f 7055/6796 7057/6798 5076/4735 
f 7055/6796 5076/4735 5075/4734 
f 7058/6799 6957/6685 5076/4735 
f 7058/6799 5076/4735 7057/6798 
f 7058/6799 7057/6798 5174/4839 
f 7058/6799 5174/4839 5173/4838 
f 7058/6799 5173/4838 5180/4845 
f 7058/6799 5180/4845 7059/6800 
f 7058/6799 7059/6800 5068/4728 
f 7058/6799 5068/4728 6957/6685 
f 7060/6801 7061/6802 5350/5015 
f 7060/6801 5350/5015 5349/5014 
f 7060/6801 5349/5014 5348/5013 
f 7060/6801 5348/5013 7062/6803 
f 7060/6801 7062/6803 5185/4850 
f 7060/6801 5185/4850 5184/4849 
f 7060/6801 5184/4849 5183/4848 
f 7060/6801 5183/4848 7061/6802 
f 7063/6804 4991/4644 4990/4643 
f 7063/6804 4990/4643 7064/6805 
f 7063/6804 7064/6805 5350/5015 
f 7063/6804 5350/5015 7061/6802 
f 7063/6804 7061/6802 5183/4848 
f 7063/6804 5183/4848 7065/6806 
f 7063/6804 7065/6806 4992/4645 
f 7063/6804 4992/4645 4991/4644 
f 7066/6807 6859/6582 4992/4645 
f 7066/6807 4992/4645 7065/6806 
f 7066/6807 7065/6806 5183/4848 
f 7066/6807 5183/4848 5182/4847 
f 7066/6807 5182/4847 5189/4854 
f 7066/6807 5189/4854 7067/6808 
f 7066/6807 7067/6808 4984/4635 
f 7066/6807 4984/4635 6859/6582 
f 7068/6809 7069/6810 5359/6811 
f 7068/6809 5359/6811 5358/6812 
f 7068/6809 5358/6812 5357/6813 
f 7068/6809 5357/6813 7070/6814 
f 7068/6809 7070/6814 5194/4859 
f 7068/6809 5194/4859 5193/4858 
f 7068/6809 5193/4858 5192/4857 
f 7068/6809 5192/4857 7069/6810 
f 7071/6815 4902/4546 4901/4545 
f 7071/6815 4901/4545 7072/6816 
f 7071/6815 7072/6816 5359/6811 
f 7071/6815 5359/6811 7069/6810 
f 7071/6815 7069/6810 5192/4857 
f 7071/6815 5192/4857 7073/6817 
f 7071/6815 7073/6817 4903/4547 
f 7071/6815 4903/4547 4902/4546 
f 7074/6818 6759/6480 4903/4547 
f 7074/6818 4903/4547 7073/6817 
f 7074/6818 7073/6817 5192/4857 
f 7074/6818 5192/4857 5191/4856 
f 7074/6818 5191/4856 5198/4863 
f 7074/6818 5198/4863 7075/6819 
f 7074/6818 7075/6819 4895/4540 
f 7074/6818 4895/4540 6759/6480 
f 7076/6820 7077/6821 5368/5033 
f 7076/6820 5368/5033 5367/5032 
f 7076/6820 5367/5032 5366/5031 
f 7076/6820 5366/5031 7078/6822 
f 7076/6820 7078/6822 5203/4868 
f 7076/6820 5203/4868 5202/4867 
f 7076/6820 5202/4867 5201/4866 
f 7076/6820 5201/4866 7077/6821 
f 7079/6823 5038/4695 5037/4694 
f 7079/6823 5037/4694 7080/6824 
f 7079/6823 7080/6824 5368/5033 
f 7079/6823 5368/5033 7077/6821 
f 7079/6823 7077/6821 5201/4866 
f 7079/6823 5201/4866 7081/6825 
f 7079/6823 7081/6825 5039/4696 
f 7079/6823 5039/4696 5038/4695 
f 7082/6826 6917/6648 5039/4696 
f 7082/6826 5039/4696 7081/6825 
f 7082/6826 7081/6825 5201/4866 
f 7082/6826 5201/4866 5200/4865 
f 7082/6826 5200/4865 5207/4872 
f 7082/6826 5207/4872 7083/6827 
f 7082/6826 7083/6827 5031/4687 
f 7082/6826 5031/4687 6917/6648 
f 7084/6828 7085/6829 5386/5051 
f 7084/6828 5386/5051 5385/5050 
f 7084/6828 5385/5050 5384/5049 
f 7084/6828 5384/5049 7086/6830 
f 7084/6828 7086/6830 5212/4877 
f 7084/6828 5212/4877 5211/4876 
f 7084/6828 5211/4876 5210/4875 
f 7084/6828 5210/4875 7085/6829 
f 7087/6831 4955/4605 4954/4604 
f 7087/6831 4954/4604 7088/6832 
f 7087/6831 7088/6832 5386/5051 
f 7087/6831 5386/5051 7085/6829 
f 7087/6831 7085/6829 5210/4875 
f 7087/6831 5210/4875 7089/6833 
f 7087/6831 7089/6833 4956/4606 
f 7087/6831 4956/4606 4955/4605 
f 7090/6834 6817/6538 4956/4606 
f 7090/6834 4956/4606 7089/6833 
f 7090/6834 7089/6833 5210/4875 
f 7090/6834 5210/4875 5209/4874 
f 7090/6834 5209/4874 5216/4881 
f 7090/6834 5216/4881 7091/6835 
f 7090/6834 7091/6835 4945/4595 
f 7090/6834 4945/4595 6817/6538 
f 7092/6836 7093/6837 5395/5060 
f 7092/6836 5395/5060 5394/5059 
f 7092/6836 5394/5059 5393/5058 
f 7092/6836 5393/5058 7094/6838 
f 7092/6836 7094/6838 5221/4886 
f 7092/6836 5221/4886 5220/4885 
f 7092/6836 5220/4885 5219/4884 
f 7092/6836 5219/4884 7093/6837 
f 7095/6839 5090/4750 5089/4749 
f 7095/6839 5089/4749 7096/6840 
f 7095/6839 7096/6840 5395/5060 
f 7095/6839 5395/5060 7093/6837 
f 7095/6839 7093/6837 5219/4884 
f 7095/6839 5219/4884 7097/6841 
f 7095/6839 7097/6841 5091/4751 
f 7095/6839 5091/4751 5090/4750 
f 7098/6842 6975/6706 5091/4751 
f 7098/6842 5091/4751 7097/6841 
f 7098/6842 7097/6841 5219/4884 
f 7098/6842 5219/4884 5218/4883 
f 7098/6842 5218/4883 5225/4890 
f 7098/6842 5225/4890 7099/6843 
f 7098/6842 7099/6843 5082/4742 
f 7098/6842 5082/4742 6975/6706 
f 7100/6844 7101/6845 5404/5069 
f 7100/6844 5404/5069 5403/5068 
f 7100/6844 5403/5068 5402/5067 
f 7100/6844 5402/5067 7102/6846 
f 7100/6844 7102/6846 5230/4895 
f 7100/6844 5230/4895 5229/4894 
f 7100/6844 5229/4894 5228/4893 
f 7100/6844 5228/4893 7101/6845 
f 7103/6847 5006/4660 5005/4659 
f 7103/6847 5005/4659 7104/6848 
f 7103/6847 7104/6848 5404/5069 
f 7103/6847 5404/5069 7101/6845 
f 7103/6847 7101/6845 5228/4893 
f 7103/6847 5228/4893 7105/6849 
f 7103/6847 7105/6849 5007/4661 
f 7103/6847 5007/4661 5006/4660 
f 7106/6850 6878/6600 5007/4661 
f 7106/6850 5007/4661 7105/6849 
f 7106/6850 7105/6849 5228/4893 
f 7106/6850 5228/4893 5227/4892 
f 7106/6850 5227/4892 5234/4899 
f 7106/6850 5234/4899 7107/6851 
f 7106/6850 7107/6851 4997/4651 
f 7106/6850 4997/4651 6878/6600 
f 7108/6852 7109/6853 5106/4767 
f 7108/6852 5106/4767 5105/4766 
f 7108/6852 5105/4766 5104/4765 
f 7108/6852 5104/4765 7110/6854 
f 7108/6852 7110/6854 5239/4904 
f 7108/6852 5239/4904 5238/4903 
f 7108/6852 5238/4903 5237/4902 
f 7108/6852 5237/4902 7109/6853 
f 7111/6855 4918/4564 4917/4563 
f 7111/6855 4917/4563 6989/6719 
f 7111/6855 6989/6719 5106/4767 
f 7111/6855 5106/4767 7109/6853 
f 7111/6855 7109/6853 5237/4902 
f 7111/6855 5237/4902 7112/6856 
f 7111/6855 7112/6856 4919/4565 
f 7111/6855 4919/4565 4918/4564 
f 7113/6857 6776/6500 4919/4565 
f 7113/6857 4919/4565 7112/6856 
f 7113/6857 7112/6856 5237/4902 
f 7113/6857 5237/4902 5236/4901 
f 7113/6857 5236/4901 5243/4908 
f 7113/6857 5243/4908 7114/6858 
f 7113/6857 7114/6858 4910/6501 
f 7113/6857 4910/6501 6776/6500 
f 7115/6859 7116/6860 5136/4801 
f 7115/6859 5136/4801 5135/4800 
f 7115/6859 5135/4800 5134/4799 
f 7115/6859 5134/4799 7117/6861 
f 7115/6859 7117/6861 5247/4912 
f 7115/6859 5247/4912 5244/4909 
f 7115/6859 5244/4909 5246/4911 
f 7115/6859 5246/4911 7116/6860 
f 7118/6862 5053/4712 5052/4711 
f 7118/6862 5052/4711 7020/6750 
f 7118/6862 7020/6750 5136/4801 
f 7118/6862 5136/4801 7116/6860 
f 7118/6862 7116/6860 5246/4911 
f 7118/6862 5246/4911 7119/6863 
f 7118/6862 7119/6863 5054/4713 
f 7118/6862 5054/4713 5053/4712 
f 7120/6864 6935/6664 5054/4713 
f 7120/6864 5054/4713 7119/6863 
f 7120/6864 7119/6863 5246/4911 
f 7120/6864 5246/4911 5245/4910 
f 7120/6864 5245/4910 5251/4916 
f 7120/6864 5251/4916 7121/6865 
f 7120/6864 7121/6865 5043/4702 
f 7120/6864 5043/4702 6935/6664 
f 7122/6866 7123/6867 5145/6868 
f 7122/6866 5145/6868 5144/6869 
f 7122/6866 5144/6869 5143/6870 
f 7122/6866 5143/6870 7124/6871 
f 7122/6866 7124/6871 5256/6872 
f 7122/6866 5256/6872 5255/6873 
f 7122/6866 5255/6873 5254/6874 
f 7122/6866 5254/6874 7123/6867 
f 7125/6875 4971/4621 4970/4620 
f 7125/6875 4970/4620 7028/6876 
f 7125/6875 7028/6876 5145/6868 
f 7125/6875 5145/6868 7123/6867 
f 7125/6875 7123/6867 5254/6874 
f 7125/6875 5254/6874 7126/6877 
f 7125/6875 7126/6877 4972/4622 
f 7125/6875 4972/4622 4971/4621 
f 7127/6878 6835/6879 4972/6880 
f 7127/6878 4972/6880 7126/6881 
f 7127/6878 7126/6881 5254/4919 
f 7127/6878 5254/4919 5253/4918 
f 7127/6878 5253/4918 5260/4925 
f 7127/6878 5260/4925 7128/6882 
f 7127/6878 7128/6882 4962/6883 
f 7127/6878 4962/6883 6835/6879 
f 7129/6884 7130/6885 5153/4818 
f 7129/6884 5153/4818 5152/4817 
f 7129/6884 5152/4817 5151/4816 
f 7129/6884 5151/4816 7131/6886 
f 7129/6884 7131/6886 5265/4930 
f 7129/6884 5265/4930 5264/4929 
f 7129/6884 5264/4929 5263/4928 
f 7129/6884 5263/4928 7130/6885 
f 7132/6887 5117/4782 5116/4781 
f 7132/6887 5116/4781 7036/6766 
f 7132/6887 7036/6766 5153/4818 
f 7132/6887 5153/4818 7130/6885 
f 7132/6887 7130/6885 5263/4928 
f 7132/6887 5263/4928 7133/6888 
f 7132/6887 7133/6888 5118/4783 
f 7132/6887 5118/4783 5117/4782 
f 7134/6889 7004/6730 5118/4783 
f 7134/6889 5118/4783 7133/6888 
f 7134/6889 7133/6888 5263/4928 
f 7134/6889 5263/4928 5262/4927 
f 7134/6889 5262/4927 5269/4934 
f 7134/6889 5269/4934 7135/6890 
f 7134/6889 7135/6890 5095/4755 
f 7134/6889 5095/4755 7004/6730 
f 7136/6891 7137/6892 5162/6893 
f 7136/6891 5162/6893 5161/6894 
f 7136/6891 5161/6894 5160/6895 
f 7136/6891 5160/6895 7138/6896 
f 7136/6891 7138/6896 5274/4939 
f 7136/6891 5274/4939 5273/4938 
f 7136/6891 5273/4938 5272/4937 
f 7136/6891 5272/4937 7137/6892 
f 7139/6897 5018/4672 5017/4671 
f 7139/6897 5017/4671 7043/6898 
f 7139/6897 7043/6898 5162/6893 
f 7139/6897 5162/6893 7137/6892 
f 7139/6897 7137/6892 5272/4937 
f 7139/6897 5272/4937 7140/6899 
f 7139/6897 7140/6899 5019/4673 
f 7139/6897 5019/4673 5018/4672 
f 7141/6900 6892/6613 5019/4673 
f 7141/6900 5019/4673 7140/6899 
f 7141/6900 7140/6899 5272/4937 
f 7141/6900 5272/4937 5271/4936 
f 7141/6900 5271/4936 5278/4943 
f 7141/6900 5278/4943 7142/6901 
f 7141/6900 7142/6901 5011/4666 
f 7141/6900 5011/4666 6892/6613 
f 7143/6902 7144/6903 5171/4836 
f 7143/6902 5171/4836 5170/4835 
f 7143/6902 5170/4835 5169/4834 
f 7143/6902 5169/4834 7145/6904 
f 7143/6902 7145/6904 5283/4948 
f 7143/6902 5283/4948 5282/4947 
f 7143/6902 5282/4947 5281/4946 
f 7143/6902 5281/4946 7144/6903 
f 7146/6905 4932/4581 4931/4580 
f 7146/6905 4931/4580 7051/6789 
f 7146/6905 7051/6789 5171/4836 
f 7146/6905 5171/4836 7144/6903 
f 7146/6905 7144/6903 5281/4946 
f 7146/6905 5281/4946 7147/6906 
f 7146/6905 7147/6906 4933/4582 
f 7146/6905 4933/4582 4932/4581 
f 7148/6907 6793/6515 4933/4582 
f 7148/6907 4933/4582 7147/6906 
f 7148/6907 7147/6906 5281/4946 
f 7148/6907 5281/4946 5280/4945 
f 7148/6907 5280/4945 5287/4952 
f 7148/6907 5287/4952 6986/6716 
f 7148/6907 6986/6716 4924/4571 
f 7148/6907 4924/4571 6793/6515 
f 7149/6908 7150/6909 5180/4845 
f 7149/6908 5180/4845 5179/4844 
f 7149/6908 5179/4844 5178/4843 
f 7149/6908 5178/4843 7151/6910 
f 7149/6908 7151/6910 5292/4957 
f 7149/6908 5292/4957 5291/4956 
f 7149/6908 5291/4956 5290/4955 
f 7149/6908 5290/4955 7150/6909 
f 7152/6911 5069/4729 5068/4728 
f 7152/6911 5068/4728 7059/6800 
f 7152/6911 7059/6800 5180/4845 
f 7152/6911 5180/4845 7150/6909 
f 7152/6911 7150/6909 5290/4955 
f 7152/6911 5290/4955 7153/6912 
f 7152/6911 7153/6912 5070/4730 
f 7152/6911 5070/4730 5069/4729 
f 7154/6913 6950/6678 5070/4730 
f 7154/6913 5070/4730 7153/6912 
f 7154/6913 7153/6912 5290/4955 
f 7154/6913 5290/4955 5289/4954 
f 7154/6913 5289/4954 5296/4961 
f 7154/6913 5296/4961 7017/6747 
f 7154/6913 7017/6747 5059/4719 
f 7154/6913 5059/4719 6950/6678 
f 7155/6914 7156/6915 5189/4854 
f 7155/6914 5189/4854 5188/4853 
f 7155/6914 5188/4853 5187/4852 
f 7155/6914 5187/4852 7157/6916 
f 7155/6914 7157/6916 5301/4966 
f 7155/6914 5301/4966 5300/4965 
f 7155/6914 5300/4965 5299/4964 
f 7155/6914 5299/4964 7156/6915 
f 7158/6917 4985/4636 4984/4635 
f 7158/6917 4984/4635 7067/6808 
f 7158/6917 7067/6808 5189/4854 
f 7158/6917 5189/4854 7156/6915 
f 7158/6917 7156/6915 5299/4964 
f 7158/6917 5299/4964 7159/6918 
f 7158/6917 7159/6918 4986/4637 
f 7158/6917 4986/4637 4985/4636 
f 7160/6919 6851/6576 4986/4637 
f 7160/6919 4986/4637 7159/6918 
f 7160/6919 7159/6918 5299/4964 
f 7160/6919 5299/4964 5298/4963 
f 7160/6919 5298/4963 5305/4970 
f 7160/6919 5305/4970 7025/6755 
f 7160/6919 7025/6755 4977/4627 
f 7160/6919 4977/4627 6851/6576 
f 7161/6920 7162/6921 5198/4863 
f 7161/6920 5198/4863 5197/4862 
f 7161/6920 5197/4862 5196/4861 
f 7161/6920 5196/4861 7163/6922 
f 7161/6920 7163/6922 5310/4975 
f 7161/6920 5310/4975 5309/4974 
f 7161/6920 5309/4974 5308/4973 
f 7161/6920 5308/4973 7162/6921 
f 7164/6923 4896/4541 4895/4540 
f 7164/6923 4895/4540 7075/6819 
f 7164/6923 7075/6819 5198/4863 
f 7164/6923 5198/4863 7162/6921 
f 7164/6923 7162/6921 5308/4973 
f 7164/6923 5308/4973 7165/6924 
f 7164/6923 7165/6924 4897/4542 
f 7164/6923 4897/4542 4896/4541 
f 7166/6925 6751/6472 4897/4542 
f 7166/6925 4897/4542 7165/6924 
f 7166/6925 7165/6924 5308/4973 
f 7166/6925 5308/4973 5307/4972 
f 7166/6925 5307/4972 5314/4979 
f 7166/6925 5314/4979 7167/6926 
f 7166/6925 7167/6926 4889/4533 
f 7166/6925 4889/4533 6751/6472 
f 7168/6927 7169/6928 5207/4872 
f 7168/6927 5207/4872 5206/4871 
f 7168/6927 5206/4871 5205/4870 
f 7168/6927 5205/4870 7170/6929 
f 7168/6927 7170/6929 5319/4984 
f 7168/6927 5319/4984 5318/4983 
f 7168/6927 5318/4983 5317/4982 
f 7168/6927 5317/4982 7169/6928 
f 7171/6930 5032/4688 5031/4687 
f 7171/6930 5031/4687 7083/6827 
f 7171/6930 7083/6827 5207/4872 
f 7171/6930 5207/4872 7169/6928 
f 7171/6930 7169/6928 5317/4982 
f 7171/6930 5317/4982 7172/6931 
f 7171/6930 7172/6931 5033/4689 
f 7171/6930 5033/4689 5032/4688 
f 7173/6932 6909/6640 5033/4689 
f 7173/6932 5033/4689 7172/6931 
f 7173/6932 7172/6931 5317/4982 
f 7173/6932 5317/4982 5316/4981 
f 7173/6932 5316/4981 5323/4988 
f 7173/6932 5323/4988 7040/6933 
f 7173/6932 7040/6933 5024/6641 
f 7173/6932 5024/6641 6909/6640 
f 7174/6934 7175/6935 5216/4881 
f 7174/6934 5216/4881 5215/4880 
f 7174/6934 5215/4880 5214/4879 
f 7174/6934 5214/4879 7176/6936 
f 7174/6934 7176/6936 5328/4993 
f 7174/6934 5328/4993 5327/4992 
f 7174/6934 5327/4992 5326/4991 
f 7174/6934 5326/4991 7175/6935 
f 7177/6937 4946/4596 4945/4595 
f 7177/6937 4945/4595 7091/6835 
f 7177/6937 7091/6835 5216/4881 
f 7177/6937 5216/4881 7175/6935 
f 7177/6937 7175/6935 5326/4991 
f 7177/6937 5326/4991 7178/6938 
f 7177/6937 7178/6938 4947/4597 
f 7177/6937 4947/4597 4946/4596 
f 7179/6939 6809/6530 4947/4597 
f 7179/6939 4947/4597 7178/6938 
f 7179/6939 7178/6938 5326/4991 
f 7179/6939 5326/4991 5325/4990 
f 7179/6939 5325/4990 5332/4997 
f 7179/6939 5332/4997 7048/6786 
f 7179/6939 7048/6786 4938/4586 
f 7179/6939 4938/4586 6809/6530 
f 7180/6940 7181/6941 5225/4890 
f 7180/6940 5225/4890 5224/4889 
f 7180/6940 5224/4889 5223/4888 
f 7180/6940 5223/4888 7182/6942 
f 7180/6940 7182/6942 5337/5002 
f 7180/6940 5337/5002 5336/5001 
f 7180/6940 5336/5001 5335/5000 
f 7180/6940 5335/5000 7181/6941 
f 7183/6943 5083/4743 5082/4742 
f 7183/6943 5082/4742 7099/6843 
f 7183/6943 7099/6843 5225/4890 
f 7183/6943 5225/4890 7181/6941 
f 7183/6943 7181/6941 5335/5000 
f 7183/6943 5335/5000 7184/6944 
f 7183/6943 7184/6944 5084/4744 
f 7183/6943 5084/4744 5083/4743 
f 7185/6945 6966/6696 5084/4744 
f 7185/6945 5084/4744 7184/6944 
f 7185/6945 7184/6944 5335/5000 
f 7185/6945 5335/5000 5334/4999 
f 7185/6945 5334/4999 5341/5006 
f 7185/6945 5341/5006 7056/6946 
f 7185/6945 7056/6946 5074/6697 
f 7185/6945 5074/6697 6966/6696 
f 7186/6947 7187/6948 5234/4899 
f 7186/6947 5234/4899 5233/4898 
f 7186/6947 5233/4898 5232/4897 
f 7186/6947 5232/4897 7188/6949 
f 7186/6947 7188/6949 5346/5011 
f 7186/6947 5346/5011 5345/5010 
f 7186/6947 5345/5010 5344/5009 
f 7186/6947 5344/5009 7187/6948 
f 7189/6950 4998/4652 4997/4651 
f 7189/6950 4997/4651 7107/6851 
f 7189/6950 7107/6851 5234/4899 
f 7189/6950 5234/4899 7187/6948 
f 7189/6950 7187/6948 5344/5009 
f 7189/6950 5344/5009 7190/6951 
f 7189/6950 7190/6951 4999/4653 
f 7189/6950 4999/4653 4998/4652 
f 7191/6952 6868/6590 4999/4653 
f 7191/6952 4999/4653 7190/6951 
f 7191/6952 7190/6951 5344/5009 
f 7191/6952 5344/5009 5343/5008 
f 7191/6952 5343/5008 5350/5015 
f 7191/6952 5350/5015 7064/6805 
f 7191/6952 7064/6805 4990/4643 
f 7191/6952 4990/4643 6868/6590 
f 7192/6953 7193/6954 5243/6955 
f 7192/6953 5243/6955 5242/6956 
f 7192/6953 5242/6956 5241/6957 
f 7192/6953 5241/6957 7194/6958 
f 7192/6953 7194/6958 5355/6959 
f 7192/6953 5355/6959 5354/6960 
f 7192/6953 5354/6960 5353/6961 
f 7192/6953 5353/6961 7193/6954 
f 7195/6962 4911/4556 4910/4555 
f 7195/6962 4910/4555 7114/6963 
f 7195/6962 7114/6963 5243/6955 
f 7195/6962 5243/6955 7193/6954 
f 7195/6962 7193/6954 5353/6961 
f 7195/6962 5353/6961 7196/6964 
f 7195/6962 7196/6964 4912/4557 
f 7195/6962 4912/4557 4911/4556 
f 7197/6965 6768/6966 4912/6967 
f 7197/6965 4912/6967 7196/6968 
f 7197/6965 7196/6968 5353/5018 
f 7197/6965 5353/5018 5352/5017 
f 7197/6965 5352/5017 5359/5024 
f 7197/6965 5359/5024 7072/6969 
f 7197/6965 7072/6969 4901/6970 
f 7197/6965 4901/6970 6768/6966 
f 7198/6971 7199/6972 5251/4916 
f 7198/6971 5251/4916 5250/4915 
f 7198/6971 5250/4915 5249/4914 
f 7198/6971 5249/4914 7200/6973 
f 7198/6971 7200/6973 5364/5029 
f 7198/6971 5364/5029 5363/5028 
f 7198/6971 5363/5028 5362/5027 
f 7198/6971 5362/5027 7199/6972 
f 7201/6974 5044/4703 5043/4702 
f 7201/6974 5043/4702 7121/6865 
f 7201/6974 7121/6865 5251/4916 
f 7201/6974 5251/4916 7199/6972 
f 7201/6974 7199/6972 5362/5027 
f 7201/6974 5362/5027 7202/6975 
f 7201/6974 7202/6975 5045/4704 
f 7201/6974 5045/4704 5044/4703 
f 7203/6976 6925/6654 5045/4704 
f 7203/6976 5045/4704 7202/6975 
f 7203/6976 7202/6975 5362/5027 
f 7203/6976 5362/5027 5361/5026 
f 7203/6976 5361/5026 5368/5033 
f 7203/6976 5368/5033 7080/6824 
f 7203/6976 7080/6824 5037/4694 
f 7203/6976 5037/4694 6925/6654 
f 7204/6977 7205/6978 5314/4979 
f 7204/6977 5314/4979 5313/4978 
f 7204/6977 5313/4978 5312/4977 
f 7204/6977 5312/4977 7206/6979 
f 7204/6977 7206/6979 5373/5038 
f 7204/6977 5373/5038 5372/5037 
f 7204/6977 5372/5037 5371/5036 
f 7204/6977 5371/5036 7205/6978 
f 7207/6980 4890/4534 4889/4533 
f 7207/6980 4889/4533 7167/6926 
f 7207/6980 7167/6926 5314/4979 
f 7207/6980 5314/4979 7205/6978 
f 7207/6980 7205/6978 5371/5036 
f 7207/6980 5371/5036 7208/6981 
f 7207/6980 7208/6981 4891/4535 
f 7207/6980 4891/4535 4890/4534 
f 7209/6982 6743/6465 4891/4535 
f 7209/6982 4891/4535 7208/6981 
f 7209/6982 7208/6981 5371/5036 
f 7209/6982 5371/5036 5370/5035 
f 7209/6982 5370/5035 5377/5042 
f 7209/6982 5377/5042 7033/6763 
f 7209/6982 7033/6763 5110/4772 
f 7209/6982 5110/4772 6743/6465 
f 7210/6983 7211/6984 5260/6985 
f 7210/6983 5260/6985 5259/6986 
f 7210/6983 5259/6986 5258/6987 
f 7210/6983 5258/6987 7212/6988 
f 7210/6983 7212/6988 5382/5047 
f 7210/6983 5382/5047 5381/5046 
f 7210/6983 5381/5046 5380/5045 
f 7210/6983 5380/5045 7211/6984 
f 7213/6989 4963/4613 4962/4612 
f 7213/6989 4962/4612 7128/6990 
f 7213/6989 7128/6990 5260/6985 
f 7213/6989 5260/6985 7211/6984 
f 7213/6989 7211/6984 5380/5045 
f 7213/6989 5380/5045 7214/6991 
f 7213/6989 7214/6991 4964/4614 
f 7213/6989 4964/4614 4963/4613 
f 7215/6992 6826/6547 4964/4614 
f 7215/6992 4964/4614 7214/6991 
f 7215/6992 7214/6991 5380/5045 
f 7215/6992 5380/5045 5379/5044 
f 7215/6992 5379/5044 5386/5051 
f 7215/6992 5386/5051 7088/6832 
f 7215/6992 7088/6832 4954/4604 
f 7215/6992 4954/4604 6826/6547 
f 5390/5055 7216/6993 5269/4934 
f 5390/5055 5269/4934 5268/4933 
f 5390/5055 5268/4933 5267/4932 
f 5390/5055 5267/4932 7217/6994 
f 5390/5055 7217/6994 5391/5056 
f 5390/5055 5389/5054 7216/6993 
f 7218/6995 5096/4756 5095/4755 
f 7218/6995 5095/4755 7135/6890 
f 7218/6995 7135/6890 5269/4934 
f 7218/6995 5269/4934 7216/6993 
f 7218/6995 7216/6993 5389/5054 
f 7218/6995 5389/5054 7219/6996 
f 7218/6995 7219/6996 5097/4757 
f 7218/6995 5097/4757 5096/4756 
f 7220/6997 6981/6711 5097/4757 
f 7220/6997 5097/4757 7219/6996 
f 7220/6997 7219/6996 5389/5054 
f 7220/6997 5389/5054 5388/5053 
f 7220/6997 5388/5053 5395/5060 
f 7220/6997 5395/5060 7096/6840 
f 7220/6997 7096/6840 5089/4749 
f 7220/6997 5089/4749 6981/6711 
f 7221/6998 7222/6999 5278/4943 
f 7221/6998 5278/4943 5277/4942 
f 7221/6998 5277/4942 5276/4941 
f 7221/6998 5276/4941 7223/7000 
f 7221/6998 7223/7000 5400/5065 
f 7221/6998 5400/5065 5399/5064 
f 7221/6998 5399/5064 5398/5063 
f 7221/6998 5398/5063 7222/6999 
f 7224/7001 5012/4667 5011/4666 
f 7224/7001 5011/4666 7142/6901 
f 7224/7001 7142/6901 5278/4943 
f 7224/7001 5278/4943 7222/6999 
f 7224/7001 7222/6999 5398/5063 
f 7224/7001 5398/5063 7225/7002 
f 7224/7001 7225/7002 5013/4668 
f 7224/7001 5013/4668 5012/4667 
f 7226/7003 6885/6606 5013/4668 
f 7226/7003 5013/4668 7225/7002 
f 7226/7003 7225/7002 5398/5063 
f 7226/7003 5398/5063 5397/5062 
f 7226/7003 5397/5062 5404/5069 
f 7226/7003 5404/5069 7104/6848 
f 7226/7003 7104/6848 5005/4659 
f 7226/7003 5005/4659 6885/6606 
f 7227/7004 5729/5409 5728/5408 
f 7227/7004 5728/5408 7228/7005 
f 7227/7004 7228/7005 5409/5074 
f 7227/7004 5409/5074 5408/5073 
f 7227/7004 5408/5073 5407/5072 
f 7229/7006 7230/7007 5629/7008 
f 7229/7006 5629/7008 7231/7009 
f 7229/7006 7231/7009 5729/5409 
f 7229/7006 5729/5409 7227/7004 
f 7229/7006 7227/7004 5407/5072 
f 7229/7006 5407/5072 7232/7010 
f 7229/7006 7232/7010 5574/7011 
f 7229/7006 5574/7011 7230/7007 
f 7233/7012 5575/7013 5574/7011 
f 7233/7012 5574/7011 7232/7010 
f 7233/7012 7232/7010 5407/5072 
f 7233/7012 5407/5072 5406/5071 
f 7233/7012 5406/5071 5413/5078 
f 7233/7012 5413/5078 7234/7014 
f 7233/7012 7234/7014 5576/7015 
f 7233/7012 5576/7015 5575/7013 
f 7235/7016 7236/7017 5476/5141 
f 7235/7016 5476/5141 5475/5140 
f 7235/7016 5475/5140 5474/5139 
f 7235/7016 5474/5139 7237/7018 
f 7235/7016 7237/7018 5418/5083 
f 7235/7016 5418/5083 5417/5082 
f 7235/7016 5417/5082 5416/5081 
f 7235/7016 5416/5081 7236/7017 
f 7238/7019 7062/7020 5348/7021 
f 7238/7019 5348/7021 7239/7022 
f 7238/7019 7239/7022 5476/5141 
f 7238/7019 5476/5141 7236/7017 
f 7238/7019 7236/7017 5416/5081 
f 7238/7019 5416/5081 7240/7023 
f 7238/7019 7240/7023 5185/7024 
f 7238/7019 5185/7024 7062/7020 
f 5415/5080 5186/7025 5185/7024 
f 5415/5080 5185/7024 7240/7023 
f 5415/5080 7240/7023 5416/5081 
f 5415/5080 5422/5087 7241/7026 
f 5415/5080 7241/7026 5187/7027 
f 5415/5080 5187/7027 5186/7025 
f 7242/7028 7243/7029 5484/5150 
f 7242/7028 5484/5150 5483/5149 
f 7242/7028 5483/5149 5482/5148 
f 7242/7028 5482/5148 7244/7030 
f 7242/7028 7244/7030 5427/5092 
f 7242/7028 5427/5092 5426/5091 
f 7242/7028 5426/5091 5425/5090 
f 7242/7028 5425/5090 7243/7029 
f 7243/7029 7086/7031 5384/7032 
f 7243/7029 5384/7032 7245/7033 
f 7243/7029 7245/7033 5484/5150 
f 7243/7029 5425/5090 7246/7034 
f 7243/7029 7246/7034 5212/7035 
f 7243/7029 5212/7035 7086/7031 
f 7247/7036 5213/7037 5212/7035 
f 7247/7036 5212/7035 7246/7034 
f 7247/7036 7246/7034 5425/5090 
f 7247/7036 5425/5090 5424/5089 
f 7247/7036 5424/5089 5431/5096 
f 7247/7036 5431/5096 7248/7038 
f 7247/7036 7248/7038 5214/7039 
f 7247/7036 5214/7039 5213/7037 
f 7249/7040 7250/7041 7253/5159 
f 7249/7040 7253/5159 5492/5158 
f 7249/7040 5492/5158 5491/5157 
f 7249/7040 5491/5157 7251/7042 
f 7249/7040 7251/7042 5436/5101 
f 7249/7040 5436/5101 5435/5100 
f 7249/7040 5435/5100 5434/5099 
f 7249/7040 5434/5099 7250/7041 
f 7252/7043 7110/7044 5104/7045 
f 7252/7043 5104/7045 7253/5159 
f 7252/7043 7253/5159 7250/7041 
f 7252/7043 7250/7041 5434/5099 
f 7252/7043 5434/5099 7254/7046 
f 7252/7043 7254/7046 5239/7047 
f 7252/7043 5239/7047 7110/7044 
f 7255/7048 5240/7049 5239/7047 
f 7255/7048 5239/7047 7254/7046 
f 7255/7048 7254/7046 5434/5099 
f 7255/7048 5434/5099 5433/5098 
f 7255/7048 5433/5098 5440/5105 
f 7255/7048 5440/5105 7256/7050 
f 7255/7048 7256/7050 5241/7051 
f 7255/7048 5241/7051 5240/7049 
f 7257/7052 7258/7053 5510/5177 
f 7257/7052 5510/5177 5509/5176 
f 7257/7052 5509/5176 5508/5175 
f 7257/7052 5508/5175 7259/7054 
f 7257/7052 7259/7054 5445/5110 
f 7257/7052 5445/5110 5444/5109 
f 7257/7052 5444/5109 5443/5108 
f 7257/7052 5443/5108 7258/7053 
f 7260/7055 7131/7056 5151/7057 
f 7260/7055 5151/7057 7261/7058 
f 7260/7055 7261/7058 5510/5177 
f 7260/7055 5510/5177 7258/7053 
f 7260/7055 7258/7053 5443/5108 
f 7260/7055 5443/5108 7262/7059 
f 7260/7055 7262/7059 5265/7060 
f 7260/7055 5265/7060 7131/7056 
f 7263/7061 5266/7062 5265/7060 
f 7263/7061 5265/7060 7262/7059 
f 7263/7061 7262/7059 5443/5108 
f 7263/7061 5443/5108 5442/5107 
f 7263/7061 5442/5107 5449/5114 
f 7263/7061 5449/5114 7264/7063 
f 7263/7061 7264/7063 5267/7064 
f 7263/7061 5267/7064 5266/7062 
f 7265/7065 7267/7066 5518/5186 
f 7265/7065 5518/5186 5517/5185 
f 7265/7065 5517/5185 5516/5184 
f 7265/7065 5516/5184 7266/7067 
f 7265/7065 7266/7067 5454/5119 
f 7265/7065 5454/5119 5453/5118 
f 7265/7065 5453/5118 5452/5117 
f 7265/7065 5452/5117 7267/7066 
f 7267/7066 7151/7068 5178/7069 
f 7267/7066 5178/7069 7268/7070 
f 7267/7066 7268/7070 5518/5186 
f 7267/7066 5452/5117 7269/7071 
f 7267/7066 7269/7071 5292/7072 
f 7267/7066 5292/7072 7151/7068 
f 5451/5116 5293/7073 5292/7072 
f 5451/5116 5292/7072 7269/7071 
f 5451/5116 7269/7071 5452/5117 
f 5451/5116 5458/5123 7270/7074 
f 5451/5116 7270/7074 5294/7075 
f 5451/5116 5294/7075 5293/7073 
f 7271/7076 7272/7077 5526/5195 
f 7271/7076 5526/5195 5525/5194 
f 7271/7076 5525/5194 5524/5193 
f 7271/7076 5524/5193 7273/7078 
f 7271/7076 7273/7078 5463/5128 
f 7271/7076 5463/5128 5462/5127 
f 7271/7076 5462/5127 5461/5126 
f 7271/7076 5461/5126 7272/7077 
f 7274/7079 7170/7080 5205/7081 
f 7274/7079 5205/7081 7275/7082 
f 7274/7079 7275/7082 5526/5195 
f 7274/7079 5526/5195 7272/7077 
f 7274/7079 7272/7077 5461/5126 
f 7274/7079 5461/5126 7276/7083 
f 7274/7079 7276/7083 5319/7084 
f 7274/7079 5319/7084 7170/7080 
f 7277/7085 5320/7086 5319/7084 
f 7277/7085 5319/7084 7276/7083 
f 7277/7085 7276/7083 5461/5126 
f 7277/7085 5461/5126 5460/5125 
f 7277/7085 5460/5125 5467/5132 
f 7277/7085 5467/5132 7009/6736 
f 7277/7085 7009/6736 5321/6735 
f 7277/7085 5321/6735 5320/7086 
f 7278/7087 7279/7088 5535/5204 
f 7278/7087 5535/5204 5534/5203 
f 7278/7087 5534/5203 5533/5202 
f 7278/7087 5533/5202 7280/7089 
f 7278/7087 7280/7089 5472/5137 
f 7278/7087 5472/5137 5471/5136 
f 7278/7087 5471/5136 5470/5135 
f 7278/7087 5470/5135 7279/7088 
f 7279/7088 7188/7090 5232/7091 
f 7279/7088 5232/7091 7281/7092 
f 7279/7088 7281/7092 5535/5204 
f 7279/7088 5470/5135 7282/7093 
f 7279/7088 7282/7093 5346/7094 
f 7279/7088 5346/7094 7188/7090 
f 7283/7095 5347/7096 5346/7094 
f 7283/7095 5346/7094 7282/7093 
f 7283/7095 7282/7093 5470/5135 
f 7283/7095 5470/5135 5469/5134 
f 7283/7095 5469/5134 5476/5141 
f 7283/7095 5476/5141 7239/7022 
f 7283/7095 7239/7022 5348/7021 
f 7283/7095 5348/7021 5347/7096 
f 7284/7097 7285/7098 7288/5213 
f 7284/7097 7288/5213 5542/5212 
f 7284/7097 5542/5212 5541/5211 
f 7284/7097 5541/5211 7286/7099 
f 7284/7097 7286/7099 5480/5146 
f 7284/7097 5480/5146 5479/5145 
f 7284/7097 5479/5145 5478/5144 
f 7284/7097 5478/5144 7285/7098 
f 7287/7100 7212/7101 5258/7102 
f 7287/7100 5258/7102 7288/5213 
f 7287/7100 7288/5213 7285/7098 
f 7287/7100 7285/7098 5478/5144 
f 7287/7100 5478/5144 7289/7103 
f 7287/7100 7289/7103 5382/7104 
f 7287/7100 5382/7104 7212/7101 
f 7290/5143 5383/7105 5382/7104 
f 7290/5143 5382/7104 7289/7103 
f 7290/5143 7289/7103 5478/5144 
f 7290/5143 5484/5150 7245/7033 
f 7290/5143 7245/7033 5384/7032 
f 7290/5143 5384/7032 5383/7105 
f 7291/7106 7292/7107 5551/5222 
f 7291/7106 5551/5222 5550/5221 
f 7291/7106 5550/5221 5549/5220 
f 7291/7106 5549/5220 7293/7108 
f 7291/7106 7293/7108 5489/5155 
f 7291/7106 5489/5155 5488/5154 
f 7291/7106 5488/5154 5487/5153 
f 7291/7106 5487/5153 7292/7107 
f 7294/7109 6984/7110 5285/7111 
f 7294/7109 5285/7111 7295/7112 
f 7294/7109 7295/7112 5551/5222 
f 7294/7109 5551/5222 7292/7107 
f 7294/7109 7292/7107 5487/5153 
f 7294/7109 5487/5153 7296/7113 
f 7294/7109 7296/7113 5102/7114 
f 7294/7109 5102/7114 6984/7110 
f 7297/7115 5103/7116 5102/7114 
f 7297/7115 5102/7114 7296/7113 
f 7297/7115 7296/7113 5487/5153 
f 7297/7115 5487/5153 5486/5152 
f 7297/7115 5486/5152 7253/5159 
f 7297/7115 7253/5159 5104/7045 
f 7297/7115 5104/7045 5103/7116 
f 7298/7117 7299/7118 5560/5231 
f 7298/7117 5560/5231 5559/5230 
f 7298/7117 5559/5230 5558/5229 
f 7298/7117 5558/5229 7300/7119 
f 7298/7117 7300/7119 5497/5164 
f 7298/7117 5497/5164 5496/5163 
f 7298/7117 5496/5163 5495/5162 
f 7298/7117 5495/5162 7299/7118 
f 7301/7120 7206/7121 5312/7122 
f 7301/7120 5312/7122 7302/7123 
f 7301/7120 7302/7123 5560/5231 
f 7301/7120 5560/5231 7299/7118 
f 7301/7120 7299/7118 5495/5162 
f 7301/7120 5495/5162 7303/7124 
f 7301/7120 7303/7124 5373/7125 
f 7301/7120 5373/7125 7206/7121 
f 7304/7126 5374/7127 5373/7125 
f 7304/7126 5373/7125 7303/7124 
f 7304/7126 7303/7124 5495/5162 
f 7304/7126 5495/5162 5494/5161 
f 7304/7126 5494/5161 5501/5168 
f 7304/7126 5501/5168 7305/7128 
f 7304/7126 7305/7128 5375/7129 
f 7304/7126 5375/7129 5374/7127 
f 7306/7130 7307/7131 5501/5168 
f 7306/7130 5501/5168 5500/5167 
f 7306/7130 5500/5167 5499/5166 
f 7306/7130 5499/5166 7308/7132 
f 7306/7130 7308/7132 5506/5173 
f 7306/7130 5506/5173 5505/5172 
f 7306/7130 5505/5172 5504/5171 
f 7306/7130 5504/5171 7307/7131 
f 7307/7131 7031/7133 5375/7129 
f 7307/7131 5375/7129 7305/7128 
f 7307/7131 7305/7128 5501/5168 
f 7307/7131 5504/5171 7309/7134 
f 7307/7131 7309/7134 5149/7135 
f 7307/7131 5149/7135 7031/7133 
f 7310/7136 5150/7137 5149/7135 
f 7310/7136 5149/7135 7309/7134 
f 7310/7136 7309/7134 5504/5171 
f 7310/7136 5504/5171 5503/5170 
f 7310/7136 5503/5170 5510/5177 
f 7310/7136 5510/5177 7261/7058 
f 7310/7136 7261/7058 5151/7057 
f 7310/7136 5151/7057 5150/7137 
f 7311/7138 7312/7139 5569/5240 
f 7311/7138 5569/5240 5568/5239 
f 7311/7138 5568/5239 5567/5238 
f 7311/7138 5567/5238 7313/7140 
f 7311/7138 7313/7140 5514/5182 
f 7311/7138 5514/5182 5513/5181 
f 7311/7138 5513/5181 5512/5180 
f 7311/7138 5512/5180 7312/7139 
f 7314/7141 7054/7142 5339/7143 
f 7314/7141 5339/7143 7315/7144 
f 7314/7141 7315/7144 5569/5240 
f 7314/7141 5569/5240 7312/7139 
f 7314/7141 7312/7139 5512/5180 
f 7314/7141 5176/7145 7054/7142 
f 7316/5179 5177/7146 5176/7145 
f 7316/5179 5176/7145 7314/7141 
f 7316/5179 7314/7141 5512/5180 
f 7316/5179 5518/5186 7268/7070 
f 7316/5179 7268/7070 5178/7069 
f 7316/5179 5178/7069 5177/7146 
f 7317/7147 7318/7148 5578/5249 
f 7317/7147 5578/5249 5577/5248 
f 7317/7147 5577/5248 5576/5247 
f 7317/7147 5576/5247 7319/7149 
f 7317/7147 7319/7149 5522/5191 
f 7317/7147 5522/5191 5521/5190 
f 7317/7147 5521/5190 5520/5189 
f 7317/7147 5520/5189 7318/7148 
f 7320/7150 7078/7151 5366/7152 
f 7320/7150 5366/7152 7321/7153 
f 7320/7150 7321/7153 5578/5249 
f 7320/7150 5578/5249 7318/7148 
f 7320/7150 7318/7148 5520/5189 
f 7320/7150 5520/5189 7322/7154 
f 7320/7150 7322/7154 5203/7155 
f 7320/7150 5203/7155 7078/7151 
f 7323/5188 5204/7156 5203/7155 
f 7323/5188 5203/7155 7322/7154 
f 7323/5188 7322/7154 5520/5189 
f 7323/5188 5526/5195 7275/7082 
f 7323/5188 7275/7082 5205/7081 
f 7323/5188 5205/7081 5204/7156 
f 7324/7157 7325/7158 5587/5258 
f 7324/7157 5587/5258 5586/5257 
f 7324/7157 5586/5257 5585/5256 
f 7324/7157 5585/5256 7326/7159 
f 7324/7157 7326/7159 5531/5200 
f 7324/7157 5531/5200 5530/5199 
f 7324/7157 5530/5199 5529/5198 
f 7324/7157 5529/5198 7325/7158 
f 7327/7160 7102/7161 5402/7162 
f 7327/7160 5402/7162 7328/7163 
f 7327/7160 7328/7163 5587/5258 
f 7327/7160 5587/5258 7325/7158 
f 7327/7160 7325/7158 5529/5198 
f 7327/7160 5529/5198 7329/7164 
f 7327/7160 7329/7164 5230/7165 
f 7327/7160 5230/7165 7102/7161 
f 7330/7166 5231/7167 5230/7165 
f 7330/7166 5230/7165 7329/7164 
f 7330/7166 7329/7164 5529/5198 
f 7330/7166 5529/5198 5528/5197 
f 7330/7166 5528/5197 5535/5204 
f 7330/7166 5535/5204 7281/7092 
f 7330/7166 7281/7092 5232/7091 
f 7330/7166 5232/7091 5231/7167 
f 7331/7168 7333/7169 5596/5267 
f 7331/7168 5596/5267 5595/5266 
f 7331/7168 5595/5266 5594/5265 
f 7331/7168 5594/5265 7332/7170 
f 7331/7168 7332/7170 5539/5209 
f 7331/7168 5539/5209 5538/5208 
f 7331/7168 5538/5208 5537/5207 
f 7331/7168 5537/5207 7333/7169 
f 7333/7169 7124/7171 5143/7172 
f 7333/7169 5143/7172 7334/7173 
f 7333/7169 7334/7173 5596/5267 
f 7333/7169 5537/5207 7335/7174 
f 7333/7169 7335/7174 5256/7175 
f 7333/7169 5256/7175 7124/7171 
f 7336/5206 5257/7176 5256/7175 
f 7336/5206 5256/7175 7335/7174 
f 7336/5206 7335/7174 5537/5207 
f 7336/5206 7288/5213 5258/7102 
f 7336/5206 5258/7102 5257/7176 
f 7337/7177 7338/7178 5605/5276 
f 7337/7177 5605/5276 5604/5275 
f 7337/7177 5604/5275 5603/5274 
f 7337/7177 5603/5274 7339/7179 
f 7337/7177 7339/7179 5547/5218 
f 7337/7177 5547/5218 5546/5217 
f 7337/7177 5546/5217 5545/5216 
f 7337/7177 5545/5216 7338/7178 
f 7340/7180 7145/7181 5169/7182 
f 7340/7180 5169/7182 7341/7183 
f 7340/7180 7341/7183 5605/5276 
f 7340/7180 5605/5276 7338/7178 
f 7340/7180 7338/7178 5545/5216 
f 7340/7180 5545/5216 7342/7184 
f 7340/7180 7342/7184 5283/7185 
f 7340/7180 5283/7185 7145/7181 
f 7343/7186 5284/7187 5283/7185 
f 7343/7186 5283/7185 7342/7184 
f 7343/7186 7342/7184 5545/5216 
f 7343/7186 5545/5216 5544/5215 
f 7343/7186 5544/5215 5551/5222 
f 7343/7186 5551/5222 7295/7112 
f 7343/7186 7295/7112 5285/7111 
f 7343/7186 5285/7111 5284/7187 
f 7344/7188 7345/7189 5613/5285 
f 7344/7188 5613/5285 5612/5284 
f 7344/7188 5612/5284 5611/5283 
f 7344/7188 5611/5283 7346/7190 
f 7344/7188 7346/7190 5556/5227 
f 7344/7188 5556/5227 5555/5226 
f 7344/7188 5555/5226 5554/5225 
f 7344/7188 5554/5225 7345/7189 
f 7345/7189 7163/7191 5196/7192 
f 7345/7189 5196/7192 7347/7193 
f 7345/7189 7347/7193 5613/5285 
f 7345/7189 5554/5225 7348/7194 
f 7345/7189 7348/7194 5310/7195 
f 7345/7189 5310/7195 7163/7191 
f 7349/7196 5311/7197 5310/7195 
f 7349/7196 5310/7195 7348/7194 
f 7349/7196 7348/7194 5554/5225 
f 7349/7196 5554/5225 5553/5224 
f 7349/7196 5553/5224 5560/5231 
f 7349/7196 5560/5231 7302/7123 
f 7349/7196 7302/7123 5312/7122 
f 7349/7196 5312/7122 5311/7197 
f 7350/7198 7352/7199 5622/5294 
f 7350/7198 5622/5294 5621/5293 
f 7350/7198 5621/5293 5620/5292 
f 7350/7198 5620/5292 7351/7200 
f 7350/7198 7351/7200 5565/5236 
f 7350/7198 5565/5236 5564/5235 
f 7350/7198 5564/5235 5563/5234 
f 7350/7198 5563/5234 7352/7199 
f 7352/7199 7182/7201 5223/7202 
f 7352/7199 5223/7202 7353/7203 
f 7352/7199 7353/7203 5622/5294 
f 7352/7199 5563/5234 7354/7204 
f 7352/7199 7354/7204 5337/7205 
f 7352/7199 5337/7205 7182/7201 
f 7355/7206 5338/7207 5337/7205 
f 7355/7206 5337/7205 7354/7204 
f 7355/7206 7354/7204 5563/5234 
f 7355/7206 5563/5234 5562/5233 
f 7355/7206 5562/5233 5569/5240 
f 7355/7206 5569/5240 7315/7144 
f 7355/7206 7315/7144 5339/7143 
f 7355/7206 5339/7143 5338/7207 
f 7356/7208 7357/7209 5631/5303 
f 7356/7208 5631/5303 5630/5302 
f 7356/7208 5630/5302 5629/5301 
f 7356/7208 5629/5301 7230/7210 
f 7356/7208 7230/7210 5574/5245 
f 7356/7208 5574/5245 5573/5244 
f 7356/7208 5573/5244 5572/5243 
f 7356/7208 5572/5243 7357/7209 
f 7358/7211 7200/7212 5249/7213 
f 7358/7211 5249/7213 7359/7214 
f 7358/7211 7359/7214 5631/5303 
f 7358/7211 5631/5303 7357/7209 
f 7358/7211 7357/7209 5572/5243 
f 7358/7211 5572/5243 7360/7215 
f 7358/7211 7360/7215 5364/7216 
f 7358/7211 5364/7216 7200/7212 
f 7361/7217 5365/7218 5364/7216 
f 7361/7217 5364/7216 7360/7215 
f 7361/7217 7360/7215 5572/5243 
f 7361/7217 5572/5243 5571/5242 
f 7361/7217 5571/5242 5578/5249 
f 7361/7217 5578/5249 7321/7153 
f 7361/7217 7321/7153 5366/7152 
f 7361/7217 5366/7152 5365/7218 
f 7362/7219 7364/7220 5639/5312 
f 7362/7219 5639/5312 5638/5311 
f 7362/7219 5638/5311 5637/5310 
f 7362/7219 5637/5310 7363/7221 
f 7362/7219 7363/7221 5583/5254 
f 7362/7219 5583/5254 5582/5253 
f 7362/7219 5582/5253 5581/5252 
f 7362/7219 5581/5252 7364/7220 
f 7364/7220 7223/7222 5276/7223 
f 7364/7220 5276/7223 7365/7224 
f 7364/7220 7365/7224 5639/5312 
f 7364/7220 5581/5252 7366/7225 
f 7364/7220 7366/7225 5400/7226 
f 7364/7220 5400/7226 7223/7222 
f 5580/5251 5401/7227 5400/7226 
f 5580/5251 5400/7226 7366/7225 
f 5580/5251 7366/7225 5581/5252 
f 5580/5251 5587/5258 7328/7163 
f 5580/5251 7328/7163 5402/7162 
f 5580/5251 5402/7162 5401/7227 
f 7367/7228 7370/5321 5647/5320 
f 7367/7228 5647/5320 5646/5319 
f 7367/7228 5646/5319 7368/7229 
f 7367/7228 7368/7229 5592/5263 
f 7367/7228 5592/5263 5591/5262 
f 7367/7228 5591/5262 5590/5261 
f 7369/7230 7023/7231 5303/7232 
f 7369/7230 5303/7232 7370/5321 
f 7369/7230 7370/5321 7367/7228 
f 7369/7230 7367/7228 5590/5261 
f 7369/7230 5590/5261 7371/7233 
f 7369/7230 7371/7233 5141/7234 
f 7369/7230 5141/7234 7023/7231 
f 7372/7235 5142/7236 5141/7234 
f 7372/7235 5141/7234 7371/7233 
f 7372/7235 7371/7233 5590/5261 
f 7372/7235 5590/5261 5589/5260 
f 7372/7235 5589/5260 5596/5267 
f 7372/7235 5596/5267 7334/7173 
f 7372/7235 7334/7173 5143/7172 
f 7372/7235 5143/7172 5142/7236 
f 7373/7237 7374/7238 5656/5330 
f 7373/7237 5656/5330 5655/5329 
f 7373/7237 5655/5329 5654/5328 
f 7373/7237 5654/5328 7375/7239 
f 7373/7237 7375/7239 5601/5272 
f 7373/7237 5601/5272 5600/5271 
f 7373/7237 5600/5271 5599/5270 
f 7373/7237 5599/5270 7374/7238 
f 7376/7240 7046/7241 5330/7242 
f 7376/7240 5330/7242 7377/7243 
f 7376/7240 7377/7243 5656/5330 
f 7376/7240 5656/5330 7374/7238 
f 7376/7240 7374/7238 5599/5270 
f 7376/7240 5599/5270 7378/7244 
f 7376/7240 7378/7244 5167/7245 
f 7376/7240 5167/7245 7046/7241 
f 7379/7246 5168/7247 5167/7245 
f 7379/7246 5167/7245 7378/7244 
f 7379/7246 7378/7244 5599/5270 
f 7379/7246 5599/5270 5598/5269 
f 7379/7246 5598/5269 5605/5276 
f 7379/7246 5605/5276 7341/7183 
f 7379/7246 7341/7183 5169/7182 
f 7379/7246 5169/7182 5168/7247 
f 7380/7248 7381/7249 7384/5339 
f 7380/7248 7384/5339 5663/5338 
f 7380/7248 5663/5338 5662/5337 
f 7380/7248 5662/5337 7382/7250 
f 7380/7248 7382/7250 5609/5281 
f 7380/7248 5609/5281 5608/5280 
f 7380/7248 5608/5280 5607/5279 
f 7380/7248 5607/5279 7381/7249 
f 7383/7251 7070/7252 5357/7253 
f 7383/7251 5357/7253 7384/5339 
f 7383/7251 7384/5339 7381/7249 
f 7383/7251 7381/7249 5607/5279 
f 7383/7251 5607/5279 7385/7254 
f 7383/7251 7385/7254 5194/7255 
f 7383/7251 5194/7255 7070/7252 
f 7386/5278 5195/7256 5194/7255 
f 7386/5278 5194/7255 7385/7254 
f 7386/5278 7385/7254 5607/5279 
f 7386/5278 5613/5285 7347/7193 
f 7386/5278 7347/7193 5196/7192 
f 7386/5278 5196/7192 5195/7256 
f 7387/7257 7388/7258 5671/5348 
f 7387/7257 5671/5348 5670/5347 
f 7387/7257 5670/5347 5669/5346 
f 7387/7257 5669/5346 7389/7259 
f 7387/7257 7389/7259 5618/5290 
f 7387/7257 5618/5290 5617/5289 
f 7387/7257 5617/5289 5616/5288 
f 7387/7257 5616/5288 7388/7258 
f 7390/7260 7094/7261 5393/7262 
f 7390/7260 5393/7262 7391/7263 
f 7390/7260 7391/7263 5671/5348 
f 7390/7260 5671/5348 7388/7258 
f 7390/7260 7388/7258 5616/5288 
f 7390/7260 5616/5288 7392/7264 
f 7390/7260 7392/7264 5221/7265 
f 7390/7260 5221/7265 7094/7261 
f 7393/7266 5222/7267 5221/7265 
f 7393/7266 5221/7265 7392/7264 
f 7393/7266 7392/7264 5616/5288 
f 7393/7266 5616/5288 5615/5287 
f 7393/7266 5615/5287 5622/5294 
f 7393/7266 5622/5294 7353/7203 
f 7393/7266 7353/7203 5223/7202 
f 7393/7266 5223/7202 5222/7267 
f 7394/7268 7395/7269 5680/5357 
f 7394/7268 5680/5357 5679/5356 
f 7394/7268 5679/5356 5678/5355 
f 7394/7268 5678/5355 7396/7270 
f 7394/7268 7396/7270 5627/5299 
f 7394/7268 5627/5299 5626/5298 
f 7394/7268 5626/5298 5625/5297 
f 7394/7268 5625/5297 7395/7269 
f 7397/7271 7117/7272 5134/7273 
f 7397/7271 5134/7273 7398/7274 
f 7397/7271 7398/7274 5680/5357 
f 7397/7271 5680/5357 7395/7269 
f 7397/7271 7395/7269 5625/5297 
f 7397/7271 5625/5297 7399/7275 
f 7397/7271 7399/7275 5247/7276 
f 7397/7271 5247/7276 7117/7272 
f 7400/7277 5248/7278 5247/7276 
f 7400/7277 5247/7276 7399/7275 
f 7400/7277 7399/7275 5625/5297 
f 7400/7277 5625/5297 5624/5296 
f 7400/7277 5624/5296 5631/5303 
f 7400/7277 5631/5303 7359/7214 
f 7400/7277 7359/7214 5249/7213 
f 7400/7277 5249/7213 5248/7278 
f 7401/7279 7402/7280 5127/4792 
f 7401/7279 5127/4792 5126/4791 
f 7401/7279 5126/4791 5125/4790 
f 7401/7279 5125/4790 7403/7281 
f 7401/7279 7403/7281 5635/5308 
f 7401/7279 5635/5308 5634/5307 
f 7401/7279 5634/5307 5633/5306 
f 7401/7279 5633/5306 7402/7280 
f 7404/7282 7138/7283 5160/6742 
f 7404/7282 5160/6742 7012/6741 
f 7404/7282 7012/6741 5127/4792 
f 7404/7282 5127/4792 7402/7280 
f 7404/7282 7402/7280 5633/5306 
f 7404/7282 5274/7284 7138/7283 
f 7405/5305 5275/7285 5274/7284 
f 7405/5305 5274/7284 7404/7282 
f 7405/5305 7404/7282 5633/5306 
f 7405/5305 5639/5312 7365/7224 
f 7405/5305 7365/7224 5276/7223 
f 7405/5305 5276/7223 5275/7285 
f 7406/7286 7407/7287 5422/5087 
f 7406/7286 5422/5087 5421/5086 
f 7406/7286 5421/5086 5420/5085 
f 7406/7286 5420/5085 7408/7288 
f 7406/7286 7408/7288 5644/5317 
f 7406/7286 5644/5317 5643/5316 
f 7406/7286 5643/5316 5642/5315 
f 7406/7286 5642/5315 7407/7287 
f 7409/7289 7157/7290 5187/7027 
f 7409/7289 5187/7027 7241/7026 
f 7409/7289 7241/7026 5422/5087 
f 7409/7289 5422/5087 7407/7287 
f 7409/7289 7407/7287 5642/5315 
f 7409/7289 5642/5315 7410/7291 
f 7409/7289 7410/7291 5301/7292 
f 7409/7289 5301/7292 7157/7290 
f 7411/7293 5302/7294 5301/7292 
f 7411/7293 5301/7292 7410/7291 
f 7411/7293 7410/7291 5642/5315 
f 7411/7293 5642/5315 5641/5314 
f 7411/7293 5641/5314 7370/5321 
f 7411/7293 7370/5321 5303/7232 
f 7411/7293 5303/7232 5302/7294 
f 7412/7295 7413/7296 5431/5096 
f 7412/7295 5431/5096 5430/5095 
f 7412/7295 5430/5095 5429/5094 
f 7412/7295 5429/5094 7414/7297 
f 7412/7295 7414/7297 5652/5326 
f 7412/7295 5652/5326 5651/5325 
f 7412/7295 5651/5325 5650/5324 
f 7412/7295 5650/5324 7413/7296 
f 7415/7298 7176/7299 5214/7039 
f 7415/7298 5214/7039 7248/7038 
f 7415/7298 7248/7038 5431/5096 
f 7415/7298 5431/5096 7413/7296 
f 7415/7298 7413/7296 5650/5324 
f 7415/7298 5650/5324 7416/7300 
f 7415/7298 7416/7300 5328/7301 
f 7415/7298 5328/7301 7176/7299 
f 7417/7302 5329/7303 5328/7301 
f 7417/7302 5328/7301 7416/7300 
f 7417/7302 7416/7300 5650/5324 
f 7417/7302 5650/5324 5649/5323 
f 7417/7302 5649/5323 5656/5330 
f 7417/7302 5656/5330 7377/7243 
f 7417/7302 7377/7243 5330/7242 
f 7417/7302 5330/7242 5329/7303 
f 7418/7304 7420/7305 5440/5105 
f 7418/7304 5440/5105 5439/5104 
f 7418/7304 5439/5104 5438/5103 
f 7418/7304 5438/5103 7419/7306 
f 7418/7304 7419/7306 5660/5335 
f 7418/7304 5660/5335 5659/5334 
f 7418/7304 5659/5334 5658/5333 
f 7418/7304 5658/5333 7420/7305 
f 7420/7305 7194/7307 5241/7051 
f 7420/7305 5241/7051 7256/7050 
f 7420/7305 7256/7050 5440/5105 
f 7420/7305 5658/5333 7421/7308 
f 7420/7305 7421/7308 5355/7309 
f 7420/7305 5355/7309 7194/7307 
f 7422/5332 5356/7310 5355/7309 
f 7422/5332 5355/7309 7421/7308 
f 7422/5332 7421/7308 5658/5333 
f 7422/5332 7384/5339 5357/7253 
f 7422/5332 5357/7253 5356/7310 
f 7423/7311 7424/7312 5449/5114 
f 7423/7311 5449/5114 5448/5113 
f 7423/7311 5448/5113 5447/5112 
f 7423/7311 5447/5112 7425/7313 
f 7423/7311 7425/7313 5667/5344 
f 7423/7311 5667/5344 5666/5343 
f 7423/7311 5666/5343 5665/5342 
f 7423/7311 5665/5342 7424/7312 
f 7426/7314 7217/7315 5267/7064 
f 7426/7314 5267/7064 7264/7063 
f 7426/7314 7264/7063 5449/5114 
f 7426/7314 5449/5114 7424/7312 
f 7426/7314 7424/7312 5665/5342 
f 7426/7314 5665/5342 7427/7316 
f 7426/7314 7427/7316 5391/7317 
f 7426/7314 5391/7317 7217/7315 
f 7428/5341 5392/7318 5391/7317 
f 7428/5341 5391/7317 7427/7316 
f 7428/5341 7427/7316 5665/5342 
f 7428/5341 5671/5348 7391/7263 
f 7428/5341 7391/7263 5393/7262 
f 7428/5341 5393/7262 5392/7318 
f 7429/7319 7430/7320 5458/5123 
f 7429/7319 5458/5123 5457/5122 
f 7429/7319 5457/5122 5456/5121 
f 7429/7319 5456/5121 7431/7321 
f 7429/7319 7431/7321 5676/5353 
f 7429/7319 5676/5353 5675/5352 
f 7429/7319 5675/5352 5674/5351 
f 7429/7319 5674/5351 7430/7320 
f 7432/7322 7015/7323 5294/7075 
f 7432/7322 5294/7075 7270/7074 
f 7432/7322 7270/7074 5458/5123 
f 7432/7322 5458/5123 7430/7320 
f 7432/7322 7430/7320 5674/5351 
f 7432/7322 5674/5351 7433/7324 
f 7432/7322 7433/7324 5132/7325 
f 7432/7322 5132/7325 7015/7323 
f 7434/7326 5133/7327 5132/7325 
f 7434/7326 5132/7325 7433/7324 
f 7434/7326 7433/7324 5674/5351 
f 7434/7326 5674/5351 5673/5350 
f 7434/7326 5673/5350 5680/5357 
f 7434/7326 5680/5357 7398/7274 
f 7434/7326 7398/7274 5134/7273 
f 7434/7326 5134/7273 5133/7327 
f 7435/7328 5987/5671 5986/5670 
f 7435/7328 5986/5670 5985/5669 
f 7435/7328 5985/5669 7436/7329 
f 7435/7328 7436/7329 5685/5362 
f 7435/7328 5685/5362 5684/5361 
f 7435/7328 5684/5361 5683/5360 
f 7437/7330 7438/7331 5871/7332 
f 7437/7330 5871/7332 7439/7333 
f 7437/7330 7439/7333 5987/5671 
f 7437/7330 5987/5671 7435/7328 
f 7437/7330 7435/7328 5683/5360 
f 7437/7330 5683/5360 7440/7334 
f 7437/7330 7440/7334 5818/7335 
f 7437/7330 5818/7335 7438/7331 
f 7441/7336 5819/7337 5818/7335 
f 7441/7336 5818/7335 7440/7334 
f 7441/7336 7440/7334 5683/5360 
f 7441/7336 5683/5360 5682/5359 
f 7441/7336 5682/5359 5689/5366 
f 7441/7336 5689/5366 7442/7338 
f 7441/7336 7442/7338 5820/7339 
f 7441/7336 5820/7339 5819/7337 
f 7443/7340 7444/7341 5736/5417 
f 7443/7340 5736/5417 5735/5416 
f 7443/7340 5735/5416 5734/5415 
f 7443/7340 5734/5415 7445/7342 
f 7443/7340 7445/7342 5693/5370 
f 7443/7340 5693/5370 5692/5369 
f 7443/7340 5692/5369 5691/5368 
f 7443/7340 5691/5368 7444/7341 
f 7446/7343 7363/7344 5637/7345 
f 7446/7343 5637/7345 7447/7346 
f 7446/7343 7447/7346 5736/5417 
f 7446/7343 5736/5417 7444/7341 
f 7446/7343 7444/7341 5691/5368 
f 7446/7343 5691/5368 7448/7347 
f 7446/7343 7448/7347 5583/7348 
f 7446/7343 5583/7348 7363/7344 
f 7449/7349 5584/7350 5583/7348 
f 7449/7349 5583/7348 7448/7347 
f 7449/7349 7448/7347 5691/5368 
f 7449/7349 5691/5368 5690/5367 
f 7449/7349 5690/5367 5697/5374 
f 7449/7349 5697/5374 7450/7351 
f 7449/7349 7450/7351 5585/7352 
f 7449/7349 5585/7352 5584/7350 
f 7451/7353 7452/7354 5744/5425 
f 7451/7353 5744/5425 5743/5424 
f 7451/7353 5743/5424 5742/5423 
f 7451/7353 5742/5423 7453/7355 
f 7451/7353 7453/7355 5700/5377 
f 7451/7353 5700/5377 5699/5376 
f 7451/7353 5699/5376 7452/7354 
f 7454/7356 7368/7357 5646/7358 
f 7454/7356 5646/7358 7455/7359 
f 7454/7356 7455/7359 5744/5425 
f 7454/7356 5744/5425 7452/7354 
f 7454/7356 7452/7354 5699/5376 
f 7454/7356 5699/5376 7456/7360 
f 7454/7356 7456/7360 5592/7361 
f 7454/7356 5592/7361 7368/7357 
f 7457/7362 5593/7363 5592/7361 
f 7457/7362 5592/7361 7456/7360 
f 7457/7362 7456/7360 5699/5376 
f 7457/7362 5699/5376 5698/5375 
f 7457/7362 5698/5375 5704/5381 
f 7457/7362 5704/5381 7458/7364 
f 7457/7362 7458/7364 5594/7365 
f 7457/7362 5594/7365 5593/7363 
f 5707/5385 5752/5434 5751/5433 
f 5707/5385 5751/5433 5750/5432 
f 5707/5385 5750/5432 7459/7366 
f 5707/5385 7459/7366 5708/5386 
f 7460/5384 7375/7367 5654/7368 
f 7460/5384 5654/7368 7461/7369 
f 7460/5384 7461/7369 5752/5434 
f 7460/5384 5752/5434 5707/5385 
f 7460/5384 5601/7370 7375/7367 
f 7462/7371 5602/7372 5601/7370 
f 7462/7371 5601/7370 7460/5384 
f 7462/7371 7460/5384 5706/5383 
f 7462/7371 5706/5383 5711/5389 
f 7462/7371 5711/5389 7463/7373 
f 7462/7371 7463/7373 5603/7374 
f 7462/7371 5603/7374 5602/7372 
f 7464/7375 5759/5442 5758/5441 
f 7464/7375 5758/5441 5757/5440 
f 7464/7375 5757/5440 7465/7376 
f 7464/7375 7465/7376 5714/5393 
f 7464/7375 5714/5393 5713/5392 
f 7466/7377 7382/7378 5662/7379 
f 7466/7377 5662/7379 7467/7380 
f 7466/7377 7467/7380 5759/5442 
f 7466/7377 5759/5442 7464/7375 
f 7466/7377 7464/7375 5713/5392 
f 7466/7377 5713/5392 7468/7381 
f 7466/7377 7468/7381 5609/7382 
f 7466/7377 5609/7382 7382/7378 
f 7469/5391 5610/7383 5609/7382 
f 7469/5391 5609/7382 7468/7381 
f 7469/5391 7468/7381 5713/5392 
f 7469/5391 7470/5397 5611/7384 
f 7469/5391 5611/7384 5610/7383 
f 7471/7385 7472/7386 5765/5448 
f 7471/7385 5765/5448 5764/5447 
f 7471/7385 5764/5447 7473/7387 
f 7471/7385 7473/7387 5720/5400 
f 7471/7385 5720/5400 5719/5399 
f 7471/7385 5719/5399 7472/7386 
f 7474/7388 7389/7389 5669/7390 
f 7474/7388 5669/7390 7475/7391 
f 7474/7388 7475/7391 5765/5448 
f 7474/7388 5765/5448 7472/7386 
f 7474/7388 7472/7386 5719/5399 
f 7474/7388 5719/5399 7476/7392 
f 7474/7388 7476/7392 5618/7393 
f 7474/7388 5618/7393 7389/7389 
f 7477/7394 5619/7395 5618/7393 
f 7477/7394 5618/7393 7476/7392 
f 7477/7394 7476/7392 5719/5399 
f 7477/7394 5719/5399 5718/5398 
f 7477/7394 5718/5398 5723/5403 
f 7477/7394 5723/5403 7478/7396 
f 7477/7394 7478/7396 5620/7397 
f 7477/7394 5620/7397 5619/7395 
f 7479/7398 7480/7399 5772/5454 
f 7479/7398 5772/5454 5771/5453 
f 7479/7398 5771/5453 5770/5452 
f 7479/7398 5770/5452 7481/7400 
f 7479/7398 7481/7400 5726/5406 
f 7479/7398 5726/5406 5725/5405 
f 7479/7398 5725/5405 7480/7399 
f 7482/7401 7396/7402 5678/7403 
f 7482/7401 5678/7403 7483/7404 
f 7482/7401 7483/7404 5772/5454 
f 7482/7401 5772/5454 7480/7399 
f 7482/7401 7480/7399 5725/5405 
f 7482/7401 5725/5405 7484/7405 
f 7482/7401 7484/7405 5627/7406 
f 7482/7401 5627/7406 7396/7402 
f 7485/7407 5628/7408 5627/7406 
f 7485/7407 5627/7406 7484/7405 
f 7485/7407 7484/7405 5725/5405 
f 7485/7407 5725/5405 5724/5404 
f 7485/7407 5724/5404 5729/5409 
f 7485/7407 5729/5409 7231/7009 
f 7485/7407 7231/7009 5629/7008 
f 7485/7407 5629/7008 5628/7408 
f 7486/7409 5780/7410 5779/7411 
f 7486/7409 5779/7411 5778/7412 
f 7486/7409 5778/7412 7487/7413 
f 7486/7409 7487/7413 5732/5413 
f 7486/7409 5732/5413 5731/5412 
f 7488/7414 7403/7415 5125/7416 
f 7488/7414 5125/7416 7489/7417 
f 7488/7414 7489/7417 5780/7410 
f 7488/7414 5780/7410 7486/7409 
f 7488/7414 7486/7409 5731/5412 
f 7488/7414 5731/5412 7490/7418 
f 7488/7414 7490/7418 5635/7419 
f 7488/7414 5635/7419 7403/7415 
f 7491/5411 5636/7420 5635/7419 
f 7491/5411 5635/7419 7490/7418 
f 7491/5411 7490/7418 5731/5412 
f 7491/5411 5736/5417 7447/7346 
f 7491/5411 7447/7346 5637/7345 
f 7491/5411 5637/7345 5636/7420 
f 7492/7421 7493/7422 5788/5471 
f 7492/7421 5788/5471 5787/5470 
f 7492/7421 5787/5470 5786/5469 
f 7492/7421 5786/5469 7494/7423 
f 7492/7421 7494/7423 5740/5421 
f 7492/7421 5740/5421 5739/5420 
f 7492/7421 5739/5420 7493/7422 
f 7493/7422 7408/7424 5420/7425 
f 7493/7422 5420/7425 7495/7426 
f 7493/7422 7495/7426 5788/5471 
f 7493/7422 5739/5420 7496/7427 
f 7493/7422 7496/7427 5644/7428 
f 7493/7422 5644/7428 7408/7424 
f 7497/7429 5645/7430 5644/7428 
f 7497/7429 5644/7428 7496/7427 
f 7497/7429 7496/7427 5739/5420 
f 7497/7429 5739/5420 5738/5419 
f 7497/7429 5738/5419 5744/5425 
f 7497/7429 5744/5425 7455/7359 
f 7497/7429 7455/7359 5646/7358 
f 7497/7429 5646/7358 5645/7430 
f 7498/7431 7499/7432 5797/5480 
f 7498/7431 5797/5480 5796/5479 
f 7498/7431 5796/5479 5795/5478 
f 7498/7431 5795/5478 7500/7433 
f 7498/7431 7500/7433 5748/5430 
f 7498/7431 5748/5430 5747/5429 
f 7498/7431 5747/5429 7503/5428 
f 7498/7431 7503/5428 7499/7432 
f 7501/7434 7414/7435 5429/7436 
f 7501/7434 5429/7436 7502/7437 
f 7501/7434 7502/7437 5797/5480 
f 7501/7434 5797/5480 7499/7432 
f 7501/7434 7499/7432 7503/5428 
f 7501/7434 7503/5428 5652/7438 
f 7501/7434 5652/7438 7414/7435 
f 7504/7439 5653/7440 5652/7438 
f 7504/7439 5652/7438 7503/5428 
f 7504/7439 7503/5428 5746/5427 
f 7504/7439 5746/5427 5752/5434 
f 7504/7439 5752/5434 7461/7369 
f 7504/7439 7461/7369 5654/7368 
f 7504/7439 5654/7368 5653/7440 
f 7505/7441 7506/7442 5804/7443 
f 7505/7441 5804/7443 5803/7444 
f 7505/7441 5803/7444 7507/7445 
f 7505/7441 7507/7445 5755/5438 
f 7505/7441 5755/5438 5754/5437 
f 7505/7441 5754/5437 7506/7442 
f 7508/7446 7419/7447 5438/7448 
f 7508/7446 5438/7448 7509/7449 
f 7508/7446 7509/7449 5804/7443 
f 7508/7446 5804/7443 7506/7442 
f 7508/7446 7506/7442 5754/5437 
f 7508/7446 5754/5437 7510/7450 
f 7508/7446 7510/7450 5660/7451 
f 7508/7446 5660/7451 7419/7447 
f 7511/5436 5661/7452 5660/7451 
f 7511/5436 5660/7451 7510/7450 
f 7511/5436 7510/7450 5754/5437 
f 7511/5436 5759/5442 7467/7380 
f 7511/5436 7467/7380 5662/7379 
f 7511/5436 5662/7379 5661/7452 
f 7512/7453 7513/7454 5813/5496 
f 7512/7453 5813/5496 5812/5495 
f 7512/7453 5812/5495 5811/5494 
f 7512/7453 5811/5494 7514/7455 
f 7512/7453 7514/7455 5762/5445 
f 7512/7453 5762/5445 5761/5444 
f 7512/7453 5761/5444 7513/7454 
f 7513/7454 7425/7456 5447/7457 
f 7513/7454 5447/7457 7515/7458 
f 7513/7454 7515/7458 5813/5496 
f 7513/7454 5761/5444 7516/7459 
f 7513/7454 7516/7459 5667/7460 
f 7513/7454 5667/7460 7425/7456 
f 7517/7461 5668/7462 5667/7460 
f 7517/7461 5667/7460 7516/7459 
f 7517/7461 7516/7459 5761/5444 
f 7517/7461 5761/5444 5760/5443 
f 7517/7461 5760/5443 5765/5448 
f 7517/7461 5765/5448 7475/7391 
f 7517/7461 7475/7391 5669/7390 
f 7517/7461 5669/7390 5668/7462 
f 7518/7463 7519/7464 5821/5504 
f 7518/7463 5821/5504 5820/5503 
f 7518/7463 5820/5503 7520/7465 
f 7518/7463 7520/7465 5768/5450 
f 7518/7463 5768/5450 5766/5449 
f 7518/7463 5766/5449 5767/7466 
f 7518/7463 5767/7466 7519/7464 
f 7521/7467 7431/7468 5456/7469 
f 7521/7467 5456/7469 7522/7470 
f 7521/7467 7522/7470 5821/5504 
f 7521/7467 5821/5504 7519/7464 
f 7521/7467 7519/7464 5767/7466 
f 7521/7467 5767/7466 7523/7471 
f 7521/7467 7523/7471 5676/7472 
f 7521/7467 5676/7472 7431/7468 
f 7524/7473 5677/7474 5676/7472 
f 7524/7473 5676/7472 7523/7471 
f 7524/7473 7523/7471 5767/7466 
f 7524/7473 5767/7466 5766/5449 
f 7524/7473 5766/5449 5772/5454 
f 7524/7473 5772/5454 7483/7404 
f 7524/7473 7483/7404 5678/7403 
f 7524/7473 5678/7403 5677/7474 
f 7525/7475 7526/7476 5829/7477 
f 7525/7475 5829/7477 5828/7478 
f 7525/7475 5828/7478 5827/7479 
f 7525/7475 5827/7479 7527/7480 
f 7525/7475 7527/7480 5776/7481 
f 7525/7475 5776/7481 5775/7482 
f 7525/7475 5775/7482 5774/7483 
f 7525/7475 5774/7483 7526/7476 
f 7528/7484 7006/7485 5465/7486 
f 7528/7484 5465/7486 7529/7487 
f 7528/7484 7529/7487 5829/7477 
f 7528/7484 5829/7477 7526/7476 
f 7528/7484 7526/7476 5774/7483 
f 7528/7484 5774/7483 7530/7488 
f 7528/7484 7530/7488 5123/7489 
f 7528/7484 5123/7489 7006/7485 
f 7531/5456 5124/7490 5123/7491 
f 7531/5456 5123/7491 7530/7492 
f 7531/5456 7530/7492 5774/5457 
f 7531/5456 5780/5463 7489/7493 
f 7531/5456 7489/7493 5125/7494 
f 7531/5456 5125/7494 5124/7490 
f 7532/7495 5835/5518 5834/5517 
f 7532/7495 5834/5517 7533/7496 
f 7532/7495 7533/7496 5784/5467 
f 7532/7495 5784/5467 5783/5466 
f 7534/7497 7237/7498 5474/7499 
f 7534/7497 5474/7499 7535/7500 
f 7534/7497 7535/7500 5835/5518 
f 7534/7497 5835/5518 7532/7495 
f 7534/7497 7532/7495 5783/5466 
f 7534/7497 5783/5466 7536/7501 
f 7534/7497 7536/7501 5418/7502 
f 7534/7497 5418/7502 7237/7498 
f 7537/7503 5419/7504 5418/7502 
f 7537/7503 5418/7502 7536/7501 
f 7537/7503 7536/7501 5783/5466 
f 7537/7503 5783/5466 5782/5465 
f 7537/7503 5782/5465 5788/5471 
f 7537/7503 5788/5471 7495/7426 
f 7537/7503 7495/7426 5420/7425 
f 7537/7503 5420/7425 5419/7504 
f 7538/7505 7539/7506 5844/5527 
f 7538/7505 5844/5527 5843/5526 
f 7538/7505 5843/5526 5842/5525 
f 7538/7505 5842/5525 7540/7507 
f 7538/7505 7540/7507 5793/5476 
f 7538/7505 5793/5476 5792/5475 
f 7538/7505 5792/5475 5791/5474 
f 7538/7505 5791/5474 7539/7506 
f 7541/7508 7244/7509 5482/7510 
f 7541/7508 5482/7510 7542/7511 
f 7541/7508 7542/7511 5844/5527 
f 7541/7508 5844/5527 7539/7506 
f 7541/7508 7539/7506 5791/5474 
f 7541/7508 5791/5474 7543/7512 
f 7541/7508 7543/7512 5427/7513 
f 7541/7508 5427/7513 7244/7509 
f 7544/7514 5428/7515 5427/7513 
f 7544/7514 5427/7513 7543/7512 
f 7544/7514 7543/7512 5791/5474 
f 7544/7514 5791/5474 5790/5473 
f 7544/7514 5790/5473 5797/5480 
f 7544/7514 5797/5480 7502/7437 
f 7544/7514 7502/7437 5429/7436 
f 7544/7514 5429/7436 5428/7515 
f 7545/7516 7546/7517 5851/5534 
f 7545/7516 5851/5534 5850/5533 
f 7545/7516 5850/5533 7547/7518 
f 7545/7516 7547/7518 5801/5484 
f 7545/7516 5801/5484 5800/5483 
f 7545/7516 5800/5483 7546/7517 
f 7548/7519 7251/7520 5491/7521 
f 7548/7519 5491/7521 7549/7522 
f 7548/7519 7549/7522 5851/5534 
f 7548/7519 5851/5534 7546/7517 
f 7548/7519 7546/7517 5800/5483 
f 7548/7519 5800/5483 7550/7523 
f 7548/7519 7550/7523 5436/7524 
f 7548/7519 5436/7524 7251/7520 
f 7551/7525 5437/7526 5436/7524 
f 7551/7525 5436/7524 7550/7523 
f 7551/7525 7550/7523 5800/5483 
f 7551/7525 5800/5483 5799/5482 
f 7551/7525 5799/5482 5804/5487 
f 7551/7525 5804/5487 7509/7527 
f 7551/7525 7509/7527 5438/7528 
f 7551/7525 5438/7528 5437/7526 
f 7552/7529 5864/5546 5863/5545 
f 7552/7529 5863/5545 7553/7530 
f 7552/7529 7553/7530 5809/5492 
f 7552/7529 5809/5492 5808/5491 
f 7552/7529 5808/5491 5807/5490 
f 7554/7531 7259/7532 5508/7533 
f 7554/7531 5508/7533 7555/7534 
f 7554/7531 7555/7534 5864/5546 
f 7554/7531 5864/5546 7552/7529 
f 7554/7531 7552/7529 5807/5490 
f 7554/7531 5807/5490 7556/7535 
f 7554/7531 7556/7535 5445/7536 
f 7554/7531 5445/7536 7259/7532 
f 7557/7537 5446/7538 5445/7536 
f 7557/7537 5445/7536 7556/7535 
f 7557/7537 7556/7535 5807/5490 
f 7557/7537 5807/5490 5806/5489 
f 7557/7537 5806/5489 5813/5496 
f 7557/7537 5813/5496 7515/7458 
f 7557/7537 7515/7458 5447/7457 
f 7557/7537 5447/7457 5446/7538 
f 7558/7539 7559/7540 5873/5555 
f 7558/7539 5873/5555 5872/5554 
f 7558/7539 5872/5554 5871/5553 
f 7558/7539 5871/5553 7438/7541 
f 7558/7539 7438/7541 5818/5501 
f 7558/7539 5818/5501 5817/5500 
f 7558/7539 5817/5500 5816/5499 
f 7558/7539 5816/5499 7559/7540 
f 7560/7542 7266/7543 5516/7544 
f 7560/7542 5516/7544 7561/7545 
f 7560/7542 7561/7545 5873/5555 
f 7560/7542 5873/5555 7559/7540 
f 7560/7542 7559/7540 5816/5499 
f 7560/7542 5816/5499 7562/7546 
f 7560/7542 7562/7546 5454/7547 
f 7560/7542 5454/7547 7266/7543 
f 7563/7548 5455/7549 5454/7547 
f 7563/7548 5454/7547 7562/7546 
f 7563/7548 7562/7546 5816/5499 
f 7563/7548 5816/5499 5815/5498 
f 7563/7548 5815/5498 5821/5504 
f 7563/7548 5821/5504 7522/7470 
f 7563/7548 7522/7470 5456/7469 
f 7563/7548 5456/7469 5455/7549 
f 7564/7550 7566/7551 5880/5562 
f 7564/7550 5880/5562 5879/5561 
f 7564/7550 5879/5561 7565/7552 
f 7564/7550 7565/7552 5825/5508 
f 7564/7550 5825/5508 5824/5507 
f 7564/7550 5824/5507 7566/7551 
f 7566/7551 7273/7553 5524/7554 
f 7566/7551 5524/7554 7567/7555 
f 7566/7551 7567/7555 5880/5562 
f 7566/7551 5824/5507 7568/7556 
f 7566/7551 7568/7556 5463/7557 
f 7566/7551 5463/7557 7273/7553 
f 7569/7558 5464/7559 5463/7557 
f 7569/7558 5463/7557 7568/7556 
f 7569/7558 7568/7556 5824/5507 
f 7569/7558 5824/5507 5823/5506 
f 7569/7558 5823/5506 5829/5512 
f 7569/7558 5829/5512 7529/7560 
f 7569/7558 7529/7560 5465/7561 
f 7569/7558 5465/7561 5464/7559 
f 7570/7562 7571/7563 5887/5568 
f 7570/7562 5887/5568 5886/5567 
f 7570/7562 5886/5567 5885/5566 
f 7570/7562 5885/5566 7572/7564 
f 7570/7562 7572/7564 5832/5515 
f 7570/7562 5832/5515 5831/5514 
f 7570/7562 5831/5514 7571/7563 
f 7573/7565 7280/7566 5533/7567 
f 7573/7565 5533/7567 7574/7568 
f 7573/7565 7574/7568 5887/5568 
f 7573/7565 5887/5568 7571/7563 
f 7573/7565 7571/7563 5831/5514 
f 7573/7565 5831/5514 7575/7569 
f 7573/7565 7575/7569 5472/7570 
f 7573/7565 5472/7570 7280/7566 
f 7576/7571 5473/7572 5472/7570 
f 7576/7571 5472/7570 7575/7569 
f 7576/7571 7575/7569 5831/5514 
f 7576/7571 5831/5514 5830/5513 
f 7576/7571 5830/5513 5835/5518 
f 7576/7571 5835/5518 7535/7500 
f 7576/7571 7535/7500 5474/7499 
f 7576/7571 5474/7499 5473/7572 
f 7577/7573 5894/7574 5893/7575 
f 7577/7573 5893/7575 5892/7576 
f 7577/7573 5892/7576 7578/7577 
f 7577/7573 7578/7577 5840/5523 
f 7577/7573 5840/5523 5839/5522 
f 7577/7573 5839/5522 5838/5521 
f 7579/7578 7286/7579 5541/7580 
f 7579/7578 5541/7580 7580/7581 
f 7579/7578 7580/7581 5894/7574 
f 7579/7578 5894/7574 7577/7573 
f 7579/7578 7577/7573 5838/5521 
f 7579/7578 5838/5521 7581/7582 
f 7579/7578 7581/7582 5480/7583 
f 7579/7578 5480/7583 7286/7579 
f 7582/7584 5481/7585 5480/7583 
f 7582/7584 5480/7583 7581/7582 
f 7582/7584 7581/7582 5838/5521 
f 7582/7584 5838/5521 5837/5520 
f 7582/7584 5837/5520 5844/5527 
f 7582/7584 5844/5527 7542/7511 
f 7582/7584 7542/7511 5482/7510 
f 7582/7584 5482/7510 5481/7585 
f 7583/7586 7584/7587 5902/5585 
f 7583/7586 5902/5585 5901/5584 
f 7583/7586 5901/5584 5900/5583 
f 7583/7586 5900/5583 7585/7588 
f 7583/7586 7585/7588 5848/5531 
f 7583/7586 5848/5531 5847/5530 
f 7583/7586 5847/5530 7584/7587 
f 7584/7587 7293/7589 5549/7590 
f 7584/7587 5549/7590 7586/7591 
f 7584/7587 7586/7591 5902/5585 
f 7584/7587 5847/5530 7587/7592 
f 7584/7587 7587/7592 5489/7593 
f 7584/7587 5489/7593 7293/7589 
f 7588/7594 5490/7595 5489/7593 
f 7588/7594 5489/7593 7587/7592 
f 7588/7594 7587/7592 5847/5530 
f 7588/7594 5847/5530 5846/5529 
f 7588/7594 5846/5529 5851/5534 
f 7588/7594 5851/5534 7549/7522 
f 7588/7594 7549/7522 5491/7521 
f 7588/7594 5491/7521 5490/7595 
f 7589/7596 7590/7597 5910/5593 
f 7589/7596 5910/5593 5909/5592 
f 7589/7596 5909/5592 5908/5591 
f 7589/7596 5908/5591 7591/7598 
f 7589/7596 7591/7598 5854/5536 
f 7589/7596 5854/5536 5852/5535 
f 7589/7596 5852/5535 5853/7599 
f 7589/7596 5853/7599 7590/7597 
f 7592/7600 7300/7601 5558/7602 
f 7592/7600 5558/7602 5910/5593 
f 7592/7600 5910/5593 7590/7597 
f 7592/7600 7590/7597 5853/7599 
f 7592/7600 5853/7599 7593/7603 
f 7592/7600 7593/7603 5497/7604 
f 7592/7600 5497/7604 7300/7601 
f 7594/7605 5498/7606 5497/7604 
f 7594/7605 5497/7604 7593/7603 
f 7594/7605 7593/7603 5853/7599 
f 7594/7605 5853/7599 5852/5535 
f 7594/7605 5852/5535 5858/5540 
f 7594/7605 5858/5540 7595/7607 
f 7594/7605 7595/7607 5499/7608 
f 7594/7605 5499/7608 5498/7606 
f 7596/7609 7597/7610 5858/5540 
f 7596/7609 5858/5540 5857/5539 
f 7596/7609 5857/5539 5856/5538 
f 7596/7609 5856/5538 7598/7611 
f 7596/7609 7598/7611 5861/5543 
f 7596/7609 5861/5543 5860/5542 
f 7596/7609 5860/5542 7597/7610 
f 7599/7612 7308/7613 5499/7608 
f 7599/7612 5499/7608 7595/7607 
f 7599/7612 7595/7607 5858/5540 
f 7599/7612 5858/5540 7597/7610 
f 7599/7612 7597/7610 5860/5542 
f 7599/7612 5860/5542 7600/7614 
f 7599/7612 7600/7614 5506/7615 
f 7599/7612 5506/7615 7308/7613 
f 7601/7616 5507/7617 5506/7615 
f 7601/7616 5506/7615 7600/7614 
f 7601/7616 7600/7614 5860/5542 
f 7601/7616 5860/5542 5859/5541 
f 7601/7616 5859/5541 5864/5546 
f 7601/7616 5864/5546 7555/7534 
f 7601/7616 7555/7534 5508/7533 
f 7601/7616 5508/7533 5507/7617 
f 7602/7618 5918/7619 5917/7620 
f 7602/7618 5917/7620 5916/7621 
f 7602/7618 5916/7621 7603/7622 
f 7602/7618 7603/7622 5869/5551 
f 7602/7618 5869/5551 5868/5550 
f 7602/7618 5868/5550 5867/5549 
f 7604/7623 7313/7624 5567/7625 
f 7604/7623 5567/7625 7605/7626 
f 7604/7623 7605/7626 5918/7619 
f 7604/7623 5918/7619 7602/7618 
f 7604/7623 7602/7618 5867/5549 
f 7604/7623 5867/5549 7606/7627 
f 7604/7623 7606/7627 5514/7628 
f 7604/7623 5514/7628 7313/7624 
f 7607/7629 5515/7630 5514/7628 
f 7607/7629 5514/7628 7606/7627 
f 7607/7629 7606/7627 5867/5549 
f 7607/7629 5867/5549 5866/5548 
f 7607/7629 5866/5548 5873/5555 
f 7607/7629 5873/5555 7561/7545 
f 7607/7629 7561/7545 5516/7544 
f 7607/7629 5516/7544 5515/7630 
f 7608/7631 7609/7632 5413/5078 
f 7608/7631 5413/5078 5412/5077 
f 7608/7631 5412/5077 5411/5076 
f 7608/7631 5411/5076 7610/7633 
f 7608/7631 7610/7633 5877/5559 
f 7608/7631 5877/5559 5876/5558 
f 7608/7631 5876/5558 7609/7632 
f 7609/7632 7319/7634 5576/7015 
f 7609/7632 5576/7015 7234/7014 
f 7609/7632 7234/7014 5413/5078 
f 7609/7632 5876/5558 7611/7635 
f 7609/7632 7611/7635 5522/7636 
f 7609/7632 5522/7636 7319/7634 
f 7612/7637 5523/7638 5522/7636 
f 7612/7637 5522/7636 7611/7635 
f 7612/7637 7611/7635 5876/5558 
f 7612/7637 5876/5558 5875/5557 
f 7612/7637 5875/5557 5880/5562 
f 7612/7637 5880/5562 7567/7555 
f 7612/7637 7567/7555 5524/7554 
f 7612/7637 5524/7554 5523/7638 
f 7613/7639 7614/7640 5697/5374 
f 7613/7639 5697/5374 5696/5373 
f 7613/7639 5696/5373 5695/5372 
f 7613/7639 5695/5372 7615/7641 
f 7613/7639 7615/7641 5883/5564 
f 7613/7639 5883/5564 5881/5563 
f 7613/7639 5881/5563 5882/7642 
f 7613/7639 5882/7642 7614/7640 
f 7616/7643 7326/7644 5585/7352 
f 7616/7643 5585/7352 7450/7351 
f 7616/7643 7450/7351 5697/5374 
f 7616/7643 5697/5374 7614/7640 
f 7616/7643 7614/7640 5882/7642 
f 7616/7643 5882/7642 7617/7645 
f 7616/7643 7617/7645 5531/7646 
f 7616/7643 5531/7646 7326/7644 
f 7618/7647 5532/7648 5531/7646 
f 7618/7647 5531/7646 7617/7645 
f 7618/7647 7617/7645 5882/7642 
f 7618/7647 5882/7642 5881/5563 
f 7618/7647 5881/5563 5887/5568 
f 7618/7647 5887/5568 7574/7568 
f 7618/7647 7574/7568 5533/7567 
f 7618/7647 5533/7567 5532/7648 
f 7619/7649 7620/7650 5704/7651 
f 7619/7649 5704/7651 5703/7652 
f 7619/7649 5703/7652 5702/7653 
f 7619/7649 5702/7653 7621/7654 
f 7619/7649 7621/7654 5890/5573 
f 7619/7649 5890/5573 5889/5572 
f 7619/7649 5889/5572 7623/5571 
f 7619/7649 7623/5571 7620/7650 
f 7622/7655 7332/7656 5594/7657 
f 7622/7655 5594/7657 7458/7658 
f 7622/7655 7458/7658 5704/7651 
f 7622/7655 5704/7651 7620/7650 
f 7622/7655 7620/7650 7623/5571 
f 7622/7655 7623/5571 5539/7659 
f 7622/7655 5539/7659 7332/7656 
f 7624/5570 5540/7660 5539/7661 
f 7624/5570 5539/7661 7623/7662 
f 7624/5570 5894/5577 7580/7663 
f 7624/5570 7580/7663 5541/7664 
f 7624/5570 5541/7664 5540/7660 
f 7625/7665 7627/7666 5711/5389 
f 7625/7665 5711/5389 5710/5388 
f 7625/7665 5710/5388 7626/7667 
f 7625/7665 7626/7667 5898/5581 
f 7625/7665 5898/5581 5897/5580 
f 7625/7665 5897/5580 7627/7666 
f 7627/7666 7339/7668 5603/7374 
f 7627/7666 5603/7374 7463/7373 
f 7627/7666 7463/7373 5711/5389 
f 7627/7666 5897/5580 7628/7669 
f 7627/7666 7628/7669 5547/7670 
f 7627/7666 5547/7670 7339/7668 
f 7629/7671 5548/7672 5547/7670 
f 7629/7671 5547/7670 7628/7669 
f 7629/7671 7628/7669 5897/5580 
f 7629/7671 5897/5580 5896/5579 
f 7629/7671 5896/5579 5902/5585 
f 7629/7671 5902/5585 7586/7591 
f 7629/7671 7586/7591 5549/7590 
f 7629/7671 5549/7590 5548/7672 
f 7630/7673 7631/7674 7470/5397 
f 7630/7673 7470/5397 5717/5396 
f 7630/7673 5717/5396 5716/5395 
f 7630/7673 5716/5395 7632/7675 
f 7630/7673 7632/7675 5906/5589 
f 7630/7673 5906/5589 5905/5588 
f 7630/7673 5905/5588 5904/5587 
f 7630/7673 5904/5587 7631/7674 
f 7633/7676 7346/7677 5611/7384 
f 7633/7676 5611/7384 7470/5397 
f 7633/7676 7470/5397 7631/7674 
f 7633/7676 7631/7674 5904/5587 
f 7633/7676 5904/5587 7634/7678 
f 7633/7676 7634/7678 5556/7679 
f 7633/7676 5556/7679 7346/7677 
f 7635/7680 5557/7681 5556/7679 
f 7635/7680 5556/7679 7634/7678 
f 7635/7680 7634/7678 5904/5587 
f 7635/7680 5904/5587 5903/5586 
f 7635/7680 5903/5586 5910/5593 
f 7635/7680 5910/5593 5558/7602 
f 7635/7680 5558/7602 5557/7681 
f 7636/7682 7637/7683 5723/5403 
f 7636/7682 5723/5403 5722/5402 
f 7636/7682 5722/5402 7638/7684 
f 7636/7682 7638/7684 5914/5598 
f 7636/7682 5914/5598 5913/5597 
f 7636/7682 5913/5597 5912/5596 
f 7636/7682 5912/5596 7637/7683 
f 7637/7683 7351/7685 5620/7397 
f 7637/7683 5620/7397 7478/7396 
f 7637/7683 7478/7396 5723/5403 
f 7637/7683 5912/5596 7639/7686 
f 7637/7683 7639/7686 5565/7687 
f 7637/7683 5565/7687 7351/7685 
f 7640/5595 5566/7688 5565/7687 
f 7640/5595 5565/7687 7639/7686 
f 7640/5595 7639/7686 5912/5596 
f 7640/5595 5918/5602 7605/7689 
f 7640/5595 7605/7689 5567/7690 
f 7640/5595 5567/7690 5566/7688 
f 7641/7691 6247/5931 6246/5930 
f 7641/7691 6246/5930 7642/7692 
f 7641/7691 7642/7692 5922/5606 
f 7641/7691 5922/5606 5921/5605 
f 7643/7693 7644/7694 6142/7695 
f 7643/7693 6142/7695 7645/7696 
f 7643/7693 7645/7696 6247/5931 
f 7643/7693 6247/5931 7641/7691 
f 7643/7693 7641/7691 5921/5605 
f 7643/7693 5921/5605 7646/7697 
f 7643/7693 7646/7697 6087/7698 
f 7643/7693 6087/7698 7644/7694 
f 7647/7699 6088/7700 6087/7698 
f 7647/7699 6087/7698 7646/7697 
f 7647/7699 7646/7697 5921/5605 
f 7647/7699 5921/5605 5920/5604 
f 7647/7699 5920/5604 5926/5610 
f 7647/7699 5926/5610 7648/7701 
f 7647/7699 7648/7701 6089/7702 
f 7647/7699 6089/7702 6088/7700 
f 7649/7703 7650/7704 5996/5680 
f 7649/7703 5996/5680 5995/5679 
f 7649/7703 5995/5679 5994/5678 
f 7649/7703 5994/5678 7651/7705 
f 7649/7703 7651/7705 5931/5615 
f 7649/7703 5931/5615 5930/5614 
f 7649/7703 5930/5614 5929/5613 
f 7649/7703 5929/5613 7650/7704 
f 7652/7706 7565/7707 5879/7708 
f 7652/7706 5879/7708 7653/7709 
f 7652/7706 7653/7709 5996/5680 
f 7652/7706 5996/5680 7650/7704 
f 7652/7706 7650/7704 5929/5613 
f 7652/7706 5929/5613 7654/7710 
f 7652/7706 7654/7710 5825/7711 
f 7652/7706 5825/7711 7565/7707 
f 7655/7712 5826/7713 5825/7711 
f 7655/7712 5825/7711 7654/7710 
f 7655/7712 7654/7710 5929/5613 
f 7655/7712 5929/5613 5928/5612 
f 7655/7712 5928/5612 5935/5619 
f 7655/7712 5935/5619 7656/7714 
f 7655/7712 7656/7714 5827/7715 
f 7655/7712 5827/7715 5826/7713 
f 7657/7716 7658/7717 6005/5689 
f 7657/7716 6005/5689 6004/5688 
f 7657/7716 6004/5688 6003/5687 
f 7657/7716 6003/5687 7659/7718 
f 7657/7716 7659/7718 5939/5623 
f 7657/7716 5939/5623 5938/5622 
f 7657/7716 5938/5622 5937/5621 
f 7657/7716 5937/5621 7658/7717 
f 7660/7719 7572/7720 5885/7721 
f 7660/7719 5885/7721 7661/7722 
f 7660/7719 7661/7722 6005/5689 
f 7660/7719 6005/5689 7658/7717 
f 7660/7719 7658/7717 5937/5621 
f 7660/7719 5937/5621 7662/7723 
f 7660/7719 7662/7723 5832/7724 
f 7660/7719 5832/7724 7572/7720 
f 7663/7725 5833/7726 5832/7724 
f 7663/7725 5832/7724 7662/7723 
f 7663/7725 7662/7723 5937/5621 
f 7663/7725 5937/5621 5936/5620 
f 7663/7725 5936/5620 5943/5627 
f 7663/7725 5943/5627 7664/7727 
f 7663/7725 7664/7727 5834/7728 
f 7663/7725 5834/7728 5833/7726 
f 7665/7729 7666/7730 6014/5698 
f 7665/7729 6014/5698 6013/5697 
f 7665/7729 6013/5697 6012/5696 
f 7665/7729 6012/5696 7667/7731 
f 7665/7729 7667/7731 5948/5632 
f 7665/7729 5948/5632 5947/5631 
f 7665/7729 5947/5631 5946/5630 
f 7665/7729 5946/5630 7666/7730 
f 7668/7732 7578/7733 5892/7734 
f 7668/7732 5892/7734 7669/7735 
f 7668/7732 7669/7735 6014/5698 
f 7668/7732 6014/5698 7666/7730 
f 7668/7732 7666/7730 5946/5630 
f 7668/7732 5946/5630 7670/7736 
f 7668/7732 7670/7736 5840/7737 
f 7668/7732 5840/7737 7578/7733 
f 7671/7738 5841/7739 5840/7737 
f 7671/7738 5840/7737 7670/7736 
f 7671/7738 7670/7736 5946/5630 
f 7671/7738 5946/5630 5945/5629 
f 7671/7738 5945/5629 5952/5636 
f 7671/7738 5952/5636 7672/7740 
f 7671/7738 7672/7740 5842/7741 
f 7671/7738 5842/7741 5841/7739 
f 7673/7742 7674/7743 6023/5707 
f 7673/7742 6023/5707 6022/5706 
f 7673/7742 6022/5706 6021/5705 
f 7673/7742 6021/5705 7675/7744 
f 7673/7742 7675/7744 5957/5641 
f 7673/7742 5957/5641 5956/5640 
f 7673/7742 5956/5640 5955/5639 
f 7673/7742 5955/5639 7674/7743 
f 7676/7745 7585/7746 5900/7747 
f 7676/7745 5900/7747 7677/7748 
f 7676/7745 7677/7748 6023/5707 
f 7676/7745 6023/5707 7674/7743 
f 7676/7745 7674/7743 5955/5639 
f 7676/7745 5955/5639 7678/7749 
f 7676/7745 7678/7749 5848/7750 
f 7676/7745 5848/7750 7585/7746 
f 7679/7751 5849/7752 5848/7750 
f 7679/7751 5848/7750 7678/7749 
f 7679/7751 7678/7749 5955/5639 
f 7679/7751 5955/5639 5954/5638 
f 7679/7751 5954/5638 5961/5645 
f 7679/7751 5961/5645 7680/7753 
f 7679/7751 7680/7753 5850/7754 
f 7679/7751 5850/7754 5849/7752 
f 7681/7755 6031/5715 6030/5714 
f 7681/7755 6030/5714 6029/5713 
f 7681/7755 6029/5713 7682/7756 
f 7681/7755 7682/7756 5966/5650 
f 7681/7755 5966/5650 5965/5649 
f 7681/7755 5965/5649 5964/5648 
f 7683/7757 7591/7758 5908/7759 
f 7683/7757 5908/7759 7684/7760 
f 7683/7757 7684/7760 6031/5715 
f 7683/7757 6031/5715 7681/7755 
f 7683/7757 7681/7755 5964/5648 
f 7683/7757 5964/5648 7685/7761 
f 7683/7757 7685/7761 5854/7762 
f 7683/7757 5854/7762 7591/7758 
f 7686/7763 5855/7764 5854/7762 
f 7686/7763 5854/7762 7685/7761 
f 7686/7763 7685/7761 5964/5648 
f 7686/7763 5964/5648 5963/5647 
f 7686/7763 5963/5647 5970/5654 
f 7686/7763 5970/5654 7687/7765 
f 7686/7763 7687/7765 5856/7766 
f 7686/7763 5856/7766 5855/7764 
f 7688/7767 5970/5654 5969/5653 
f 7688/7767 5969/5653 5968/5652 
f 7688/7767 5968/5652 7689/7768 
f 7688/7767 7689/7768 5974/5658 
f 7688/7767 5974/5658 5973/5657 
f 7688/7767 5973/5657 5972/5656 
f 7690/7769 7598/7770 5856/7766 
f 7690/7769 5856/7766 7687/7765 
f 7690/7769 7687/7765 5970/5654 
f 7690/7769 5970/5654 7688/7767 
f 7690/7769 7688/7767 5972/5656 
f 7690/7769 5972/5656 7691/7771 
f 7690/7769 7691/7771 5861/7772 
f 7690/7769 5861/7772 7598/7770 
f 7692/7773 5862/7774 5861/7772 
f 7692/7773 5861/7772 7691/7771 
f 7692/7773 7691/7771 5972/5656 
f 7692/7773 5972/5656 5971/5655 
f 7692/7773 5971/5655 5978/5662 
f 7692/7773 5978/5662 7693/7775 
f 7692/7773 7693/7775 5863/7776 
f 7692/7773 5863/7776 5862/7774 
f 7694/7777 7695/7778 6040/5724 
f 7694/7777 6040/5724 6039/5723 
f 7694/7777 6039/5723 6038/5722 
f 7694/7777 6038/5722 7696/7779 
f 7694/7777 7696/7779 5983/5667 
f 7694/7777 5983/5667 5982/5666 
f 7694/7777 5982/5666 5981/5665 
f 7694/7777 5981/5665 7695/7778 
f 7697/7780 7603/7781 5916/7782 
f 7697/7780 5916/7782 7698/7783 
f 7697/7780 7698/7783 6040/5724 
f 7697/7780 6040/5724 7695/7778 
f 7697/7780 7695/7778 5981/5665 
f 7697/7780 5981/5665 7699/7784 
f 7697/7780 7699/7784 5869/7785 
f 7697/7780 5869/7785 7603/7781 
f 7700/7786 5870/7787 5869/7785 
f 7700/7786 5869/7785 7699/7784 
f 7700/7786 7699/7784 5981/5665 
f 7700/7786 5981/5665 5980/5664 
f 7700/7786 5980/5664 5987/5671 
f 7700/7786 5987/5671 7439/7333 
f 7700/7786 7439/7333 5871/7332 
f 7700/7786 5871/7332 5870/7787 
f 7701/7788 6048/5732 6047/5731 
f 7701/7788 6047/5731 7702/7789 
f 7701/7788 7702/7789 5992/5676 
f 7701/7788 5992/5676 5991/5675 
f 7701/7788 5991/5675 5990/5674 
f 7701/7788 5990/5674 6048/5732 
f 7703/7790 7610/7791 5411/7792 
f 7703/7790 5411/7792 7704/7793 
f 7703/7790 7704/7793 6048/5732 
f 7703/7790 6048/5732 5990/5674 
f 7703/7790 5990/5674 7705/7794 
f 7703/7790 7705/7794 5877/7795 
f 7703/7790 5877/7795 7610/7791 
f 7706/7796 5878/7797 5877/7795 
f 7706/7796 5877/7795 7705/7794 
f 7706/7796 7705/7794 5990/5674 
f 7706/7796 5990/5674 5989/5673 
f 7706/7796 5989/5673 5996/5680 
f 7706/7796 5996/5680 7653/7709 
f 7706/7796 7653/7709 5879/7708 
f 7706/7796 5879/7708 5878/7797 
f 7707/7798 6056/5740 6055/5739 
f 7707/7798 6055/5739 6054/5738 
f 7707/7798 6054/5738 7708/7799 
f 7707/7798 7708/7799 6001/5685 
f 7707/7798 6001/5685 6000/5684 
f 7707/7798 6000/5684 5999/5683 
f 7709/7800 7615/7801 5695/7802 
f 7709/7800 5695/7802 7710/7803 
f 7709/7800 7710/7803 6056/5740 
f 7709/7800 6056/5740 7707/7798 
f 7709/7800 7707/7798 5999/5683 
f 7709/7800 5999/5683 7711/7804 
f 7709/7800 7711/7804 5883/7805 
f 7709/7800 5883/7805 7615/7801 
f 7712/7806 5884/7807 5883/7805 
f 7712/7806 5883/7805 7711/7804 
f 7712/7806 7711/7804 5999/5683 
f 7712/7806 5999/5683 5998/5682 
f 7712/7806 5998/5682 6005/5689 
f 7712/7806 6005/5689 7661/7722 
f 7712/7806 7661/7722 5885/7721 
f 7712/7806 5885/7721 5884/7807 
f 7713/7808 7714/7809 6065/5749 
f 7713/7808 6065/5749 6064/5748 
f 7713/7808 6064/5748 6063/5747 
f 7713/7808 6063/5747 7715/7810 
f 7713/7808 7715/7810 6010/5694 
f 7713/7808 6010/5694 6009/5693 
f 7713/7808 6009/5693 6008/5692 
f 7713/7808 6008/5692 7714/7809 
f 7716/7811 7621/7812 5702/7813 
f 7716/7811 5702/7813 7717/7814 
f 7716/7811 7717/7814 6065/5749 
f 7716/7811 6065/5749 7714/7809 
f 7716/7811 7714/7809 6008/5692 
f 7716/7811 6008/5692 7718/7815 
f 7716/7811 7718/7815 5890/7816 
f 7716/7811 5890/7816 7621/7812 
f 7719/7817 5891/7818 5890/7816 
f 7719/7817 5890/7816 7718/7815 
f 7719/7817 7718/7815 6008/5692 
f 7719/7817 6008/5692 6007/5691 
f 7719/7817 6007/5691 6014/5698 
f 7719/7817 6014/5698 7669/7735 
f 7719/7817 7669/7735 5892/7734 
f 7719/7817 5892/7734 5891/7818 
f 7720/7819 6073/5757 6072/5756 
f 7720/7819 6072/5756 6071/5755 
f 7720/7819 6071/5755 7721/7820 
f 7720/7819 7721/7820 6019/5703 
f 7720/7819 6019/5703 6018/5702 
f 7720/7819 6018/5702 6017/5701 
f 7722/7821 7626/7822 5710/7823 
f 7722/7821 5710/7823 7723/7824 
f 7722/7821 7723/7824 6073/5757 
f 7722/7821 6073/5757 7720/7819 
f 7722/7821 7720/7819 6017/5701 
f 7722/7821 6017/5701 7724/7825 
f 7722/7821 7724/7825 5898/7826 
f 7722/7821 5898/7826 7626/7822 
f 7725/7827 5899/7828 5898/7826 
f 7725/7827 5898/7826 7724/7825 
f 7725/7827 7724/7825 6017/5701 
f 7725/7827 6017/5701 6016/5700 
f 7725/7827 6016/5700 6023/5707 
f 7725/7827 6023/5707 7677/7748 
f 7725/7827 7677/7748 5900/7747 
f 7725/7827 5900/7747 5899/7828 
f 7726/7829 6082/5766 6081/5765 
f 7726/7829 6081/5765 6080/5764 
f 7726/7829 6080/5764 7727/7830 
f 7726/7829 7727/7830 6027/5711 
f 7726/7829 6027/5711 6026/5710 
f 7726/7829 6026/5710 6025/5709 
f 7728/7831 7632/7832 5716/7833 
f 7728/7831 5716/7833 7729/7834 
f 7728/7831 7729/7834 6082/5766 
f 7728/7831 6082/5766 7726/7829 
f 7728/7831 7726/7829 6025/5709 
f 7728/7831 6025/5709 7730/7835 
f 7728/7831 7730/7835 5906/7836 
f 7728/7831 5906/7836 7632/7832 
f 7731/7837 5907/7838 5906/7836 
f 7731/7837 5906/7836 7730/7835 
f 7731/7837 7730/7835 6025/5709 
f 7731/7837 6025/5709 6024/5708 
f 7731/7837 6024/5708 6031/5715 
f 7731/7837 6031/5715 7684/7760 
f 7731/7837 7684/7760 5908/7759 
f 7731/7837 5908/7759 5907/7838 
f 7732/7839 7733/7840 6091/5775 
f 7732/7839 6091/5775 6090/5774 
f 7732/7839 6090/5774 6089/5773 
f 7732/7839 6089/5773 7734/7841 
f 7732/7839 7734/7841 6036/5720 
f 7732/7839 6036/5720 6035/5719 
f 7732/7839 6035/5719 6034/5718 
f 7732/7839 6034/5718 7733/7840 
f 7735/7842 7638/7843 5722/7844 
f 7735/7842 5722/7844 7736/7845 
f 7735/7842 7736/7845 6091/5775 
f 7735/7842 6091/5775 7733/7840 
f 7735/7842 7733/7840 6034/5718 
f 7735/7842 6034/5718 7737/7846 
f 7735/7842 7737/7846 5914/7847 
f 7735/7842 5914/7847 7638/7843 
f 7738/7848 5915/7849 5914/7847 
f 7738/7848 5914/7847 7737/7846 
f 7738/7848 7737/7846 6034/5718 
f 7738/7848 6034/5718 6033/5717 
f 7738/7848 6033/5717 6040/5724 
f 7738/7848 6040/5724 7698/7783 
f 7738/7848 7698/7783 5916/7782 
f 7738/7848 5916/7782 5915/7849 
f 7739/7850 6100/5784 6099/5783 
f 7739/7850 6099/5783 6098/5782 
f 7739/7850 6098/5782 7740/7851 
f 7739/7850 7740/7851 6045/5729 
f 7739/7850 6045/5729 6044/5728 
f 7739/7850 6044/5728 6043/5727 
f 7741/7852 7228/7853 5728/7854 
f 7741/7852 5728/7854 7742/7855 
f 7741/7852 7742/7855 6100/5784 
f 7741/7852 6100/5784 7739/7850 
f 7741/7852 7739/7850 6043/5727 
f 7741/7852 6043/5727 7743/7856 
f 7741/7852 7743/7856 5409/7857 
f 7741/7852 5409/7857 7228/7853 
f 7744/7858 5410/7859 5409/7857 
f 7744/7858 5409/7857 7743/7856 
f 7744/7858 7743/7856 6043/5727 
f 7744/7858 6043/5727 6042/5726 
f 7744/7858 6042/5726 6048/5732 
f 7744/7858 6048/5732 7704/7793 
f 7744/7858 7704/7793 5411/7792 
f 7744/7858 5411/7792 5410/7859 
f 7745/7860 6109/5793 6108/5792 
f 7745/7860 6108/5792 6107/5791 
f 7745/7860 6107/5791 7746/7861 
f 7745/7860 7746/7861 6052/5736 
f 7745/7860 6052/5736 6051/5735 
f 7745/7860 6051/5735 6050/5734 
f 7747/7862 7445/7863 5734/7864 
f 7747/7862 5734/7864 7748/7865 
f 7747/7862 7748/7865 6109/5793 
f 7747/7862 6109/5793 7745/7860 
f 7747/7862 7745/7860 6050/5734 
f 7747/7862 6050/5734 7749/7866 
f 7747/7862 7749/7866 5693/7867 
f 7747/7862 5693/7867 7445/7863 
f 7750/7868 5694/7869 5693/7867 
f 7750/7868 5693/7867 7749/7866 
f 7750/7868 7749/7866 6050/5734 
f 7750/7868 6050/5734 6049/5733 
f 7750/7868 6049/5733 6056/5740 
f 7750/7868 6056/5740 7710/7803 
f 7750/7868 7710/7803 5695/7802 
f 7750/7868 5695/7802 5694/7869 
f 7751/7870 7752/7871 6118/5802 
f 7751/7870 6118/5802 6117/5801 
f 7751/7870 6117/5801 6116/5800 
f 7751/7870 6116/5800 7753/7872 
f 7751/7870 7753/7872 6061/5745 
f 7751/7870 6061/5745 6060/5744 
f 7751/7870 6060/5744 6059/5743 
f 7751/7870 6059/5743 7752/7871 
f 7754/7873 7453/7874 5742/7875 
f 7754/7873 5742/7875 7755/7876 
f 7754/7873 7755/7876 6118/5802 
f 7754/7873 6118/5802 7752/7871 
f 7754/7873 7752/7871 6059/5743 
f 7754/7873 6059/5743 7756/7877 
f 7754/7873 7756/7877 5700/7878 
f 7754/7873 5700/7878 7453/7874 
f 7757/7879 5701/7880 5700/7878 
f 7757/7879 5700/7878 7756/7877 
f 7757/7879 7756/7877 6059/5743 
f 7757/7879 6059/5743 6058/5742 
f 7757/7879 6058/5742 6065/5749 
f 7757/7879 6065/5749 7717/7814 
f 7757/7879 7717/7814 5702/7813 
f 7757/7879 5702/7813 5701/7880 
f 7758/7881 7759/7882 6127/5811 
f 7758/7881 6127/5811 6126/5810 
f 7758/7881 6126/5810 6125/5809 
f 7758/7881 6125/5809 7760/7883 
f 7758/7881 7760/7883 6069/5753 
f 7758/7881 6069/5753 6068/5752 
f 7758/7881 6068/5752 6067/5751 
f 7758/7881 6067/5751 7759/7882 
f 7761/7884 7459/7885 5750/7886 
f 7761/7884 5750/7886 7762/7887 
f 7761/7884 7762/7887 6127/5811 
f 7761/7884 6127/5811 7759/7882 
f 7761/7884 7759/7882 6067/5751 
f 7761/7884 6067/5751 7763/7888 
f 7761/7884 7763/7888 5708/7889 
f 7761/7884 5708/7889 7459/7885 
f 7764/7890 5709/7891 5708/7889 
f 7764/7890 5708/7889 7763/7888 
f 7764/7890 7763/7888 6067/5751 
f 7764/7890 6067/5751 6066/5750 
f 7764/7890 6066/5750 6073/5757 
f 7764/7890 6073/5757 7723/7824 
f 7764/7890 7723/7824 5710/7823 
f 7764/7890 5710/7823 5709/7891 
f 7765/7892 6136/5820 6135/5819 
f 7765/7892 6135/5819 6134/5818 
f 7765/7892 6134/5818 7766/7893 
f 7765/7892 7766/7893 6078/5762 
f 7765/7892 6078/5762 6077/5761 
f 7765/7892 6077/5761 6076/5760 
f 7767/7894 7465/7895 5757/7896 
f 7767/7894 5757/7896 7768/7897 
f 7767/7894 7768/7897 6136/5820 
f 7767/7894 6136/5820 7765/7892 
f 7767/7894 7765/7892 6076/5760 
f 7767/7894 6076/5760 7769/7898 
f 7767/7894 7769/7898 5714/7899 
f 7767/7894 5714/7899 7465/7895 
f 7770/7900 5715/7901 5714/7899 
f 7770/7900 5714/7899 7769/7898 
f 7770/7900 7769/7898 6076/5760 
f 7770/7900 6076/5760 6075/5759 
f 7770/7900 6075/5759 6082/5766 
f 7770/7900 6082/5766 7729/7834 
f 7770/7900 7729/7834 5716/7833 
f 7770/7900 5716/7833 5715/7901 
f 7771/7902 6144/5828 6143/5827 
f 7771/7902 6143/5827 6142/5826 
f 7771/7902 6142/5826 7644/7903 
f 7771/7902 7644/7903 6087/5771 
f 7771/7902 6087/5771 6086/5770 
f 7771/7902 6086/5770 6085/5769 
f 7772/7904 7473/7905 5764/7906 
f 7772/7904 5764/7906 7773/7907 
f 7772/7904 7773/7907 6144/5828 
f 7772/7904 6144/5828 7771/7902 
f 7772/7904 7771/7902 6085/5769 
f 7772/7904 6085/5769 7774/7908 
f 7772/7904 7774/7908 5720/7909 
f 7772/7904 5720/7909 7473/7905 
f 7775/7910 5721/7911 5720/7909 
f 7775/7910 5720/7909 7774/7908 
f 7775/7910 7774/7908 6085/5769 
f 7775/7910 6085/5769 6084/5768 
f 7775/7910 6084/5768 6091/5775 
f 7775/7910 6091/5775 7736/7845 
f 7775/7910 7736/7845 5722/7844 
f 7775/7910 5722/7844 5721/7911 
f 7776/7912 7777/7913 6153/5837 
f 7776/7912 6153/5837 6152/5836 
f 7776/7912 6152/5836 6151/5835 
f 7776/7912 6151/5835 7778/7914 
f 7776/7912 7778/7914 6096/5780 
f 7776/7912 6096/5780 6095/5779 
f 7776/7912 6095/5779 6094/5778 
f 7776/7912 6094/5778 7777/7913 
f 7779/7915 7481/7916 5770/7917 
f 7779/7915 5770/7917 7780/7918 
f 7779/7915 7780/7918 6153/5837 
f 7779/7915 6153/5837 7777/7913 
f 7779/7915 7777/7913 6094/5778 
f 7779/7915 6094/5778 7781/7919 
f 7779/7915 7781/7919 5726/7920 
f 7779/7915 5726/7920 7481/7916 
f 7782/7921 5727/7922 5726/7920 
f 7782/7921 5726/7920 7781/7919 
f 7782/7921 7781/7919 6094/5778 
f 7782/7921 6094/5778 6093/5777 
f 7782/7921 6093/5777 6100/5784 
f 7782/7921 6100/5784 7742/7855 
f 7782/7921 7742/7855 5728/7854 
f 7782/7921 5728/7854 5727/7922 
f 7783/7923 6162/5846 6161/5845 
f 7783/7923 6161/5845 6160/5844 
f 7783/7923 6160/5844 7784/7924 
f 7783/7923 7784/7924 6105/5789 
f 7783/7923 6105/5789 6104/5788 
f 7783/7923 6104/5788 6103/5787 
f 7785/7925 7487/7926 5778/7927 
f 7785/7925 5778/7927 7786/7928 
f 7785/7925 7786/7928 6162/5846 
f 7785/7925 6162/5846 7783/7923 
f 7785/7925 7783/7923 6103/5787 
f 7785/7925 6103/5787 7787/7929 
f 7785/7925 7787/7929 5732/7930 
f 7785/7925 5732/7930 7487/7926 
f 7788/7931 5733/7932 5732/7930 
f 7788/7931 5732/7930 7787/7929 
f 7788/7931 7787/7929 6103/5787 
f 7788/7931 6103/5787 6102/5786 
f 7788/7931 6102/5786 6109/5793 
f 7788/7931 6109/5793 7748/7865 
f 7788/7931 7748/7865 5734/7864 
f 7788/7931 5734/7864 5733/7932 
f 7789/7933 7790/7934 6171/5855 
f 7789/7933 6171/5855 6170/5854 
f 7789/7933 6170/5854 6169/5853 
f 7789/7933 6169/5853 7791/7935 
f 7789/7933 7791/7935 6114/5798 
f 7789/7933 6114/5798 6113/5797 
f 7789/7933 6113/5797 6112/5796 
f 7789/7933 6112/5796 7790/7934 
f 7792/7936 7494/7937 5786/7938 
f 7792/7936 5786/7938 7793/7939 
f 7792/7936 7793/7939 6171/5855 
f 7792/7936 6171/5855 7790/7934 
f 7792/7936 7790/7934 6112/5796 
f 7792/7936 6112/5796 7794/7940 
f 7792/7936 7794/7940 5740/7941 
f 7792/7936 5740/7941 7494/7937 
f 7795/7942 5741/7943 5740/7941 
f 7795/7942 5740/7941 7794/7940 
f 7795/7942 7794/7940 6112/5796 
f 7795/7942 6112/5796 6111/5795 
f 7795/7942 6111/5795 6118/5802 
f 7795/7942 6118/5802 7755/7876 
f 7795/7942 7755/7876 5742/7875 
f 7795/7942 5742/7875 5741/7943 
f 7796/7944 7797/7945 6179/5863 
f 7796/7944 6179/5863 6178/5862 
f 7796/7944 6178/5862 6177/5861 
f 7796/7944 6177/5861 7798/7946 
f 7796/7944 7798/7946 6123/5807 
f 7796/7944 6123/5807 6122/5806 
f 7796/7944 6122/5806 6121/5805 
f 7796/7944 6121/5805 7797/7945 
f 7799/7947 7500/7948 5795/7949 
f 7799/7947 5795/7949 7800/7950 
f 7799/7947 7800/7950 6179/5863 
f 7799/7947 6179/5863 7797/7945 
f 7799/7947 7797/7945 6121/5805 
f 7799/7947 6121/5805 7801/7951 
f 7799/7947 7801/7951 5748/7952 
f 7799/7947 5748/7952 7500/7948 
f 7802/7953 5749/7954 5748/7952 
f 7802/7953 5748/7952 7801/7951 
f 7802/7953 7801/7951 6121/5805 
f 7802/7953 6121/5805 6120/5804 
f 7802/7953 6120/5804 6127/5811 
f 7802/7953 6127/5811 7762/7887 
f 7802/7953 7762/7887 5750/7886 
f 7802/7953 5750/7886 5749/7954 
f 7803/7955 7804/7956 6188/5872 
f 7803/7955 6188/5872 6187/5871 
f 7803/7955 6187/5871 6186/5870 
f 7803/7955 6186/5870 7805/7957 
f 7803/7955 7805/7957 6132/5816 
f 7803/7955 6132/5816 6131/5815 
f 7803/7955 6131/5815 6130/5814 
f 7803/7955 6130/5814 7804/7956 
f 7806/7958 7507/7959 5803/7960 
f 7806/7958 5803/7960 7807/7961 
f 7806/7958 7807/7961 6188/5872 
f 7806/7958 6188/5872 7804/7956 
f 7806/7958 7804/7956 6130/5814 
f 7806/7958 6130/5814 7808/7962 
f 7806/7958 7808/7962 5755/7963 
f 7806/7958 5755/7963 7507/7959 
f 7809/7964 5756/7965 5755/7963 
f 7809/7964 5755/7963 7808/7962 
f 7809/7964 7808/7962 6130/5814 
f 7809/7964 6130/5814 6129/5813 
f 7809/7964 6129/5813 6136/5820 
f 7809/7964 6136/5820 7768/7897 
f 7809/7964 7768/7897 5757/7896 
f 7809/7964 5757/7896 5756/7965 
f 7810/7966 6196/5880 6195/5879 
f 7810/7966 6195/5879 7811/7967 
f 7810/7966 7811/7967 6140/5824 
f 7810/7966 6140/5824 6139/5823 
f 7810/7966 6139/5823 6138/5822 
f 7810/7966 6138/5822 6196/5880 
f 7812/7968 7514/7969 5811/7970 
f 7812/7968 5811/7970 7813/7971 
f 7812/7968 7813/7971 6196/5880 
f 7812/7968 6196/5880 6138/5822 
f 7812/7968 6138/5822 7814/7972 
f 7812/7968 7814/7972 5762/7973 
f 7812/7968 5762/7973 7514/7969 
f 7815/7974 5763/7975 5762/7973 
f 7815/7974 5762/7973 7814/7972 
f 7815/7974 7814/7972 6138/5822 
f 7815/7974 6138/5822 6137/5821 
f 7815/7974 6137/5821 6144/5828 
f 7815/7974 6144/5828 7773/7907 
f 7815/7974 7773/7907 5764/7906 
f 7815/7974 5764/7906 5763/7975 
f 7816/7976 7817/7977 5689/5366 
f 7816/7976 5689/5366 5688/5365 
f 7816/7976 5688/5365 5687/5364 
f 7816/7976 5687/5364 7818/7978 
f 7816/7976 7818/7978 6149/5833 
f 7816/7976 6149/5833 6148/5832 
f 7816/7976 6148/5832 6147/5831 
f 7816/7976 6147/5831 7817/7977 
f 7819/7979 7520/7980 5820/7339 
f 7819/7979 5820/7339 7442/7338 
f 7819/7979 7442/7338 5689/5366 
f 7819/7979 5689/5366 7817/7977 
f 7819/7979 7817/7977 6147/5831 
f 7819/7979 6147/5831 7820/7981 
f 7819/7979 7820/7981 5768/7982 
f 7819/7979 5768/7982 7520/7980 
f 7821/7983 5769/7984 5768/7982 
f 7821/7983 5768/7982 7820/7981 
f 7821/7983 7820/7981 6147/5831 
f 7821/7983 6147/5831 6146/5830 
f 7821/7983 6146/5830 6153/5837 
f 7821/7983 6153/5837 7780/7918 
f 7821/7983 7780/7918 5770/7917 
f 7821/7983 5770/7917 5769/7984 
f 7822/7985 7823/7986 5935/5619 
f 7822/7985 5935/5619 5934/5618 
f 7822/7985 5934/5618 5933/5617 
f 7822/7985 5933/5617 7824/7987 
f 7822/7985 7824/7987 6158/5842 
f 7822/7985 6158/5842 6157/5841 
f 7822/7985 6157/5841 6156/5840 
f 7822/7985 6156/5840 7823/7986 
f 7825/7988 7527/7989 5827/7715 
f 7825/7988 5827/7715 7656/7714 
f 7825/7988 7656/7714 5935/5619 
f 7825/7988 5935/5619 7823/7986 
f 7825/7988 7823/7986 6156/5840 
f 7825/7988 6156/5840 7826/7990 
f 7825/7988 7826/7990 5776/7991 
f 7825/7988 5776/7991 7527/7989 
f 7827/7992 5777/7993 5776/7991 
f 7827/7992 5776/7991 7826/7990 
f 7827/7992 7826/7990 6156/5840 
f 7827/7992 6156/5840 6155/5839 
f 7827/7992 6155/5839 6162/5846 
f 7827/7992 6162/5846 7786/7928 
f 7827/7992 7786/7928 5778/7927 
f 7827/7992 5778/7927 5777/7993 
f 7828/7994 5943/5627 5942/5626 
f 7828/7994 5942/5626 5941/5625 
f 7828/7994 5941/5625 7829/7995 
f 7828/7994 7829/7995 6167/5851 
f 7828/7994 6167/5851 6166/5850 
f 7828/7994 6166/5850 6165/5849 
f 7830/7996 7533/7997 5834/7728 
f 7830/7996 5834/7728 7664/7727 
f 7830/7996 7664/7727 5943/5627 
f 7830/7996 5943/5627 7828/7994 
f 7830/7996 7828/7994 6165/5849 
f 7830/7996 6165/5849 7831/7998 
f 7830/7996 7831/7998 5784/7999 
f 7830/7996 5784/7999 7533/7997 
f 7832/8000 5785/8001 5784/7999 
f 7832/8000 5784/7999 7831/7998 
f 7832/8000 7831/7998 6165/5849 
f 7832/8000 6165/5849 6164/5848 
f 7832/8000 6164/5848 6171/5855 
f 7832/8000 6171/5855 7793/7939 
f 7832/8000 7793/7939 5786/7938 
f 7832/8000 5786/7938 5785/8001 
f 7833/8002 5952/5636 5951/5635 
f 7833/8002 5951/5635 5950/5634 
f 7833/8002 5950/5634 7834/8003 
f 7833/8002 7834/8003 6175/5859 
f 7833/8002 6175/5859 6174/5858 
f 7833/8002 6174/5858 6173/5857 
f 7835/8004 7540/8005 5842/7741 
f 7835/8004 5842/7741 7672/7740 
f 7835/8004 7672/7740 5952/5636 
f 7835/8004 5952/5636 7833/8002 
f 7835/8004 7833/8002 6173/5857 
f 7835/8004 6173/5857 7836/8006 
f 7835/8004 7836/8006 5793/8007 
f 7835/8004 5793/8007 7540/8005 
f 7837/8008 5794/8009 5793/8007 
f 7837/8008 5793/8007 7836/8006 
f 7837/8008 7836/8006 6173/5857 
f 7837/8008 6173/5857 6172/5856 
f 7837/8008 6172/5856 6179/5863 
f 7837/8008 6179/5863 7800/7950 
f 7837/8008 7800/7950 5795/7949 
f 7837/8008 5795/7949 5794/8009 
f 7838/8010 7839/8011 5961/5645 
f 7838/8010 5961/5645 5960/5644 
f 7838/8010 5960/5644 5959/5643 
f 7838/8010 5959/5643 7840/8012 
f 7838/8010 7840/8012 6184/5868 
f 7838/8010 6184/5868 6183/5867 
f 7838/8010 6183/5867 6182/5866 
f 7838/8010 6182/5866 7839/8011 
f 7841/8013 7547/8014 5850/7754 
f 7841/8013 5850/7754 7680/7753 
f 7841/8013 7680/7753 5961/5645 
f 7841/8013 5961/5645 7839/8011 
f 7841/8013 7839/8011 6182/5866 
f 7841/8013 6182/5866 7842/8015 
f 7841/8013 7842/8015 5801/8016 
f 7841/8013 5801/8016 7547/8014 
f 7843/8017 5802/8018 5801/8016 
f 7843/8017 5801/8016 7842/8015 
f 7843/8017 7842/8015 6182/5866 
f 7843/8017 6182/5866 6181/5865 
f 7843/8017 6181/5865 6188/5872 
f 7843/8017 6188/5872 7807/7961 
f 7843/8017 7807/7961 5803/7960 
f 7843/8017 5803/7960 5802/8018 
f 7844/8019 5978/5662 5977/5661 
f 7844/8019 5977/5661 5976/5660 
f 7844/8019 5976/5660 7845/8020 
f 7844/8019 7845/8020 6193/5877 
f 7844/8019 6193/5877 6192/5876 
f 7844/8019 6192/5876 6191/5875 
f 7846/8021 7553/8022 5863/7776 
f 7846/8021 5863/7776 7693/7775 
f 7846/8021 7693/7775 5978/5662 
f 7846/8021 5978/5662 7844/8019 
f 7846/8021 7844/8019 6191/5875 
f 7846/8021 6191/5875 7847/8023 
f 7846/8021 7847/8023 5809/8024 
f 7846/8021 5809/8024 7553/8022 
f 7848/8025 5810/8026 5809/8024 
f 7848/8025 5809/8024 7847/8023 
f 7848/8025 7847/8023 6191/5875 
f 7848/8025 6191/5875 6190/5874 
f 7848/8025 6190/5874 6196/5880 
f 7848/8025 6196/5880 7813/7971 
f 7848/8025 7813/7971 5811/7970 
f 7848/8025 5811/7970 5810/8026 
f 7849/8027 7851/8028 7853/6190 
f 7849/8027 7853/6190 6493/6189 
f 7849/8027 6493/6189 6492/6188 
f 7849/8027 6492/6188 7850/8029 
f 7849/8027 7850/8029 6201/5885 
f 7849/8027 6201/5885 6200/5884 
f 7849/8027 6200/5884 6199/5883 
f 7849/8027 6199/5883 7851/8028 
f 7851/8028 7852/8030 6391/8031 
f 7851/8028 6391/8031 7853/6190 
f 7851/8028 6199/5883 7854/8032 
f 7851/8028 7854/8032 6333/8033 
f 7851/8028 6333/8033 7852/8030 
f 7855/8034 6334/8035 6333/8033 
f 7855/8034 6333/8033 7854/8032 
f 7855/8034 7854/8032 6199/5883 
f 7855/8034 6199/5883 6198/5882 
f 7855/8034 6198/5882 6205/5889 
f 7855/8034 6205/5889 7856/8036 
f 7855/8034 7856/8036 6335/8037 
f 7855/8034 6335/8037 6334/8035 
f 7857/8038 7858/8039 6255/5939 
f 7857/8038 6255/5939 6254/5938 
f 7857/8038 6254/5938 7859/8040 
f 7857/8038 7859/8040 6210/5894 
f 7857/8038 6210/5894 6209/5893 
f 7857/8038 6209/5893 6208/5892 
f 7857/8038 6208/5892 7858/8039 
f 7860/8041 7778/8042 6151/8043 
f 7860/8041 6151/8043 7861/8044 
f 7860/8041 7861/8044 6255/5939 
f 7860/8041 6255/5939 7858/8039 
f 7860/8041 7858/8039 6208/5892 
f 7860/8041 6208/5892 6096/8045 
f 7860/8041 6096/8045 7778/8042 
f 7862/8046 6097/8047 6096/8045 
f 7862/8046 6096/8045 6208/5892 
f 7862/8046 6208/5892 6207/5891 
f 7862/8046 6207/5891 7863/5898 
f 7862/8046 7863/5898 6098/8048 
f 7862/8046 6098/8048 6097/8047 
f 6215/5900 6262/5946 6261/5945 
f 6215/5900 6261/5945 7864/8049 
f 6215/5900 7864/8049 6216/5901 
f 7865/8050 7784/8051 6160/8052 
f 7865/8050 6160/8052 7866/8053 
f 7865/8050 7866/8053 6262/5946 
f 7865/8050 6262/5946 6215/5900 
f 7865/8050 6215/5900 7867/8054 
f 7865/8050 7867/8054 6105/8055 
f 7865/8050 6105/8055 7784/8051 
f 7867/8054 6106/8056 6105/8055 
f 7867/8054 6215/5900 6214/5899 
f 7867/8054 6214/5899 6220/5905 
f 7867/8054 6220/5905 7868/8057 
f 7867/8054 7868/8057 6107/8058 
f 7867/8054 6107/8058 6106/8056 
f 7869/8059 7870/8060 6270/5955 
f 7869/8059 6270/5955 6269/5954 
f 7869/8059 6269/5954 6268/5953 
f 7869/8059 6268/5953 7871/8061 
f 7869/8059 7871/8061 6223/5907 
f 7869/8059 6223/5907 6221/5906 
f 7869/8059 6221/5906 6222/8062 
f 7869/8059 6222/8062 7870/8060 
f 7870/8060 7791/8063 6169/8064 
f 7870/8060 6169/8064 6270/5955 
f 7870/8060 6222/8062 7872/8065 
f 7870/8060 7872/8065 6114/8066 
f 7870/8060 6114/8066 7791/8063 
f 7872/8065 6115/8067 6114/8066 
f 7872/8065 6222/8062 6221/5906 
f 7872/8065 6221/5906 6226/5910 
f 7872/8065 6226/5910 7873/8068 
f 7872/8065 7873/8068 6116/8069 
f 7872/8065 6116/8069 6115/8067 
f 7874/8070 7875/8071 6278/5963 
f 7874/8070 6278/5963 6277/5962 
f 7874/8070 6277/5962 6276/5961 
f 7874/8070 6276/5961 7876/8072 
f 7874/8070 7876/8072 6230/5914 
f 7874/8070 6230/5914 6229/5913 
f 7874/8070 6229/5913 6228/5912 
f 7874/8070 6228/5912 7875/8071 
f 7877/8073 7798/8074 6177/8075 
f 7877/8073 6177/8075 7878/8076 
f 7877/8073 7878/8076 6278/5963 
f 7877/8073 6278/5963 7875/8071 
f 7877/8073 7875/8071 6228/5912 
f 7877/8073 6228/5912 6123/8077 
f 7877/8073 6123/8077 7798/8074 
f 7879/8078 6124/8079 6123/8077 
f 7879/8078 6123/8077 6228/5912 
f 7879/8078 6228/5912 6227/5911 
f 7879/8078 6227/5911 6234/5918 
f 7879/8078 6234/5918 7880/8080 
f 7879/8078 7880/8080 6125/8081 
f 7879/8078 6125/8081 6124/8079 
f 7881/8082 7882/8083 6285/8084 
f 7881/8082 6285/8084 6284/8085 
f 7881/8082 6284/8085 7883/8086 
f 7881/8082 7883/8086 6237/5921 
f 7881/8082 6237/5921 6236/5920 
f 7881/8082 6236/5920 7882/8083 
f 7884/8087 7805/8088 6186/8089 
f 7884/8087 6186/8089 7885/8090 
f 7884/8087 7885/8090 6285/8084 
f 7884/8087 6285/8084 7882/8083 
f 7884/8087 7882/8083 6236/5920 
f 7884/8087 6236/5920 7886/8091 
f 7884/8087 7886/8091 6132/8092 
f 7884/8087 6132/8092 7805/8088 
f 7887/8093 6133/8094 6132/8092 
f 7887/8093 6132/8092 7886/8091 
f 7887/8093 7886/8091 6236/5920 
f 7887/8093 6236/5920 6235/5919 
f 7887/8093 6235/5919 6240/5924 
f 7887/8093 6240/5924 7888/8095 
f 7887/8093 7888/8095 6134/8096 
f 7887/8093 6134/8096 6133/8094 
f 7889/8097 7890/8098 6294/5979 
f 7889/8097 6294/5979 6293/5978 
f 7889/8097 6293/5978 6292/5977 
f 7889/8097 6292/5977 7891/8099 
f 7889/8097 7891/8099 6244/5928 
f 7889/8097 6244/5928 6243/5927 
f 7889/8097 6243/5927 6242/5926 
f 7889/8097 6242/5926 7890/8098 
f 7890/8098 7811/8100 6195/8101 
f 7890/8098 6195/8101 6294/5979 
f 7890/8098 6242/5926 6140/8102 
f 7890/8098 6140/8102 7811/8100 
f 6242/5926 6141/8103 6140/8102 
f 6242/5926 6247/5931 7645/7696 
f 6242/5926 7645/7696 6142/7695 
f 6242/5926 6142/7695 6141/8103 
f 7892/8104 7894/8105 6302/5987 
f 7892/8104 6302/5987 6301/5986 
f 7892/8104 6301/5986 6300/5985 
f 7892/8104 6300/5985 7893/8106 
f 7892/8104 7893/8106 6252/5936 
f 7892/8104 6252/5936 6251/5935 
f 7892/8104 6251/5935 6250/5934 
f 7892/8104 6250/5934 7894/8105 
f 7894/8105 7818/8107 5687/8108 
f 7894/8105 5687/8108 7895/8109 
f 7894/8105 7895/8109 6302/5987 
f 7894/8105 6250/5934 7896/8110 
f 7894/8105 7896/8110 6149/8111 
f 7894/8105 6149/8111 7818/8107 
f 7897/8112 6150/8113 6149/8111 
f 7897/8112 6149/8111 7896/8110 
f 7897/8112 7896/8110 6250/5934 
f 7897/8112 6250/5934 6249/5933 
f 7897/8112 6249/5933 6255/5939 
f 7897/8112 6255/5939 7861/8044 
f 7897/8112 7861/8044 6151/8043 
f 7897/8112 6151/8043 6150/8113 
f 7898/8114 7899/8115 6309/8116 
f 7898/8114 6309/8116 6308/8117 
f 7898/8114 6308/8117 7900/8118 
f 7898/8114 7900/8118 6259/5943 
f 7898/8114 6259/5943 6258/5942 
f 7898/8114 6258/5942 7899/8115 
f 7901/8119 7824/8120 5933/8121 
f 7901/8119 5933/8121 7902/8122 
f 7901/8119 7902/8122 6309/8116 
f 7901/8119 6309/8116 7899/8115 
f 7901/8119 7899/8115 6258/5942 
f 7901/8119 6258/5942 7903/8123 
f 7901/8119 7903/8123 6158/8124 
f 7901/8119 6158/8124 7824/8120 
f 6257/5941 6159/8125 6158/8124 
f 6257/5941 6158/8124 7903/8123 
f 6257/5941 7903/8123 6258/5942 
f 6257/5941 6262/5946 7866/8053 
f 6257/5941 7866/8053 6160/8052 
f 6257/5941 6160/8052 6159/8125 
f 7904/8126 7905/8127 6317/6003 
f 7904/8126 6317/6003 6316/6002 
f 7904/8126 6316/6002 6315/6001 
f 7904/8126 6315/6001 7906/8128 
f 7904/8126 7906/8128 6266/5951 
f 7904/8126 6266/5951 6265/5950 
f 7904/8126 6265/5950 6264/5949 
f 7904/8126 6264/5949 7905/8127 
f 7907/8129 7829/8130 5941/8131 
f 7907/8129 5941/8131 7908/8132 
f 7907/8129 7908/8132 6317/6003 
f 7907/8129 6317/6003 7905/8127 
f 7907/8129 7905/8127 6264/5949 
f 7907/8129 6264/5949 7909/8133 
f 7907/8129 7909/8133 6167/8134 
f 7907/8129 6167/8134 7829/8130 
f 7910/5948 6168/8135 6167/8134 
f 7910/5948 6167/8134 7909/8133 
f 7910/5948 7909/8133 6264/5949 
f 7910/5948 6270/5955 6169/8064 
f 7910/5948 6169/8064 6168/8135 
f 7911/8136 7912/8137 6324/6010 
f 7911/8136 6324/6010 6323/6009 
f 7911/8136 6323/6009 7913/8138 
f 7911/8136 7913/8138 6274/5959 
f 7911/8136 6274/5959 6273/5958 
f 7911/8136 6273/5958 7912/8137 
f 7914/8139 7834/8140 5950/8141 
f 7914/8139 5950/8141 7915/8142 
f 7914/8139 7915/8142 6324/6010 
f 7914/8139 6324/6010 7912/8137 
f 7914/8139 7912/8137 6273/5958 
f 7914/8139 6273/5958 7916/8143 
f 7914/8139 7916/8143 6175/8144 
f 7914/8139 6175/8144 7834/8140 
f 7917/8145 6176/8146 6175/8144 
f 7917/8145 6175/8144 7916/8143 
f 7917/8145 7916/8143 6273/5958 
f 7917/8145 6273/5958 6272/5957 
f 7917/8145 6272/5957 6278/5963 
f 7917/8145 6278/5963 7878/8076 
f 7917/8145 7878/8076 6177/8075 
f 7917/8145 6177/8075 6176/8146 
f 7918/8147 7919/8148 7922/6016 
f 7918/8147 7922/6016 6330/6015 
f 7918/8147 6330/6015 6329/6014 
f 7918/8147 6329/6014 7920/8149 
f 7918/8147 7920/8149 6282/5967 
f 7918/8147 6282/5967 6281/5966 
f 7918/8147 6281/5966 7919/8148 
f 7921/8150 7840/8151 5959/8152 
f 7921/8150 5959/8152 7922/6016 
f 7921/8150 7922/6016 7919/8148 
f 7921/8150 7919/8148 6281/5966 
f 7921/8150 6281/5966 7923/8153 
f 7921/8150 7923/8153 6184/8154 
f 7921/8150 6184/8154 7840/8151 
f 7924/8155 6185/8156 6184/8154 
f 7924/8155 6184/8154 7923/8153 
f 7924/8155 7923/8153 6281/5966 
f 7924/8155 6281/5966 6280/5965 
f 7924/8155 6280/5965 6285/5970 
f 7924/8155 6285/5970 7885/8157 
f 7924/8155 7885/8157 6186/8158 
f 7924/8155 6186/8158 6185/8156 
f 7925/8159 6345/6034 6344/6033 
f 7925/8159 6344/6033 6343/6032 
f 7925/8159 6343/6032 7926/8160 
f 7925/8159 7926/8160 6290/5975 
f 7925/8159 6290/5975 6289/5974 
f 7925/8159 6289/5974 6288/5973 
f 7927/8161 7845/8162 5976/8163 
f 7927/8161 5976/8163 7928/8164 
f 7927/8161 7928/8164 6345/6034 
f 7927/8161 6345/6034 7925/8159 
f 7927/8161 7925/8159 6288/5973 
f 7927/8161 6288/5973 7929/8165 
f 7927/8161 7929/8165 6193/8166 
f 7927/8161 6193/8166 7845/8162 
f 7930/8167 6194/8168 6193/8166 
f 7930/8167 6193/8166 7929/8165 
f 7930/8167 7929/8165 6288/5973 
f 7930/8167 6288/5973 6287/5972 
f 7930/8167 6287/5972 6294/5979 
f 7930/8167 6294/5979 6195/8101 
f 7930/8167 6195/8101 6194/8168 
f 7931/8169 7933/8170 6354/6043 
f 7931/8169 6354/6043 6353/6042 
f 7931/8169 6353/6042 6352/6041 
f 7931/8169 6352/6041 7932/8171 
f 7931/8169 7932/8171 6298/5983 
f 7931/8169 6298/5983 6297/5982 
f 7931/8169 6297/5982 6296/5981 
f 7931/8169 6296/5981 7933/8170 
f 7933/8170 7436/8172 5985/8173 
f 7933/8170 5985/8173 6354/6043 
f 7933/8170 6296/5981 7934/8174 
f 7933/8170 7934/8174 5685/8175 
f 7933/8170 5685/8175 7436/8172 
f 7935/8176 5686/8177 5685/8175 
f 7935/8176 5685/8175 7934/8174 
f 7935/8176 7934/8174 6296/5981 
f 7935/8176 6296/5981 6295/5980 
f 7935/8176 6295/5980 6302/5987 
f 7935/8176 6302/5987 7895/8109 
f 7935/8176 7895/8109 5687/8108 
f 7935/8176 5687/8108 5686/8177 
f 7936/8178 7938/8179 6361/6051 
f 7936/8178 6361/6051 6360/6050 
f 7936/8178 6360/6050 7937/8180 
f 7936/8178 7937/8180 6306/5991 
f 7936/8178 6306/5991 6305/5990 
f 7936/8178 6305/5990 7938/8179 
f 7938/8179 7651/8181 5994/8182 
f 7938/8179 5994/8182 7939/8183 
f 7938/8179 7939/8183 6361/6051 
f 7938/8179 6305/5990 7940/8184 
f 7938/8179 7940/8184 5931/8185 
f 7938/8179 5931/8185 7651/8181 
f 7941/8186 5932/8187 5931/8185 
f 7941/8186 5931/8185 7940/8184 
f 7941/8186 7940/8184 6305/5990 
f 7941/8186 6305/5990 6304/5989 
f 7941/8186 6304/5989 6309/5994 
f 7941/8186 6309/5994 7902/8188 
f 7941/8186 7902/8188 5933/8189 
f 7941/8186 5933/8189 5932/8187 
f 7942/8190 7943/8191 6368/6060 
f 7942/8190 6368/6060 6367/6059 
f 7942/8190 6367/6059 6366/6058 
f 7942/8190 6366/6058 7944/8192 
f 7942/8190 7944/8192 6313/5999 
f 7942/8190 6313/5999 6312/5998 
f 7942/8190 6312/5998 6311/5997 
f 7942/8190 6311/5997 7943/8191 
f 7945/8193 7659/8194 6003/8195 
f 7945/8193 6003/8195 7946/8196 
f 7945/8193 7946/8196 6368/6060 
f 7945/8193 6368/6060 7943/8191 
f 7945/8193 7943/8191 6311/5997 
f 7945/8193 6311/5997 5939/8197 
f 7945/8193 5939/8197 7659/8194 
f 7947/5996 5940/8198 5939/8197 
f 7947/5996 5939/8197 6311/5997 
f 7947/5996 6317/6003 7908/8132 
f 7947/5996 7908/8132 5941/8131 
f 7947/5996 5941/8131 5940/8198 
f 7948/8199 7951/6069 6376/6068 
f 7948/8199 6376/6068 6375/6067 
f 7948/8199 6375/6067 7949/8200 
f 7948/8199 7949/8200 6321/6007 
f 7948/8199 6321/6007 6320/6006 
f 7948/8199 6320/6006 6319/6005 
f 7950/8201 7667/8202 6012/8203 
f 7950/8201 6012/8203 7951/6069 
f 7950/8201 7951/6069 7948/8199 
f 7950/8201 7948/8199 6319/6005 
f 7950/8201 6319/6005 7952/8204 
f 7950/8201 7952/8204 5948/8205 
f 7950/8201 5948/8205 7667/8202 
f 7952/8204 5949/8206 5948/8205 
f 7952/8204 6319/6005 6318/6004 
f 7952/8204 6318/6004 6324/6010 
f 7952/8204 6324/6010 7915/8142 
f 7952/8204 7915/8142 5950/8141 
f 7952/8204 5950/8141 5949/8206 
f 7953/8207 7954/8208 6385/6078 
f 7953/8207 6385/6078 6384/6077 
f 7953/8207 6384/6077 6383/6076 
f 7953/8207 6383/6076 7955/8209 
f 7953/8207 7955/8209 6327/6012 
f 7953/8207 6327/6012 6325/6011 
f 7953/8207 6325/6011 6326/8210 
f 7953/8207 6326/8210 7954/8208 
f 7954/8208 7675/8211 6021/8212 
f 7954/8208 6021/8212 7956/8213 
f 7954/8208 7956/8213 6385/6078 
f 7954/8208 6326/8210 7957/8214 
f 7954/8208 7957/8214 5957/8215 
f 7954/8208 5957/8215 7675/8211 
f 7957/8214 5958/8216 5957/8215 
f 7957/8214 6326/8210 6325/6011 
f 7957/8214 6325/6011 7922/6016 
f 7957/8214 7922/6016 5959/8152 
f 7957/8214 5959/8152 5958/8216 
f 7958/8217 7959/8218 6393/6086 
f 7958/8217 6393/6086 6392/6085 
f 7958/8217 6392/6085 6391/6084 
f 7958/8217 6391/6084 7852/8219 
f 7958/8217 7852/8219 6333/6021 
f 7958/8217 6333/6021 6332/6020 
f 7958/8217 6332/6020 7961/6019 
f 7958/8217 7961/6019 7959/8218 
f 7959/8218 7682/8220 6029/8221 
f 7959/8218 6029/8221 7960/8222 
f 7959/8218 7960/8222 6393/6086 
f 7959/8218 7961/6019 5966/8223 
f 7959/8218 5966/8223 7682/8220 
f 7962/6018 5967/8224 5966/8223 
f 7962/6018 5966/8223 7961/6019 
f 7962/6018 6337/6025 7963/8225 
f 7962/6018 7963/8225 5968/8226 
f 7962/6018 5968/8226 5967/8224 
f 7964/8227 7965/8228 6337/6025 
f 7964/8227 6337/6025 6336/6024 
f 7964/8227 6336/6024 6335/6023 
f 7964/8227 6335/6023 7966/8229 
f 7964/8227 7966/8229 6341/6030 
f 7964/8227 6341/6030 6340/6029 
f 7964/8227 6340/6029 6339/6028 
f 7964/8227 6339/6028 7965/8228 
f 7967/8230 7689/8231 5968/8226 
f 7967/8230 5968/8226 7963/8225 
f 7967/8230 7963/8225 6337/6025 
f 7967/8230 6337/6025 7965/8228 
f 7967/8230 7965/8228 6339/6028 
f 7967/8230 6339/6028 5974/8232 
f 7967/8230 5974/8232 7689/8231 
f 7968/6027 5975/8233 5974/8232 
f 7968/6027 5974/8232 6339/6028 
f 7968/6027 6345/6034 7928/8164 
f 7968/6027 7928/8164 5976/8163 
f 7968/6027 5976/8163 5975/8233 
f 6349/6038 6402/8234 6401/8235 
f 6349/6038 6401/8235 6400/8236 
f 6349/6038 6400/8236 7969/8237 
f 6349/6038 7969/8237 6350/6039 
f 7970/8238 7696/8239 6038/8240 
f 7970/8238 6038/8240 6402/8234 
f 7970/8238 6402/8234 6349/6038 
f 7970/8238 6349/6038 6348/6037 
f 7970/8238 6348/6037 7971/8241 
f 7970/8238 7971/8241 5983/8242 
f 7970/8238 5983/8242 7696/8239 
f 7971/8241 5984/8243 5983/8242 
f 7971/8241 6348/6037 6347/6036 
f 7971/8241 6347/6036 6354/6043 
f 7971/8241 6354/6043 5985/8173 
f 7971/8241 5985/8173 5984/8243 
f 7972/8244 7973/8245 6411/6104 
f 7972/8244 6411/6104 6410/6103 
f 7972/8244 6410/6103 6409/6102 
f 7972/8244 6409/6102 7974/8246 
f 7972/8244 7974/8246 6358/6048 
f 7972/8244 6358/6048 6357/6047 
f 7972/8244 6357/6047 6356/6046 
f 7972/8244 6356/6046 7973/8245 
f 7973/8245 7702/8247 6047/8248 
f 7973/8245 6047/8248 7975/8249 
f 7973/8245 7975/8249 6411/6104 
f 7973/8245 6356/6046 7976/8250 
f 7973/8245 7976/8250 5992/8251 
f 7973/8245 5992/8251 7702/8247 
f 7977/6045 5993/8252 5992/8251 
f 7977/6045 5992/8251 7976/8250 
f 7977/6045 7976/8250 6356/6046 
f 7977/6045 6361/6051 7939/8183 
f 7977/6045 7939/8183 5994/8182 
f 7977/6045 5994/8182 5993/8252 
f 7978/8253 7980/8254 6419/6112 
f 7978/8253 6419/6112 6418/6111 
f 7978/8253 6418/6111 6417/6110 
f 7978/8253 6417/6110 7979/8255 
f 7978/8253 7979/8255 6364/6056 
f 7978/8253 6364/6056 6363/6055 
f 7978/8253 6363/6055 7982/6054 
f 7978/8253 7982/6054 7980/8254 
f 7980/8254 7708/8256 6054/8257 
f 7980/8254 6054/8257 7981/8258 
f 7980/8254 7981/8258 6419/6112 
f 7980/8254 7982/6054 6001/8259 
f 7980/8254 6001/8259 7708/8256 
f 7983/6053 6002/8260 6001/8259 
f 7983/6053 6001/8259 7982/6054 
f 7983/6053 6368/6060 7946/8196 
f 7983/6053 7946/8196 6003/8195 
f 7983/6053 6003/8195 6002/8260 
f 7984/8261 7985/8262 6426/8263 
f 7984/8261 6426/8263 6425/8264 
f 7984/8261 6425/8264 7986/8265 
f 7984/8261 7986/8265 6373/6065 
f 7984/8261 6373/6065 6372/6064 
f 7984/8261 6372/6064 6371/6063 
f 7984/8261 6371/6063 7985/8262 
f 7987/8266 7715/8267 6063/8268 
f 7987/8266 6063/8268 7988/8269 
f 7987/8266 7988/8269 6426/8263 
f 7987/8266 6426/8263 7985/8262 
f 7987/8266 7985/8262 6371/6063 
f 7987/8266 6371/6063 7989/8270 
f 7987/8266 7989/8270 6010/8271 
f 7987/8266 6010/8271 7715/8267 
f 7990/8272 6011/8273 6010/8271 
f 7990/8272 6010/8271 7989/8270 
f 7990/8272 7989/8270 6371/6063 
f 7990/8272 6371/6063 6370/6062 
f 7990/8272 6370/6062 7951/6069 
f 7990/8272 7951/6069 6012/8203 
f 7990/8272 6012/8203 6011/8273 
f 7991/8274 7992/8275 6434/6128 
f 7991/8274 6434/6128 6433/6127 
f 7991/8274 6433/6127 6432/6126 
f 7991/8274 6432/6126 7993/8276 
f 7991/8274 7993/8276 6381/6074 
f 7991/8274 6381/6074 6380/6073 
f 7991/8274 6380/6073 6379/6072 
f 7991/8274 6379/6072 7992/8275 
f 7994/8277 7721/8278 6071/8279 
f 7994/8277 6071/8279 7995/8280 
f 7994/8277 7995/8280 6434/6128 
f 7994/8277 6434/6128 7992/8275 
f 7994/8277 7992/8275 6379/6072 
f 7994/8277 6379/6072 7996/8281 
f 7994/8277 7996/8281 6019/8282 
f 7994/8277 6019/8282 7721/8278 
f 7997/8283 6020/8284 6019/8282 
f 7997/8283 6019/8282 7996/8281 
f 7997/8283 7996/8281 6379/6072 
f 7997/8283 6379/6072 6378/6071 
f 7997/8283 6378/6071 6385/6078 
f 7997/8283 6385/6078 7956/8213 
f 7997/8283 7956/8213 6021/8212 
f 7997/8283 6021/8212 6020/8284 
f 7998/8285 7999/8286 6441/6135 
f 7998/8285 6441/6135 6440/6134 
f 7998/8285 6440/6134 6439/6133 
f 7998/8285 6439/6133 8000/8287 
f 7998/8285 8000/8287 6389/6082 
f 7998/8285 6389/6082 6388/6081 
f 7998/8285 6388/6081 6387/6080 
f 7998/8285 6387/6080 7999/8286 
f 8001/8288 7727/8289 6080/8290 
f 8001/8288 6080/8290 8002/8291 
f 8001/8288 8002/8291 6441/6135 
f 8001/8288 6441/6135 7999/8286 
f 8001/8288 7999/8286 6387/6080 
f 8001/8288 6387/6080 8003/8292 
f 8001/8288 8003/8292 6027/8293 
f 8001/8288 6027/8293 7727/8289 
f 8004/8294 6028/8295 6027/8293 
f 8004/8294 6027/8293 8003/8292 
f 8004/8294 8003/8292 6387/6080 
f 8004/8294 6387/6080 6386/6079 
f 8004/8294 6386/6079 6393/6086 
f 8004/8294 6393/6086 7960/8222 
f 8004/8294 7960/8222 6029/8221 
f 8004/8294 6029/8221 6028/8295 
f 8005/8296 8006/8297 5926/5610 
f 8005/8296 5926/5610 5925/5609 
f 8005/8296 5925/5609 5924/5608 
f 8005/8296 5924/5608 8007/8298 
f 8005/8296 8007/8298 6398/6091 
f 8005/8296 6398/6091 6397/6090 
f 8005/8296 6397/6090 6396/6089 
f 8005/8296 6396/6089 8006/8297 
f 8008/8299 7734/8300 6089/7702 
f 8008/8299 6089/7702 7648/7701 
f 8008/8299 7648/7701 5926/5610 
f 8008/8299 5926/5610 8006/8297 
f 8008/8299 8006/8297 6396/6089 
f 8008/8299 6396/6089 6036/8301 
f 8008/8299 6036/8301 7734/8300 
f 6395/6088 6037/8302 6036/8301 
f 6395/6088 6036/8301 6396/6089 
f 6395/6088 6402/6095 6038/8303 
f 6395/6088 6038/8303 6037/8302 
f 8009/8304 8010/8305 7863/5898 
f 8009/8304 7863/5898 6213/5897 
f 8009/8304 6213/5897 6212/5896 
f 8009/8304 6212/5896 8011/8306 
f 8009/8304 8011/8306 6407/6100 
f 8009/8304 6407/6100 6406/6099 
f 8009/8304 6406/6099 6405/6098 
f 8009/8304 6405/6098 8010/8305 
f 8012/8307 7740/8308 6098/8048 
f 8012/8307 6098/8048 7863/5898 
f 8012/8307 7863/5898 8010/8305 
f 8012/8307 8010/8305 6405/6098 
f 8012/8307 6405/6098 8013/8309 
f 8012/8307 8013/8309 6045/8310 
f 8012/8307 6045/8310 7740/8308 
f 8014/8311 6046/8312 6045/8310 
f 8014/8311 6045/8310 8013/8309 
f 8014/8311 8013/8309 6405/6098 
f 8014/8311 6405/6098 6404/6097 
f 8014/8311 6404/6097 6411/6104 
f 8014/8311 6411/6104 7975/8249 
f 8014/8311 7975/8249 6047/8248 
f 8014/8311 6047/8248 6046/8312 
f 8015/8313 6220/5905 6219/5904 
f 8015/8313 6219/5904 6218/5903 
f 8015/8313 6218/5903 8016/8314 
f 8015/8313 8016/8314 6415/6108 
f 8015/8313 6415/6108 6414/6107 
f 8015/8313 6414/6107 6413/6106 
f 8017/8315 7746/8316 6107/8058 
f 8017/8315 6107/8058 7868/8057 
f 8017/8315 7868/8057 6220/5905 
f 8017/8315 6220/5905 8015/8313 
f 8017/8315 8015/8313 6413/6106 
f 8017/8315 6413/6106 8018/8317 
f 8017/8315 8018/8317 6052/8318 
f 8017/8315 6052/8318 7746/8316 
f 8019/8319 6053/8320 6052/8318 
f 8019/8319 6052/8318 8018/8317 
f 8019/8319 8018/8317 6413/6106 
f 8019/8319 6413/6106 6412/6105 
f 8019/8319 6412/6105 6419/6112 
f 8019/8319 6419/6112 7981/8258 
f 8019/8319 7981/8258 6054/8257 
f 8019/8319 6054/8257 6053/8320 
f 8020/8321 8021/8322 6226/5910 
f 8020/8321 6226/5910 6225/5909 
f 8020/8321 6225/5909 8022/8323 
f 8020/8321 8022/8323 6423/6116 
f 8020/8321 6423/6116 6422/6115 
f 8020/8321 6422/6115 8021/8322 
f 8023/8324 7753/8325 6116/8069 
f 8023/8324 6116/8069 7873/8068 
f 8023/8324 7873/8068 6226/5910 
f 8023/8324 6226/5910 8021/8322 
f 8023/8324 8021/8322 6422/6115 
f 8023/8324 6422/6115 8024/8326 
f 8023/8324 8024/8326 6061/8327 
f 8023/8324 6061/8327 7753/8325 
f 8025/8328 6062/8329 6061/8327 
f 8025/8328 6061/8327 8024/8326 
f 8025/8328 8024/8326 6422/6115 
f 8025/8328 6422/6115 6421/6114 
f 8025/8328 6421/6114 6426/6119 
f 8025/8328 6426/6119 7988/8330 
f 8025/8328 7988/8330 6063/8331 
f 8025/8328 6063/8331 6062/8329 
f 8026/8332 8028/8333 6234/5918 
f 8026/8332 6234/5918 6233/5917 
f 8026/8332 6233/5917 6232/5916 
f 8026/8332 6232/5916 8027/8334 
f 8026/8332 8027/8334 6430/6124 
f 8026/8332 6430/6124 6429/6123 
f 8026/8332 6429/6123 8029/6122 
f 8026/8332 8029/6122 8028/8333 
f 8028/8333 7760/8335 6125/8081 
f 8028/8333 6125/8081 7880/8080 
f 8028/8333 7880/8080 6234/5918 
f 8028/8333 8029/6122 6069/8336 
f 8028/8333 6069/8336 7760/8335 
f 8030/8337 6070/8338 6069/8336 
f 8030/8337 6069/8336 8029/6122 
f 8030/8337 8029/6122 6428/6121 
f 8030/8337 6428/6121 6434/6128 
f 8030/8337 6434/6128 7995/8280 
f 8030/8337 7995/8280 6071/8279 
f 8030/8337 6071/8279 6070/8338 
f 6436/6130 6240/5924 6239/5923 
f 6436/6130 6239/5923 8031/8339 
f 6436/6130 8031/8339 6437/6131 
f 8032/8340 7766/8341 6134/8096 
f 8032/8340 6134/8096 7888/8095 
f 8032/8340 7888/8095 6240/5924 
f 8032/8340 6240/5924 6436/6130 
f 8032/8340 6436/6130 8033/8342 
f 8032/8340 8033/8342 6078/8343 
f 8032/8340 6078/8343 7766/8341 
f 8033/8342 6079/8344 6078/8343 
f 8033/8342 6436/6130 6435/6129 
f 8033/8342 6435/6129 6441/6135 
f 8033/8342 6441/6135 8002/8291 
f 8033/8342 8002/8291 6080/8290 
f 8033/8342 6080/8290 6079/8344 
f 8034/8345 3093/3938 4539/3940 
f 8034/8345 4539/3940 2831/1614 
f 8034/8345 8035/8346 6621/8347 
f 8034/8345 6621/8347 8036/8348 
f 8034/8345 8036/8348 3093/3938 
f 8034/8345 2831/1614 8037/8349 
f 8034/8345 8037/8349 6575/8350 
f 8034/8345 6575/8350 8035/8346 
f 8038/6137 6576/8351 6575/8350 
f 8038/6137 6575/8350 8037/8349 
f 8038/6137 8037/8349 2831/1614 
f 8038/6137 6443/6138 8039/8352 
f 8038/6137 8039/8352 6577/8353 
f 8038/6137 6577/8353 6576/8351 
f 8040/8354 6205/5889 6204/5888 
f 8040/8354 6204/5888 6203/5887 
f 8040/8354 6203/5887 8041/8355 
f 8040/8354 8041/8355 6447/6142 
f 8040/8354 6447/6142 6446/6141 
f 8040/8354 6446/6141 6445/6140 
f 8042/8356 7966/8357 6335/8037 
f 8042/8356 6335/8037 7856/8036 
f 8042/8356 7856/8036 6205/5889 
f 8042/8356 6205/5889 8040/8354 
f 8042/8356 8040/8354 6445/6140 
f 8042/8356 6445/6140 8043/8358 
f 8042/8356 8043/8358 6341/8359 
f 8042/8356 6341/8359 7966/8357 
f 8044/8360 6342/8361 6341/8359 
f 8044/8360 6341/8359 8043/8358 
f 8044/8360 8043/8358 6445/6140 
f 8044/8360 6445/6140 6444/6139 
f 8044/8360 6444/6139 8045/6146 
f 8044/8360 8045/6146 6343/8362 
f 8044/8360 6343/8362 6342/8361 
f 8046/8363 8047/8364 6499/6195 
f 8046/8363 6499/6195 6498/6194 
f 8046/8363 6498/6194 8048/8365 
f 8046/8363 8048/8365 6454/6150 
f 8046/8363 6454/6150 6453/6149 
f 8046/8363 6453/6149 6452/6148 
f 8046/8363 6452/6148 8047/8364 
f 8049/8366 7969/8367 6400/8368 
f 8049/8366 6400/8368 8050/8369 
f 8049/8366 8050/8369 6499/6195 
f 8049/8366 6499/6195 8047/8364 
f 8049/8366 8047/8364 6452/6148 
f 8049/8366 6452/6148 8051/8370 
f 8049/8366 8051/8370 6350/8371 
f 8049/8366 6350/8371 7969/8367 
f 8052/8372 6351/8373 6350/8371 
f 8052/8372 6350/8371 8051/8370 
f 8052/8372 8051/8370 6452/6148 
f 8052/8372 6452/6148 6451/6147 
f 8052/8372 6451/6147 6458/6154 
f 8052/8372 6458/6154 8053/8374 
f 8052/8372 8053/8374 6352/8375 
f 8052/8372 6352/8375 6351/8373 
f 8054/8376 8056/8377 6507/6203 
f 8054/8376 6507/6203 6506/6202 
f 8054/8376 6506/6202 6505/6201 
f 8054/8376 6505/6201 8055/8378 
f 8054/8376 8055/8378 6461/6157 
f 8054/8376 6461/6157 6460/6156 
f 8054/8376 6460/6156 8056/8377 
f 8056/8377 7974/8379 6409/8380 
f 8056/8377 6409/8380 8057/8381 
f 8056/8377 8057/8381 6507/6203 
f 8056/8377 6358/8382 7974/8379 
f 8058/8383 6359/8384 6358/8382 
f 8058/8383 6358/8382 8056/8377 
f 8058/8383 8056/8377 6460/6156 
f 8058/8383 6460/6156 6459/6155 
f 8058/8383 6459/6155 6465/6161 
f 8058/8383 6465/6161 8059/8385 
f 8058/8383 8059/8385 6360/8386 
f 8058/8383 6360/8386 6359/8384 
f 8060/8387 8063/6211 6513/6210 
f 8060/8387 6513/6210 6512/6209 
f 8060/8387 6512/6209 8061/8388 
f 8060/8387 8061/8388 6469/6165 
f 8060/8387 6469/6165 6468/6164 
f 8062/8389 7979/8390 6417/8391 
f 8062/8389 6417/8391 8063/6211 
f 8062/8389 8063/6211 8060/8387 
f 8062/8389 8060/8387 6468/6164 
f 8062/8389 6468/6164 8064/8392 
f 8062/8389 8064/8392 6364/8393 
f 8062/8389 6364/8393 7979/8390 
f 8065/8394 6365/8395 6364/8393 
f 8065/8394 6364/8393 8064/8392 
f 8065/8394 8064/8392 6468/6164 
f 8065/8394 6468/6164 6467/6163 
f 8065/8394 6467/6163 6473/6169 
f 8065/8394 6473/6169 8066/8396 
f 8065/8394 8066/8396 6366/8397 
f 8065/8394 6366/8397 6365/8395 
f 8067/8398 8068/8399 6522/6220 
f 8067/8398 6522/6220 6521/6219 
f 8067/8398 6521/6219 6520/6218 
f 8067/8398 6520/6218 8069/8400 
f 8067/8398 8069/8400 6476/6171 
f 8067/8398 6476/6171 6474/6170 
f 8067/8398 6474/6170 6475/8401 
f 8067/8398 6475/8401 8068/8399 
f 8070/8402 7986/8403 6425/8404 
f 8070/8402 6425/8404 8071/8405 
f 8070/8402 8071/8405 6522/6220 
f 8070/8402 6522/6220 8068/8399 
f 8070/8402 8068/8399 6475/8401 
f 8070/8402 6475/8401 8072/8406 
f 8070/8402 8072/8406 6373/8407 
f 8070/8402 6373/8407 7986/8403 
f 8073/8408 6374/8409 6373/8407 
f 8073/8408 6373/8407 8072/8406 
f 8073/8408 8072/8406 6475/8401 
f 8073/8408 6475/8401 6474/6170 
f 8073/8408 6474/6170 6479/6174 
f 8073/8408 6479/6174 8074/8410 
f 8073/8408 8074/8410 6375/8411 
f 8073/8408 6375/8411 6374/8409 
f 8075/8412 6529/6227 6528/6226 
f 8075/8412 6528/6226 8076/8413 
f 8075/8412 8076/8413 6483/6178 
f 8075/8412 6483/6178 6482/6177 
f 8077/8414 7993/8415 6432/8416 
f 8077/8414 6432/8416 8078/8417 
f 8077/8414 8078/8417 6529/6227 
f 8077/8414 6529/6227 8075/8412 
f 8077/8414 8075/8412 6482/6177 
f 8077/8414 6482/6177 8079/8418 
f 8077/8414 8079/8418 6381/8419 
f 8077/8414 6381/8419 7993/8415 
f 8080/8420 6382/8421 6381/8419 
f 8080/8420 6381/8419 8079/8418 
f 8080/8420 8079/8418 6482/6177 
f 8080/8420 6482/6177 6481/6176 
f 8080/8420 6481/6176 6487/6182 
f 8080/8420 6487/6182 8081/8422 
f 8080/8420 8081/8422 6383/8423 
f 8080/8420 6383/8423 6382/8421 
f 8082/8424 8083/8425 6536/6234 
f 8082/8424 6536/6234 6535/6233 
f 8082/8424 6535/6233 6534/6232 
f 8082/8424 6534/6232 8084/8426 
f 8082/8424 8084/8426 6490/6186 
f 8082/8424 6490/6186 6489/6185 
f 8082/8424 6489/6185 8083/8425 
f 8083/8425 8000/8427 6439/8428 
f 8083/8425 6439/8428 8085/8429 
f 8083/8425 8085/8429 6536/6234 
f 8083/8425 6489/6185 8086/8430 
f 8083/8425 8086/8430 6389/8431 
f 8083/8425 6389/8431 8000/8427 
f 8087/6184 6390/8432 6389/8431 
f 8087/6184 6389/8431 8086/8430 
f 8087/6184 8086/8430 6489/6185 
f 8087/6184 7853/6190 6391/8031 
f 8087/6184 6391/8031 6390/8432 
f 8088/8433 8089/8434 6543/6241 
f 8088/8433 6543/6241 6542/6240 
f 8088/8433 6542/6240 6541/6239 
f 8088/8433 6541/6239 8090/8435 
f 8088/8433 8090/8435 6496/6192 
f 8088/8433 6496/6192 6494/6191 
f 8088/8433 6494/6191 6495/8436 
f 8088/8433 6495/8436 8089/8434 
f 8089/8434 8007/8437 5924/8438 
f 8089/8434 5924/8438 8091/8439 
f 8089/8434 8091/8439 6543/6241 
f 8089/8434 6495/8436 8092/8440 
f 8089/8434 8092/8440 6398/8441 
f 8089/8434 6398/8441 8007/8437 
f 8093/8442 6399/8443 6398/8441 
f 8093/8442 6398/8441 8092/8440 
f 8093/8442 8092/8440 6495/8436 
f 8093/8442 6495/8436 6494/6191 
f 8093/8442 6494/6191 6499/6195 
f 8093/8442 6499/6195 8050/8369 
f 8093/8442 8050/8369 6400/8368 
f 8093/8442 6400/8368 6399/8443 
f 8094/8444 6550/6248 6549/6247 
f 8094/8444 6549/6247 8095/8445 
f 8094/8444 8095/8445 6503/6199 
f 8094/8444 6503/6199 6502/6198 
f 8096/8446 8011/8447 6212/8448 
f 8096/8446 6212/8448 8097/8449 
f 8096/8446 8097/8449 6550/6248 
f 8096/8446 6550/6248 8094/8444 
f 8096/8446 8094/8444 6502/6198 
f 8096/8446 6502/6198 8098/8450 
f 8096/8446 8098/8450 6407/8451 
f 8096/8446 6407/8451 8011/8447 
f 8099/8452 6408/8453 6407/8451 
f 8099/8452 6407/8451 8098/8450 
f 8099/8452 8098/8450 6502/6198 
f 8099/8452 6502/6198 6501/6197 
f 8099/8452 6501/6197 6507/6203 
f 8099/8452 6507/6203 8057/8381 
f 8099/8452 8057/8381 6409/8380 
f 8099/8452 6409/8380 6408/8453 
f 8100/8454 8101/8455 6557/6255 
f 8100/8454 6557/6255 6556/6254 
f 8100/8454 6556/6254 6555/6253 
f 8100/8454 6555/6253 8102/8456 
f 8100/8454 8102/8456 6510/6207 
f 8100/8454 6510/6207 6509/6206 
f 8100/8454 6509/6206 8101/8455 
f 8101/8455 8016/8457 6218/8458 
f 8101/8455 6218/8458 8103/8459 
f 8101/8455 8103/8459 6557/6255 
f 8101/8455 6509/6206 8104/8460 
f 8101/8455 8104/8460 6415/8461 
f 8101/8455 6415/8461 8016/8457 
f 8105/6205 6416/8462 6415/8461 
f 8105/6205 6415/8461 8104/8460 
f 8105/6205 8104/8460 6509/6206 
f 8105/6205 8063/6211 6417/8391 
f 8105/6205 6417/8391 6416/8462 
f 8106/8463 8107/8464 6563/6261 
f 8106/8463 6563/6261 6562/6260 
f 8106/8463 6562/6260 8108/8465 
f 8106/8463 8108/8465 6518/6216 
f 8106/8463 6518/6216 6517/6215 
f 8106/8463 6517/6215 6516/6214 
f 8106/8463 6516/6214 8107/8464 
f 8109/8466 8022/8467 6225/8468 
f 8109/8466 6225/8468 8110/8469 
f 8109/8466 8110/8469 6563/6261 
f 8109/8466 6563/6261 8107/8464 
f 8109/8466 8107/8464 6516/6214 
f 8109/8466 6516/6214 8111/8470 
f 8109/8466 8111/8470 6423/8471 
f 8109/8466 6423/8471 8022/8467 
f 8112/8472 6424/8473 6423/8471 
f 8112/8472 6423/8471 8111/8470 
f 8112/8472 8111/8470 6516/6214 
f 8112/8472 6516/6214 6515/6213 
f 8112/8472 6515/6213 6522/6220 
f 8112/8472 6522/6220 8071/8405 
f 8112/8472 8071/8405 6425/8404 
f 8112/8472 6425/8404 6424/8473 
f 8113/8474 6571/6270 6570/6269 
f 8113/8474 6570/6269 6569/6268 
f 8113/8474 6569/6268 8114/8475 
f 8113/8474 8114/8475 6526/6224 
f 8113/8474 6526/6224 6525/6223 
f 8113/8474 6525/6223 6524/6222 
f 8115/8476 8027/8477 6232/8478 
f 8115/8476 6232/8478 8116/8479 
f 8115/8476 8116/8479 6571/6270 
f 8115/8476 6571/6270 8113/8474 
f 8115/8476 8113/8474 6524/6222 
f 8115/8476 6524/6222 8117/8480 
f 8115/8476 8117/8480 6430/8481 
f 8115/8476 6430/8481 8027/8477 
f 8118/8482 6431/8483 6430/8481 
f 8118/8482 6430/8481 8117/8480 
f 8118/8482 8117/8480 6524/6222 
f 8118/8482 6524/6222 6523/6221 
f 8118/8482 6523/6221 6529/6227 
f 8118/8482 6529/6227 8078/8417 
f 8118/8482 8078/8417 6432/8416 
f 8118/8482 6432/8416 6431/8483 
f 8119/8484 8121/8485 6578/6277 
f 8119/8484 6578/6277 6577/6276 
f 8119/8484 6577/6276 8120/8486 
f 8119/8484 8120/8486 6532/6230 
f 8119/8484 6532/6230 6531/6229 
f 8119/8484 6531/6229 8121/8485 
f 8121/8485 8031/8487 6239/8488 
f 8121/8485 6239/8488 8122/8489 
f 8121/8485 8122/8489 6578/6277 
f 8121/8485 6531/6229 8123/8490 
f 8121/8485 8123/8490 6437/8491 
f 8121/8485 6437/8491 8031/8487 
f 8124/8492 6438/8493 6437/8491 
f 8124/8492 6437/8491 8123/8490 
f 8124/8492 8123/8490 6531/6229 
f 8124/8492 6531/6229 6530/6228 
f 8124/8492 6530/6228 6536/6234 
f 8124/8492 6536/6234 8085/8429 
f 8124/8492 8085/8429 6439/8428 
f 8124/8492 6439/8428 6438/8493 
f 8125/8494 6585/6284 6584/6283 
f 8125/8494 6584/6283 6583/6282 
f 8125/8494 6583/6282 8126/8495 
f 8125/8494 8126/8495 6539/6237 
f 8125/8494 6539/6237 6538/6236 
f 8127/8496 7642/8497 6246/8498 
f 8127/8496 6246/8498 8128/8499 
f 8127/8496 8128/8499 6585/6284 
f 8127/8496 6585/6284 8125/8494 
f 8127/8496 8125/8494 6538/6236 
f 8127/8496 6538/6236 8129/8500 
f 8127/8496 8129/8500 5922/8501 
f 8127/8496 5922/8501 7642/8497 
f 8129/8500 5923/8502 5922/8501 
f 8129/8500 6538/6236 6537/6235 
f 8129/8500 6537/6235 6543/6241 
f 8129/8500 6543/6241 8091/8439 
f 8129/8500 8091/8439 5924/8438 
f 8129/8500 5924/8438 5923/8502 
f 8130/8503 8132/8504 6593/6292 
f 8130/8503 6593/6292 6592/6291 
f 8130/8503 6592/6291 6591/6290 
f 8130/8503 6591/6290 8131/8505 
f 8130/8503 8131/8505 6547/6245 
f 8130/8503 6547/6245 6546/6244 
f 8130/8503 6546/6244 8132/8504 
f 8132/8504 7859/8506 6254/8507 
f 8132/8504 6254/8507 8133/8508 
f 8132/8504 8133/8508 6593/6292 
f 8132/8504 6546/6244 8134/8509 
f 8132/8504 8134/8509 6210/8510 
f 8132/8504 6210/8510 7859/8506 
f 8135/8511 6211/8512 6210/8510 
f 8135/8511 6210/8510 8134/8509 
f 8135/8511 8134/8509 6546/6244 
f 8135/8511 6546/6244 6545/6243 
f 8135/8511 6545/6243 6550/6248 
f 8135/8511 6550/6248 8097/8449 
f 8135/8511 8097/8449 6212/8448 
f 8135/8511 6212/8448 6211/8512 
f 8136/8513 8137/8514 6600/6299 
f 8136/8513 6600/6299 6599/6298 
f 8136/8513 6599/6298 8138/8515 
f 8136/8513 8138/8515 6553/6251 
f 8136/8513 6553/6251 6552/6250 
f 8136/8513 6552/6250 8137/8514 
f 8139/8516 7864/8517 6261/8518 
f 8139/8516 6261/8518 8140/8519 
f 8139/8516 8140/8519 6600/6299 
f 8139/8516 6600/6299 8137/8514 
f 8139/8516 8137/8514 6552/6250 
f 8139/8516 6552/6250 8141/8520 
f 8139/8516 8141/8520 6216/8521 
f 8139/8516 6216/8521 7864/8517 
f 8142/8522 6217/8523 6216/8521 
f 8142/8522 6216/8521 8141/8520 
f 8142/8522 8141/8520 6552/6250 
f 8142/8522 6552/6250 6551/6249 
f 8142/8522 6551/6249 6557/6255 
f 8142/8522 6557/6255 8103/8459 
f 8142/8522 8103/8459 6218/8458 
f 8142/8522 6218/8458 6217/8523 
f 8143/8524 8145/8525 6608/6307 
f 8143/8524 6608/6307 6607/6306 
f 8143/8524 6607/6306 6606/6305 
f 8143/8524 6606/6305 8144/8526 
f 8143/8524 8144/8526 6560/6258 
f 8143/8524 6560/6258 6559/6257 
f 8143/8524 6559/6257 8145/8525 
f 8145/8525 7871/8527 6268/8528 
f 8145/8525 6268/8528 8146/8529 
f 8145/8525 8146/8529 6608/6307 
f 8145/8525 6223/8530 7871/8527 
f 8147/8531 6224/8532 6223/8530 
f 8147/8531 6223/8530 8145/8525 
f 8147/8531 8145/8525 6559/6257 
f 8147/8531 6559/6257 6558/6256 
f 8147/8531 6558/6256 6563/6261 
f 8147/8531 6563/6261 8110/8469 
f 8147/8531 8110/8469 6225/8468 
f 8147/8531 6225/8468 6224/8532 
f 8148/8533 8149/8534 6614/6313 
f 8148/8533 6614/6313 6613/6312 
f 8148/8533 6613/6312 8150/8535 
f 8148/8533 8150/8535 6567/6266 
f 8148/8533 6567/6266 6566/6265 
f 8148/8533 6566/6265 6565/6264 
f 8148/8533 6565/6264 8149/8534 
f 8151/8536 7876/8537 6276/8538 
f 8151/8536 6276/8538 8152/8539 
f 8151/8536 8152/8539 6614/6313 
f 8151/8536 6614/6313 8149/8534 
f 8151/8536 8149/8534 6565/6264 
f 8151/8536 6565/6264 8153/8540 
f 8151/8536 8153/8540 6230/8541 
f 8151/8536 6230/8541 7876/8537 
f 8154/6263 6231/8542 6230/8541 
f 8154/6263 6230/8541 8153/8540 
f 8154/6263 8153/8540 6565/6264 
f 8154/6263 6571/6270 8116/8479 
f 8154/6263 8116/8479 6232/8478 
f 8154/6263 6232/8478 6231/8542 
f 8155/8543 8156/8544 6623/6322 
f 8155/8543 6623/6322 6622/6321 
f 8155/8543 6622/6321 6621/6320 
f 8155/8543 6621/6320 8035/8545 
f 8155/8543 8035/8545 6575/6274 
f 8155/8543 6575/6274 6574/6273 
f 8155/8543 6574/6273 6573/6272 
f 8155/8543 6573/6272 8156/8544 
f 8156/8544 7883/8546 6284/8547 
f 8156/8544 6284/8547 8157/8548 
f 8156/8544 8157/8548 6623/6322 
f 8156/8544 6573/6272 8158/8549 
f 8156/8544 8158/8549 6237/8550 
f 8156/8544 6237/8550 7883/8546 
f 8159/8551 6238/8552 6237/8550 
f 8159/8551 6237/8550 8158/8549 
f 8159/8551 8158/8549 6573/6272 
f 8159/8551 6573/6272 6572/6271 
f 8159/8551 6572/6271 6578/6277 
f 8159/8551 6578/6277 8122/8489 
f 8159/8551 8122/8489 6239/8488 
f 8159/8551 6239/8488 6238/8552 
f 8160/8553 8161/8554 6630/6329 
f 8160/8553 6630/6329 6629/6328 
f 8160/8553 6629/6328 6628/6327 
f 8160/8553 6628/6327 8162/8555 
f 8160/8553 8162/8555 6581/6280 
f 8160/8553 6581/6280 6580/6279 
f 8160/8553 6580/6279 8161/8554 
f 8163/8556 7891/8557 6292/8558 
f 8163/8556 6292/8558 8164/8559 
f 8163/8556 8164/8559 6630/6329 
f 8163/8556 6630/6329 8161/8554 
f 8163/8556 8161/8554 6580/6279 
f 8163/8556 6580/6279 8165/8560 
f 8163/8556 8165/8560 6244/8561 
f 8163/8556 6244/8561 7891/8557 
f 8166/8562 6245/8563 6244/8561 
f 8166/8562 6244/8561 8165/8560 
f 8166/8562 8165/8560 6580/6279 
f 8166/8562 6580/6279 6579/6278 
f 8166/8562 6579/6278 6585/6284 
f 8166/8562 6585/6284 8128/8499 
f 8166/8562 8128/8499 6246/8498 
f 8166/8562 6246/8498 6245/8563 
f 8167/8564 6637/6336 6636/6335 
f 8167/8564 6636/6335 6635/6334 
f 8167/8564 6635/6334 8168/8565 
f 8167/8564 8168/8565 6589/6288 
f 8167/8564 6589/6288 6588/6287 
f 8169/8566 7893/8567 6300/8568 
f 8169/8566 6300/8568 8170/8569 
f 8169/8566 8170/8569 6637/6336 
f 8169/8566 6637/6336 8167/8564 
f 8169/8566 8167/8564 6588/6287 
f 8169/8566 6588/6287 8171/8570 
f 8169/8566 8171/8570 6252/8571 
f 8169/8566 6252/8571 7893/8567 
f 8172/8572 6253/8573 6252/8571 
f 8172/8572 6252/8571 8171/8570 
f 8172/8572 8171/8570 6588/6287 
f 8172/8572 6588/6287 6587/6286 
f 8172/8572 6587/6286 6593/6292 
f 8172/8572 6593/6292 8133/8508 
f 8172/8572 8133/8508 6254/8507 
f 8172/8572 6254/8507 6253/8573 
f 8173/8574 8174/8575 6646/6345 
f 8173/8574 6646/6345 6645/6344 
f 8173/8574 6645/6344 6644/6343 
f 8173/8574 6644/6343 8175/8576 
f 8173/8574 8175/8576 6597/6296 
f 8173/8574 6597/6296 6596/6295 
f 8173/8574 6596/6295 6595/6294 
f 8173/8574 6595/6294 8174/8575 
f 8174/8575 7900/8577 6308/8578 
f 8174/8575 6308/8578 8176/8579 
f 8174/8575 8176/8579 6646/6345 
f 8174/8575 6595/6294 8177/8580 
f 8174/8575 8177/8580 6259/8581 
f 8174/8575 6259/8581 7900/8577 
f 8178/8582 6260/8583 6259/8581 
f 8178/8582 6259/8581 8177/8580 
f 8178/8582 8177/8580 6595/6294 
f 8178/8582 6595/6294 6594/6293 
f 8178/8582 6594/6293 6600/6299 
f 8178/8582 6600/6299 8140/8519 
f 8178/8582 8140/8519 6261/8518 
f 8178/8582 6261/8518 6260/8583 
f 8179/8584 8182/6353 6652/6352 
f 8179/8584 6652/6352 6651/6351 
f 8179/8584 6651/6351 8180/8585 
f 8179/8584 8180/8585 6604/6303 
f 8179/8584 6604/6303 6603/6302 
f 8179/8584 6603/6302 8182/6353 
f 8181/8586 7906/8587 6315/8588 
f 8181/8586 6315/8588 8182/6353 
f 8181/8586 8182/6353 6603/6302 
f 8181/8586 6603/6302 8183/8589 
f 8181/8586 8183/8589 6266/8590 
f 8181/8586 6266/8590 7906/8587 
f 8184/8591 6267/8592 6266/8590 
f 8184/8591 6266/8590 8183/8589 
f 8184/8591 8183/8589 6603/6302 
f 8184/8591 6603/6302 6602/6301 
f 8184/8591 6602/6301 6608/6307 
f 8184/8591 6608/6307 8146/8529 
f 8184/8591 8146/8529 6268/8528 
f 8184/8591 6268/8528 6267/8592 
f 8185/8593 8186/8594 6659/6360 
f 8185/8593 6659/6360 6658/6359 
f 8185/8593 6658/6359 6657/6358 
f 8185/8593 6657/6358 8187/8595 
f 8185/8593 8187/8595 6611/6310 
f 8185/8593 6611/6310 6610/6309 
f 8185/8593 6610/6309 8186/8594 
f 8186/8594 7913/8596 6323/8597 
f 8186/8594 6323/8597 8188/8598 
f 8186/8594 8188/8598 6659/6360 
f 8186/8594 6610/6309 8189/8599 
f 8186/8594 8189/8599 6274/8600 
f 8186/8594 6274/8600 7913/8596 
f 8190/8601 6275/8602 6274/8600 
f 8190/8601 6274/8600 8189/8599 
f 8190/8601 8189/8599 6610/6309 
f 8190/8601 6610/6309 6609/6308 
f 8190/8601 6609/6308 6614/6313 
f 8190/8601 6614/6313 8152/8539 
f 8190/8601 8152/8539 6276/8538 
f 8190/8601 6276/8538 6275/8602 
f 8191/8603 8192/8604 6665/6366 
f 8191/8603 6665/6366 6664/6365 
f 8191/8603 6664/6365 8193/8605 
f 8191/8603 8193/8605 6619/6318 
f 8191/8603 6619/6318 6618/6317 
f 8191/8603 6618/6317 6617/6316 
f 8191/8603 6617/6316 8192/8604 
f 8194/8606 7920/8607 6329/8608 
f 8194/8606 6329/8608 8195/8609 
f 8194/8606 8195/8609 6665/6366 
f 8194/8606 6665/6366 8192/8604 
f 8194/8606 8192/8604 6617/6316 
f 8194/8606 6617/6316 8196/8610 
f 8194/8606 8196/8610 6282/8611 
f 8194/8606 6282/8611 7920/8607 
f 8197/8612 6283/8613 6282/8611 
f 8197/8612 6282/8611 8196/8610 
f 8197/8612 8196/8610 6617/6316 
f 8197/8612 6617/6316 6616/6315 
f 8197/8612 6616/6315 6623/6322 
f 8197/8612 6623/6322 8157/8548 
f 8197/8612 8157/8548 6284/8547 
f 8197/8612 6284/8547 6283/8613 
f 8198/8614 8045/6146 6450/6145 
f 8198/8614 6450/6145 6449/6144 
f 8198/8614 6449/6144 8199/8615 
f 8198/8614 8199/8615 6626/6325 
f 8198/8614 6626/6325 6625/6324 
f 8198/8614 6625/6324 8045/6146 
f 8200/8616 7926/8617 6343/8362 
f 8200/8616 6343/8362 8045/6146 
f 8200/8616 8045/6146 6625/6324 
f 8200/8616 6625/6324 8201/8618 
f 8200/8616 8201/8618 6290/8619 
f 8200/8616 6290/8619 7926/8617 
f 8202/8620 6291/8621 6290/8619 
f 8202/8620 6290/8619 8201/8618 
f 8202/8620 8201/8618 6625/6324 
f 8202/8620 6625/6324 6624/6323 
f 8202/8620 6624/6323 6630/6329 
f 8202/8620 6630/6329 8164/8559 
f 8202/8620 8164/8559 6292/8558 
f 8202/8620 6292/8558 6291/8621 
f 8203/8622 8204/8623 6458/6154 
f 8203/8622 6458/6154 6457/6153 
f 8203/8622 6457/6153 6456/6152 
f 8203/8622 6456/6152 8205/8624 
f 8203/8622 8205/8624 6633/6332 
f 8203/8622 6633/6332 6632/6331 
f 8203/8622 6632/6331 8204/8623 
f 8204/8623 7932/8625 6352/8375 
f 8204/8623 6352/8375 8053/8374 
f 8204/8623 8053/8374 6458/6154 
f 8204/8623 6632/6331 8206/8626 
f 8204/8623 8206/8626 6298/8627 
f 8204/8623 6298/8627 7932/8625 
f 8207/8628 6299/8629 6298/8627 
f 8207/8628 6298/8627 8206/8626 
f 8207/8628 8206/8626 6632/6331 
f 8207/8628 6632/6331 6631/6330 
f 8207/8628 6631/6330 6637/6336 
f 8207/8628 6637/6336 8170/8569 
f 8207/8628 8170/8569 6300/8568 
f 8207/8628 6300/8568 6299/8629 
f 8208/8630 6465/6161 6464/6160 
f 8208/8630 6464/6160 6463/6159 
f 8208/8630 6463/6159 8209/8631 
f 8208/8630 8209/8631 6642/6341 
f 8208/8630 6642/6341 6641/6340 
f 8208/8630 6641/6340 6640/6339 
f 8210/8632 7937/8633 6360/8386 
f 8210/8632 6360/8386 8059/8385 
f 8210/8632 8059/8385 6465/6161 
f 8210/8632 6465/6161 8208/8630 
f 8210/8632 8208/8630 6640/6339 
f 8210/8632 6640/6339 8211/8634 
f 8210/8632 8211/8634 6306/8635 
f 8210/8632 6306/8635 7937/8633 
f 8212/8636 6307/8637 6306/8635 
f 8212/8636 6306/8635 8211/8634 
f 8212/8636 8211/8634 6640/6339 
f 8212/8636 6640/6339 6639/6338 
f 8212/8636 6639/6338 6646/6345 
f 8212/8636 6646/6345 8176/8579 
f 8212/8636 8176/8579 6308/8578 
f 8212/8636 6308/8578 6307/8637 
f 8213/8638 8214/8639 6473/6169 
f 8213/8638 6473/6169 6472/6168 
f 8213/8638 6472/6168 6471/6167 
f 8213/8638 6471/6167 8215/8640 
f 8213/8638 8215/8640 6649/6349 
f 8213/8638 6649/6349 6648/6348 
f 8213/8638 6648/6348 8214/8639 
f 8216/8641 7944/8642 6366/8397 
f 8216/8641 6366/8397 8066/8396 
f 8216/8641 8066/8396 6473/6169 
f 8216/8641 6473/6169 8214/8639 
f 8216/8641 8214/8639 6648/6348 
f 8216/8641 6648/6348 8217/8643 
f 8216/8641 8217/8643 6313/8644 
f 8216/8641 6313/8644 7944/8642 
f 8218/6347 6314/8645 6313/8644 
f 8218/6347 6313/8644 8217/8643 
f 8218/6347 8217/8643 6648/6348 
f 8218/6347 8182/6353 6315/8588 
f 8218/6347 6315/8588 6314/8645 
f 8219/8646 8221/8647 6479/6174 
f 8219/8646 6479/6174 6478/6173 
f 8219/8646 6478/6173 8220/8648 
f 8219/8646 8220/8648 6655/6356 
f 8219/8646 6655/6356 6654/6355 
f 8219/8646 6654/6355 8221/8647 
f 8221/8647 7949/8649 6375/8411 
f 8221/8647 6375/8411 8074/8410 
f 8221/8647 8074/8410 6479/6174 
f 8221/8647 6654/6355 8222/8650 
f 8221/8647 8222/8650 6321/8651 
f 8221/8647 6321/8651 7949/8649 
f 8223/8652 6322/8653 6321/8651 
f 8223/8652 6321/8651 8222/8650 
f 8223/8652 8222/8650 6654/6355 
f 8223/8652 6654/6355 6653/6354 
f 8223/8652 6653/6354 6659/6360 
f 8223/8652 6659/6360 8188/8598 
f 8223/8652 8188/8598 6323/8597 
f 8223/8652 6323/8597 6322/8653 
f 8224/8654 8226/8655 6487/6182 
f 8224/8654 6487/6182 6486/6181 
f 8224/8654 6486/6181 6485/6180 
f 8224/8654 6485/6180 8225/8656 
f 8224/8654 8225/8656 6662/6363 
f 8224/8654 6662/6363 6661/6362 
f 8224/8654 6661/6362 8226/8655 
f 8226/8655 7955/8657 6383/8423 
f 8226/8655 6383/8423 8081/8422 
f 8226/8655 8081/8422 6487/6182 
f 8226/8655 6661/6362 8227/8658 
f 8226/8655 8227/8658 6327/8659 
f 8226/8655 6327/8659 7955/8657 
f 8228/8660 6328/8661 6327/8659 
f 8228/8660 6327/8659 8227/8658 
f 8228/8660 8227/8658 6661/6362 
f 8228/8660 6661/6362 6660/6361 
f 8228/8660 6660/6361 6665/6366 
f 8228/8660 6665/6366 8195/8609 
f 8228/8660 8195/8609 6329/8608 
f 8228/8660 6329/8608 6328/8661 
f 6667/6369 3097/4250 4733/4249 
f 6667/6369 4733/4249 3067/1868 
f 6667/6369 8162/8662 6628/8663 
f 6667/6369 6628/8663 8229/8664 
f 6667/6369 8229/8664 3097/4250 
f 6667/6369 6581/8665 8162/8662 
f 8230/6368 6582/8666 6581/8665 
f 8230/6368 6581/8665 6667/6369 
f 8230/6368 6669/6371 8231/8667 
f 8230/6368 8231/8667 6583/8668 
f 8230/6368 6583/8668 6582/8666 
f 4738/4259 8232/8669 3104/1908 
f 4738/4259 3074/1876 8235/6373 
f 4738/4259 8235/6373 8232/8669 
f 8233/8670 8168/8671 6635/8672 
f 8233/8670 6635/8672 8234/8673 
f 8233/8670 8234/8673 3104/1908 
f 8233/8670 3104/1908 8232/8669 
f 8233/8670 8232/8669 8235/6373 
f 8233/8670 8235/6373 6589/8674 
f 8233/8670 6589/8674 8168/8671 
f 8236/6372 6590/8675 6589/8674 
f 8236/6372 6589/8674 8235/6373 
f 8236/6372 6671/6375 8237/8676 
f 8236/6372 8237/8676 6591/8677 
f 8236/6372 6591/8677 6590/8675 
f 4742/4273 8238/8678 3107/4274 
f 4742/4273 3080/1878 8238/8678 
f 8238/8678 8175/8679 6644/8680 
f 8238/8678 6644/8680 8239/8681 
f 8238/8678 8239/8681 3107/4274 
f 8238/8678 3080/1878 8240/8682 
f 8238/8678 8240/8682 6597/8683 
f 8238/8678 6597/8683 8175/8679 
f 8241/8684 6598/8685 6597/8683 
f 8241/8684 6597/8683 8240/8682 
f 8241/8684 8240/8682 3080/1878 
f 8241/8684 3080/1878 6673/6377 
f 8241/8684 6673/6377 6675/6379 
f 8241/8684 6675/6379 8242/8686 
f 8241/8684 8242/8686 6599/8687 
f 8241/8684 6599/8687 6598/8685 
f 8243/8688 8244/6392 3112/1913 
f 8243/8688 3112/1913 4749/4279 
f 8243/8688 4749/4279 3084/1888 
f 8243/8688 8180/8689 6651/8690 
f 8243/8688 6651/8690 8244/6392 
f 8243/8688 3084/1888 8245/8691 
f 8243/8688 8245/8691 6604/8692 
f 8243/8688 6604/8692 8180/8689 
f 8246/8693 6605/8694 6604/8692 
f 8246/8693 6604/8692 8245/8691 
f 8246/8693 8245/8691 3084/1888 
f 8246/8693 3084/1888 6676/6380 
f 8246/8693 6676/6380 8247/6381 
f 8246/8693 8247/6381 6606/8695 
f 8246/8693 6606/8695 6605/8694 
f 4757/4291 3091/1895 6678/6384 
f 4757/4291 6678/6384 6677/6383 
f 8248/8696 8187/8697 6657/8698 
f 8248/8696 6657/8698 8249/8699 
f 8248/8696 8249/8699 3116/1917 
f 8248/8696 3116/1917 4757/4291 
f 8248/8696 4757/4291 6677/6383 
f 8248/8696 6677/6383 8250/8700 
f 8248/8696 8250/8700 6611/8701 
f 8248/8696 6611/8701 8187/8697 
f 8251/6382 6612/8702 6611/8701 
f 8251/6382 6611/8701 8250/8700 
f 8251/6382 8250/8700 6677/6383 
f 8251/6382 3089/1894 8252/8703 
f 8251/6382 8252/8703 6613/8704 
f 8251/6382 6613/8704 6612/8702 
f 4762/4301 6689/6398 3120/1921 
f 8253/8705 8193/8706 6664/8707 
f 8253/8705 6664/8707 8254/8708 
f 8253/8705 8254/8708 6689/6398 
f 8253/8705 6689/6398 4762/4301 
f 8253/8705 4762/4301 3095/1899 
f 8253/8705 3095/1899 8255/8709 
f 8253/8705 8255/8709 6619/8710 
f 8253/8705 6619/8710 8193/8706 
f 6679/6385 6620/8711 6619/8710 
f 6679/6385 6619/8710 8255/8709 
f 6679/6385 8255/8709 3095/1899 
f 6679/6385 3093/1897 8036/8712 
f 6679/6385 8036/8712 6621/8713 
f 6679/6385 6621/8713 6620/8711 
f 8256/8714 6694/6404 3130/1930 
f 8256/8714 3130/1930 4768/4313 
f 8256/8714 4768/4313 3099/1901 
f 8256/8714 3099/1901 6680/6386 
f 8257/8715 8199/8716 6449/8717 
f 8257/8715 6449/8717 8258/8718 
f 8257/8715 8258/8718 6694/6404 
f 8257/8715 6694/6404 8256/8714 
f 8257/8715 8256/8714 6680/6386 
f 8257/8715 6680/6386 8259/8719 
f 8257/8715 8259/8719 6626/8720 
f 8257/8715 6626/8720 8199/8716 
f 8260/8721 6627/8722 6626/8720 
f 8260/8721 6626/8720 8259/8719 
f 8260/8721 8259/8719 6680/6386 
f 8260/8721 6680/6386 3098/1900 
f 8260/8721 3098/1900 3097/4250 
f 8260/8721 3097/4250 8229/8664 
f 8260/8721 8229/8664 6628/8663 
f 8260/8721 6628/8663 6627/8722 
f 4775/4324 3106/1909 6682/6389 
f 4775/4324 6682/6389 6681/6388 
f 8261/8723 8205/8724 6456/8725 
f 8261/8723 6456/8725 8262/8726 
f 8261/8723 8262/8726 3134/1932 
f 8261/8723 3134/1932 4775/4324 
f 8261/8723 4775/4324 6681/6388 
f 8261/8723 6681/6388 8263/8727 
f 8261/8723 8263/8727 6633/8728 
f 8261/8723 6633/8728 8205/8724 
f 8264/6387 6634/8729 6633/8728 
f 8264/6387 6633/8728 8263/8727 
f 8264/6387 8263/8727 6681/6388 
f 8264/6387 3104/1908 8234/8673 
f 8264/6387 8234/8673 6635/8672 
f 8264/6387 6635/8672 6634/8729 
f 8265/8730 8266/8731 6697/6408 
f 8265/8730 6697/6408 6696/6407 
f 8265/8730 6696/6407 3138/1937 
f 8265/8730 3138/1937 4781/4335 
f 8265/8730 4781/4335 3109/4334 
f 8265/8730 3109/4334 8266/8731 
f 8267/8732 8209/8733 6463/8734 
f 8267/8732 6463/8734 8268/8735 
f 8267/8732 8268/8735 6697/6408 
f 8267/8732 6697/6408 8266/8731 
f 8267/8732 8266/8731 3109/4334 
f 8267/8732 3109/4334 8269/8736 
f 8267/8732 8269/8736 6642/8737 
f 8267/8732 6642/8737 8209/8733 
f 8270/8738 6643/8739 6642/8737 
f 8270/8738 6642/8737 8269/8736 
f 8270/8738 8269/8736 3109/4334 
f 8270/8738 3109/4334 3108/4346 
f 8270/8738 3108/4346 3107/4345 
f 8270/8738 3107/4345 8239/8740 
f 8270/8738 8239/8740 6644/8741 
f 8270/8738 6644/8741 6643/8739 
f 4785/4347 8271/8742 6700/6412 
f 4785/4347 6700/6412 6699/6411 
f 4785/4347 6699/6411 3144/1943 
f 4785/4347 3114/1911 8271/8742 
f 8272/8743 8215/8744 6471/8745 
f 8272/8743 6471/8745 8273/8746 
f 8272/8743 8273/8746 6700/6412 
f 8272/8743 6700/6412 8271/8742 
f 8272/8743 8271/8742 3114/1911 
f 8272/8743 3114/1911 8274/8747 
f 8272/8743 8274/8747 6649/8748 
f 8272/8743 6649/8748 8215/8744 
f 8275/8749 6650/8750 6649/8748 
f 8275/8749 6649/8748 8274/8747 
f 8275/8749 8274/8747 3114/1911 
f 8275/8749 3114/1911 6684/6391 
f 8275/8749 6684/6391 8244/6392 
f 8275/8749 8244/6392 6651/8690 
f 8275/8749 6651/8690 6650/8750 
f 4792/4358 6685/6393 6703/6416 
f 4792/4358 6703/6416 6702/6415 
f 4792/4358 6702/6415 3152/1951 
f 6685/6393 8220/8751 6478/8752 
f 6685/6393 6478/8752 8276/8753 
f 6685/6393 8276/8753 6703/6416 
f 6685/6393 6655/8754 8220/8751 
f 8277/8755 6656/8756 6655/8754 
f 8277/8755 6655/8754 6685/6393 
f 8277/8755 6685/6393 3117/1915 
f 8277/8755 3117/1915 3116/1917 
f 8277/8755 3116/1917 8249/8699 
f 8277/8755 8249/8699 6657/8698 
f 8277/8755 6657/8698 6656/8756 
f 8278/8757 3156/1955 4795/4367 
f 8278/8757 4795/4367 3122/4366 
f 8278/8757 3122/4366 6688/6397 
f 8278/8757 6688/6397 6687/6396 
f 8278/8757 8225/8758 6485/8759 
f 8278/8757 6485/8759 8279/8760 
f 8278/8757 8279/8760 3156/1955 
f 8278/8757 6662/8761 8225/8758 
f 8280/6395 6663/8762 6662/8761 
f 8280/6395 6662/8761 8278/8757 
f 8280/6395 8278/8757 6687/6396 
f 8280/6395 6689/6398 8254/8708 
f 8280/6395 8254/8708 6664/8707 
f 8280/6395 6664/8707 6663/8762 
f 4800/4375 8282/6422 6707/6421 
f 4800/4375 6707/6421 3164/1963 
f 8281/8763 7850/8764 6492/8765 
f 8281/8763 6492/8765 8282/6422 
f 8281/8763 8282/6422 4800/4375 
f 8281/8763 4800/4375 3128/1927 
f 8281/8763 3128/1927 8283/8766 
f 8281/8763 8283/8766 6201/8767 
f 8281/8763 6201/8767 7850/8764 
f 8284/6399 6202/8768 6201/8767 
f 8284/6399 6201/8767 8283/8766 
f 8284/6399 8283/8766 3128/1927 
f 8284/6399 6691/6401 8285/8769 
f 8284/6399 8285/8769 6203/8770 
f 8284/6399 6203/8770 6202/8768 
f 4805/4384 6691/6401 6690/6400 
f 4805/4384 6690/6400 3126/1925 
f 8286/8771 8041/8772 6203/8770 
f 8286/8771 6203/8770 8285/8769 
f 8286/8771 8285/8769 6691/6401 
f 8286/8771 6691/6401 4805/4384 
f 8286/8771 4805/4384 3132/4386 
f 8286/8771 3132/4386 8287/8773 
f 8286/8771 8287/8773 6447/8774 
f 8286/8771 6447/8774 8041/8772 
f 8288/8775 6448/8776 6447/8774 
f 8288/8775 6447/8774 8287/8773 
f 8288/8775 8287/8773 3132/4386 
f 8288/8775 3132/4386 6693/6403 
f 8288/8775 6693/6403 6694/6404 
f 8288/8775 6694/6404 8258/8718 
f 8288/8775 8258/8718 6449/8717 
f 8288/8775 6449/8717 6448/8776 
f 4810/4393 8289/8777 6710/8778 
f 4810/4393 6710/8778 3169/4396 
f 4810/4393 3135/1933 8289/8777 
f 8289/8777 8048/8779 6498/8780 
f 8289/8777 6498/8780 6710/8778 
f 8289/8777 3135/1933 8290/8781 
f 8289/8777 8290/8781 6454/8782 
f 8289/8777 6454/8782 8048/8779 
f 8291/8783 6455/8784 6454/8782 
f 8291/8783 6454/8782 8290/8781 
f 8291/8783 8290/8781 3135/1933 
f 8291/8783 3135/1933 3134/1932 
f 8291/8783 3134/1932 8262/8726 
f 8291/8783 8262/8726 6456/8725 
f 8291/8783 6456/8725 6455/8784 
f 8292/8785 8055/8786 6505/8787 
f 8292/8785 6505/8787 8293/8788 
f 8292/8785 8293/8788 3173/1973 
f 8292/8785 3173/1973 3140/1939 
f 8292/8785 6461/8789 8055/8786 
f 8294/6406 6462/8790 6461/8789 
f 8294/6406 6461/8789 8292/8785 
f 8294/6406 8292/8785 3140/1939 
f 8294/6406 6697/6408 8268/8735 
f 8294/6406 8268/8735 6463/8734 
f 8294/6406 6463/8734 6462/8790 
f 8295/8791 8296/8792 8298/6431 
f 8295/8791 8298/6431 6715/6430 
f 8295/8791 6715/6430 3181/1981 
f 8295/8791 3181/1981 4817/4410 
f 8295/8791 4817/4410 3146/1944 
f 8295/8791 3146/1944 6698/6410 
f 8295/8791 6698/6410 8296/8792 
f 8297/8793 8061/8794 6512/8795 
f 8297/8793 6512/8795 8298/6431 
f 8297/8793 8298/6431 8296/8792 
f 8297/8793 8296/8792 6698/6410 
f 8297/8793 6698/6410 8299/8796 
f 8297/8793 8299/8796 6469/8797 
f 8297/8793 6469/8797 8061/8794 
f 8300/6409 6470/8798 6469/8797 
f 8300/6409 6469/8797 8299/8796 
f 8300/6409 8299/8796 6698/6410 
f 8300/6409 6700/6412 8273/8746 
f 8300/6409 8273/8746 6471/8745 
f 8300/6409 6471/8745 6470/8798 
f 8301/8799 8302/8800 3186/4420 
f 8301/8799 3186/4420 4822/4419 
f 8301/8799 4822/4419 3154/1953 
f 8301/8799 3154/1953 6701/6414 
f 8301/8799 8069/8801 6520/8802 
f 8301/8799 6520/8802 8302/8800 
f 8301/8799 6701/6414 6476/8803 
f 8301/8799 6476/8803 8069/8801 
f 8303/6413 6477/8804 6476/8803 
f 8303/6413 6476/8803 6701/6414 
f 8303/6413 6703/6416 8276/8753 
f 8303/6413 8276/8753 6478/8752 
f 8303/6413 6478/8752 6477/8804 
f 8304/8805 3190/1991 4826/4428 
f 8304/8805 4826/4428 3158/1957 
f 8304/8805 8076/8806 6528/8807 
f 8304/8805 6528/8807 8305/8808 
f 8304/8805 8305/8808 3190/1991 
f 8304/8805 3158/1957 8306/8809 
f 8304/8805 8306/8809 6483/8810 
f 8304/8805 6483/8810 8076/8806 
f 8307/8811 6484/8812 6483/8810 
f 8307/8811 6483/8810 8306/8809 
f 8307/8811 8306/8809 3158/1957 
f 8307/8811 3158/1957 6704/6417 
f 8307/8811 6704/6417 3156/1955 
f 8307/8811 3156/1955 8279/8760 
f 8307/8811 8279/8760 6485/8759 
f 8307/8811 6485/8759 6484/8812 
f 8308/8813 8309/8814 8311/6438 
f 8308/8813 8311/6438 6720/6437 
f 8308/8813 6720/6437 3194/1998 
f 8308/8813 3194/1998 4831/4437 
f 8308/8813 4831/4437 3166/1965 
f 8308/8813 3166/1965 6706/6420 
f 8308/8813 6706/6420 6705/6419 
f 8308/8813 6705/6419 8309/8814 
f 8310/8815 8084/8816 6534/8817 
f 8310/8815 6534/8817 8311/6438 
f 8310/8815 8311/6438 8309/8814 
f 8310/8815 8309/8814 6705/6419 
f 8310/8815 6705/6419 8312/8818 
f 8310/8815 8312/8818 6490/8819 
f 8310/8815 6490/8819 8084/8816 
f 8313/6418 6491/8820 6490/8819 
f 8313/6418 6490/8819 8312/8818 
f 8313/6418 8312/8818 6705/6419 
f 8313/6418 8282/6422 6492/8765 
f 8313/6418 6492/8765 6491/8820 
f 8314/8821 8315/6443 6723/6442 
f 8314/8821 6723/6442 3201/2005 
f 8314/8821 3201/2005 4838/4447 
f 8314/8821 4838/4447 3171/1967 
f 8314/8821 8090/8822 6541/8823 
f 8314/8821 6541/8823 8315/6443 
f 8314/8821 3171/1967 8316/8824 
f 8314/8821 8316/8824 6496/8825 
f 8314/8821 6496/8825 8090/8822 
f 8317/8826 6497/8827 6496/8825 
f 8317/8826 6496/8825 8316/8824 
f 8317/8826 8316/8824 3171/1967 
f 8317/8826 3171/1967 6709/6424 
f 8317/8826 6709/6424 6710/6425 
f 8317/8826 6710/6425 6498/8828 
f 8317/8826 6498/8828 6497/8827 
f 8318/8829 3205/2009 4844/4456 
f 8318/8829 4844/4456 3175/1975 
f 8318/8829 8095/8830 6549/8831 
f 8318/8829 6549/8831 8319/8832 
f 8318/8829 8319/8832 3205/2009 
f 8318/8829 3175/1975 8320/8833 
f 8318/8829 8320/8833 6503/8834 
f 8318/8829 6503/8834 8095/8830 
f 8321/8835 6504/8836 6503/8834 
f 8321/8835 6503/8834 8320/8833 
f 8321/8835 8320/8833 3175/1975 
f 8321/8835 3175/1975 6711/6426 
f 8321/8835 6711/6426 3173/1973 
f 8321/8835 3173/1973 8293/8788 
f 8321/8835 8293/8788 6505/8787 
f 8321/8835 6505/8787 6504/8836 
f 8322/8837 8324/6446 3209/2015 
f 8322/8837 3209/2015 4850/4466 
f 8322/8837 4850/4466 3183/1983 
f 8322/8837 3183/1983 6714/6429 
f 8322/8837 6714/6429 6713/6428 
f 8323/8838 8102/8839 6555/8840 
f 8323/8838 6555/8840 8324/6446 
f 8323/8838 8324/6446 8322/8837 
f 8323/8838 8322/8837 6713/6428 
f 8323/8838 6713/6428 8325/8841 
f 8323/8838 8325/8841 6510/8842 
f 8323/8838 6510/8842 8102/8839 
f 8326/8843 6511/8844 6510/8842 
f 8326/8843 6510/8842 8325/8841 
f 8326/8843 8325/8841 6713/6428 
f 8326/8843 6713/6428 6712/6427 
f 8326/8843 6712/6427 8298/6431 
f 8326/8843 8298/6431 6512/8795 
f 8326/8843 6512/8795 6511/8844 
f 4855/4474 6730/6450 6729/6449 
f 4855/4474 6729/6449 3214/2019 
f 4855/4474 3188/1988 6717/6433 
f 8327/8845 8108/8846 6562/8847 
f 8327/8845 6562/8847 8328/8848 
f 8327/8845 8328/8848 6730/6450 
f 8327/8845 6730/6450 4855/4474 
f 8327/8845 4855/4474 6717/6433 
f 8327/8845 6717/6433 6518/8849 
f 8327/8845 6518/8849 8108/8846 
f 6716/6432 6519/8850 6518/8849 
f 6716/6432 6518/8849 6717/6433 
f 6716/6432 8302/6434 6520/8851 
f 6716/6432 6520/8851 6519/8850 
f 8329/8852 8330/8853 6732/6454 
f 8329/8852 6732/6454 6731/6453 
f 8329/8852 6731/6453 3221/2027 
f 8329/8852 3221/2027 4860/4484 
f 8329/8852 4860/4484 3192/1993 
f 8329/8852 3192/1993 6719/6436 
f 8329/8852 6719/6436 8330/8853 
f 8331/8854 8114/8855 6569/8856 
f 8331/8854 6569/8856 8332/8857 
f 8331/8854 8332/8857 6732/6454 
f 8331/8854 6732/6454 8330/8853 
f 8331/8854 8330/8853 6719/6436 
f 8331/8854 6719/6436 8333/8858 
f 8331/8854 8333/8858 6526/8859 
f 8331/8854 6526/8859 8114/8855 
f 8334/8860 6527/8861 6526/8859 
f 8334/8860 6526/8859 8333/8858 
f 8334/8860 8333/8858 6719/6436 
f 8334/8860 6719/6436 6718/6435 
f 8334/8860 6718/6435 3190/1991 
f 8334/8860 3190/1991 8305/8808 
f 8334/8860 8305/8808 6528/8807 
f 8334/8860 6528/8807 6527/8861 
f 8335/8862 6443/6138 2829/1617 
f 8335/8862 2829/1617 4865/4492 
f 8335/8862 4865/4492 3195/1995 
f 8335/8862 8120/8863 6577/8353 
f 8335/8862 6577/8353 8039/8352 
f 8335/8862 8039/8352 6443/6138 
f 8335/8862 6532/8864 8120/8863 
f 8336/8865 6533/8866 6532/8864 
f 8336/8865 6532/8864 8335/8862 
f 8336/8865 8335/8862 3195/1995 
f 8336/8865 3195/1995 8311/6438 
f 8336/8865 8311/6438 6534/8817 
f 8336/8865 6534/8817 6533/8866 
f 8337/8867 6669/6371 6668/6370 
f 8337/8867 6668/6370 3065/1866 
f 8337/8867 3065/1866 4869/4499 
f 8337/8867 4869/4499 3203/2007 
f 8337/8867 3203/2007 6722/6441 
f 8337/8867 6722/6441 6721/6440 
f 8337/8867 8126/8868 6583/8668 
f 8337/8867 6583/8668 8231/8667 
f 8337/8867 8231/8667 6669/6371 
f 8337/8867 6721/6440 8338/8869 
f 8337/8867 8338/8869 6539/8870 
f 8337/8867 6539/8870 8126/8868 
f 8339/6439 6540/8871 6539/8870 
f 8339/6439 6539/8870 8338/8869 
f 8339/6439 8338/8869 6721/6440 
f 8339/6439 8315/6443 6541/8823 
f 8339/6439 6541/8823 6540/8871 
f 8340/8872 8341/8873 6671/6375 
f 8340/8872 6671/6375 6670/6374 
f 8340/8872 6670/6374 3072/1874 
f 8340/8872 3072/1874 4874/4507 
f 8340/8872 4874/4507 3207/2011 
f 8340/8872 3207/2011 6725/6445 
f 8340/8872 6725/6445 8341/8873 
f 8342/8874 8131/8875 6591/8677 
f 8342/8874 6591/8677 8237/8676 
f 8342/8874 8237/8676 6671/6375 
f 8342/8874 6671/6375 8341/8873 
f 8342/8874 8341/8873 6725/6445 
f 8342/8874 6725/6445 8343/8876 
f 8342/8874 8343/8876 6547/8877 
f 8342/8874 6547/8877 8131/8875 
f 8344/8878 6548/8879 6547/8877 
f 8344/8878 6547/8877 8343/8876 
f 8344/8878 8343/8876 6725/6445 
f 8344/8878 6725/6445 6724/6444 
f 8344/8878 6724/6444 3205/2009 
f 8344/8878 3205/2009 8319/8832 
f 8344/8878 8319/8832 6549/8831 
f 8344/8878 6549/8831 6548/8879 
f 6726/8880 6675/6379 6674/6378 
f 6726/8880 6674/6378 3078/1882 
f 6726/8880 3078/1882 4878/4514 
f 6726/8880 4878/4514 3210/2013 
f 6726/8880 8138/8881 6599/8687 
f 6726/8880 6599/8687 8242/8686 
f 6726/8880 8242/8686 6675/6379 
f 6726/8880 6553/8882 8138/8881 
f 8345/8883 6554/8884 6553/8882 
f 8345/8883 6553/8882 6726/8880 
f 8345/8883 6726/8880 3210/2013 
f 8345/8883 3210/2013 8324/6446 
f 8345/8883 8324/6446 6555/8840 
f 8345/8883 6555/8840 6554/8884 
f 3216/2021 8247/6381 3082/1886 
f 8346/8885 8144/8886 6606/8695 
f 8346/8885 6606/8695 8247/6381 
f 8346/8885 8247/6381 3216/2021 
f 8346/8885 3216/2021 8347/8887 
f 8346/8885 8347/8887 6560/8888 
f 8346/8885 6560/8888 8144/8886 
f 8347/8887 6561/8889 6560/8888 
f 8347/8887 3216/2021 6728/6448 
f 8347/8887 6728/6448 6730/6450 
f 8347/8887 6730/6450 8328/8848 
f 8347/8887 8328/8848 6562/8847 
f 8347/8887 6562/8847 6561/8889 
f 4882/4524 8348/8890 3089/1894 
f 4882/4524 3223/2029 8350/6452 
f 4882/4524 8350/6452 8348/8890 
f 8349/8891 8150/8892 6613/8704 
f 8349/8891 6613/8704 8252/8703 
f 8349/8891 8252/8703 3089/1894 
f 8349/8891 3089/1894 8348/8890 
f 8349/8891 8348/8890 8350/6452 
f 8349/8891 8350/6452 6567/8893 
f 8349/8891 6567/8893 8150/8892 
f 8351/6451 6568/8894 6567/8893 
f 8351/6451 6567/8893 8350/6452 
f 8351/6451 6732/6454 8332/8857 
f 8351/6451 8332/8857 6569/8856 
f 8351/6451 6569/8856 6568/8894 


# Coordinates
v 0.000000 0.011630 1.719164
v 0.000000 -0.011630 1.719164
v 0.335392 -0.011630 1.686139
v 0.335392 0.011630 1.686139
v 0.657890 -0.011630 1.588301
v 0.657890 0.011630 1.588301
v 0.955116 -0.011630 1.429433
v 0.955116 0.011630 1.429433
v 1.215638 -0.011630 1.215638
v 1.215638 0.011630 1.215638
v 1.429433 -0.011630 0.955116
v 1.429433 0.011630 0.955116
v 1.588301 -0.011630 0.657890
v 1.588301 0.011630 0.657890
v 1.686139 -0.011630 0.335392
v 1.686139 0.011630 0.335392
v 1.719164 -0.011630 -0.000000
v 1.719164 0.011630 0.000000
v 1.686139 -0.011630 -0.335392
v 1.686139 0.011630 -0.335392
v 1.588301 -0.011630 -0.657890
v 1.588301 0.011630 -0.657890
v 1.429433 -0.011630 -0.955116
v 1.429433 0.011630 -0.955116
v 1.215638 -0.011630 -1.215638
v 1.215638 0.011630 -1.215638
v 0.955116 -0.011630 -1.429433
v 0.955116 0.011630 -1.429433
v 0.657890 -0.011630 -1.588301
v 0.657890 0.011630 -1.588301
v 0.335392 -0.011630 -1.686139
v 0.335392 0.011630 -1.686139
v 0.000000 -0.011630 -1.719164
v 0.000000 0.011630 -1.719164
v -0.335392 -0.011630 -1.686139
v -0.335392 0.011630 -1.686139
v -0.657890 -0.011630 -1.588301
v -0.657890 0.011630 -1.588301
v -0.955116 -0.011630 -1.429433
v -0.955116 0.011630 -1.429433
v -1.215638 -0.011630 -1.215638
v -1.215638 0.011630 -1.215638
v -1.429433 -0.011630 -0.955116
v -1.429433 0.011630 -0.955116
v -1.588301 -0.011630 -0.657890
v -1.588301 0.011630 -0.657890
v -1.686139 -0.011630 -0.335392
v -1.686139 0.011630 -0.335392
v -1.719164 -0.011630 -0.000000
v -1.719164 0.011630 0.000000
v -1.686139 -0.011630 0.335392
v -1.686139 0.011630 0.335392
v -1.588301 -0.011630 0.657890
v -1.588301 0.011630 0.657890
v -1.429433 -0.011630 0.955116
v -1.429433 0.011630 0.955116
v -1.215638 -0.011630 1.215638
v -1.215638 0.011630 1.215638
v -0.955116 -0.011630 1.429433
v -0.955116 0.011630 1.429433
v -0.657890 -0.011630 1.588301
v -0.657890 0.011630 1.588301
v -0.335392 -0.011630 1.686139
v -0.335392 0.011630 1.686139

# UV Coordinates
vt 0.264140 -0.544320
vt 0.264140 -0.471120
vt 0.272940 -0.399340
vt 0.290220 -0.331710
vt 0.315300 -0.270860
vt 0.347230 -0.219100
vt 0.384760 -0.178440
vt 0.426470 -0.150430
vt 0.470750 -0.136150
vt 0.515900 -0.136150
vt 0.560180 -0.150430
vt 0.601890 -0.178440
vt 0.639430 -0.219100
vt 0.671350 -0.270860
vt 0.696430 -0.331710
vt 0.713710 -0.399340
vt 0.722520 -0.471120
vt 0.722520 -0.544320
vt 0.713710 -0.616110
vt 0.696430 -0.683730
vt 0.671350 -0.744590
vt 0.639430 -0.796340
vt 0.601890 -0.837010
vt 0.560180 -0.865020
vt 0.515900 -0.879300
vt 0.470750 -0.879300
vt 0.426470 -0.865020
vt 0.384760 -0.837010
vt 0.347230 -0.796340
vt 0.315300 -0.744590
vt 0.290220 -0.683730
vt 0.272940 -0.616110
vt 0.315340 -0.749920
vt 0.290090 -0.688650
vt 0.272690 -0.620560
vt 0.263820 -0.548290
vt 0.263820 -0.474600
vt 0.272690 -0.402320
vt 0.290090 -0.334240
vt 0.315340 -0.272970
vt 0.347480 -0.220860
vt 0.385270 -0.179920
vt 0.427270 -0.151720
vt 0.471850 -0.137340
vt 0.517300 -0.137340
vt 0.561880 -0.151720
vt 0.603870 -0.179920
vt 0.641670 -0.220860
vt 0.673810 -0.272970
vt 0.699060 -0.334240
vt 0.716450 -0.402320
vt 0.725320 -0.474600
vt 0.725320 -0.548290
vt 0.716450 -0.620560
vt 0.699060 -0.688650
vt 0.673810 -0.749920
vt 0.641670 -0.802030
vt 0.603870 -0.842970
vt 0.561880 -0.871170
vt 0.517300 -0.885540
vt 0.471850 -0.885540
vt 0.427270 -0.871170
vt 0.385270 -0.842970
vt 0.347480 -0.802030
vt 0.273880 -0.523230
vt 0.273860 -0.508480
vt 0.274750 -0.508470
vt 0.274780 -0.523220
vt 0.275620 -0.508470
vt 0.275650 -0.523220
vt 0.276450 -0.508470
vt 0.276470 -0.523220
vt 0.277190 -0.508460
vt 0.277220 -0.523210
vt 0.277820 -0.508460
vt 0.277850 -0.523210
vt 0.283620 -0.523240
vt 0.283650 -0.537990
vt 0.282900 -0.537990
vt 0.282880 -0.523240
vt 0.282080 -0.538000
vt 0.282050 -0.523250
vt 0.281210 -0.538000
vt 0.281180 -0.523250
vt 0.280310 -0.538010
vt 0.280290 -0.523260
vt 0.279440 -0.538010
vt 0.279410 -0.523260
vt 0.278620 -0.538020
vt 0.278590 -0.523270
vt 0.277870 -0.538020
vt 0.277850 -0.523270
vt 0.277870 -0.523240
vt 0.277850 -0.508490
vt 0.278590 -0.508490
vt 0.278620 -0.523240
vt 0.279410 -0.508480
vt 0.279440 -0.523230
vt 0.280290 -0.508480
vt 0.280310 -0.523230
vt 0.281180 -0.508470
vt 0.281210 -0.523220
vt 0.282050 -0.508470
vt 0.282080 -0.523220
vt 0.282880 -0.508470
vt 0.282900 -0.523220
vt 0.283620 -0.508460
vt 0.283650 -0.523210
vt 0.284250 -0.508460
vt 0.284280 -0.523210
vt 0.270760 -0.508460
vt 0.270790 -0.523210
vt 0.270040 -0.523210
vt 0.270020 -0.508460
vt 0.269220 -0.523220
vt 0.269190 -0.508470
vt 0.268350 -0.523220
vt 0.268320 -0.508470
vt 0.267450 -0.523230
vt 0.267430 -0.508480
vt 0.266580 -0.523230
vt 0.266550 -0.508480
vt 0.265760 -0.523230
vt 0.265730 -0.508480
vt 0.265010 -0.523240
vt 0.264990 -0.508490
vt 0.264380 -0.523240
vt 0.264360 -0.508490
vt 0.270810 -0.523240
vt 0.270790 -0.508490
vt 0.271420 -0.508490
vt 0.271440 -0.523240
vt 0.272160 -0.508490
vt 0.272190 -0.523240
vt 0.273010 -0.523230
vt 0.272980 -0.508480

# Faces
g Cylinder.001_0
usemtl event_horizon
# MOO:NODEID:6047531370
f 8356/8895 8354/8896 8353/8897 
f 8353/8897 8414/8898 8412/8899 
f 8412/8899 8410/8900 8408/8901 
f 8408/8901 8406/8902 8404/8903 
f 8404/8903 8402/8904 8400/8905 
f 8400/8905 8398/8906 8396/8907 
f 8396/8907 8394/8908 8392/8909 
f 8392/8909 8390/8910 8388/8911 
f 8388/8911 8386/8912 8384/8913 
f 8384/8913 8382/8914 8380/8915 
f 8380/8915 8378/8916 8376/8917 
f 8376/8917 8374/8918 8372/8919 
f 8372/8919 8370/8920 8368/8921 
f 8368/8921 8366/8922 8364/8923 
f 8364/8923 8362/8924 8360/8925 
f 8360/8925 8358/8926 8356/8895 
f 8356/8895 8353/8897 8412/8899 
f 8412/8899 8408/8901 8404/8903 
f 8404/8903 8400/8905 8396/8907 
f 8396/8907 8392/8909 8388/8911 
f 8388/8911 8384/8913 8380/8915 
f 8380/8915 8376/8917 8372/8919 
f 8372/8919 8368/8921 8364/8923 
f 8364/8923 8360/8925 8356/8895 
f 8356/8895 8412/8899 8404/8903 
f 8404/8903 8396/8907 8388/8911 
f 8388/8911 8380/8915 8372/8919 
f 8372/8919 8364/8923 8356/8895 
f 8356/8895 8404/8903 8388/8911 
f 8388/8911 8372/8919 8356/8895 
f 8415/8927 8352/8928 8355/8929 
f 8355/8929 8357/8930 8359/8931 
f 8359/8931 8361/8932 8363/8933 
f 8363/8933 8365/8934 8367/8935 
f 8367/8935 8369/8936 8371/8937 
f 8371/8937 8373/8938 8375/8939 
f 8375/8939 8377/8940 8379/8941 
f 8379/8941 8381/8942 8383/8943 
f 8383/8943 8385/8944 8387/8945 
f 8387/8945 8389/8946 8391/8947 
f 8391/8947 8393/8948 8395/8949 
f 8395/8949 8397/8950 8399/8951 
f 8399/8951 8401/8952 8403/8953 
f 8403/8953 8405/8954 8407/8955 
f 8407/8955 8409/8956 8411/8957 
f 8411/8957 8413/8958 8415/8927 
f 8415/8927 8355/8929 8359/8931 
f 8359/8931 8363/8933 8367/8935 
f 8367/8935 8371/8937 8375/8939 
f 8375/8939 8379/8941 8383/8943 
f 8383/8943 8387/8945 8391/8947 
f 8391/8947 8395/8949 8399/8951 
f 8399/8951 8403/8953 8407/8955 
f 8407/8955 8411/8957 8415/8927 
f 8415/8927 8359/8931 8367/8935 
f 8367/8935 8375/8939 8383/8943 
f 8383/8943 8391/8947 8399/8951 
f 8399/8951 8407/8955 8415/8927 
f 8415/8927 8367/8935 8383/8943 
f 8383/8943 8399/8951 8415/8927 
f 8352/8959 8353/8960 8354/8961 
f 8352/8959 8354/8961 8355/8962 
f 8355/8962 8354/8961 8356/8963 
f 8355/8962 8356/8963 8357/8964 
f 8357/8964 8356/8963 8358/8965 
f 8357/8964 8358/8965 8359/8966 
f 8359/8966 8358/8965 8360/8967 
f 8359/8966 8360/8967 8361/8968 
f 8361/8968 8360/8967 8362/8969 
f 8361/8968 8362/8969 8363/8970 
f 8363/8971 8362/8972 8364/8973 
f 8363/8971 8364/8973 8365/8974 
f 8365/8974 8364/8973 8366/8975 
f 8365/8974 8366/8975 8367/8976 
f 8367/8976 8366/8975 8368/8977 
f 8367/8976 8368/8977 8369/8978 
f 8369/8978 8368/8977 8370/8979 
f 8369/8978 8370/8979 8371/8980 
f 8371/8980 8370/8979 8372/8981 
f 8371/8980 8372/8981 8373/8982 
f 8373/8982 8372/8981 8374/8983 
f 8373/8982 8374/8983 8375/8984 
f 8375/8984 8374/8983 8376/8985 
f 8375/8984 8376/8985 8377/8986 
f 8377/8987 8376/8988 8378/8989 
f 8377/8987 8378/8989 8379/8990 
f 8379/8990 8378/8989 8380/8991 
f 8379/8990 8380/8991 8381/8992 
f 8381/8992 8380/8991 8382/8993 
f 8381/8992 8382/8993 8383/8994 
f 8383/8994 8382/8993 8384/8995 
f 8383/8994 8384/8995 8385/8996 
f 8385/8996 8384/8995 8386/8997 
f 8385/8996 8386/8997 8387/8998 
f 8387/8998 8386/8997 8388/8999 
f 8387/8998 8388/8999 8389/9000 
f 8389/9000 8388/8999 8390/9001 
f 8389/9000 8390/9001 8391/9002 
f 8391/9002 8390/9001 8392/9003 
f 8391/9002 8392/9003 8393/9004 
f 8393/9005 8392/9006 8394/9007 
f 8393/9005 8394/9007 8395/9008 
f 8395/9008 8394/9007 8396/9009 
f 8395/9008 8396/9009 8397/9010 
f 8397/9010 8396/9009 8398/9011 
f 8397/9010 8398/9011 8399/9012 
f 8399/9012 8398/9011 8400/9013 
f 8399/9012 8400/9013 8401/9014 
f 8401/9014 8400/9013 8402/9015 
f 8401/9014 8402/9015 8403/9016 
f 8403/9016 8402/9015 8404/9017 
f 8403/9016 8404/9017 8405/9018 
f 8405/9018 8404/9017 8406/9019 
f 8405/9018 8406/9019 8407/9020 
f 8407/9020 8406/9019 8408/9021 
f 8407/9020 8408/9021 8409/9022 
f 8409/9023 8408/9024 8410/9025 
f 8409/9023 8410/9025 8411/9026 
f 8411/9026 8410/9025 8412/9027 
f 8411/9026 8412/9027 8413/9028 
f 8353/8960 8352/8959 8415/9029 
f 8353/8960 8415/9029 8414/9030 
f 8413/9028 8412/9027 8414/9030 
f 8413/9028 8414/9030 8415/9029 

