<?xml version="1.0" ?>
<COLLADA xmlns="http://www.collada.org/2005/11/COLLADASchema" version="1.4.1">
    <asset>
        <unit />
        <up_axis>Z_UP</up_axis>
    </asset>
    <library_materials>
        <material id="MAT" name="event_horizon">
            <instance_effect url="#MAT-fx" />
        </material>
        <material id="MAT0" name="gate">
            <instance_effect url="#MAT0-fx" />
        </material>
        <material id="MAT1" name="glow">
            <instance_effect url="#MAT1-fx" />
        </material>
        <material id="MAT2" name="gate_grey">
            <instance_effect url="#MAT2-fx" />
        </material>
    </library_materials>
    <library_effects>
        <effect id="MAT-fx" name="event_horizon">
            <profile_COMMON>
                <image id="IMAGE" height="0" width="0">
                    <init_from>/C:/Users/huydo/Downloads/___OPEN3D/Sketchfab/temp/77995/textures/event_horizon_baseColor.jpeg</init_from>
                </image>
                <technique sid="standard">
                    <phong>
                        <emission>
                            <color>0 0 0 1</color>
                        </emission>
                        <ambient>
                            <color>0.117647 0.117647 0.117647 1</color>
                        </ambient>
                        <diffuse>
                            <texture texture="IMAGE" texcoord="" />
                        </diffuse>
                        <specular>
                            <color>0.752941 0.752941 0.752941 1</color>
                        </specular>
                        <shininess>
                            <float>0.6</float>
                        </shininess>
                        <reflective>
                            <color>0 0 0 1</color>
                        </reflective>
                        <reflectivity>
                            <float>1</float>
                        </reflectivity>
                        <transparent>
                            <color>1 1 1 1</color>
                        </transparent>
                        <transparency>
                            <float>0</float>
                        </transparency>
                    </phong>
                </technique>
            </profile_COMMON>
        </effect>
        <effect id="MAT0-fx" name="gate">
            <profile_COMMON>
                <image id="IMAGE0" height="0" width="0">
                    <init_from>/C:/Users/huydo/Downloads/___OPEN3D/Sketchfab/temp/77995/textures/gate_baseColor.jpeg</init_from>
                </image>
                <technique sid="standard">
                    <phong>
                        <emission>
                            <color>0 0 0 1</color>
                        </emission>
                        <ambient>
                            <color>0.117647 0.117647 0.117647 1</color>
                        </ambient>
                        <diffuse>
                            <texture texture="IMAGE0" texcoord="" />
                        </diffuse>
                        <specular>
                            <color>0.752941 0.752941 0.752941 1</color>
                        </specular>
                        <shininess>
                            <float>0.6</float>
                        </shininess>
                        <reflective>
                            <color>0 0 0 1</color>
                        </reflective>
                        <reflectivity>
                            <float>1</float>
                        </reflectivity>
                        <transparent>
                            <color>1 1 1 1</color>
                        </transparent>
                        <transparency>
                            <float>0</float>
                        </transparency>
                    </phong>
                </technique>
            </profile_COMMON>
        </effect>
        <effect id="MAT1-fx" name="glow">
            <profile_COMMON>
                <technique sid="standard">
                    <phong>
                        <emission>
                            <color>0 0 0 1</color>
                        </emission>
                        <ambient>
                            <color>0.117647 0.117647 0.117647 1</color>
                        </ambient>
                        <diffuse>
                            <color>0.8 0.392157 0 1</color>
                        </diffuse>
                        <specular>
                            <color>0.752941 0.752941 0.752941 1</color>
                        </specular>
                        <shininess>
                            <float>0.6</float>
                        </shininess>
                        <reflective>
                            <color>0 0 0 1</color>
                        </reflective>
                        <reflectivity>
                            <float>1</float>
                        </reflectivity>
                        <transparent>
                            <color>1 1 1 1</color>
                        </transparent>
                        <transparency>
                            <float>0</float>
                        </transparency>
                    </phong>
                </technique>
            </profile_COMMON>
        </effect>
        <effect id="MAT2-fx" name="gate_grey">
            <profile_COMMON>
                <technique sid="standard">
                    <phong>
                        <emission>
                            <color>0 0 0 1</color>
                        </emission>
                        <ambient>
                            <color>0.117647 0.117647 0.117647 1</color>
                        </ambient>
                        <diffuse>
                            <color>0.203922 0.203922 0.203922 1</color>
                        </diffuse>
                        <specular>
                            <color>0.752941 0.752941 0.752941 1</color>
                        </specular>
                        <shininess>
                            <float>0.6</float>
                        </shininess>
                        <reflective>
                            <color>0 0 0 1</color>
                        </reflective>
                        <reflectivity>
                            <float>1</float>
                        </reflectivity>
                        <transparent>
                            <color>1 1 1 1</color>
                        </transparent>
                        <transparency>
                            <float>0</float>
                        </transparency>
                    </phong>
                </technique>
            </profile_COMMON>
        </effect>
    </library_effects>
    <library_geometries>
        <geometry id="NODE2-lib" name="NODE2Mesh">
            <mesh>
                <source id="NODE2-lib-positions">
                    <float_array id="NODE2-lib-positions-array" count="192">0 1 -1 0 1 1 0.19509 0.98079 1 0.19509 0.98079 -1 0.38268 0.92388 1 0.38268 0.92388 -1 0.55557 0.83147 1 0.55557 0.83147 -1 0.70711 0.70711 1 0.70711 0.70711 -1 0.83147 0.55557 1 0.83147 0.55557 -1 0.92388 0.38268 1 0.92388 0.38268 -1 0.98079 0.19509 1 0.98079 0.19509 -1 1 0 1 1 0 -1 0.98079 -0.19509 1 0.98079 -0.19509 -1 0.92388 -0.38268 1 0.92388 -0.38268 -1 0.83147 -0.55557 1 0.83147 -0.55557 -1 0.70711 -0.70711 1 0.70711 -0.70711 -1 0.55557 -0.83147 1 0.55557 -0.83147 -1 0.38268 -0.92388 1 0.38268 -0.92388 -1 0.19509 -0.98079 1 0.19509 -0.98079 -1 -0 -1 1 -0 -1 -1 -0.19509 -0.98079 1 -0.19509 -0.98079 -1 -0.38268 -0.92388 1 -0.38268 -0.92388 -1 -0.55557 -0.83147 1 -0.55557 -0.83147 -1 -0.70711 -0.70711 1 -0.70711 -0.70711 -1 -0.83147 -0.55557 1 -0.83147 -0.55557 -1 -0.92388 -0.38268 1 -0.92388 -0.38268 -1 -0.98079 -0.19509 1 -0.98079 -0.19509 -1 -1 0 1 -1 0 -1 -0.98079 0.19509 1 -0.98079 0.19509 -1 -0.92388 0.38268 1 -0.92388 0.38268 -1 -0.83147 0.55557 1 -0.83147 0.55557 -1 -0.70711 0.70711 1 -0.70711 0.70711 -1 -0.55557 0.83147 1 -0.55557 0.83147 -1 -0.38268 0.92388 1 -0.38268 0.92388 -1 -0.19509 0.98079 1 -0.19509 0.98079 -1</float_array>
                    <technique_common>
                        <accessor count="64" source="#NODE2-lib-positions-array" stride="3">
                            <param name="X" type="float" />
                            <param name="Y" type="float" />
                            <param name="Z" type="float" />
                        </accessor>
                    </technique_common>
                </source>
                <source id="NODE2-lib-uv">
                    <float_array id="NODE2-lib-uv-array" count="272">0.27388 0.47677 0.27386 0.49152 0.27475 0.49153 0.27478 0.47678 0.27562 0.49153 0.27565 0.47678 0.27645 0.49153 0.27647 0.47678 0.27719 0.49154 0.27722 0.47679 0.27782 0.49154 0.27785 0.47679 0.28362 0.47676 0.28365 0.46201 0.2829 0.46201 0.28288 0.47676 0.28208 0.462 0.28205 0.47675 0.28121 0.462 0.28118 0.47675 0.28031 0.46199 0.28029 0.47674 0.27944 0.46199 0.27941 0.47674 0.27862 0.46198 0.27859 0.47673 0.27787 0.46198 0.27785 0.47673 0.27787 0.47676 0.27785 0.49151 0.27859 0.49151 0.27862 0.47676 0.27941 0.49152 0.27944 0.47677 0.28029 0.49152 0.28031 0.47677 0.28118 0.49153 0.28121 0.47678 0.28205 0.49153 0.28208 0.47678 0.28288 0.49153 0.2829 0.47678 0.28362 0.49154 0.28365 0.47679 0.28425 0.49154 0.28428 0.47679 0.27076 0.49154 0.27079 0.47679 0.27004 0.47679 0.27002 0.49154 0.26922 0.47678 0.26919 0.49153 0.26835 0.47678 0.26832 0.49153 0.26745 0.47677 0.26743 0.49152 0.26658 0.47677 0.26655 0.49152 0.26576 0.47677 0.26573 0.49152 0.26501 0.47676 0.26499 0.49151 0.26438 0.47676 0.26436 0.49151 0.27081 0.47676 0.27079 0.49151 0.27142 0.49151 0.27144 0.47676 0.27216 0.49151 0.27219 0.47676 0.26414 0.45568 0.26414 0.52888 0.27294 0.60066 0.29022 0.66829 0.3153 0.72914 0.34723 0.7809 0.38476 0.82156 0.42647 0.84957 0.47075 0.86385 0.5159 0.86385 0.56018 0.84957 0.60189 0.82156 0.63943 0.7809 0.67135 0.72914 0.69643 0.66829 0.71371 0.60066 0.72252 0.52888 0.72252 0.45568 0.71371 0.38389 0.69643 0.31627 0.67135 0.25541 0.63943 0.20366 0.60189 0.16299 0.56018 0.13498 0.5159 0.1207 0.47075 0.1207 0.42647 0.13498 0.38476 0.16299 0.34723 0.20366 0.3153 0.25541 0.29022 0.31627 0.27294 0.38389 0.27301 0.47677 0.27298 0.49152 0.31534 0.25008 0.29009 0.31135 0.27269 0.37944 0.26382 0.45171 0.26382 0.5254 0.27269 0.59768 0.29009 0.66576 0.31534 0.72703 0.34748 0.77914 0.38527 0.82008 0.42727 0.84828 0.47185 0.86266 0.5173 0.86266 0.56188 0.84828 0.60387 0.82008 0.64167 0.77914 0.67381 0.72703 0.69906 0.66576 0.71645 0.59768 0.72532 0.5254 0.72532 0.45171 0.71645 0.37944 0.69906 0.31135 0.67381 0.25008 0.64167 0.19797 0.60387 0.15703 0.56188 0.12883 0.5173 0.11446 0.47185 0.11446 0.42727 0.12883 0.38527 0.15703 0.34748 0.19797</float_array>
                    <technique_common>
                        <accessor count="136" source="#NODE2-lib-uv-array" stride="2">
                            <param name="S" type="float" />
                            <param name="T" type="float" />
                        </accessor>
                    </technique_common>
                </source>
                <vertices id="NODE2-lib-vertices">
                    <input semantic="POSITION" source="#NODE2-lib-positions" />
                </vertices>
                <triangles count="124" material="MAT">
                    <input offset="0" semantic="VERTEX" source="#NODE2-lib-vertices" set="0" />
                    <input offset="1" semantic="TEXCOORD" source="#NODE2-lib-uv" set="0" />
                    <p>4 70 2 71 1 72 1 72 62 73 60 74 60 74 58 75 56 76 56 76 54 77 52 78 52 78 50 79 48 80 48 80 46 81 44 82 44 82 42 83 40 84 40 84 38 85 36 86 36 86 34 87 32 88 32 88 30 89 28 90 28 90 26 91 24 92 24 92 22 93 20 94 20 94 18 95 16 96 16 96 14 97 12 98 12 98 10 99 8 100 8 100 6 101 4 70 4 70 1 72 60 74 60 74 56 76 52 78 52 78 48 80 44 82 44 82 40 84 36 86 36 86 32 88 28 90 28 90 24 92 20 94 20 94 16 96 12 98 12 98 8 100 4 70 4 70 60 74 52 78 52 78 44 82 36 86 36 86 28 90 20 94 20 94 12 98 4 70 4 70 52 78 36 86 36 86 20 94 4 70 63 104 0 105 3 106 3 106 5 107 7 108 7 108 9 109 11 110 11 110 13 111 15 112 15 112 17 113 19 114 19 114 21 115 23 116 23 116 25 117 27 118 27 118 29 119 31 120 31 120 33 121 35 122 35 122 37 123 39 124 39 124 41 125 43 126 43 126 45 127 47 128 47 128 49 129 51 130 51 130 53 131 55 132 55 132 57 133 59 134 59 134 61 135 63 104 63 104 3 106 7 108 7 108 11 110 15 112 15 112 19 114 23 116 23 116 27 118 31 120 31 120 35 122 39 124 39 124 43 126 47 128 47 128 51 130 55 132 55 132 59 134 63 104 63 104 7 108 15 112 15 112 23 116 31 120 31 120 39 124 47 128 47 128 55 132 63 104 63 104 15 112 31 120 31 120 47 128 63 104 0 0 1 1 2 2 0 0 2 2 3 3 3 3 2 2 4 4 3 3 4 4 5 5 5 5 4 4 6 6 5 5 6 6 7 7 7 7 6 6 8 8 7 7 8 8 9 9 9 9 8 8 10 10 9 9 10 10 11 11 11 12 10 13 12 14 11 12 12 14 13 15 13 15 12 14 14 16 13 15 14 16 15 17 15 17 14 16 16 18 15 17 16 18 17 19 17 19 16 18 18 20 17 19 18 20 19 21 19 21 18 20 20 22 19 21 20 22 21 23 21 23 20 22 22 24 21 23 22 24 23 25 23 25 22 24 24 26 23 25 24 26 25 27 25 28 24 29 26 30 25 28 26 30 27 31 27 31 26 30 28 32 27 31 28 32 29 33 29 33 28 32 30 34 29 33 30 34 31 35 31 35 30 34 32 36 31 35 32 36 33 37 33 37 32 36 34 38 33 37 34 38 35 39 35 39 34 38 36 40 35 39 36 40 37 41 37 41 36 40 38 42 37 41 38 42 39 43 39 43 38 42 40 44 39 43 40 44 41 45 41 46 40 47 42 48 41 46 42 48 43 49 43 49 42 48 44 50 43 49 44 50 45 51 45 51 44 50 46 52 45 51 46 52 47 53 47 53 46 52 48 54 47 53 48 54 49 55 49 55 48 54 50 56 49 55 50 56 51 57 51 57 50 56 52 58 51 57 52 58 53 59 53 59 52 58 54 60 53 59 54 60 55 61 55 61 54 60 56 62 55 61 56 62 57 63 57 64 56 65 58 66 57 64 58 66 59 67 59 67 58 66 60 68 59 67 60 68 61 69 1 1 0 0 63 102 1 1 63 102 62 103 61 69 60 68 62 103 61 69 62 103 63 102</p>
                </triangles>
            </mesh>
        </geometry>
        <geometry id="NODE4-lib" name="NODE4Mesh">
            <mesh>
                <source id="NODE4-lib-positions">
                    <float_array id="NODE4-lib-positions-array" count="17583">0.14632 0.98559 0.03199 0.09755 0.99039 0.03199 0.09751 0.99001 0.04195 0.14626 0.98521 0.04195 0.19455 0.97805 0.04195 0.19462 0.97843 0.03199 0.33579 0.93811 0.03199 0.28889 0.95233 0.03199 0.28877 0.95196 0.04195 0.33566 0.93774 0.04195 0.38162 0.9213 0.04195 0.38176 0.92166 0.03199 0.51235 0.85457 0.03199 0.46913 0.87767 0.03199 0.46895 0.87733 0.04195 0.51215 0.85424 0.04195 0.55402 0.82915 0.04195 0.55424 0.82947 0.03199 0.66922 0.7382 0.03199 0.63134 0.76929 0.02032 0.63134 0.76929 0.03199 0.63109 0.76899 0.04195 0.66896 0.73791 0.04195 0.70514 0.70514 0.04195 0.70541 0.70541 0.03199 0.80038 0.59345 0.03199 0.76929 0.63134 0.03199 0.76899 0.63109 0.04195 0.80007 0.59322 0.04195 0.82915 0.55402 0.04195 0.82947 0.55424 0.03199 0.90078 0.42591 0.03199 0.87767 0.46913 0.03199 0.87733 0.46895 0.04195 0.90043 0.42574 0.04195 0.9213 0.38162 0.04195 0.92166 0.38176 0.03199 0.96656 0.24199 0.03199 0.95233 0.28889 0.03199 0.95196 0.28877 0.04195 0.96618 0.24189 0.04195 0.97805 0.19455 0.04195 0.97843 0.19462 0.03199 0.9952 0.04877 0.03199 0.99039 0.09755 0.03199 0.99001 0.09751 0.04195 0.99481 0.04875 0.04195 0.99721 0 0.04195 0.9976 0 0.03199 0.9976 0 0.02032 0.98559 -0.14632 0.03199 0.99039 -0.09755 0.03199 0.99001 -0.09751 0.04195 0.98521 -0.14626 0.04195 0.97805 -0.19455 0.04195 0.97843 -0.19462 0.03199 0.93811 -0.33578 0.03199 0.93811 -0.33579 0.02032 0.95233 -0.28889 0.02032 0.95233 -0.28889 0.03199 0.95196 -0.28877 0.04195 0.93774 -0.33565 0.04195 0.9213 -0.38162 0.04195 0.92166 -0.38176 0.03199 0.92166 -0.38176 0.02032 0.85457 -0.51235 0.03199 0.87767 -0.46913 0.02032 0.87767 -0.46913 0.03199 0.87733 -0.46894 0.04195 0.85424 -0.51215 0.04195 0.82915 -0.55402 0.04195 0.82947 -0.55424 0.03199 0.7382 -0.66922 0.03199 0.76929 -0.63134 0.03199 0.76899 -0.63109 0.04195 0.73791 -0.66896 0.04195 0.70514 -0.70513 0.04195 0.70541 -0.70541 0.03199 0.59345 -0.80038 0.03199 0.63134 -0.76929 0.02032 0.63134 -0.76929 0.03199 0.63109 -0.76899 0.04195 0.59322 -0.80007 0.04195 0.55402 -0.82915 0.04195 0.55424 -0.82947 0.03199 0.4259 -0.90078 0.03199 0.46913 -0.87767 0.03199 0.46894 -0.87733 0.04195 0.42574 -0.90043 0.04195 0.38162 -0.9213 0.04195 0.38176 -0.92166 0.03199 0.24199 -0.96656 0.03199 0.28889 -0.95233 0.03199 0.28877 -0.95196 0.04195 0.24189 -0.96618 0.04195 0.19455 -0.97805 0.04195 0.19462 -0.97843 0.03199 0.04877 -0.9952 0.03199 0.09754 -0.99039 0.03199 0.09751 -0.99001 0.04195 0.04875 -0.99481 0.04195 -0 -0.99721 0.04195 -0 -0.9976 0.03199 -0 -0.9976 0.02032 -0.14632 -0.98559 0.03199 -0.09755 -0.99039 0.03199 -0.09751 -0.99001 0.04195 -0.14626 -0.98521 0.04195 -0.19455 -0.97805 0.04195 -0.19462 -0.97843 0.03199 -0.33579 -0.93811 0.03199 -0.28889 -0.95233 0.03199 -0.28878 -0.95196 0.04195 -0.33566 -0.93774 0.04195 -0.38162 -0.9213 0.04195 -0.38176 -0.92166 0.03199 -0.51235 -0.85457 0.03199 -0.46913 -0.87767 0.03199 -0.46895 -0.87733 0.04195 -0.51215 -0.85424 0.04195 -0.55402 -0.82915 0.04195 -0.55424 -0.82947 0.03199 -0.66922 -0.7382 0.03199 -0.63134 -0.76929 0.03199 -0.63109 -0.76899 0.04195 -0.66896 -0.73791 0.04195 -0.70514 -0.70513 0.04195 -0.70541 -0.70541 0.03199 -0.80038 -0.59345 0.03199 -0.76929 -0.63134 0.03199 -0.76899 -0.63109 0.04195 -0.80007 -0.59322 0.04195 -0.82915 -0.55402 0.04195 -0.82947 -0.55424 0.03199 -0.90078 -0.4259 0.03199 -0.87767 -0.46913 0.03199 -0.87733 -0.46894 0.04195 -0.90043 -0.42574 0.04195 -0.9213 -0.38162 0.04195 -0.92166 -0.38176 0.03199 -0.96656 -0.24199 0.03199 -0.95233 -0.28889 0.03199 -0.95196 -0.28877 0.04195 -0.96618 -0.24189 0.04195 -0.97805 -0.19455 0.04195 -0.97843 -0.19462 0.03199 -0.9952 -0.04877 0.03199 -0.99039 -0.09754 0.03199 -0.99001 -0.09751 0.04195 -0.99481 -0.04875 0.04195 -0.99721 0 0.04195 -0.9976 0 0.03199 -0.9976 0 0.02032 -0.98559 0.14632 0.03199 -0.99039 0.09755 0.03199 -0.99001 0.09751 0.04195 -0.98521 0.14626 0.04195 -0.97805 0.19455 0.04195 -0.97843 0.19462 0.03199 -0.93811 0.33579 0.03199 -0.95233 0.28889 0.03199 -0.95196 0.28878 0.04195 -0.93774 0.33566 0.04195 -0.9213 0.38162 0.04195 -0.92166 0.38177 0.03199 -0.85457 0.51235 0.03199 -0.87767 0.46913 0.03199 -0.87733 0.46895 0.04195 -0.85424 0.51215 0.04195 -0.82915 0.55402 0.04195 -0.82947 0.55424 0.03199 -0.7382 0.66922 0.03199 -0.7382 0.66922 0.00866 -0.80038 0.59346 0.03199 -0.76899 0.63109 0.04195 -0.73791 0.66896 0.04195 -0.70513 0.70514 0.04195 -0.70541 0.70541 0.03199 -0.59345 0.80038 0.03199 -0.63134 0.76929 0.02032 -0.63134 0.76929 0.03199 -0.63109 0.76899 0.04195 -0.59322 0.80007 0.04195 -0.55402 0.82915 0.04195 -0.55423 0.82947 0.03199 -0.4259 0.90078 0.03199 -0.46913 0.87768 0.03199 -0.46894 0.87734 0.04195 -0.42574 0.90043 0.04195 -0.38161 0.9213 0.04195 -0.38176 0.92166 0.03199 0.84999 0.5096 0.0582 0.87297 0.46661 0.0582 0.8748 0.46759 0.05335 0.85177 0.51067 0.05335 0.82675 0.55242 0.05335 0.82502 0.55126 0.0582 0.81835 0.54681 0.06184 0.84312 0.50548 0.06184 0.86591 0.46284 0.06184 -0.04877 0.9952 0.03199 -0.09754 0.99039 0.03199 -0.09751 0.99001 0.04195 -0.04875 0.99481 0.04195 0 0.99721 0.04195 0 0.9976 0.03199 -0.24199 0.96656 0.03199 -0.28889 0.95233 0.03199 -0.28877 0.95196 0.04195 -0.24189 0.96618 0.04195 -0.19454 0.97805 0.04195 -0.19462 0.97843 0.03199 -0.54794 -0.739 0.06305 -0.58292 -0.71029 0.06305 -0.51173 -0.76586 0.06305 -0.50411 -0.75446 0.06191 -0.53979 -0.728 0.06191 -0.57424 -0.69972 0.06191 -0.98986 0.04851 0.0582 -0.98715 0.09723 0.05335 -0.99193 0.04861 0.05335 -0.99433 0 0.05335 -0.99225 0 0.0582 -0.98423 0 0.06184 -0.98186 0.04812 0.06184 -0.97712 0.09624 0.06184 0.66563 -0.73424 0.0582 0.62795 -0.76516 0.0582 0.62927 -0.76677 0.05335 0.66703 -0.73578 0.05335 0.7031 -0.7031 0.05335 0.70162 -0.70162 0.0582 0.69595 -0.69595 0.06184 0.66025 -0.7283 0.06184 0.62288 -0.75898 0.06184 -0.14553 0.9803 0.0582 -0.09722 0.98715 0.05335 -0.14584 0.98236 0.05335 -0.19398 0.97522 0.05335 -0.19358 0.97318 0.0582 -0.19201 0.96532 0.06184 -0.14436 0.97238 0.06184 -0.09624 0.97712 0.06184 -0.59027 -0.79608 0.0582 -0.62795 -0.76516 0.0582 -0.62927 -0.76677 0.05335 -0.59151 -0.79775 0.05335 -0.55242 -0.82675 0.05335 -0.55126 -0.82502 0.0582 -0.54681 -0.81835 0.06184 -0.5855 -0.78965 0.06184 -0.62288 -0.75898 0.06184 0.9803 0.14553 0.0582 0.98715 0.09723 0.05335 0.98236 0.14584 0.05335 0.97522 0.19398 0.05335 0.97318 0.19358 0.0582 0.96532 0.19201 0.06184 0.97238 0.14436 0.06184 0.97712 0.09624 0.06184 -0.89594 0.42362 0.0582 -0.87297 0.46661 0.0582 -0.8748 0.46759 0.05335 -0.89782 0.42451 0.05335 -0.91864 0.38051 0.05335 -0.91672 0.37972 0.0582 -0.90931 0.37665 0.06184 -0.8887 0.4202 0.06184 -0.86591 0.46284 0.06184 0.33398 -0.93307 0.0582 0.28734 -0.94722 0.0582 0.28794 -0.94921 0.05335 0.33468 -0.93503 0.05335 0.38051 -0.91864 0.05335 0.37972 -0.91672 0.0582 0.37665 -0.90931 0.06184 0.33128 -0.92553 0.06184 0.28501 -0.93957 0.06184 0.42362 0.89594 0.0582 0.46661 0.87297 0.0582 0.46759 0.8748 0.05335 0.42451 0.89782 0.05335 0.38051 0.91864 0.05335 0.37972 0.91672 0.0582 0.37665 0.90931 0.06184 0.4202 0.8887 0.06184 0.46284 0.86591 0.06184 -0.84999 -0.5096 0.0582 -0.89595 -0.42362 0.0582 -0.8748 -0.46759 0.05335 -0.85177 -0.51067 0.05335 -0.82675 -0.55242 0.05335 -0.82502 -0.55126 0.0582 -0.81836 -0.54681 0.06184 -0.84312 -0.50548 0.06184 -0.86591 -0.46284 0.06184 0.96137 -0.24069 0.0582 0.94722 -0.28734 0.0582 0.94921 -0.28794 0.05335 0.96339 -0.24119 0.05335 0.97522 -0.19398 0.05335 0.97318 -0.19358 0.0582 0.96532 -0.19201 0.06184 0.9536 -0.23874 0.06184 0.93957 -0.28501 0.06184 -0.66563 0.73424 0.0582 -0.62795 0.76516 0.0582 -0.62927 0.76677 0.05335 -0.66703 0.73578 0.05335 -0.70309 0.7031 0.05335 -0.70162 0.70163 0.0582 -0.69595 0.69595 0.06184 -0.66025 0.7283 0.06184 -0.62288 0.75898 0.06184 -0.04851 -0.98986 0.0582 -0.09723 -0.98715 0.05335 -0.04861 -0.99193 0.05335 -0 -0.99433 0.05335 -0 -0.99225 0.0582 -0 -0.98423 0.06184 -0.04812 -0.98186 0.06184 -0.09624 -0.97712 0.06184 0.73424 0.66563 0.0582 0.76516 0.62795 0.0582 0.76677 0.62927 0.05335 0.73578 0.66703 0.05335 0.7031 0.7031 0.05335 0.70162 0.70162 0.0582 0.69595 0.69595 0.06184 0.7283 0.66025 0.06184 0.75898 0.62288 0.06184 -0.9803 -0.14553 0.0582 -0.98715 -0.09722 0.05335 -0.98236 -0.14584 0.05335 -0.97522 -0.19398 0.05335 -0.97318 -0.19358 0.0582 -0.96532 -0.19201 0.06184 -0.97238 -0.14436 0.06184 -0.97712 -0.09624 0.06184 0.79609 -0.59027 0.0582 0.76516 -0.62795 0.0582 0.76677 -0.62927 0.05335 0.79775 -0.59151 0.05335 0.82675 -0.55242 0.05335 0.82502 -0.55126 0.0582 0.81835 -0.54681 0.06184 0.78965 -0.5855 0.06184 0.75898 -0.62288 0.06184 -0.33398 0.93307 0.0582 -0.28734 0.94722 0.0582 -0.28794 0.94921 0.05335 -0.33468 0.93503 0.05335 -0.38051 0.91864 0.05335 -0.37971 0.91672 0.0582 -0.37665 0.90931 0.06184 -0.33128 0.92553 0.06184 -0.28501 0.93957 0.06184 -0.42362 -0.89594 0.0582 -0.46661 -0.87297 0.0582 -0.46759 -0.8748 0.05335 -0.42451 -0.89782 0.05335 -0.38051 -0.91864 0.05335 -0.37972 -0.91672 0.0582 -0.37665 -0.90931 0.06184 -0.4202 -0.8887 0.06184 -0.46284 -0.86591 0.06184 0.93307 0.33398 0.0582 0.94722 0.28734 0.0582 0.94921 0.28794 0.05335 0.93503 0.33468 0.05335 0.91864 0.38051 0.05335 0.91672 0.37972 0.0582 0.90931 0.37665 0.06184 0.92553 0.33128 0.06184 0.93957 0.28501 0.06184 -0.96137 0.24069 0.0582 -0.94722 0.28734 0.0582 -0.94921 0.28794 0.05335 -0.96339 0.2412 0.05335 -0.97522 0.19398 0.05335 -0.97318 0.19358 0.0582 -0.96531 0.19201 0.06184 -0.9536 0.23875 0.06184 -0.93957 0.28502 0.06184 0.5096 -0.84999 0.0582 0.46661 -0.87297 0.0582 0.46759 -0.8748 0.05335 0.51067 -0.85177 0.05335 0.55242 -0.82675 0.05335 0.55126 -0.82502 0.0582 0.54681 -0.81835 0.06184 0.50548 -0.84312 0.06184 0.46284 -0.86591 0.06184 0.24069 0.96137 0.0582 0.28734 0.94722 0.0582 0.28794 0.94921 0.05335 0.2412 0.96339 0.05335 0.19398 0.97522 0.05335 0.19358 0.97318 0.0582 0.19201 0.96532 0.06184 0.23875 0.9536 0.06184 0.28501 0.93957 0.06184 -0.73424 -0.66563 0.0582 -0.76516 -0.62795 0.0582 -0.76677 -0.62927 0.05335 -0.73578 -0.66703 0.05335 -0.7031 -0.70309 0.05335 -0.70162 -0.70162 0.0582 -0.69595 -0.69595 0.06184 -0.7283 -0.66025 0.06184 -0.75898 -0.62288 0.06184 0.98986 -0.04851 0.0582 0.98715 -0.09723 0.05335 0.99193 -0.04861 0.05335 0.99433 0 0.05335 0.99225 0 0.0582 0.98423 0 0.06184 0.98186 -0.04812 0.06184 0.97712 -0.09624 0.06184 -0.79608 0.59027 0.0582 -0.76516 0.62795 0.0582 -0.76676 0.62927 0.05335 -0.79775 0.59151 0.05335 -0.82675 0.55242 0.05335 -0.82502 0.55126 0.0582 -0.81835 0.54681 0.06184 -0.78965 0.5855 0.06184 -0.75898 0.62288 0.06184 0.14553 -0.9803 0.0582 0.09723 -0.98715 0.05335 0.14584 -0.98236 0.05335 0.19398 -0.97522 0.05335 0.19358 -0.97318 0.0582 0.19201 -0.96532 0.06184 0.14436 -0.97238 0.06184 0.09624 -0.97712 0.06184 0.59027 0.79609 0.0582 0.62795 0.76516 0.0582 0.62927 0.76677 0.05335 0.59151 0.79775 0.05335 0.55242 0.82675 0.05335 0.55126 0.82502 0.0582 0.54681 0.81835 0.06184 0.5855 0.78965 0.06184 0.62288 0.75898 0.06184 -0.93307 -0.33398 0.0582 -0.94722 -0.28734 0.0582 -0.94921 -0.28794 0.05335 -0.93503 -0.33468 0.05335 -0.91864 -0.38051 0.05335 -0.91672 -0.37972 0.0582 -0.90931 -0.37665 0.06184 -0.92553 -0.33128 0.06184 -0.93957 -0.28501 0.06184 0.04851 0.98986 0.0582 0.09723 0.98715 0.05335 0.04861 0.99193 0.05335 0 0.99433 0.05335 0 0.99225 0.0582 0 0.98423 0.06184 0.04812 0.98186 0.06184 0.09624 0.97712 0.06184 0.89594 -0.42362 0.0582 0.87297 -0.46661 0.0582 0.8748 -0.46759 0.05335 0.89782 -0.42451 0.05335 0.91864 -0.38051 0.05335 0.91672 -0.37972 0.0582 0.90931 -0.37665 0.06184 0.8887 -0.4202 0.06184 0.86591 -0.46284 0.06184 -0.5096 0.84999 0.0582 -0.42362 0.89595 0.0582 -0.46759 0.8748 0.05335 -0.51067 0.85177 0.05335 -0.55242 0.82675 0.05335 -0.55126 0.82502 0.0582 -0.54681 0.81836 0.06184 -0.50548 0.84312 0.06184 -0.46284 0.86591 0.06184 -0.24069 -0.96137 0.0582 -0.28734 -0.94722 0.0582 -0.28794 -0.94921 0.05335 -0.2412 -0.96339 0.05335 -0.19398 -0.97522 0.05335 -0.19358 -0.97318 0.0582 -0.19201 -0.96531 0.06184 -0.23875 -0.9536 0.06184 -0.28502 -0.93957 0.06184 -0.84897 -0.30388 0.04935 -0.86184 -0.26144 0.04935 -0.84897 -0.30388 0.05848 -0.83409 -0.34549 0.04935 -0.83034 -0.34394 0.04592 -0.84515 -0.30251 0.04592 -0.85797 -0.26026 0.04592 0.31003 -0.86617 0.06305 0.26673 -0.8793 0.06305 0.29466 -0.89172 0.06305 0.35249 -0.85098 0.06305 0.34724 -0.83831 0.06191 0.30542 -0.85327 0.06191 0.26276 -0.86621 0.06191 0.89244 -0.22343 0.06305 0.8793 -0.26673 0.06305 0.9034 -0.1797 0.06305 0.88995 -0.17702 0.06191 0.87915 -0.2201 0.06191 0.86621 -0.26276 0.06191 0.68159 0.6179 0.06305 0.71029 0.58292 0.06305 0.65131 0.65131 0.06305 0.64161 0.64162 0.06191 0.67144 0.6087 0.06191 0.69972 0.57424 0.06191 -0.31003 0.86617 0.06305 -0.26673 0.8793 0.06305 -0.294655 0.89172 0.06305 -0.35249 0.85098 0.06305 -0.34724 0.83831 0.06191 -0.30542 0.85327 0.06191 -0.26276 0.86621 0.06191 -0.89244 0.22343 0.06305 -0.8793 0.26673 0.06305 -0.9034 0.1797 0.06305 -0.88995 0.17702 0.06191 -0.87915 0.22011 0.06191 -0.86621 0.26276 0.06191 -0.68159 -0.6179 0.06305 -0.71029 -0.58292 0.06305 -0.65131 -0.65131 0.06305 -0.64162 -0.64161 0.06191 -0.67144 -0.6087 0.06191 -0.69972 -0.57424 0.06191 0.1351 -0.91001 0.06305 0.09006 -0.91444 0.06305 0.1797 -0.9034 0.06305 0.17702 -0.88995 0.06191 0.13309 -0.89646 0.06191 0.08872 -0.90083 0.06191 0.8317 -0.39324 0.06305 0.85098 -0.35249 0.06305 0.83831 -0.34724 0.06191 0.81932 -0.38739 0.06191 0.7983 -0.4267 0.06191 0.78904 0.47306 0.06305 0.76586 0.51173 0.06305 0.75446 0.50411 0.06191 0.77729 0.46601 0.06191 0.7983 0.4267 0.06191 0.04503 0.91888 0.06305 0.09006 0.91444 0.06305 0 0.9211 0.06305 0 0.90738 0.06191 0.04436 0.9052 0.06191 0.08872 0.90083 0.06191 -0.1351 0.91001 0.06305 -0.09006 0.91444 0.06305 -0.1797 0.9034 0.06305 -0.17702 0.88995 0.06191 -0.13308 0.89646 0.06191 -0.08872 0.90083 0.06191 -0.8317 0.39324 0.06305 -0.85098 0.35249 0.06305 -0.83831 0.34724 0.06191 -0.81932 0.38739 0.06191 -0.7983 0.4267 0.06191 -0.78904 -0.47306 0.06305 -0.76586 -0.51173 0.06305 -0.75446 -0.50411 0.06191 -0.77729 -0.46601 0.06191 -0.7983 -0.4267 0.06191 -0.04503 -0.91888 0.06305 -0.09007 -0.91444 0.06305 0 -0.92109 0.06305 -0 -0.90738 0.06191 -0.04436 -0.9052 0.06191 -0.08872 -0.90083 0.06191 0.739 -0.54794 0.06305 0.71029 -0.58292 0.06305 0.76586 -0.51173 0.06305 0.75446 -0.50411 0.06191 0.728 -0.53979 0.06191 0.69972 -0.57424 0.06191 0.86617 0.31003 0.06305 0.8793 0.26673 0.06305 0.92091 0.27936 0.06305 0.90716 0.32471 0.06305 0.85098 0.35249 0.06305 0.83831 0.34724 0.06191 0.85327 0.30542 0.06191 0.86621 0.26276 0.06191 0.22343 0.89244 0.06305 0.26673 0.8793 0.06305 0.1797 0.9034 0.06305 0.17702 0.88995 0.06191 0.2201 0.87915 0.06191 0.26276 0.86621 0.06191 -0.739 0.54795 0.06305 -0.71029 0.58292 0.06305 -0.74391 0.61051 0.06305 -0.76586 0.51173 0.06305 -0.75446 0.50411 0.06191 -0.728 0.53979 0.06191 -0.69972 0.57424 0.06191 -0.86617 -0.31003 0.06305 -0.8793 -0.26673 0.06305 -0.89172 -0.29466 0.06305 -0.85098 -0.35249 0.06305 -0.83831 -0.34724 0.06191 -0.85327 -0.30542 0.06191 -0.86621 -0.26276 0.06191 -0.22343 -0.89244 0.06305 -0.26673 -0.8793 0.06305 -0.1797 -0.9034 0.06305 -0.17702 -0.88995 0.06191 -0.2201 -0.87915 0.06191 -0.26276 -0.86621 0.06191 0.6179 -0.68159 0.06305 0.58292 -0.71029 0.06305 0.65131 -0.65131 0.06305 0.64161 -0.64161 0.06191 0.6087 -0.67144 0.06191 0.57424 -0.69972 0.06191 0.91001 0.1351 0.06305 0.91444 0.09006 0.06305 0.9034 0.1797 0.06305 0.88995 0.17702 0.06191 0.89646 0.13309 0.06191 0.90083 0.08872 0.06191 0.39324 0.8317 0.06305 0.35249 0.85098 0.06305 0.34724 0.83831 0.06191 0.38739 0.81932 0.06191 0.4267 0.7983 0.06191 -0.6179 0.68159 0.06305 -0.58292 0.71029 0.06305 -0.61051 0.74391 0.06305 -0.65131 0.65131 0.06305 -0.64161 0.64162 0.06191 -0.6087 0.67144 0.06191 -0.57424 0.69972 0.06191 -0.91001 -0.1351 0.06305 -0.91444 -0.09006 0.06305 -0.9034 -0.1797 0.06305 -0.88995 -0.17702 0.06191 -0.89646 -0.13308 0.06191 -0.90083 -0.08872 0.06191 -0.39324 -0.8317 0.06305 -0.35249 -0.85098 0.06305 -0.34724 -0.83831 0.06191 -0.38739 -0.81932 0.06191 -0.4267 -0.7983 0.06191 0.47306 -0.78904 0.06305 0.39324 -0.8317 0.06305 0.51173 -0.76586 0.06305 0.50411 -0.75446 0.06191 0.46601 -0.77729 0.06191 0.4267 -0.7983 0.06191 0.91888 -0.04503 0.06305 0.91444 -0.09006 0.06305 0.9211 0 0.06305 0.90738 0 0.06191 0.9052 -0.04436 0.06191 0.90083 -0.08872 0.06191 0.54794 0.739 0.06305 0.58292 0.71029 0.06305 0.51173 0.76586 0.06305 0.50411 0.75446 0.06191 0.53979 0.728 0.06191 0.57424 0.69972 0.06191 -0.47306 0.78904 0.06305 -0.39324 0.8317 0.06305 -0.49544 0.82638 0.06305 -0.51173 0.76586 0.06305 -0.50411 0.75446 0.06191 -0.46601 0.77729 0.06191 -0.4267 0.7983 0.06191 -0.91888 0.04503 0.06305 -0.91444 0.09007 0.06305 -0.92109 0 0.06305 -0.90738 0 0.06191 -0.9052 0.04436 0.06191 -0.90083 0.08872 0.06191 -0.82754 0.20718 0.04478 -0.81536 0.24734 0.04478 -0.85899 0.21506 0.04478 -0.8377 0.16663 0.04478 -0.82576 0.16426 0.04617 -0.81575 0.20423 0.04617 -0.80374 0.24381 0.04617 -0.219 -0.87472 0.04935 -0.26144 -0.86184 0.04935 -0.26144 -0.86184 0.05848 -0.17613 -0.88546 0.04935 -0.17534 -0.88148 0.04592 -0.21801 -0.87079 0.04592 -0.26026 -0.85797 0.04592 0.60563 -0.66806 0.04935 0.57135 -0.69619 0.04935 0.63838 -0.63838 0.05391 0.63838 -0.63838 0.04935 0.63551 -0.63551 0.04592 0.60291 -0.66505 0.04592 0.56878 -0.69306 0.04592 0.89194 0.13242 0.04935 0.88546 0.17613 0.04935 0.88148 0.17534 0.04592 0.88793 0.13182 0.04592 0.89226 0.08788 0.04592 0.38544 0.81519 0.04935 0.42455 0.79428 0.04935 0.34549 0.83409 0.04935 0.34394 0.83034 0.04592 0.3837 0.81152 0.04592 0.42264 0.79071 0.04592 -0.60563 0.66806 0.04935 -0.57135 0.69619 0.04935 -0.63838 0.63838 0.04935 -0.63551 0.63551 0.04592 -0.60291 0.66505 0.04592 -0.56878 0.69306 0.04592 -0.89194 -0.13241 0.04935 -0.89629 -0.08828 0.04935 -0.88546 -0.17613 0.04935 -0.88148 -0.17534 0.04592 -0.88793 -0.13182 0.04592 -0.89226 -0.08788 0.04592 -0.38544 -0.81519 0.04935 -0.42455 -0.79428 0.04935 -0.34549 -0.83409 0.04935 -0.34394 -0.83034 0.04592 -0.3837 -0.81152 0.04592 -0.42264 -0.79071 0.04592 0.46367 -0.77337 0.04935 0.42455 -0.79428 0.04935 0.46367 -0.77337 0.05848 0.50157 -0.75066 0.04935 0.49932 -0.74728 0.04592 0.46158 -0.7699 0.04592 0.42264 -0.79071 0.04592 0.90064 -0.04414 0.04935 0.89629 -0.08828 0.04935 0.90281 0 0.04935 0.89875 0 0.04592 0.89659 -0.04394 0.04592 0.89226 -0.08788 0.04592 0.53707 0.72433 0.04935 0.57135 0.69619 0.04935 0.53707 0.72433 0.05848 0.50157 0.75066 0.04935 0.49932 0.74728 0.04592 0.53465 0.72107 0.04592 0.56878 0.69306 0.04592 -0.46367 0.77337 0.04935 -0.42455 0.79428 0.04935 -0.50157 0.75066 0.04935 -0.49932 0.74729 0.04592 -0.46158 0.7699 0.04592 -0.42264 0.79071 0.04592 -0.90064 0.04414 0.04935 -0.89629 0.08828 0.05848 -0.90281 0 0.04935 -0.89875 0 0.04592 -0.89659 0.04394 0.04592 -0.89226 0.08788 0.04592 -0.53707 -0.72433 0.04935 -0.57135 -0.69619 0.04935 -0.53707 -0.72433 0.05848 -0.50157 -0.75066 0.04935 -0.49932 -0.74728 0.04592 -0.53465 -0.72107 0.04592 -0.56878 -0.69306 0.04592 0.30388 -0.84897 0.04935 0.26144 -0.86184 0.04935 0.26144 -0.86184 0.05848 0.30388 -0.84897 0.05848 0.34549 -0.83409 0.04935 0.34394 -0.83034 0.04592 0.30251 -0.84515 0.04592 0.26026 -0.85797 0.04592 0.87472 -0.219 0.04935 0.86184 -0.26144 0.04935 0.86184 -0.26144 0.05848 0.88546 -0.17613 0.05848 0.88546 -0.17613 0.04935 0.88148 -0.17534 0.04592 0.87079 -0.21801 0.04592 0.85797 -0.26026 0.04592 0.66806 0.60563 0.04935 0.69619 0.57135 0.04935 0.63838 0.63838 0.04935 0.63551 0.63551 0.04592 0.66505 0.60291 0.04592 0.69306 0.56878 0.04592 -0.30388 0.84897 0.04935 -0.26144 0.86184 0.04935 -0.30388 0.84897 0.05848 -0.34549 0.83409 0.04935 -0.34394 0.83034 0.04592 -0.30251 0.84515 0.04592 -0.26026 0.85797 0.04592 -0.87472 0.219 0.04935 -0.86184 0.26144 0.04935 -0.86184 0.26144 0.05848 -0.88546 0.17613 0.04935 -0.88148 0.17534 0.04592 -0.87079 0.21801 0.04592 -0.85797 0.26026 0.04592 -0.66806 -0.60563 0.04935 -0.69619 -0.57135 0.04935 -0.63838 -0.63838 0.04935 -0.63551 -0.63551 0.04592 -0.66505 -0.60291 0.04592 -0.69306 -0.56878 0.04592 0.13241 -0.89194 0.04935 0.08828 -0.89629 0.04935 0.13241 -0.89194 0.05848 0.17613 -0.88546 0.04935 0.17534 -0.88148 0.04592 0.13182 -0.88793 0.04592 0.08788 -0.89226 0.04592 0.81519 -0.38544 0.04935 0.79428 -0.42455 0.04935 0.81519 -0.38544 0.05848 0.83409 -0.34549 0.04935 0.83034 -0.34394 0.04592 0.81152 -0.3837 0.04592 0.79071 -0.42264 0.04592 0.77337 0.46367 0.04935 0.79428 0.42455 0.04935 0.77337 0.46367 0.05848 0.75066 0.50157 0.04935 0.74728 0.49932 0.04592 0.7699 0.46158 0.04592 0.79071 0.42264 0.04592 0.04414 0.90064 0.04935 0.04414 0.90064 0.05848 0 0.90281 0.04935 0 0.89875 0.04592 0.04394 0.89659 0.04592 0.08788 0.89226 0.04592 -0.13241 0.89194 0.04935 -0.08828 0.89629 0.04935 -0.17613 0.88546 0.04935 -0.17534 0.88148 0.04592 -0.13182 0.88793 0.04592 -0.08788 0.89226 0.04592 -0.81519 0.38544 0.04935 -0.79428 0.42455 0.04935 -0.81519 0.38544 0.05848 -0.83409 0.34549 0.04935 -0.83034 0.34394 0.04592 -0.81152 0.38371 0.04592 -0.79071 0.42264 0.04592 -0.77337 -0.46367 0.04935 -0.79428 -0.42455 0.04935 -0.77337 -0.46367 0.05848 -0.75066 -0.50157 0.04935 -0.74728 -0.49932 0.04592 -0.7699 -0.46158 0.04592 -0.79071 -0.42264 0.04592 -0.04414 -0.90064 0.04935 -0.04414 -0.90064 0.05848 -0 -0.90281 0.04935 -0 -0.89875 0.04592 -0.04394 -0.89659 0.04592 -0.08788 -0.89226 0.04592 0.72433 -0.53707 0.04935 0.69619 -0.57135 0.04935 0.72433 -0.53707 0.05848 0.75066 -0.50157 0.04935 0.74728 -0.49932 0.04592 0.72107 -0.53465 0.04592 0.69306 -0.56878 0.04592 0.84897 0.30388 0.04935 0.86184 0.26144 0.04935 0.86184 0.26144 0.05848 0.84897 0.30388 0.05848 0.83409 0.34549 0.04935 0.83034 0.34394 0.04592 0.84515 0.30251 0.04592 0.85797 0.26026 0.04592 0.219 0.87472 0.04935 0.26144 0.86184 0.04935 0.26144 0.86184 0.05848 0.17613 0.88546 0.04935 0.17534 0.88148 0.04592 0.21801 0.87079 0.04592 0.26026 0.85797 0.04592 -0.72433 0.53707 0.04935 -0.69619 0.57135 0.04935 -0.72433 0.53707 0.05848 -0.75066 0.50157 0.04935 -0.74728 0.49932 0.04592 -0.72107 0.53465 0.04592 -0.69306 0.56878 0.04592 -0.56208 0.62001 0.06152 -0.53026 0.64613 0.06152 -0.56208 0.62001 0.05036 -0.59247 0.59247 0.06152 -0.59077 0.59077 0.06571 -0.56046 0.61823 0.06571 -0.52873 0.64427 0.06571 -0.63202 -0.57297 0.04478 -0.65864 -0.54053 0.04478 -0.60395 -0.60395 0.04478 -0.59534 -0.59534 0.04617 -0.62302 -0.5648 0.04617 -0.64926 -0.53283 0.04617 0.12527 -0.84383 0.04478 0.08352 -0.84795 0.04478 0.17296 -0.86954 0.04478 0.16663 -0.8377 0.04478 0.16425 -0.82576 0.04617 0.12349 -0.83181 0.04617 0.08232 -0.83586 0.04617 0.77122 -0.36465 0.04478 0.75144 -0.40165 0.04478 0.81909 -0.33928 0.04478 0.7891 -0.32686 0.04478 0.77785 -0.3222 0.04617 0.76023 -0.35945 0.04617 0.74073 -0.39593 0.04617 0.73166 0.43866 0.04478 0.75144 0.40165 0.04478 0.710975 0.500645 0.04478 0.71017 0.47452 0.04478 0.70005 0.46776 0.04617 0.72123 0.43241 0.04617 0.74073 0.39593 0.04617 0.04176 0.85206 0.04478 0.08352 0.84795 0.04478 1.94762e-16 0.88658 0.04478 0 0.85412 0.04478 0 0.84194 0.04617 0.04116 0.83991 0.04617 0.08233 0.83586 0.04617 -0.12527 0.84383 0.04478 -0.08351 0.84795 0.04478 -0.16663 0.8377 0.04478 -0.16425 0.82576 0.04617 -0.12349 0.83181 0.04617 -0.08232 0.83586 0.04617 -0.77122 0.36465 0.04478 -0.75144 0.40165 0.04478 -0.80409 0.33307 0.04478 -0.7891 0.32686 0.04478 -0.77785 0.3222 0.04617 -0.76023 0.35945 0.04617 -0.74073 0.39593 0.04617 -0.73166 -0.43866 0.04478 -0.75144 -0.40165 0.04478 -0.75947 -0.45533 0.04478 -0.71017 -0.47452 0.04478 -0.70005 -0.46776 0.04617 -0.72123 -0.43241 0.04617 -0.74073 -0.39593 0.04617 -0.04176 -0.85206 0.04478 -0.08352 -0.84795 0.04478 -0.04335 -0.88444 0.04478 -0 -0.85411 0.04478 -0 -0.84194 0.04617 -0.04116 -0.83991 0.04617 -0.08233 -0.83586 0.04617 0.68526 -0.5081 0.04478 0.65864 -0.54053 0.04478 0.73716 -0.49256 0.04478 0.71017 -0.47452 0.04478 0.70005 -0.46776 0.04617 0.67549 -0.50086 0.04617 0.64926 -0.53283 0.04617 0.80318 0.28749 0.04478 0.81536 0.24734 0.04478 0.81909 0.33928 0.04478 0.7891 0.32686 0.04478 0.77785 0.3222 0.04617 0.79173 0.28339 0.04617 0.80374 0.24381 0.04617 0.20718 0.82754 0.04478 0.24734 0.81536 0.04478 0.16663 0.8377 0.04478 0.16425 0.82576 0.04617 0.20423 0.81575 0.04617 0.24381 0.80374 0.04617 -0.68526 0.5081 0.04478 -0.65864 0.54053 0.04478 -0.704195 0.508912 0.04478 -0.71017 0.47452 0.04478 -0.70005 0.46776 0.04617 -0.67549 0.50086 0.04617 -0.64925 0.53283 0.04617 -0.80318 -0.28749 0.04478 -0.81536 -0.24734 0.04478 -0.7891 -0.32685 0.04478 -0.77785 -0.3222 0.04617 -0.79173 -0.28339 0.04617 -0.80374 -0.24381 0.04617 -0.20718 -0.82754 0.04478 -0.24734 -0.81536 0.04478 -0.17296 -0.86954 0.04478 -0.16663 -0.8377 0.04478 -0.16425 -0.82576 0.04617 -0.20423 -0.81575 0.04617 -0.24381 -0.80374 0.04617 0.57297 -0.63202 0.04478 0.54053 -0.65864 0.04478 0.60395 -0.60395 0.04478 0.59534 -0.59534 0.04617 0.5648 -0.62302 0.04617 0.53283 -0.64926 0.04617 0.84383 0.12527 0.04478 0.84795 0.08352 0.04478 0.8377 0.16663 0.04478 0.82576 0.16425 0.04617 0.83181 0.12349 0.04617 0.83586 0.08233 0.04617 0.36465 0.77122 0.04478 0.40165 0.75144 0.04478 0.45584 0.739655 0.04478 0.32686 0.7891 0.04478 0.3222 0.77785 0.04617 0.35945 0.76023 0.04617 0.39593 0.74073 0.04617 -0.57297 0.63202 0.04478 -0.54053 0.65864 0.04478 -0.60395 0.60395 0.04478 -0.59534 0.59534 0.04617 -0.5648 0.62302 0.04617 -0.53283 0.64926 0.04617 -0.84383 -0.12527 0.04478 -0.84795 -0.08351 0.04478 -0.8377 -0.16663 0.04478 -0.82576 -0.16425 0.04617 -0.83181 -0.12349 0.04617 -0.83586 -0.08232 0.04617 -0.36465 -0.77122 0.04478 -0.40165 -0.75144 0.04478 -0.45533 -0.75947 0.04478 -0.32686 -0.7891 0.04478 -0.3222 -0.77785 0.04617 -0.35945 -0.76023 0.04617 -0.39593 -0.74073 0.04617 0.43866 -0.73166 0.04478 0.40165 -0.75144 0.04478 0.45533 -0.75947 0.04478 0.47452 -0.71017 0.04478 0.46776 -0.70005 0.04617 0.43241 -0.72123 0.04617 0.39593 -0.74073 0.04617 0.85206 -0.04176 0.04478 0.84795 -0.08352 0.04478 0.88658 2.35922e-16 0.04478 0.85412 0 0.04478 0.84194 0 0.04617 0.83991 -0.04116 0.04617 0.83586 -0.08232 0.04617 0.5081 0.68526 0.04478 0.54053 0.65864 0.04478 0.47452 0.71017 0.04478 0.46776 0.70005 0.04617 0.50086 0.67549 0.04617 0.53283 0.64926 0.04617 -0.43866 0.73166 0.04478 -0.40165 0.75144 0.04478 -0.45533 0.75947 0.04478 -0.47452 0.71017 0.04478 -0.46776 0.70005 0.04617 -0.4324 0.72123 0.04617 -0.39593 0.74073 0.04617 -0.85206 0.04176 0.04478 -0.84795 0.08352 0.04478 -0.88017 0.08669 0.04478 -0.85411 0 0.04478 -0.84194 0 0.04617 -0.83991 0.04116 0.04617 -0.83586 0.08233 0.04617 -0.5081 -0.68526 0.04478 -0.54053 -0.65864 0.04478 -0.49256 -0.73716 0.04478 -0.47452 -0.71017 0.04478 -0.46776 -0.70005 0.04617 -0.50086 -0.67549 0.04617 -0.53283 -0.64925 0.04617 0.28749 -0.80318 0.04478 0.24734 -0.81536 0.04478 0.32686 -0.7891 0.04478 0.3222 -0.77785 0.04617 0.28339 -0.79173 0.04617 0.24381 -0.80374 0.04617 0.82754 -0.20718 0.04478 0.81536 -0.24734 0.04478 0.8377 -0.16663 0.04478 0.82576 -0.16425 0.04617 0.81575 -0.20423 0.04617 0.80374 -0.24381 0.04617 0.63202 0.57297 0.04478 0.65864 0.54053 0.04478 0.60395 0.60395 0.04478 0.59534 0.59534 0.04617 0.62302 0.5648 0.04617 0.64926 0.53283 0.04617 -0.28749 0.80318 0.04478 -0.24734 0.81536 0.04478 -0.32685 0.7891 0.04478 -0.3222 0.77785 0.04617 -0.28339 0.79173 0.04617 -0.24381 0.80374 0.04617 0.03994 0.81496 0.0671 0.07988 0.81103 0.0671 0 0.82823 0.0671 0 0.81693 0.0671 0 0.81569 0.06294 0.03988 0.81373 0.06294 0.07976 0.8098 0.06294 -0.8278 -0.12289 0.06152 -0.83183 -0.08193 0.06152 -0.83183 -0.08193 0.05036 -0.8278 -0.12289 0.05036 -0.82178 -0.16346 0.06152 -0.81942 -0.16299 0.06571 -0.82541 -0.12254 0.06571 -0.82944 -0.08169 0.06571 -0.35772 -0.75656 0.06152 -0.32064 -0.7741 0.06152 -0.31972 -0.77187 0.06571 -0.35669 -0.75438 0.06571 -0.39289 -0.73504 0.06571 0.43032 -0.71776 0.06152 0.4655 -0.69667 0.06152 0.46416 -0.69467 0.06571 0.42908 -0.71569 0.06571 0.39288 -0.73504 0.06571 0.83587 -0.04096 0.06152 0.83183 -0.08193 0.06152 0.83183 -0.08193 0.05036 0.83788 0 0.05036 0.83788 0 0.06152 0.83547 0 0.06571 0.83346 -0.04085 0.06571 0.82944 -0.08169 0.06571 0.49844 0.67224 0.06152 0.53026 0.64613 0.06152 0.4655 0.69667 0.06152 0.46416 0.69467 0.06571 0.49701 0.6703 0.06571 0.52873 0.64426 0.06571 -0.43032 0.71776 0.06152 -0.43032 0.71776 0.05036 -0.4655 0.69668 0.06152 -0.46416 0.69467 0.06571 -0.42908 0.71569 0.06571 -0.39288 0.73504 0.06571 -0.83587 0.04097 0.06152 -0.83183 0.08193 0.06152 -0.83788 0 0.06152 -0.83547 0 0.06571 -0.83346 0.04085 0.06571 -0.82944 0.08169 0.06571 -0.49844 -0.67224 0.06152 -0.53026 -0.64613 0.06152 -0.53026 -0.64613 0.05036 -0.4655 -0.69667 0.06152 -0.46416 -0.69467 0.06571 -0.49701 -0.6703 0.06571 -0.52873 -0.64426 0.06571 0.28203 -0.78792 0.06152 0.24264 -0.79986 0.06152 0.32064 -0.7741 0.05036 0.32064 -0.7741 0.06152 0.31972 -0.77187 0.06571 0.28121 -0.78565 0.06571 0.24194 -0.79756 0.06571 0.81181 -0.20325 0.06152 0.79987 -0.24264 0.06152 0.82178 -0.16346 0.06152 0.81942 -0.16299 0.06571 0.80948 -0.20266 0.06571 0.79756 -0.24194 0.06571 0.62001 0.56208 0.06152 0.64613 0.53026 0.06152 0.62001 0.56208 0.05036 0.59247 0.59247 0.06152 0.59077 0.59077 0.06571 0.61823 0.56046 0.06571 0.64426 0.52873 0.06571 -0.28203 0.78792 0.06152 -0.24264 0.79987 0.06152 -0.32064 0.7741 0.05036 -0.32064 0.7741 0.06152 -0.31972 0.77187 0.06571 -0.28121 0.78565 0.06571 -0.24194 0.79756 0.06571 -0.81181 0.20325 0.06152 -0.79986 0.24264 0.06152 -0.82178 0.16346 0.06152 -0.81942 0.16299 0.06571 -0.80947 0.20266 0.06571 -0.79756 0.24194 0.06571 -0.62001 -0.56208 0.06152 -0.64613 -0.53026 0.06152 -0.62001 -0.56208 0.05036 -0.59247 -0.59247 0.06152 -0.59077 -0.59077 0.06571 -0.61823 -0.56046 0.06571 -0.64426 -0.52873 0.06571 0.12289 -0.8278 0.06152 0.08193 -0.83183 0.06152 0.08193 -0.83183 0.05036 0.16346 -0.82178 0.06152 0.16299 -0.81942 0.06571 0.12254 -0.82541 0.06571 0.08169 -0.82944 0.06571 0.75656 -0.35772 0.06152 0.7741 -0.32064 0.06152 0.77187 -0.31972 0.06571 0.75438 -0.35669 0.06571 0.73504 -0.39288 0.06571 0.71776 0.43032 0.06152 0.69667 0.4655 0.06152 0.69467 0.46416 0.06571 0.71569 0.42908 0.06571 0.73504 0.39289 0.06571 0.04096 0.83587 0.06152 0.08193 0.83183 0.06152 0 0.83788 0.05036 0 0.83788 0.06152 0 0.83547 0.06571 0.04085 0.83346 0.06571 0.08169 0.82944 0.06571 -0.12289 0.8278 0.06152 -0.08193 0.83183 0.06152 -0.08193 0.83183 0.05036 -0.16346 0.82178 0.06152 -0.16299 0.81942 0.06571 -0.12254 0.82541 0.06571 -0.08169 0.82944 0.06571 -0.75656 0.35772 0.06152 -0.7741 0.32065 0.05036 -0.7741 0.32065 0.06152 -0.77187 0.31972 0.06571 -0.75438 0.35669 0.06571 -0.73504 0.39289 0.06571 -0.71776 -0.43032 0.06152 -0.69668 -0.4655 0.06152 -0.69467 -0.46416 0.06571 -0.71569 -0.42908 0.06571 -0.73504 -0.39288 0.06571 -0.04096 -0.83587 0.06152 -0.08193 -0.83183 0.06152 0 -0.83788 0.05036 -0 -0.83788 0.06152 -0 -0.83547 0.06571 -0.04085 -0.83346 0.06571 -0.08169 -0.82944 0.06571 0.67224 -0.49844 0.06152 0.64613 -0.53026 0.06152 0.69667 -0.4655 0.06152 0.69467 -0.46416 0.06571 0.6703 -0.49701 0.06571 0.64426 -0.52873 0.06571 0.78792 0.28203 0.06152 0.79987 0.24264 0.06152 0.7741 0.32064 0.05036 0.7741 0.32064 0.06152 0.77187 0.31972 0.06571 0.78565 0.28121 0.06571 0.79756 0.24194 0.06571 0.20325 0.81181 0.06152 0.24264 0.79987 0.06152 0.16346 0.82178 0.06152 0.16299 0.81942 0.06571 0.20266 0.80948 0.06571 0.24194 0.79756 0.06571 -0.67224 0.49844 0.06152 -0.64613 0.53026 0.06152 -0.64613 0.53026 0.05036 -0.69667 0.4655 0.05036 -0.69667 0.4655 0.06152 -0.69467 0.46416 0.06571 -0.6703 0.49701 0.06571 -0.64426 0.52874 0.06571 -0.78792 -0.28203 0.06152 -0.79987 -0.24264 0.06152 -0.7741 -0.32064 0.05036 -0.7741 -0.32064 0.06152 -0.77187 -0.31972 0.06571 -0.78565 -0.28121 0.06571 -0.79756 -0.24194 0.06571 -0.20325 -0.81181 0.06152 -0.24264 -0.79986 0.06152 -0.16346 -0.82178 0.06152 -0.16299 -0.81942 0.06571 -0.20266 -0.80947 0.06571 -0.24194 -0.79756 0.06571 0.56208 -0.62001 0.06152 0.53026 -0.64613 0.06152 0.56208 -0.62001 0.05036 0.59247 -0.59247 0.06152 0.59077 -0.59077 0.06571 0.56046 -0.61823 0.06571 0.52873 -0.64426 0.06571 0.8278 0.12289 0.06152 0.83183 0.08193 0.06152 0.82178 0.16346 0.06152 0.81942 0.16299 0.06571 0.82541 0.12254 0.06571 0.82944 0.08169 0.06571 0.35772 0.75656 0.06152 0.32064 0.7741 0.06152 0.31972 0.77187 0.06571 0.35669 0.75438 0.06571 0.39289 0.73504 0.06571 0.45294 0.67788 -0 0.48499 0.6541 0 0.51596 0.62869 -0 -0.11982 0.80709 0.0671 -0.07988 0.81103 0.0671 -0.15937 0.80123 0.0671 -0.15913 0.80002 0.06294 -0.11964 0.80587 0.06294 -0.07976 0.8098 0.06294 -0.73764 0.34877 0.0671 -0.71872 0.38417 0.0671 -0.76518 0.31695 0.0671 -0.75474 0.31262 0.0671 -0.7536 0.31215 0.06294 -0.73652 0.34824 0.06294 -0.71763 0.38358 0.06294 -0.6998 -0.41956 0.0671 -0.71872 -0.38416 0.0671 -0.67925 -0.45386 0.0671 -0.67822 -0.45317 0.06294 -0.69874 -0.41892 0.06294 -0.71763 -0.38358 0.06294 -0.03994 -0.81496 0.0671 -0.07988 -0.81102 0.0671 0 -0.82823 0.0671 -0 -0.81693 0.0671 -0 -0.81569 0.06294 -0.03988 -0.81373 0.06294 -0.07976 -0.8098 0.06294 0.65542 -0.48598 0.0671 0.6045 -0.54802 0.0671 0.67925 -0.45386 0.0671 0.67822 -0.45317 0.06294 0.65443 -0.48524 0.06294 0.62901 -0.51622 0.06294 0.76821 0.27497 0.0671 0.77986 0.23657 0.0671 0.77884 0.27878 0.0671 0.75474 0.31262 0.0671 0.7536 0.31215 0.06294 0.76705 0.27456 0.06294 0.77868 0.23621 0.06294 0.19816 0.79151 0.0671 0.23657 0.77986 0.0671 0.15937 0.80123 0.0671 0.15913 0.80002 0.06294 0.19786 0.79031 0.06294 0.23621 0.77868 0.06294 -0.65542 0.48598 0.0671 -0.67925 0.45386 0.0671 -0.67822 0.45317 0.06294 -0.65443 0.48524 0.06294 -0.62901 0.51622 0.06294 -0.76821 -0.27497 0.0671 -0.77986 -0.23657 0.0671 -0.77884 -0.27878 0.0671 -0.75474 -0.31262 0.0671 -0.7536 -0.31215 0.06294 -0.76705 -0.27456 0.06294 -0.77868 -0.23621 0.06294 -0.19816 -0.79151 0.0671 -0.23657 -0.77986 0.0671 -0.2009 -0.80246 0.0671 -0.15937 -0.80123 0.0671 -0.15913 -0.80002 0.06294 -0.19786 -0.79031 0.06294 -0.23621 -0.77868 0.06294 0.54802 -0.6045 0.0671 0.5556 -0.61287 0.0671 0.57765 -0.57765 0.0671 0.57678 -0.57678 0.06294 0.54719 -0.60359 0.06294 0.51622 -0.62901 0.06294 0.80709 0.11982 0.0671 0.81103 0.07988 0.0671 0.80123 0.15937 0.0671 0.80002 0.15913 0.06294 0.80587 0.11964 0.06294 0.8098 0.07976 0.06294 0.34877 0.73764 0.0671 0.38416 0.71872 0.0671 0.31695 0.76518 0.0671 0.31262 0.75474 0.0671 0.31215 0.7536 0.06294 0.34824 0.73652 0.06294 0.38358 0.71763 0.06294 -0.54802 0.60451 0.0671 -0.517 0.62997 0.0671 -0.57765 0.57765 0.0671 -0.57678 0.57678 0.06294 -0.54719 0.60359 0.06294 -0.51622 0.62901 0.06294 -0.80709 -0.11982 0.0671 -0.81102 -0.07988 0.0671 -0.80123 -0.15937 0.0671 -0.80002 -0.15913 0.06294 -0.80587 -0.11964 0.06294 -0.8098 -0.07976 0.06294 -0.34877 -0.73764 0.0671 -0.38416 -0.71872 0.0671 -0.31262 -0.75474 0.0671 -0.31215 -0.7536 0.06294 -0.34824 -0.73652 0.06294 -0.38358 -0.71763 0.06294 0.41956 -0.6998 0.0671 0.38416 -0.71872 0.0671 0.45386 -0.67925 0.0671 0.45317 -0.67822 0.06294 0.41892 -0.69874 0.06294 0.38358 -0.71763 0.06294 0.81496 -0.03994 0.0671 0.81103 -0.07988 0.0671 0.82823 2.02245e-16 0.0671 0.81693 0 0.0671 0.81569 0 0.06294 0.81373 -0.03988 0.06294 0.8098 -0.07976 0.06294 0.48598 0.65542 0.0671 0.54802 0.6045 0.0671 0.45386 0.67925 0.0671 0.45317 0.67822 0.06294 0.48524 0.65443 0.06294 0.51622 0.62901 0.06294 -0.41956 0.6998 0.0671 -0.38416 0.71872 0.0671 -0.45386 0.67925 0.0671 -0.45317 0.67822 0.06294 -0.41892 0.69874 0.06294 -0.38358 0.71763 0.06294 -0.81496 0.03994 0.0671 -0.81102 0.07988 0.0671 -0.82823 -2.02245e-16 0.0671 -0.81693 0 0.0671 -0.81569 0 0.06294 -0.81373 0.03988 0.06294 -0.8098 0.07976 0.06294 -0.48598 -0.65542 0.0671 -0.54802 -0.6045 0.0671 -0.45386 -0.67925 0.0671 -0.45317 -0.67822 0.06294 -0.48524 -0.65443 0.06294 -0.51622 -0.62901 0.06294 0.27497 -0.76821 0.0671 0.23657 -0.77986 0.0671 0.27878 -0.77884 0.0671 0.31262 -0.75474 0.0671 0.31215 -0.7536 0.06294 0.27456 -0.76705 0.06294 0.23621 -0.77868 0.06294 0.79151 -0.19816 0.0671 0.77986 -0.23657 0.0671 0.80123 -0.15937 0.0671 0.80002 -0.15913 0.06294 0.79031 -0.19786 0.06294 0.77868 -0.23621 0.06294 0.6045 0.54802 0.0671 0.57765 0.57765 0.0671 0.57678 0.57678 0.06294 0.60359 0.54719 0.06294 0.62901 0.51622 0.06294 -0.27497 0.76821 0.0671 -0.23657 0.77986 0.0671 -0.31262 0.75474 0.0671 -0.31215 0.7536 0.06294 -0.27455 0.76705 0.06294 -0.23621 0.77868 0.06294 -0.79151 0.19816 0.0671 -0.77986 0.23657 0.0671 -0.80123 0.15938 0.0671 -0.80002 0.15913 0.06294 -0.79031 0.19786 0.06294 -0.77868 0.23621 0.06294 -0.6045 -0.54802 0.0671 -0.62996 -0.517 0.0671 -0.57765 -0.57765 0.0671 -0.57678 -0.57678 0.06294 -0.60359 -0.54719 0.06294 -0.62901 -0.51622 0.06294 0.11982 -0.80709 0.0671 0.07988 -0.81102 0.0671 0.15937 -0.80123 0.0671 0.15913 -0.80002 0.06294 0.11964 -0.80587 0.06294 0.07976 -0.8098 0.06294 0.73764 -0.34877 0.0671 0.71872 -0.38416 0.0671 0.75474 -0.31262 0.0671 0.7536 -0.31215 0.06294 0.73652 -0.34824 0.06294 0.71763 -0.38358 0.06294 0.6998 0.41956 0.0671 0.71872 0.38416 0.0671 0.67925 0.45386 0.0671 0.67822 0.45317 0.06294 0.69874 0.41892 0.06294 0.71763 0.38358 0.06294 -0.34807 0.73615 0.05044 -0.45294 0.67788 -0 -0.41871 0.69839 0 -0.81331 0.03986 0.05044 -0.81528 0 0 -0.81331 0.03986 0 -0.80939 0.07972 -0 -0.45294 -0.67788 -0 -0.485 -0.6541 0 -0.51596 -0.62869 -0 0.31199 -0.75322 0 0.27442 -0.76666 0 0.23609 -0.77828 0 0.77828 -0.23609 0.05044 0.79961 -0.15905 -0 0.78991 -0.19776 0 0.77828 -0.23609 0 0.60328 0.54692 0.05044 0.57649 0.57649 0 0.60328 0.54692 0 0.62869 0.51596 0 -0.31199 0.75322 0 -0.27442 0.76666 0 -0.23609 0.77829 0 -0.77828 0.23609 0.05044 -0.79961 0.15905 0 -0.78991 0.19776 0 -0.77828 0.23609 0 -0.57649 -0.57649 0 -0.60329 -0.54692 0 -0.62869 -0.51595 0 0.11958 -0.80546 0.05044 0.15905 -0.79961 0 0.11958 -0.80546 0 0.07972 -0.80939 0 0.73615 -0.34807 0.05044 0.75322 -0.31199 0 0.73615 -0.34807 0 0.69839 0.41871 0.05044 0.67788 0.45294 0 0.69839 0.41871 0 0.03986 0.81331 0.05044 0 0.81528 0 0.03986 0.81331 0 0.07972 0.80939 0 -0.15905 0.79961 0 -0.11958 0.80546 0 -0.07972 0.80939 0 -0.73615 0.34807 0.05044 -0.75322 0.31199 0 -0.73615 0.34807 0 -0.67788 -0.45294 0 -0.69839 -0.41871 0 -0.73615 -0.34807 0 -0 -0.81528 0 -0.03986 -0.81331 0 -0.07972 -0.80939 0 0.62869 -0.51596 0.05044 0.67788 -0.45294 0 0.6541 -0.48499 0 0.62869 -0.51596 0 0.75322 0.31199 0 0.76666 0.27442 0 0.77828 0.23609 0 0.19776 0.78991 0.05044 0.23609 0.77828 0.01689 0.23609 0.77828 0.03372 0.15905 0.79961 0 0.19776 0.78991 0 0.23609 0.77828 0 -0.6541 0.485 0.01689 -0.67788 0.45294 0.05044 -0.67788 0.45294 0 -0.6541 0.485 0 -0.62869 0.51596 0 -0.75322 -0.31199 0 -0.76666 -0.27442 0 -0.77828 -0.23609 0 -0.23609 -0.77828 0.01688 -0.23609 -0.77828 0.03372 -0.15905 -0.79961 0 -0.19776 -0.78991 0 -0.23609 -0.77828 0 0.54692 -0.60328 0.05044 0.51596 -0.62869 0.05044 0.57649 -0.57649 0 0.54692 -0.60328 0 0.51596 -0.62869 0 0.80546 0.11958 0.05044 0.79961 0.15905 0 0.80546 0.11958 0 0.80939 0.07972 0 0.31199 0.75322 0 0.34807 0.73615 0 -0.57649 0.57649 0 -0.54691 0.60329 0 -0.51595 0.62869 -0 -0.80546 -0.11958 0.05044 -0.79961 -0.15905 0 -0.80546 -0.11958 0 -0.80939 -0.07972 -0 -0.34807 -0.73615 0.05044 -0.31199 -0.75322 0 -0.34807 -0.73615 0 0.41871 -0.69839 0.05044 0.45294 -0.67788 0 0.41871 -0.69839 0 0.34807 -0.73615 0 0.81331 -0.03986 0.05044 0.81528 0 0 0.81331 -0.03986 0 0.80939 -0.07972 -0 0.14632 0.98559 -0.00301 0.09755 0.99039 -0.00301 0.19462 0.97843 -0.00301 0.04877 0.9952 0.00866 0.04877 0.9952 -0.00301 0 0.9976 -0.00301 0.04877 0.9952 0.03199 0.04875 0.99481 0.04195 0.33579 0.93811 -0.00301 0.28889 0.95233 -0.00301 0.38176 0.92166 -0.00301 0.24199 0.96656 -0.00301 0.24199 0.96656 0.03199 0.24189 0.96618 0.04195 0.51235 0.85457 -0.00301 0.46913 0.87767 -0.00301 0.55424 0.82947 -0.00301 0.42591 0.90078 -0.00301 0.42591 0.90078 0.03199 0.42574 0.90043 0.04195 0.66922 0.7382 -0.00301 0.63134 0.76929 -0.00301 0.70541 0.70541 0.00866 0.70541 0.70541 -0.00301 0.59345 0.80038 -0.00301 0.59345 0.80038 0.03199 0.59322 0.80007 0.04195 0.80038 0.59345 -0.00301 0.76929 0.63134 -0.00301 0.82947 0.55424 -0.00301 0.7382 0.66922 -0.00301 0.7382 0.66922 0.03199 0.73791 0.66896 0.04195 0.90078 0.42591 -0.00301 0.87767 0.46913 -0.00301 0.92166 0.38176 -0.00301 0.85457 0.51235 -0.00301 0.85457 0.51235 0.03199 0.85424 0.51215 0.04195 0.96656 0.24199 -0.00301 0.95233 0.28889 -0.00301 0.97843 0.19462 -0.00301 0.93811 0.33579 0.00866 0.93811 0.33579 -0.00301 0.93811 0.33579 0.02032 0.93811 0.33579 0.03199 0.93774 0.33566 0.04195 0.9952 0.04877 -0.00301 0.99039 0.09755 -0.00301 0.9976 0 -0.00301 0.98559 0.14632 -0.00301 0.98559 0.14632 0.03199 0.98521 0.14626 0.04195 0.98559 -0.14632 -0.00301 0.99039 -0.09755 -0.00301 0.97843 -0.19462 -0.00301 0.9952 -0.04877 0.00866 0.9952 -0.04877 -0.00301 0.9952 -0.04877 0.03199 0.99481 -0.04875 0.04195 0.93811 -0.33579 -0.00301 0.95233 -0.28889 -0.00301 0.92166 -0.38176 -0.00301 0.96656 -0.24199 -0.00301 0.96656 -0.24199 0.03199 0.96618 -0.24189 0.04195 0.85457 -0.51235 -0.00301 0.87767 -0.46913 -0.00301 0.82947 -0.55424 -0.00301 0.90078 -0.42591 0.00866 0.90078 -0.42591 -0.00301 0.90078 -0.4259 0.02032 0.90078 -0.4259 0.03199 0.90043 -0.42574 0.04195 0.7382 -0.66922 -0.00301 0.76929 -0.63134 -0.00301 0.70541 -0.70541 -0.00301 0.80038 -0.59345 -0.00301 0.80038 -0.59345 0.03199 0.80007 -0.59322 0.04195 0.59345 -0.80038 -0.00301 0.63134 -0.76929 -0.00301 0.55424 -0.82947 -0.00301 0.66922 -0.7382 0.00866 0.66922 -0.7382 -0.00301 0.66922 -0.7382 0.03199 0.66896 -0.73791 0.04195 0.4259 -0.90078 -0.00301 0.46913 -0.87767 -0.00301 0.38176 -0.92166 -0.00301 0.51235 -0.85457 -0.00301 0.51235 -0.85457 0.03199 0.51215 -0.85424 0.04195 0.24199 -0.96656 -0.00301 0.28889 -0.95233 -0.00301 0.19462 -0.97843 -0.00301 0.33578 -0.93811 -0.00301 0.33578 -0.93811 0.03199 0.33565 -0.93774 0.04195 0.04877 -0.9952 -0.00301 0.09754 -0.99039 -0.00301 -0 -0.9976 -0.00301 0.14632 -0.98559 -0.00301 0.14632 -0.98559 0.03199 0.14626 -0.98521 0.04195 -0.14632 -0.98559 -0.00301 -0.09755 -0.99039 -0.00301 -0.19462 -0.97843 -0.00301 -0.04877 -0.9952 0.00866 -0.04877 -0.9952 -0.00301 -0.04877 -0.9952 0.03199 -0.04875 -0.99481 0.04195 -0.33579 -0.93811 -0.00301 -0.28889 -0.95233 -0.00301 -0.38176 -0.92166 -0.00301 -0.24199 -0.96656 -0.00301 -0.24199 -0.96656 0.03199 -0.2419 -0.96618 0.04195 -0.51235 -0.85457 -0.00301 -0.46913 -0.87767 -0.00301 -0.55424 -0.82947 -0.00301 -0.42591 -0.90078 -0.00301 -0.42591 -0.90078 0.03199 -0.42574 -0.90043 0.04195 -0.66922 -0.7382 -0.00301 -0.63134 -0.76929 -0.00301 -0.70541 -0.70541 -0.00301 -0.59345 -0.80038 -0.00301 -0.59345 -0.80038 0.03199 -0.59322 -0.80007 0.04195 -0.80038 -0.59345 -0.00301 -0.76929 -0.63134 -0.00301 -0.82947 -0.55424 -0.00301 -0.7382 -0.66922 0.00866 -0.7382 -0.66922 -0.00301 -0.7382 -0.66922 0.03199 -0.73791 -0.66896 0.04195 -0.90078 -0.4259 -0.00301 -0.87767 -0.46913 -0.00301 -0.92166 -0.38176 -0.00301 -0.85457 -0.51235 -0.00301 -0.85457 -0.51235 0.03199 -0.85424 -0.51215 0.04195 -0.96656 -0.24199 -0.00301 -0.95233 -0.28889 -0.00301 -0.97843 -0.19462 -0.00301 -0.93811 -0.33578 -0.00301 -0.93811 -0.33578 0.03199 -0.93774 -0.33565 0.04195 -0.9952 -0.04877 -0.00301 -0.99039 -0.09754 -0.00301 -0.9976 0 -0.00301 -0.98559 -0.14632 -0.00301 -0.98559 -0.14632 0.03199 -0.98521 -0.14626 0.04195 -0.98559 0.14632 -0.00301 -0.99039 0.09755 -0.00301 -0.97843 0.19462 -0.00301 -0.9952 0.04877 0.00866 -0.9952 0.04877 -0.00301 -0.9952 0.04877 0.03199 -0.99481 0.04875 0.04195 -0.93811 0.33579 -0.00301 -0.95233 0.28889 -0.00301 -0.92166 0.38177 -0.00301 -0.96656 0.24199 -0.00301 -0.96656 0.24199 0.03199 -0.96618 0.2419 0.04195 -0.85457 0.51235 -0.00301 -0.87767 0.46913 -0.00301 -0.82947 0.55424 -0.00301 -0.90078 0.42591 -0.00301 -0.90078 0.42591 0.03199 -0.90043 0.42574 0.04195 -0.7382 0.66922 -0.00301 -0.70541 0.70541 -0.00301 -0.80038 0.59346 -0.00301 -0.80007 0.59323 0.04195 -0.59345 0.80038 -0.00301 -0.63134 0.76929 -0.00301 -0.55423 0.82947 -0.00301 -0.66922 0.7382 0.00866 -0.66922 0.7382 -0.00301 -0.66922 0.7382 0.03199 -0.66896 0.73791 0.04195 -0.4259 0.90078 -0.00301 -0.46913 0.87768 -0.00301 -0.38176 0.92166 -0.00301 -0.51235 0.85457 -0.00301 -0.51235 0.85457 0.03199 -0.51215 0.85424 0.04195 0.89594 0.42362 0.0582 0.89782 0.42451 0.05335 0.8887 0.4202 0.06184 0.89938 0.42524 0.0485 0.92023 0.38117 0.0485 0.87631 0.4684 0.0485 0.85325 0.51155 0.0485 0.82819 0.55338 0.0485 -0.04877 0.9952 -0.00301 -0.09754 0.99039 -0.00301 -0.14632 0.98559 -0.00301 -0.19462 0.97843 -0.00301 -0.14632 0.98559 0.03199 -0.14626 0.98521 0.04195 -0.24199 0.96656 -0.00301 -0.28889 0.95233 -0.00301 -0.33578 0.93811 -0.00301 -0.33578 0.93811 0.03199 -0.33565 0.93774 0.04195 -0.6179 -0.68159 0.06305 -0.64714 -0.71384 0.06305 -0.6087 -0.67144 0.06191 -0.68214 -0.68213 0.06305 -0.66025 -0.7283 0.06184 -0.61051 -0.74391 0.06305 -0.57388 -0.77397 0.06305 -0.53595 -0.80211 0.06305 -0.9803 0.14553 0.0582 -0.98236 0.14584 0.05335 -0.97238 0.14436 0.06184 -0.98406 0.14609 0.0485 -0.97691 0.19432 0.0485 -0.98886 0.0974 0.0485 -0.99365 0.0487 0.0485 -0.99605 0 0.0485 0.59027 -0.79609 0.0582 0.59151 -0.79775 0.05335 0.5855 -0.78965 0.06184 0.59253 -0.79914 0.0485 0.55338 -0.82819 0.0485 0.63036 -0.7681 0.0485 0.66819 -0.73705 0.0485 0.70431 -0.70431 0.0485 -0.04851 0.98986 0.0582 -0.04861 0.99193 0.05335 -0.04812 0.98186 0.06184 -0.0487 0.99365 0.0485 0 0.99605 0.0485 -0.09739 0.98886 0.0485 -0.14609 0.98406 0.0485 -0.19432 0.97691 0.0485 -0.66563 -0.73424 0.0582 -0.66703 -0.73578 0.05335 -0.66819 -0.73705 0.0485 -0.70432 -0.70431 0.0485 -0.63036 -0.7681 0.0485 -0.59253 -0.79914 0.0485 -0.55338 -0.82819 0.0485 0.98986 0.04851 0.0582 0.99193 0.04861 0.05335 0.98186 0.04812 0.06184 0.99365 0.0487 0.0485 0.99605 0 0.0485 0.98886 0.09739 0.0485 0.98406 0.14609 0.0485 0.97691 0.19432 0.0485 -0.84999 0.5096 0.0582 -0.85177 0.51067 0.05335 -0.84312 0.50548 0.06184 -0.85325 0.51156 0.0485 -0.82819 0.55338 0.0485 -0.87631 0.4684 0.0485 -0.89938 0.42525 0.0485 -0.92023 0.38117 0.0485 0.24069 -0.96137 0.0582 0.24119 -0.96339 0.05335 0.23874 -0.9536 0.06184 0.24161 -0.96506 0.0485 0.19432 -0.97691 0.0485 0.28844 -0.95086 0.0485 0.33526 -0.93665 0.0485 0.38117 -0.92023 0.0485 0.5096 0.84999 0.0582 0.51067 0.85177 0.05335 0.50548 0.84312 0.06184 0.51155 0.85325 0.0485 0.55338 0.82819 0.0485 0.4684 0.87631 0.0485 0.42524 0.89938 0.0485 0.38117 0.92023 0.0485 -0.89782 -0.42451 0.05335 -0.8887 -0.4202 0.06184 -0.89938 -0.42524 0.0485 -0.92023 -0.38117 0.0485 -0.87631 -0.4684 0.0485 -0.85325 -0.51155 0.0485 -0.82819 -0.55338 0.0485 0.93307 -0.33398 0.0582 0.93503 -0.33468 0.05335 0.92553 -0.33128 0.06184 0.93665 -0.33526 0.0485 0.92023 -0.38117 0.0485 0.95086 -0.28844 0.0485 0.96506 -0.24161 0.0485 0.97691 -0.19432 0.0485 -0.59027 0.79609 0.0582 -0.59151 0.79776 0.05335 -0.5855 0.78965 0.06184 -0.59253 0.79914 0.0485 -0.55338 0.82819 0.0485 -0.63036 0.7681 0.0485 -0.66818 0.73705 0.0485 -0.70431 0.70432 0.0485 -0.14553 -0.9803 0.0582 -0.14584 -0.98236 0.05335 -0.14436 -0.97238 0.06184 -0.14609 -0.98406 0.0485 -0.19432 -0.97691 0.0485 -0.09739 -0.98886 0.0485 -0.0487 -0.99365 0.0485 -0 -0.99605 0.0485 0.79609 0.59027 0.0582 0.79775 0.59151 0.05335 0.78965 0.5855 0.06184 0.79914 0.59253 0.0485 0.7681 0.63036 0.0485 0.73705 0.66819 0.0485 0.70431 0.70431 0.0485 -0.98986 -0.04851 0.0582 -0.99193 -0.04861 0.05335 -0.98186 -0.04812 0.06184 -0.99365 -0.0487 0.0485 -0.98886 -0.09739 0.0485 -0.98406 -0.14609 0.0485 -0.97691 -0.19432 0.0485 0.73424 -0.66563 0.0582 0.73578 -0.66703 0.05335 0.7283 -0.66025 0.06184 0.73705 -0.66819 0.0485 0.7681 -0.63036 0.0485 0.79914 -0.59253 0.0485 0.82819 -0.55338 0.0485 -0.24069 0.96137 0.0582 -0.24119 0.96339 0.05335 -0.23874 0.9536 0.06184 -0.24161 0.96506 0.0485 -0.28844 0.95086 0.0485 -0.33526 0.93665 0.0485 -0.38117 0.92023 0.0485 -0.5096 -0.84999 0.0582 -0.51067 -0.85177 0.05335 -0.50548 -0.84312 0.06184 -0.51155 -0.85325 0.0485 -0.4684 -0.87631 0.0485 -0.42525 -0.89938 0.0485 -0.38117 -0.92023 0.0485 0.96137 0.24069 0.0582 0.96339 0.2412 0.05335 0.9536 0.23875 0.06184 0.96506 0.24161 0.0485 0.95086 0.28844 0.0485 0.93665 0.33526 0.0485 -0.93307 0.33398 0.0582 -0.93503 0.33469 0.05335 -0.92553 0.33129 0.06184 -0.93665 0.33527 0.0485 -0.95086 0.28844 0.0485 -0.96506 0.24161 0.0485 0.42362 -0.89594 0.0582 0.42451 -0.89782 0.05335 0.4202 -0.8887 0.06184 0.42524 -0.89938 0.0485 0.4684 -0.87631 0.0485 0.51155 -0.85325 0.0485 0.33398 0.93307 0.0582 0.33468 0.93503 0.05335 0.33128 0.92553 0.06184 0.33526 0.93665 0.0485 0.28844 0.95086 0.0485 0.24161 0.96506 0.0485 0.19432 0.97691 0.0485 -0.79609 -0.59027 0.0582 -0.79776 -0.59151 0.05335 -0.78965 -0.5855 0.06184 -0.79914 -0.59253 0.0485 -0.7681 -0.63036 0.0485 -0.73705 -0.66818 0.0485 0.9803 -0.14553 0.0582 0.98236 -0.14584 0.05335 0.97238 -0.14436 0.06184 0.98406 -0.14609 0.0485 0.98886 -0.09739 0.0485 0.99365 -0.0487 0.0485 -0.73424 0.66563 0.0582 -0.73578 0.66703 0.05335 -0.7283 0.66025 0.06184 -0.73705 0.66819 0.0485 -0.76809 0.63036 0.0485 -0.79914 0.59254 0.0485 0.04851 -0.98986 0.0582 0.04861 -0.99193 0.05335 0.04812 -0.98186 0.06184 0.0487 -0.99365 0.0485 0.09739 -0.98886 0.0485 0.14609 -0.98406 0.0485 0.66563 0.73424 0.0582 0.66703 0.73578 0.05335 0.66025 0.7283 0.06184 0.66819 0.73705 0.0485 0.63036 0.7681 0.0485 0.59253 0.79914 0.0485 -0.96137 -0.24069 0.0582 -0.96339 -0.24119 0.05335 -0.9536 -0.23874 0.06184 -0.96506 -0.24161 0.0485 -0.95086 -0.28844 0.0485 -0.93665 -0.33526 0.0485 0.14553 0.9803 0.0582 0.14584 0.98236 0.05335 0.14436 0.97238 0.06184 0.14609 0.98406 0.0485 0.09739 0.98886 0.0485 0.0487 0.99365 0.0485 0.84999 -0.5096 0.0582 0.85177 -0.51067 0.05335 0.84312 -0.50548 0.06184 0.85325 -0.51155 0.0485 0.87631 -0.4684 0.0485 0.89938 -0.42524 0.0485 -0.42451 0.89782 0.05335 -0.4202 0.8887 0.06184 -0.42524 0.89938 0.0485 -0.4684 0.87631 0.0485 -0.51155 0.85325 0.0485 -0.33398 -0.93307 0.0582 -0.33468 -0.93503 0.05335 -0.33128 -0.92553 0.06184 -0.33527 -0.93665 0.0485 -0.28844 -0.95086 0.0485 -0.24161 -0.96506 0.0485 -0.87472 -0.21899 0.04935 -0.87079 -0.21801 0.04592 -0.87472 -0.21899 0.05848 -0.88546 -0.17613 0.05848 -0.87915 -0.2201 0.06191 -0.86184 -0.26144 0.05848 -0.83409 -0.34549 0.05848 0.22343 -0.89244 0.06305 0.2201 -0.87915 0.06191 0.234 -0.93467 0.06305 0.1882 -0.94615 0.06305 0.27936 -0.92091 0.06305 0.32471 -0.90716 0.06305 0.36917 -0.89125 0.06305 0.86617 -0.31003 0.06305 0.90716 -0.32471 0.06305 0.85327 -0.30542 0.06191 0.89125 -0.36917 0.06305 0.92091 -0.27936 0.06305 0.93467 -0.234 0.06305 0.94615 -0.1882 0.06305 0.739 0.54794 0.06305 0.728 0.53979 0.06191 0.77397 0.57387 0.06305 0.80211 0.53595 0.06305 0.74391 0.61051 0.06305 0.71384 0.64714 0.06305 0.68213 0.68213 0.06305 -0.22343 0.89244 0.06305 -0.2201 0.87915 0.06191 -0.234 0.93467 0.06305 -0.1882 0.94615 0.06305 -0.27935 0.92091 0.06305 -0.32471 0.90716 0.06305 -0.36917 0.89125 0.06305 -0.86616 0.31004 0.06305 -0.85327 0.30542 0.06191 -0.90715 0.32471 0.06305 -0.89125 0.36917 0.06305 -0.93467 0.23401 0.06305 -0.94615 0.1882 0.06305 -0.739 -0.54794 0.06305 -0.728 -0.53978 0.06191 -0.77397 -0.57387 0.06305 -0.80211 -0.53595 0.06305 -0.74391 -0.61051 0.06305 -0.71384 -0.64714 0.06305 0.04503 -0.91888 0.06305 0.04436 -0.9052 0.06191 0.04716 -0.96236 0.06305 -0 -0.96468 0.06305 0.09433 -0.95772 0.06305 0.14149 -0.95307 0.06305 0.78904 -0.47306 0.06305 0.77729 -0.46601 0.06191 0.82638 -0.49544 0.06305 0.80211 -0.53595 0.06305 0.84872 -0.45365 0.06305 0.87106 -0.41185 0.06305 0.8317 0.39324 0.06305 0.81932 0.38739 0.06191 0.87106 0.41185 0.06305 0.89125 0.36917 0.06305 0.84872 0.45365 0.06305 0.82638 0.49544 0.06305 0.1351 0.91001 0.06305 0.13309 0.89646 0.06191 0.14149 0.95307 0.06305 0.1882 0.94615 0.06305 0.09433 0.95772 0.06305 0.04716 0.96236 0.06305 0 0.96468 0.06305 -0.04503 0.91888 0.06305 -0.04436 0.9052 0.06191 -0.04716 0.96236 0.06305 -0.09433 0.95772 0.06305 -0.14149 0.95307 0.06305 -0.78904 0.47306 0.06305 -0.77729 0.46602 0.06191 -0.82638 0.49545 0.06305 -0.80211 0.53595 0.06305 -0.87106 0.41185 0.06305 -0.8317 -0.39324 0.06305 -0.81932 -0.38739 0.06191 -0.87106 -0.41185 0.06305 -0.89125 -0.36917 0.06305 -0.84872 -0.45365 0.06305 -0.82638 -0.49544 0.06305 -0.1351 -0.91001 0.06305 -0.13309 -0.89646 0.06191 -0.14149 -0.95307 0.06305 -0.1882 -0.94615 0.06305 -0.09433 -0.95772 0.06305 -0.04716 -0.96236 0.06305 0.68159 -0.6179 0.06305 0.67144 -0.6087 0.06191 0.71384 -0.64714 0.06305 0.68213 -0.68213 0.06305 0.74391 -0.61051 0.06305 0.77397 -0.57387 0.06305 0.89244 0.22343 0.06305 0.87915 0.2201 0.06191 0.93467 0.234 0.06305 0.94615 0.1882 0.06305 0.31003 0.86617 0.06305 0.32471 0.90716 0.06305 0.30542 0.85327 0.06191 0.36917 0.89125 0.06305 0.27936 0.92091 0.06305 0.234 0.93467 0.06305 -0.68159 0.6179 0.06305 -0.71384 0.64714 0.06305 -0.67144 0.6087 0.06191 -0.68213 0.68214 0.06305 -0.77397 0.57388 0.06305 -0.89244 -0.22343 0.06305 -0.93467 -0.234 0.06305 -0.94615 -0.1882 0.06305 -0.92091 -0.27935 0.06305 -0.90716 -0.32471 0.06305 -0.31004 -0.86616 0.06305 -0.30542 -0.85327 0.06191 -0.32471 -0.90715 0.06305 -0.36917 -0.89125 0.06305 -0.23401 -0.93467 0.06305 0.54794 -0.739 0.06305 0.53979 -0.728 0.06191 0.57387 -0.77397 0.06305 0.53595 -0.80211 0.06305 0.61051 -0.74391 0.06305 0.64714 -0.71384 0.06305 0.91888 0.04503 0.06305 0.9052 0.04436 0.06191 0.96236 0.04716 0.06305 0.96468 0 0.06305 0.95772 0.09433 0.06305 0.95307 0.14149 0.06305 0.47306 0.78904 0.06305 0.46601 0.77729 0.06191 0.49544 0.82638 0.06305 0.53595 0.80211 0.06305 0.45365 0.84872 0.06305 0.41185 0.87106 0.06305 -0.54794 0.739 0.06305 -0.53978 0.728 0.06191 -0.57387 0.77397 0.06305 -0.53595 0.80211 0.06305 -0.64714 0.71384 0.06305 -0.91888 -0.04503 0.06305 -0.9052 -0.04436 0.06191 -0.96236 -0.04716 0.06305 -0.96468 0 0.06305 -0.95772 -0.09433 0.06305 -0.95307 -0.14149 0.06305 -0.47306 -0.78904 0.06305 -0.46601 -0.77729 0.06191 -0.49545 -0.82638 0.06305 -0.41185 -0.87106 0.06305 0.38739 -0.81932 0.06191 0.41185 -0.87106 0.06305 0.45365 -0.84872 0.06305 0.49544 -0.82638 0.06305 0.91001 -0.1351 0.06305 0.89646 -0.13309 0.06191 0.95307 -0.14149 0.06305 0.95772 -0.09433 0.06305 0.96236 -0.04716 0.06305 0.6179 0.68159 0.06305 0.6087 0.67144 0.06191 0.64714 0.71384 0.06305 0.61051 0.74391 0.06305 0.57387 0.77397 0.06305 -0.38739 0.81932 0.06191 -0.41185 0.87106 0.06305 -0.45365 0.84872 0.06305 -0.91001 0.1351 0.06305 -0.89646 0.13309 0.06191 -0.95307 0.14149 0.06305 -0.95772 0.09433 0.06305 -0.96236 0.04716 0.06305 -0.80318 0.28749 0.04478 -0.79173 0.28339 0.04617 -0.83371 0.29842 0.04478 -0.81909 0.33928 0.04478 -0.84515 0.30251 0.04592 -0.86954 0.17296 0.04478 -0.30388 -0.84897 0.04935 -0.30251 -0.84515 0.04592 -0.30388 -0.84897 0.05848 -0.34549 -0.83409 0.05848 -0.219 -0.87472 0.05848 -0.17613 -0.88546 0.05848 0.53707 -0.72433 0.04935 0.53465 -0.72107 0.04592 0.53707 -0.72433 0.05848 0.50157 -0.75066 0.05848 0.57135 -0.69619 0.05848 0.60563 -0.66806 0.05848 0.63838 -0.63838 0.05848 0.90064 0.04414 0.04935 0.89659 0.04394 0.04592 0.90064 0.04414 0.05848 0.90281 0 0.05848 0.89194 0.13242 0.05848 0.88546 0.17613 0.05848 0.46367 0.77337 0.04935 0.46158 0.7699 0.04592 0.46367 0.77337 0.05848 0.50157 0.75066 0.05848 0.42455 0.79428 0.05848 0.38544 0.81519 0.05848 0.34549 0.83409 0.05848 -0.53706 0.72433 0.04935 -0.53706 0.72433 0.05848 -0.53465 0.72107 0.04592 -0.50157 0.75066 0.05848 -0.57135 0.69619 0.05848 -0.60563 0.66806 0.05848 -0.63838 0.63838 0.05848 -0.90064 -0.04414 0.04935 -0.89659 -0.04394 0.04592 -0.90064 -0.04414 0.05848 -0.90281 0 0.05848 -0.89629 -0.08828 0.05848 -0.89194 -0.13241 0.05848 -0.46367 -0.77337 0.04935 -0.46158 -0.7699 0.04592 -0.46367 -0.77337 0.05848 -0.50157 -0.75066 0.05848 -0.42455 -0.79428 0.05848 -0.38544 -0.81519 0.05848 0.38544 -0.81519 0.04935 0.3837 -0.81152 0.04592 0.38544 -0.81519 0.05848 0.34549 -0.83409 0.05848 0.42455 -0.79428 0.05848 0.89194 -0.13241 0.04935 0.88793 -0.13182 0.04592 0.89194 -0.13241 0.05848 0.89629 -0.08828 0.05848 0.90064 -0.04414 0.05848 0.60563 0.66806 0.04935 0.60291 0.66505 0.04592 0.60563 0.66806 0.05848 0.63838 0.63838 0.05848 0.57135 0.69619 0.05848 -0.38544 0.81519 0.04935 -0.3837 0.81152 0.04592 -0.38544 0.81519 0.05848 -0.34549 0.83409 0.05848 -0.42455 0.79428 0.05848 -0.46367 0.77337 0.05848 -0.89194 0.13242 0.04935 -0.88793 0.13182 0.04592 -0.89194 0.13242 0.05848 -0.88546 0.17613 0.05848 -0.90064 0.04414 0.05848 -0.60564 -0.66806 0.04935 -0.60291 -0.66505 0.04592 -0.60564 -0.66806 0.05848 -0.63838 -0.63838 0.05848 -0.57135 -0.69619 0.05848 0.219 -0.87472 0.04935 0.21801 -0.87079 0.04592 0.219 -0.87472 0.05848 0.17613 -0.88546 0.05848 0.84897 -0.30388 0.04935 0.84515 -0.30251 0.04592 0.84897 -0.30388 0.05848 0.83409 -0.34549 0.05848 0.87472 -0.219 0.05848 0.72433 0.53707 0.04935 0.72433 0.53707 0.05848 0.72107 0.53465 0.04592 0.75066 0.50157 0.05848 0.69619 0.57135 0.05848 0.66806 0.60563 0.05848 -0.21899 0.87472 0.04935 -0.21801 0.87079 0.04592 -0.21899 0.87472 0.05848 -0.17613 0.88546 0.05848 -0.26144 0.86184 0.05848 -0.84897 0.30388 0.04935 -0.84897 0.30388 0.05848 -0.83409 0.34549 0.05848 -0.87472 0.219 0.05848 -0.72433 -0.53707 0.04935 -0.72107 -0.53465 0.04592 -0.72433 -0.53707 0.05848 -0.75066 -0.50157 0.05848 -0.69619 -0.57135 0.05848 -0.66806 -0.60563 0.05848 0.04414 -0.90064 0.04935 0.04414 -0.90064 0.05848 0.04394 -0.89659 0.04592 -0 -0.90281 0.05848 0.08828 -0.89629 0.05848 0.77337 -0.46367 0.04935 0.7699 -0.46158 0.04592 0.77337 -0.46367 0.05848 0.75066 -0.50157 0.05848 0.79428 -0.42455 0.05848 0.81519 0.38544 0.04935 0.81152 0.3837 0.04592 0.81519 0.38544 0.05848 0.83409 0.34549 0.05848 0.79428 0.42455 0.05848 0.13242 0.89194 0.04935 0.13182 0.88793 0.04592 0.13242 0.89194 0.05848 0.17613 0.88546 0.05848 0 0.90281 0.05848 -0.04414 0.90064 0.04935 -0.04414 0.90064 0.05848 -0.04394 0.89659 0.04592 -0.08828 0.89629 0.05848 -0.13241 0.89194 0.05848 -0.77337 0.46367 0.04935 -0.7699 0.46158 0.04592 -0.77337 0.46367 0.05848 -0.75066 0.50157 0.05848 -0.79428 0.42455 0.05848 -0.81519 -0.38544 0.04935 -0.81152 -0.3837 0.04592 -0.81519 -0.38544 0.05848 -0.79428 -0.42455 0.05848 -0.13242 -0.89194 0.04935 -0.13182 -0.88793 0.04592 -0.13242 -0.89194 0.05848 0.66806 -0.60563 0.04935 0.66806 -0.60563 0.05848 0.66505 -0.60291 0.04592 0.69619 -0.57135 0.05848 0.87472 0.219 0.04935 0.87079 0.21801 0.04592 0.87472 0.219 0.05848 0.30388 0.84897 0.04935 0.30251 0.84515 0.04592 0.30388 0.84897 0.05848 0.219 0.87472 0.05848 -0.66806 0.60564 0.04935 -0.66505 0.60291 0.04592 -0.66806 0.60564 0.05848 -0.69619 0.57135 0.05848 -0.49844 0.67224 0.06152 -0.49701 0.6703 0.06571 -0.49844 0.67224 0.05036 -0.4655 0.69668 0.05036 -0.50086 0.6755 0.04617 -0.53026 0.64613 0.05036 -0.59247 0.59247 0.05036 -0.68526 -0.5081 0.04478 -0.71131 -0.52741 0.04478 -0.67549 -0.50086 0.04617 -0.73716 -0.49256 0.04478 -0.65605 -0.59475 0.04478 -0.62691 -0.6269 0.04478 0.04176 -0.85206 0.04478 0.04116 -0.83991 0.04617 0.04334 -0.88444 0.04478 -0 -0.88658 0.04478 0.08669 -0.88017 0.04478 0.13003 -0.8759 0.04478 0.73166 -0.43866 0.04478 0.72123 -0.43241 0.04617 0.75947 -0.45533 0.04478 0.80053 -0.37851 0.04478 0.77122 0.36465 0.04478 0.76023 0.35945 0.04617 0.80053 0.37851 0.04478 0.75947 0.45533 0.04478 0.73716 0.49256 0.04478 0.12527 0.84383 0.04478 0.12349 0.83181 0.04617 0.13003 0.87591 0.04478 0.17296 0.86954 0.04478 0.08669 0.88017 0.04478 0.04334 0.88444 0.04478 -0.04176 0.85206 0.04478 -0.04116 0.83991 0.04617 -0.04334 0.88444 0.04478 -0.08669 0.88017 0.04478 -0.13003 0.87591 0.04478 -0.17296 0.86954 0.04478 -0.73166 0.43866 0.04478 -0.72123 0.43241 0.04617 -0.75947 0.45533 0.04478 -0.73716 0.49256 0.04478 -0.80053 0.37851 0.04478 -0.77122 -0.36465 0.04478 -0.76023 -0.35945 0.04617 -0.80053 -0.37851 0.04478 -0.81909 -0.33928 0.04478 -0.12527 -0.84383 0.04478 -0.12349 -0.83181 0.04617 -0.13003 -0.8759 0.04478 0.63202 -0.57297 0.04478 0.62302 -0.5648 0.04617 0.65605 -0.59475 0.04478 0.62691 -0.62691 0.04478 0.71131 -0.52741 0.04478 0.82754 0.20718 0.04478 0.81575 0.20423 0.04617 0.85899 0.21506 0.04478 0.86954 0.17296 0.04478 0.83371 0.29842 0.04478 0.28749 0.80318 0.04478 0.28339 0.79173 0.04617 0.29842 0.83371 0.04478 0.33928 0.81909 0.04478 0.21506 0.85899 0.04478 -0.63202 0.57297 0.04478 -0.62301 0.5648 0.04617 -0.65604 0.59475 0.04478 -0.6269 0.62691 0.04478 -0.68368 0.56108 0.04478 -0.71131 0.52741 0.04478 -0.82754 -0.20718 0.04478 -0.81575 -0.20423 0.04617 -0.85899 -0.21506 0.04478 -0.86954 -0.17296 0.04478 -0.83371 -0.29842 0.04478 -0.28749 -0.80318 0.04478 -0.28339 -0.79173 0.04617 -0.29842 -0.83371 0.04478 -0.33928 -0.81909 0.04478 -0.21506 -0.85899 0.04478 0.5081 -0.68526 0.04478 0.50086 -0.67549 0.04617 0.52741 -0.71131 0.04478 0.49256 -0.73716 0.04478 0.59475 -0.65605 0.04478 0.85206 0.04176 0.04478 0.83991 0.04116 0.04617 0.88444 0.04334 0.04478 0.88017 0.08669 0.04478 0.87591 0.13003 0.04478 0.43866 0.73166 0.04478 0.43241 0.72123 0.04617 0.45533 0.75947 0.04478 0.49256 0.73716 0.04478 0.37851 0.80053 0.04478 -0.5081 0.68526 0.04478 -0.52741 0.71131 0.04478 -0.49256 0.73716 0.04478 -0.59475 0.65605 0.04478 -0.85206 -0.04176 0.04478 -0.83991 -0.04116 0.04617 -0.88444 -0.04334 0.04478 -0.88658 0 0.04478 -0.88017 -0.08669 0.04478 -0.87591 -0.13003 0.04478 -0.43866 -0.73166 0.04478 -0.43241 -0.72123 0.04617 -0.37851 -0.80053 0.04478 0.36465 -0.77122 0.04478 0.35945 -0.76023 0.04617 0.37851 -0.80053 0.04478 0.33928 -0.81909 0.04478 0.84383 -0.12527 0.04478 0.87591 -0.13003 0.04478 0.83181 -0.12349 0.04617 0.86954 -0.17296 0.04478 0.88017 -0.08669 0.04478 0.88444 -0.04334 0.04478 0.57297 0.63202 0.04478 0.5648 0.62302 0.04617 0.59475 0.65605 0.04478 0.62691 0.62691 0.04478 0.52741 0.71131 0.04478 -0.36465 0.77122 0.04478 -0.35945 0.76023 0.04617 -0.37851 0.80053 0.04478 -0.33928 0.81909 0.04478 -0.84383 0.12527 0.04478 -0.83181 0.12349 0.04617 -0.8759 0.13004 0.04478 -0.88444 0.04335 0.04478 -0.57297 -0.63202 0.04478 -0.5648 -0.62302 0.04617 -0.59475 -0.65604 0.04478 -0.56108 -0.68368 0.04478 -0.52741 -0.71131 0.04478 0.20718 -0.82754 0.04478 0.20423 -0.81575 0.04617 0.21506 -0.85899 0.04478 0.29842 -0.83371 0.04478 0.80318 -0.28749 0.04478 0.79173 -0.28339 0.04617 0.83371 -0.29842 0.04478 0.85899 -0.21506 0.04478 0.68526 0.5081 0.04478 0.67549 0.50086 0.04617 0.71131 0.52741 0.04478 0.65605 0.59475 0.04478 -0.20718 0.82754 0.04478 -0.20423 0.81575 0.04617 -0.21506 0.85899 0.04478 -0.29842 0.83371 0.04478 0.11982 0.80709 0.0671 0.11964 0.80587 0.06294 0.12148 0.81826 0.0671 0.16158 0.81231 0.0671 0.12254 0.82541 0.06571 0.08098 0.82225 0.0671 0.04049 0.82623 0.0671 -0.83587 -0.04096 0.06152 -0.83346 -0.04085 0.06571 -0.83587 -0.04096 0.05036 -0.83788 0 0.05036 -0.82178 -0.16346 0.05036 -0.43032 -0.71776 0.06152 -0.42908 -0.71569 0.06571 -0.43032 -0.71776 0.05036 -0.4655 -0.69667 0.05036 -0.35772 -0.75656 0.05036 -0.32064 -0.7741 0.05036 0.35772 -0.75656 0.06152 0.35669 -0.75438 0.06571 0.35772 -0.75656 0.05036 0.43032 -0.71776 0.05036 0.4655 -0.69667 0.05036 0.8278 -0.12289 0.06152 0.82541 -0.12254 0.06571 0.8278 -0.12289 0.05036 0.82178 -0.16346 0.05036 0.83587 -0.04096 0.05036 0.56208 0.62001 0.06152 0.56208 0.62001 0.05036 0.56046 0.61823 0.06571 0.59247 0.59247 0.05036 0.53026 0.64613 0.05036 0.49844 0.67224 0.05036 0.4655 0.69667 0.05036 -0.35772 0.75656 0.06152 -0.35669 0.75438 0.06571 -0.35772 0.75656 0.05036 -0.8278 0.12289 0.06152 -0.82541 0.12254 0.06571 -0.8278 0.12289 0.05036 -0.82178 0.16346 0.05036 -0.83183 0.08193 0.05036 -0.83587 0.04097 0.05036 -0.56208 -0.62001 0.06152 -0.56046 -0.61823 0.06571 -0.56208 -0.62001 0.05036 -0.59247 -0.59247 0.05036 -0.49844 -0.67224 0.05036 0.20325 -0.81181 0.06152 0.20266 -0.80948 0.06571 0.20325 -0.81181 0.05036 0.16346 -0.82178 0.05036 0.24264 -0.79986 0.05036 0.28203 -0.78792 0.05036 0.78792 -0.28203 0.06152 0.78565 -0.28121 0.06571 0.78792 -0.28203 0.05036 0.7741 -0.32064 0.05036 0.79987 -0.24264 0.05036 0.81181 -0.20325 0.05036 0.67224 0.49844 0.06152 0.6703 0.49701 0.06571 0.67224 0.49844 0.05036 0.69667 0.4655 0.05036 0.64613 0.53026 0.05036 -0.20325 0.81181 0.06152 -0.20266 0.80948 0.06571 -0.20325 0.81181 0.05036 -0.16346 0.82178 0.05036 -0.24264 0.79987 0.05036 -0.28203 0.78792 0.05036 -0.78792 0.28203 0.06152 -0.78565 0.28121 0.06571 -0.78792 0.28203 0.05036 -0.79986 0.24264 0.05036 -0.81181 0.20325 0.05036 -0.67224 -0.49844 0.06152 -0.6703 -0.49701 0.06571 -0.67224 -0.49844 0.05036 -0.69668 -0.4655 0.05036 -0.64613 -0.53026 0.05036 0.04096 -0.83587 0.06152 0.04085 -0.83346 0.06571 0.04096 -0.83587 0.05036 0.12289 -0.8278 0.05036 0.71776 -0.43032 0.06152 0.71569 -0.42908 0.06571 0.71776 -0.43032 0.05036 0.69667 -0.4655 0.05036 0.75656 -0.35772 0.05036 0.75656 0.35772 0.06152 0.75438 0.35669 0.06571 0.75656 0.35772 0.05036 0.71776 0.43032 0.05036 0.12289 0.8278 0.06152 0.12289 0.8278 0.05036 0.16346 0.82178 0.05036 0.08193 0.83183 0.05036 0.04096 0.83587 0.05036 -0.04096 0.83587 0.06152 -0.04085 0.83346 0.06571 -0.04096 0.83587 0.05036 -0.12289 0.8278 0.05036 -0.71776 0.43032 0.06152 -0.71569 0.42908 0.06571 -0.71776 0.43032 0.05036 -0.75656 0.35772 0.05036 -0.75656 -0.35772 0.06152 -0.75438 -0.35669 0.06571 -0.75656 -0.35772 0.05036 -0.71776 -0.43032 0.05036 -0.12289 -0.8278 0.06152 -0.12254 -0.82541 0.06571 -0.12289 -0.8278 0.05036 -0.16346 -0.82178 0.05036 -0.08193 -0.83183 0.05036 -0.04096 -0.83587 0.05036 0.62001 -0.56208 0.06152 0.62001 -0.56208 0.05036 0.61823 -0.56046 0.06571 0.59247 -0.59247 0.05036 0.64613 -0.53026 0.05036 0.67224 -0.49844 0.05036 0.81181 0.20325 0.06152 0.80948 0.20266 0.06571 0.81181 0.20325 0.05036 0.82178 0.16346 0.05036 0.79987 0.24264 0.05036 0.78792 0.28203 0.05036 0.28203 0.78792 0.06152 0.28121 0.78565 0.06571 0.28203 0.78792 0.05036 0.32064 0.7741 0.05036 0.24264 0.79987 0.05036 0.20325 0.81181 0.05036 -0.62001 0.56208 0.06152 -0.61823 0.56046 0.06571 -0.62001 0.56208 0.05036 -0.67224 0.49844 0.05036 -0.81181 -0.20325 0.06152 -0.80948 -0.20266 0.06571 -0.81181 -0.20325 0.05036 -0.79987 -0.24264 0.05036 -0.78792 -0.28203 0.05036 -0.28203 -0.78792 0.06152 -0.28121 -0.78565 0.06571 -0.28203 -0.78792 0.05036 -0.24264 -0.79986 0.05036 -0.20325 -0.81181 0.05036 0.49844 -0.67224 0.06152 0.49701 -0.6703 0.06571 0.49844 -0.67224 0.05036 0.53026 -0.64613 0.05036 0.83587 0.04096 0.06152 0.83346 0.04085 0.06571 0.83587 0.04096 0.05036 0.83183 0.08193 0.05036 0.8278 0.12289 0.05036 0.43032 0.71776 0.06152 0.42908 0.71569 0.06571 0.43032 0.71776 0.05036 0.35772 0.75656 0.05036 0.54692 0.60328 0.05044 0.54692 0.60328 0 0.57649 0.57649 0.05044 0.54719 0.60359 0.06294 0.51596 0.62869 0.05044 0.48499 0.6541 0.05044 0.45294 0.67788 0.05044 -0.03994 0.81496 0.0671 -0.03988 0.81373 0.06294 -0.04049 0.82623 0.0671 -0.08098 0.82225 0.0671 -0.12148 0.81826 0.0671 -0.16158 0.81231 0.0671 -0.6998 0.41956 0.0671 -0.69874 0.41892 0.06294 -0.70948 0.42536 0.0671 -0.68865 0.46014 0.0671 -0.72866 0.38948 0.0671 -0.74785 0.3536 0.0671 -0.73764 -0.34877 0.0671 -0.73652 -0.34824 0.06294 -0.74785 -0.3536 0.0671 -0.76518 -0.31695 0.0671 -0.70949 -0.42536 0.0671 -0.68865 -0.46014 0.0671 -0.11982 -0.80709 0.0671 -0.11964 -0.80587 0.06294 -0.12148 -0.81826 0.0671 -0.16158 -0.81231 0.0671 -0.08098 -0.82225 0.0671 -0.04049 -0.82623 0.0671 0.61287 -0.5556 0.0671 0.60359 -0.54719 0.06294 0.58565 -0.58565 0.0671 0.66449 -0.4927 0.0671 0.68865 -0.46014 0.0671 0.79151 0.19816 0.0671 0.79031 0.19786 0.06294 0.80246 0.2009 0.0671 0.81231 0.16158 0.0671 0.76518 0.31695 0.0671 0.27497 0.76821 0.0671 0.27878 0.77884 0.0671 0.27456 0.76705 0.06294 0.2009 0.80246 0.0671 -0.6045 0.54802 0.0671 -0.61287 0.5556 0.0671 -0.60359 0.54719 0.06294 -0.58565 0.58565 0.0671 -0.66449 0.4927 0.0671 -0.79151 -0.19816 0.0671 -0.79031 -0.19786 0.06294 -0.80246 -0.2009 0.0671 -0.81231 -0.16158 0.0671 -0.27497 -0.76821 0.0671 -0.27878 -0.77884 0.0671 -0.27456 -0.76705 0.06294 -0.31695 -0.76518 0.0671 0.48598 -0.65542 0.0671 0.48524 -0.65443 0.06294 0.4927 -0.66449 0.0671 0.46014 -0.68865 0.0671 0.81496 0.03994 0.0671 0.81373 0.03988 0.06294 0.82623 0.04049 0.0671 0.82225 0.08098 0.0671 0.81826 0.12148 0.0671 0.41956 0.6998 0.0671 0.41892 0.69874 0.06294 0.42536 0.70949 0.0671 0.46014 0.68865 0.0671 0.3536 0.74785 0.0671 -0.48597 0.65543 0.0671 -0.48524 0.65443 0.06294 -0.4927 0.66449 0.0671 -0.46014 0.68865 0.0671 -0.5556 0.61287 0.0671 -0.81496 -0.03994 0.0671 -0.81373 -0.03988 0.06294 -0.82623 -0.04049 0.0671 -0.82225 -0.08098 0.0671 -0.81826 -0.12148 0.0671 -0.41956 -0.6998 0.0671 -0.41892 -0.69874 0.06294 -0.42536 -0.70948 0.0671 -0.46014 -0.68865 0.0671 -0.38948 -0.72866 0.0671 -0.3536 -0.74785 0.0671 0.34877 -0.73764 0.0671 0.34824 -0.73652 0.06294 0.3536 -0.74785 0.0671 0.31695 -0.76518 0.0671 0.42536 -0.70949 0.0671 0.80709 -0.11982 0.0671 0.80587 -0.11964 0.06294 0.81826 -0.12148 0.0671 0.81231 -0.16158 0.0671 0.82225 -0.08098 0.0671 0.82623 -0.04049 0.0671 0.5556 0.61287 0.0671 0.58565 0.58565 0.0671 0.4927 0.66449 0.0671 -0.34877 0.73764 0.0671 -0.34824 0.73652 0.06294 -0.35359 0.74785 0.0671 -0.31695 0.76518 0.0671 -0.38948 0.72867 0.0671 -0.42536 0.70949 0.0671 -0.80709 0.11982 0.0671 -0.80587 0.11964 0.06294 -0.81826 0.12148 0.0671 -0.81231 0.16158 0.0671 -0.82225 0.08099 0.0671 -0.82623 0.04049 0.0671 -0.5556 -0.61287 0.0671 -0.54719 -0.60359 0.06294 -0.58565 -0.58565 0.0671 -0.4927 -0.66449 0.0671 0.19816 -0.79151 0.0671 0.19786 -0.79031 0.06294 0.2009 -0.80246 0.0671 0.16158 -0.81231 0.0671 0.76821 -0.27497 0.0671 0.77884 -0.27878 0.0671 0.76705 -0.27456 0.06294 0.76518 -0.31695 0.0671 0.80246 -0.2009 0.0671 0.65542 0.48598 0.0671 0.65443 0.48524 0.06294 0.66449 0.4927 0.0671 0.68865 0.46014 0.0671 0.61287 0.5556 0.0671 -0.19816 0.79151 0.0671 -0.19786 0.79031 0.06294 -0.2009 0.80246 0.0671 -0.27878 0.77884 0.0671 -0.76821 0.27497 0.0671 -0.77884 0.27878 0.0671 -0.76705 0.27456 0.06294 -0.79065 0.23984 0.0671 -0.80246 0.20091 0.0671 -0.65542 -0.48597 0.0671 -0.65443 -0.48524 0.06294 -0.66449 -0.4927 0.0671 -0.61287 -0.5556 0.0671 0.03994 -0.81496 0.0671 0.03988 -0.81373 0.06294 0.04049 -0.82623 0.0671 0.08098 -0.82225 0.0671 0.12148 -0.81826 0.0671 0.6998 -0.41956 0.0671 0.69874 -0.41892 0.06294 0.70949 -0.42536 0.0671 0.74785 -0.3536 0.0671 0.73764 0.34877 0.0671 0.73652 0.34824 0.06294 0.74785 0.3536 0.0671 0.70949 0.42536 0.0671 -0.34807 0.73615 0 -0.31199 0.75322 0.05044 -0.41871 0.69839 0.05044 -0.45294 0.67788 0.05044 -0.80546 0.11958 0.05044 -0.80546 0.11958 0 -0.79961 0.15905 0.05044 -0.80939 0.07972 0.05044 -0.81528 0 0.05044 -0.54692 -0.60328 0 -0.54692 -0.60328 0.05044 -0.57649 -0.57649 0.05044 -0.485 -0.6541 0.05044 -0.45294 -0.67788 0.05044 0.19776 -0.78991 0.05044 0.19776 -0.78991 0 0.15905 -0.79961 0.05044 0.23609 -0.77828 0.05044 0.27442 -0.76666 0.05044 0.31199 -0.75322 0.05044 0.76666 -0.27442 0.05044 0.76666 -0.27442 0 0.75322 -0.31199 0.05044 0.78991 -0.19776 0.05044 0.79961 -0.15905 0.05044 0.6541 0.485 0 0.6541 0.485 0.05044 0.67788 0.45294 0.05044 0.62869 0.51596 0.05044 -0.19776 0.78991 0.05044 -0.19776 0.78991 0 -0.15905 0.79961 0.05044 -0.23609 0.77829 0.05044 -0.27442 0.76666 0.05044 -0.76666 0.27442 0.05044 -0.76666 0.27442 0 -0.75322 0.31199 0.05044 -0.78991 0.19776 0.05044 -0.6541 -0.48499 0.05044 -0.6541 -0.48499 0 -0.67788 -0.45294 0.05044 -0.62869 -0.51595 0.05044 -0.60329 -0.54692 0.05044 0.03986 -0.81331 0 0.03986 -0.81331 0.05044 -0 -0.81528 0.05044 0.07972 -0.80939 0.05044 0.69839 -0.41871 0.05044 0.69839 -0.41871 0 0.67788 -0.45294 0.05044 0.73615 0.34807 0 0.73615 0.34807 0.05044 0.75322 0.31199 0.05044 0.11958 0.80546 0.05044 0.11958 0.80546 0 0.15905 0.79961 0.05044 0.07972 0.80939 0.05044 0 0.81528 0.05044 -0.03986 0.81331 0.05044 -0.03986 0.81331 0 -0.07972 0.80939 0.05044 -0.11958 0.80546 0.05044 -0.69839 0.41871 0 -0.69839 0.41871 0.05044 -0.73615 -0.34807 0.05044 -0.75322 -0.31199 0.05044 -0.69839 -0.41871 0.05044 -0.11958 -0.80546 0.05044 -0.11958 -0.80546 0 -0.15905 -0.79961 0.05044 -0.07972 -0.80939 0.05044 -0.03986 -0.81331 0.05044 0.60328 -0.54692 0.05044 0.60328 -0.54692 0 0.57649 -0.57649 0.05044 0.6541 -0.48499 0.05044 0.78991 0.19776 0.05044 0.78991 0.19776 0 0.79961 0.15905 0.05044 0.77828 0.23609 0.05044 0.76666 0.27442 0.05044 0.27442 0.76666 0.05044 0.27442 0.76666 0 0.31199 0.75322 0.05044 0.23609 0.77828 0.05044 -0.60328 0.54692 0.05044 -0.60328 0.54692 0 -0.57649 0.57649 0.05044 -0.6541 0.485 0.05044 -0.78991 -0.19776 0.05044 -0.78991 -0.19776 0 -0.79961 -0.15905 0.05044 -0.77828 -0.23609 0.05044 -0.76666 -0.27442 0.05044 -0.27442 -0.76666 0.05044 -0.27442 -0.76666 0 -0.31199 -0.75322 0.05044 -0.23609 -0.77828 0.05044 -0.19776 -0.78991 0.05044 0.48499 -0.6541 0 0.48499 -0.6541 0.05044 0.45294 -0.67788 0.05044 0.81331 0.03986 0.05044 0.81331 0.03986 0 0.81528 0 0.05044 0.80939 0.07972 0.05044 0.41871 0.69839 0.05044 0.41871 0.69839 0 0.34807 0.73615 0.05044 -0.48499 0.6541 0.05044 -0.48499 0.6541 0 -0.51595 0.62869 0.05044 -0.54691 0.60329 0.05044 -0.81331 -0.03986 0.05044 -0.81331 -0.03986 0 -0.80939 -0.07972 0.05044 -0.41871 -0.69839 0.05044 -0.41871 -0.69839 0 0.34807 -0.73615 0.05044 0.80546 -0.11958 0.05044 0.80546 -0.11958 0 0.80939 -0.07972 0.05044 0.14632 0.98559 -0.03199 0.09755 0.99039 -0.03199 0.19462 0.97843 -0.03199 0.19455 0.97805 -0.04195 0.14626 0.98521 -0.04195 0.09751 0.99001 -0.04195 0.33579 0.93811 -0.03199 0.28889 0.95233 -0.03199 0.38176 0.92166 -0.03199 0.38162 0.9213 -0.04195 0.33566 0.93774 -0.04195 0.28877 0.95196 -0.04195 0.51235 0.85457 -0.03199 0.46913 0.87767 -0.03199 0.55424 0.82947 -0.03199 0.55402 0.82915 -0.04195 0.51215 0.85424 -0.04195 0.46895 0.87733 -0.04195 0.66922 0.7382 -0.03199 0.63134 0.76929 -0.03199 0.63134 0.76929 -0.02032 0.66922 0.7382 -0.02032 0.70541 0.70541 -0.03199 0.70514 0.70514 -0.04195 0.66896 0.73791 -0.04195 0.63109 0.76899 -0.04195 0.80038 0.59345 -0.03199 0.76929 0.63134 -0.03199 0.82947 0.55424 -0.03199 0.82915 0.55402 -0.04195 0.80007 0.59322 -0.04195 0.76899 0.63109 -0.04195 0.90078 0.42591 -0.03199 0.87767 0.46913 -0.03199 0.92166 0.38176 -0.03199 0.9213 0.38162 -0.04195 0.90043 0.42574 -0.04195 0.87733 0.46895 -0.04195 0.96656 0.24199 -0.03199 0.95233 0.28889 -0.03199 0.97843 0.19462 -0.03199 0.97805 0.19455 -0.04195 0.96618 0.24189 -0.04195 0.95196 0.28877 -0.04195 0.9952 0.04877 -0.03199 0.99039 0.09755 -0.03199 0.9976 0 -0.02032 0.9976 0 -0.03199 0.99721 0 -0.04195 0.99481 0.04875 -0.04195 0.99001 0.09751 -0.04195 0.98559 -0.14632 -0.03199 0.99039 -0.09755 -0.03199 0.97843 -0.19462 -0.03199 0.97805 -0.19455 -0.04195 0.98521 -0.14626 -0.04195 0.99001 -0.09751 -0.04195 0.93811 -0.33578 -0.03199 0.95233 -0.28889 -0.03199 0.95233 -0.28889 -0.02032 0.93811 -0.33579 -0.02032 0.92166 -0.38176 -0.02032 0.92166 -0.38176 -0.03199 0.9213 -0.38162 -0.04195 0.93774 -0.33565 -0.04195 0.95196 -0.28877 -0.04195 0.85457 -0.51235 -0.03199 0.87767 -0.46913 -0.03199 0.87767 -0.46913 -0.02032 0.82947 -0.55424 -0.03199 0.82915 -0.55402 -0.04195 0.85424 -0.51215 -0.04195 0.87733 -0.46894 -0.04195 0.7382 -0.66922 -0.03199 0.76929 -0.63134 -0.03199 0.70541 -0.70541 -0.03199 0.70514 -0.70513 -0.04195 0.73791 -0.66896 -0.04195 0.76899 -0.63109 -0.04195 0.59345 -0.80038 -0.03199 0.63134 -0.76929 -0.03199 0.63134 -0.76929 -0.02032 0.55424 -0.82947 -0.03199 0.55402 -0.82915 -0.04195 0.59322 -0.80007 -0.04195 0.63109 -0.76899 -0.04195 0.4259 -0.90078 -0.03199 0.46913 -0.87767 -0.03199 0.38176 -0.92166 -0.03199 0.38162 -0.9213 -0.04195 0.42574 -0.90043 -0.04195 0.46894 -0.87733 -0.04195 0.24199 -0.96656 -0.03199 0.28889 -0.95233 -0.03199 0.19462 -0.97843 -0.03199 0.19455 -0.97805 -0.04195 0.24189 -0.96618 -0.04195 0.28877 -0.95196 -0.04195 0.04877 -0.9952 -0.03199 0.09754 -0.99039 -0.03199 -0 -0.9976 -0.02032 -0 -0.9976 -0.03199 -0 -0.99721 -0.04195 0.04875 -0.99481 -0.04195 0.09751 -0.99001 -0.04195 -0.14632 -0.98559 -0.03199 -0.09755 -0.99039 -0.03199 -0.19462 -0.97843 -0.03199 -0.19455 -0.97805 -0.04195 -0.14626 -0.98521 -0.04195 -0.09751 -0.99001 -0.04195 -0.33579 -0.93811 -0.03199 -0.28889 -0.95233 -0.03199 -0.38176 -0.92166 -0.03199 -0.38162 -0.9213 -0.04195 -0.33566 -0.93774 -0.04195 -0.28878 -0.95196 -0.04195 -0.51235 -0.85457 -0.03199 -0.46913 -0.87767 -0.03199 -0.55424 -0.82947 -0.03199 -0.55402 -0.82915 -0.04195 -0.51215 -0.85424 -0.04195 -0.46895 -0.87733 -0.04195 -0.66922 -0.7382 -0.03199 -0.63134 -0.76929 -0.03199 -0.70541 -0.70541 -0.03199 -0.70514 -0.70513 -0.04195 -0.66896 -0.73791 -0.04195 -0.63109 -0.76899 -0.04195 -0.80038 -0.59345 -0.03199 -0.76929 -0.63134 -0.03199 -0.82947 -0.55424 -0.03199 -0.82915 -0.55402 -0.04195 -0.80007 -0.59322 -0.04195 -0.76899 -0.63109 -0.04195 -0.90078 -0.4259 -0.03199 -0.87767 -0.46913 -0.03199 -0.92166 -0.38176 -0.03199 -0.9213 -0.38162 -0.04195 -0.90043 -0.42574 -0.04195 -0.87733 -0.46894 -0.04195 -0.96656 -0.24199 -0.03199 -0.95233 -0.28889 -0.03199 -0.97843 -0.19462 -0.03199 -0.97805 -0.19455 -0.04195 -0.96618 -0.24189 -0.04195 -0.95196 -0.28877 -0.04195 -0.9952 -0.04877 -0.03199 -0.99039 -0.09754 -0.03199 -0.9976 0 -0.02032 -0.9976 0 -0.03199 -0.99721 0 -0.04195 -0.99481 -0.04875 -0.04195 -0.99001 -0.09751 -0.04195 -0.98559 0.14632 -0.03199 -0.99039 0.09755 -0.03199 -0.97843 0.19462 -0.03199 -0.97805 0.19455 -0.04195 -0.98521 0.14626 -0.04195 -0.99001 0.09751 -0.04195 -0.93811 0.33579 -0.03199 -0.95233 0.28889 -0.03199 -0.92166 0.38177 -0.03199 -0.9213 0.38162 -0.04195 -0.93774 0.33566 -0.04195 -0.95196 0.28878 -0.04195 -0.85457 0.51235 -0.03199 -0.87767 0.46913 -0.03199 -0.82947 0.55424 -0.03199 -0.82915 0.55402 -0.04195 -0.85424 0.51215 -0.04195 -0.87733 0.46895 -0.04195 -0.7382 0.66922 -0.03199 -0.80038 0.59346 -0.03199 -0.70541 0.70541 -0.03199 -0.70513 0.70514 -0.04195 -0.73791 0.66896 -0.04195 -0.76899 0.63109 -0.04195 -0.59345 0.80038 -0.03199 -0.63134 0.76929 -0.03199 -0.63134 0.76929 -0.02032 -0.55423 0.82947 -0.03199 -0.55402 0.82915 -0.04195 -0.59322 0.80007 -0.04195 -0.63109 0.76899 -0.04195 -0.4259 0.90078 -0.03199 -0.46913 0.87768 -0.03199 -0.38176 0.92166 -0.03199 -0.38161 0.9213 -0.04195 -0.42574 0.90043 -0.04195 -0.46894 0.87734 -0.04195 0.84999 0.5096 -0.0582 0.85177 0.51067 -0.05335 0.8748 0.46759 -0.05335 0.87297 0.46661 -0.0582 0.86591 0.46284 -0.06184 0.84312 0.50548 -0.06184 0.81835 0.54681 -0.06184 0.82502 0.55126 -0.0582 0.82675 0.55242 -0.05335 -0.04877 0.9952 -0.03199 -0.09754 0.99039 -0.03199 0 0.9976 -0.03199 0 0.99721 -0.04195 -0.04875 0.99481 -0.04195 -0.09751 0.99001 -0.04195 -0.24199 0.96656 -0.03199 -0.28889 0.95233 -0.03199 -0.19462 0.97843 -0.03199 -0.19454 0.97805 -0.04195 -0.24189 0.96618 -0.04195 -0.28877 0.95196 -0.04195 -0.54794 -0.739 -0.06305 -0.61051 -0.74391 -0.06305 -0.58292 -0.71029 -0.06305 -0.57424 -0.69972 -0.06191 -0.53979 -0.728 -0.06191 -0.50411 -0.75446 -0.06191 -0.51173 -0.76586 -0.06305 -0.98986 0.04851 -0.0582 -0.99193 0.04861 -0.05335 -0.98715 0.09723 -0.05335 -0.97712 0.09624 -0.06184 -0.98186 0.04812 -0.06184 -0.98423 0 -0.06184 -0.99225 0 -0.0582 -0.99433 0 -0.05335 0.66563 -0.73424 -0.0582 0.66703 -0.73578 -0.05335 0.62927 -0.76677 -0.05335 0.62795 -0.76516 -0.0582 0.62288 -0.75898 -0.06184 0.66025 -0.7283 -0.06184 0.69595 -0.69595 -0.06184 0.70162 -0.70162 -0.0582 0.7031 -0.7031 -0.05335 -0.14553 0.9803 -0.0582 -0.14584 0.98236 -0.05335 -0.09722 0.98715 -0.05335 -0.09624 0.97712 -0.06184 -0.14436 0.97238 -0.06184 -0.19201 0.96532 -0.06184 -0.19358 0.97318 -0.0582 -0.19398 0.97522 -0.05335 -0.59027 -0.79608 -0.0582 -0.59151 -0.79775 -0.05335 -0.62927 -0.76677 -0.05335 -0.62795 -0.76516 -0.0582 -0.62288 -0.75898 -0.06184 -0.5855 -0.78965 -0.06184 -0.54681 -0.81835 -0.06184 -0.55126 -0.82502 -0.0582 -0.55242 -0.82675 -0.05335 0.9803 0.14553 -0.0582 0.98236 0.14584 -0.05335 0.98715 0.09723 -0.05335 0.97712 0.09624 -0.06184 0.97238 0.14436 -0.06184 0.96532 0.19201 -0.06184 0.97318 0.19358 -0.0582 0.97522 0.19398 -0.05335 -0.89594 0.42362 -0.0582 -0.89782 0.42451 -0.05335 -0.8748 0.46759 -0.05335 -0.87297 0.46661 -0.0582 -0.86591 0.46284 -0.06184 -0.8887 0.4202 -0.06184 -0.90931 0.37665 -0.06184 -0.91672 0.37972 -0.0582 -0.91864 0.38051 -0.05335 0.33398 -0.93307 -0.0582 0.33468 -0.93503 -0.05335 0.28794 -0.94921 -0.05335 0.28734 -0.94722 -0.0582 0.28501 -0.93957 -0.06184 0.33128 -0.92553 -0.06184 0.37665 -0.90931 -0.06184 0.37972 -0.91672 -0.0582 0.38051 -0.91864 -0.05335 0.42362 0.89594 -0.0582 0.42451 0.89782 -0.05335 0.46759 0.8748 -0.05335 0.46661 0.87297 -0.0582 0.46284 0.86591 -0.06184 0.4202 0.8887 -0.06184 0.37665 0.90931 -0.06184 0.37972 0.91672 -0.0582 0.38051 0.91864 -0.05335 -0.84999 -0.5096 -0.0582 -0.85177 -0.51067 -0.05335 -0.8748 -0.46759 -0.05335 -0.86591 -0.46284 -0.06184 -0.84312 -0.50548 -0.06184 -0.81836 -0.54681 -0.06184 -0.82502 -0.55126 -0.0582 -0.82675 -0.55242 -0.05335 0.96137 -0.24069 -0.0582 0.96339 -0.24119 -0.05335 0.94921 -0.28794 -0.05335 0.94722 -0.28734 -0.0582 0.93957 -0.28501 -0.06184 0.9536 -0.23874 -0.06184 0.96532 -0.19201 -0.06184 0.97318 -0.19358 -0.0582 0.97522 -0.19398 -0.05335 -0.66563 0.73424 -0.0582 -0.66703 0.73578 -0.05335 -0.62927 0.76677 -0.05335 -0.62795 0.76516 -0.0582 -0.62288 0.75898 -0.06184 -0.66025 0.7283 -0.06184 -0.69595 0.69595 -0.06184 -0.70162 0.70163 -0.0582 -0.70309 0.7031 -0.05335 -0.04851 -0.98986 -0.0582 -0.04861 -0.99193 -0.05335 -0.09723 -0.98715 -0.05335 -0.09624 -0.97712 -0.06184 -0.04812 -0.98186 -0.06184 -0 -0.98423 -0.06184 -0 -0.99225 -0.0582 -0 -0.99433 -0.05335 0.73424 0.66563 -0.0582 0.73578 0.66703 -0.05335 0.76677 0.62927 -0.05335 0.76516 0.62795 -0.0582 0.75898 0.62288 -0.06184 0.7283 0.66025 -0.06184 0.69595 0.69595 -0.06184 0.70162 0.70162 -0.0582 0.7031 0.7031 -0.05335 -0.9803 -0.14553 -0.0582 -0.98236 -0.14584 -0.05335 -0.98715 -0.09722 -0.05335 -0.97712 -0.09624 -0.06184 -0.97238 -0.14436 -0.06184 -0.96532 -0.19201 -0.06184 -0.97318 -0.19358 -0.0582 -0.97522 -0.19398 -0.05335 0.79609 -0.59027 -0.0582 0.79775 -0.59151 -0.05335 0.76677 -0.62927 -0.05335 0.76516 -0.62795 -0.0582 0.75898 -0.62288 -0.06184 0.78965 -0.5855 -0.06184 0.81835 -0.54681 -0.06184 0.82502 -0.55126 -0.0582 0.82675 -0.55242 -0.05335 -0.33398 0.93307 -0.0582 -0.33468 0.93503 -0.05335 -0.28794 0.94921 -0.05335 -0.28734 0.94722 -0.0582 -0.28501 0.93957 -0.06184 -0.33128 0.92553 -0.06184 -0.37665 0.90931 -0.06184 -0.37971 0.91672 -0.0582 -0.38051 0.91864 -0.05335 -0.42362 -0.89594 -0.0582 -0.42451 -0.89782 -0.05335 -0.46759 -0.8748 -0.05335 -0.46661 -0.87297 -0.0582 -0.46284 -0.86591 -0.06184 -0.4202 -0.8887 -0.06184 -0.37665 -0.90931 -0.06184 -0.37972 -0.91672 -0.0582 -0.38051 -0.91864 -0.05335 0.93307 0.33398 -0.0582 0.93503 0.33468 -0.05335 0.94921 0.28794 -0.05335 0.94722 0.28734 -0.0582 0.93957 0.28501 -0.06184 0.92553 0.33128 -0.06184 0.90931 0.37665 -0.06184 0.91672 0.37972 -0.0582 0.91864 0.38051 -0.05335 -0.96137 0.24069 -0.0582 -0.96339 0.2412 -0.05335 -0.94921 0.28794 -0.05335 -0.94722 0.28734 -0.0582 -0.93957 0.28502 -0.06184 -0.9536 0.23875 -0.06184 -0.96531 0.19201 -0.06184 -0.97318 0.19358 -0.0582 -0.97522 0.19398 -0.05335 0.5096 -0.84999 -0.0582 0.51067 -0.85177 -0.05335 0.46759 -0.8748 -0.05335 0.46661 -0.87297 -0.0582 0.46284 -0.86591 -0.06184 0.50548 -0.84312 -0.06184 0.54681 -0.81835 -0.06184 0.55126 -0.82502 -0.0582 0.55242 -0.82675 -0.05335 0.24069 0.96137 -0.0582 0.2412 0.96339 -0.05335 0.28794 0.94921 -0.05335 0.28734 0.94722 -0.0582 0.28501 0.93957 -0.06184 0.23875 0.9536 -0.06184 0.19201 0.96532 -0.06184 0.19358 0.97318 -0.0582 0.19398 0.97522 -0.05335 -0.73424 -0.66563 -0.0582 -0.73578 -0.66703 -0.05335 -0.76677 -0.62927 -0.05335 -0.76516 -0.62795 -0.0582 -0.75898 -0.62288 -0.06184 -0.7283 -0.66025 -0.06184 -0.69595 -0.69595 -0.06184 -0.70162 -0.70162 -0.0582 -0.7031 -0.70309 -0.05335 0.98986 -0.04851 -0.0582 0.99193 -0.04861 -0.05335 0.98715 -0.09723 -0.05335 0.97712 -0.09624 -0.06184 0.98186 -0.04812 -0.06184 0.98423 0 -0.06184 0.99225 0 -0.0582 0.99433 0 -0.05335 -0.79608 0.59027 -0.0582 -0.79775 0.59151 -0.05335 -0.76676 0.62927 -0.05335 -0.76516 0.62795 -0.0582 -0.75898 0.62288 -0.06184 -0.78965 0.5855 -0.06184 -0.81835 0.54681 -0.06184 -0.82502 0.55126 -0.0582 -0.82675 0.55242 -0.05335 0.14553 -0.9803 -0.0582 0.14584 -0.98236 -0.05335 0.09723 -0.98715 -0.05335 0.09624 -0.97712 -0.06184 0.14436 -0.97238 -0.06184 0.19201 -0.96532 -0.06184 0.19358 -0.97318 -0.0582 0.19398 -0.97522 -0.05335 0.59027 0.79609 -0.0582 0.59151 0.79775 -0.05335 0.62927 0.76677 -0.05335 0.62795 0.76516 -0.0582 0.62288 0.75898 -0.06184 0.5855 0.78965 -0.06184 0.54681 0.81835 -0.06184 0.55126 0.82502 -0.0582 0.55242 0.82675 -0.05335 -0.93307 -0.33398 -0.0582 -0.93503 -0.33468 -0.05335 -0.94921 -0.28794 -0.05335 -0.94722 -0.28734 -0.0582 -0.93957 -0.28501 -0.06184 -0.92553 -0.33128 -0.06184 -0.90931 -0.37665 -0.06184 -0.91672 -0.37972 -0.0582 -0.91864 -0.38051 -0.05335 0.04851 0.98986 -0.0582 0.04861 0.99193 -0.05335 0.09723 0.98715 -0.05335 0.09624 0.97712 -0.06184 0.04812 0.98186 -0.06184 0 0.98423 -0.06184 0 0.99225 -0.0582 0 0.99433 -0.05335 0.89594 -0.42362 -0.0582 0.89782 -0.42451 -0.05335 0.8748 -0.46759 -0.05335 0.87297 -0.46661 -0.0582 0.86591 -0.46284 -0.06184 0.8887 -0.4202 -0.06184 0.90931 -0.37665 -0.06184 0.91672 -0.37972 -0.0582 0.91864 -0.38051 -0.05335 -0.5096 0.84999 -0.0582 -0.51067 0.85177 -0.05335 -0.46759 0.8748 -0.05335 -0.42362 0.89595 -0.0582 -0.46284 0.86591 -0.06184 -0.50548 0.84312 -0.06184 -0.54681 0.81836 -0.06184 -0.55126 0.82502 -0.0582 -0.55242 0.82675 -0.05335 -0.24069 -0.96137 -0.0582 -0.2412 -0.96339 -0.05335 -0.28794 -0.94921 -0.05335 -0.28734 -0.94722 -0.0582 -0.28502 -0.93957 -0.06184 -0.23875 -0.9536 -0.06184 -0.19201 -0.96531 -0.06184 -0.19358 -0.97318 -0.0582 -0.19398 -0.97522 -0.05335 -0.84897 -0.30388 -0.04935 -0.86184 -0.26144 -0.04935 -0.85797 -0.26026 -0.04592 -0.84515 -0.30251 -0.04592 -0.83034 -0.34394 -0.04592 -0.83409 -0.34549 -0.04935 0.31003 -0.86617 -0.06305 0.32471 -0.90716 -0.06305 0.27936 -0.92091 -0.06305 0.26673 -0.8793 -0.06305 0.26276 -0.86621 -0.06191 0.30542 -0.85327 -0.06191 0.34724 -0.83831 -0.06191 0.35249 -0.85098 -0.06305 0.89244 -0.22343 -0.06305 0.92091 -0.27936 -0.06305 0.8793 -0.26673 -0.06305 0.86621 -0.26276 -0.06191 0.87915 -0.2201 -0.06191 0.88995 -0.17702 -0.06191 0.9034 -0.1797 -0.06305 0.68159 0.6179 -0.06305 0.71029 0.58292 -0.06305 0.69972 0.57424 -0.06191 0.67144 0.6087 -0.06191 0.64161 0.64162 -0.06191 0.65131 0.65131 -0.06305 -0.31003 0.86617 -0.06305 -0.294655 0.89172 -0.06305 -0.26673 0.8793 -0.06305 -0.26276 0.86621 -0.06191 -0.30542 0.85327 -0.06191 -0.34724 0.83831 -0.06191 -0.35249 0.85098 -0.06305 -0.89244 0.22343 -0.06305 -0.93467 0.23401 -0.06305 -0.8793 0.26673 -0.06305 -0.86621 0.26276 -0.06191 -0.87915 0.22011 -0.06191 -0.88995 0.17702 -0.06191 -0.9034 0.1797 -0.06305 -0.68159 -0.6179 -0.06305 -0.71029 -0.58292 -0.06305 -0.69972 -0.57424 -0.06191 -0.67144 -0.6087 -0.06191 -0.64162 -0.64161 -0.06191 -0.65131 -0.65131 -0.06305 0.1351 -0.91001 -0.06305 0.09006 -0.91444 -0.06305 0.08872 -0.90083 -0.06191 0.13309 -0.89646 -0.06191 0.17702 -0.88995 -0.06191 0.1797 -0.9034 -0.06305 0.8317 -0.39324 -0.06305 0.7983 -0.4267 -0.06191 0.81932 -0.38739 -0.06191 0.83831 -0.34724 -0.06191 0.85098 -0.35249 -0.06305 0.78904 0.47306 -0.06305 0.7983 0.4267 -0.06191 0.77729 0.46601 -0.06191 0.75446 0.50411 -0.06191 0.76586 0.51173 -0.06305 0.04503 0.91888 -0.06305 0.09433 0.95772 -0.06305 0.09006 0.91444 -0.06305 0.08872 0.90083 -0.06191 0.04436 0.9052 -0.06191 0 0.90738 -0.06191 0 0.9211 -0.06305 -0.1351 0.91001 -0.06305 -0.1797 0.9034 -0.06305 -0.09006 0.91444 -0.06305 -0.08872 0.90083 -0.06191 -0.13308 0.89646 -0.06191 -0.17702 0.88995 -0.06191 -0.8317 0.39324 -0.06305 -0.7983 0.4267 -0.06191 -0.81932 0.38739 -0.06191 -0.83831 0.34724 -0.06191 -0.85098 0.35249 -0.06305 -0.78904 -0.47306 -0.06305 -0.7983 -0.4267 -0.06191 -0.77729 -0.46601 -0.06191 -0.75446 -0.50411 -0.06191 -0.76586 -0.51173 -0.06305 -0.04503 -0.91888 -0.06305 -0.09007 -0.91444 -0.06305 -0.08872 -0.90083 -0.06191 -0.04436 -0.9052 -0.06191 -0 -0.90738 -0.06191 0 -0.92109 -0.06305 0.739 -0.54794 -0.06305 0.71029 -0.58292 -0.06305 0.69972 -0.57424 -0.06191 0.728 -0.53979 -0.06191 0.75446 -0.50411 -0.06191 0.76586 -0.51173 -0.06305 0.86617 0.31003 -0.06305 0.89172 0.29466 -0.06305 0.8793 0.26673 -0.06305 0.86621 0.26276 -0.06191 0.85327 0.30542 -0.06191 0.83831 0.34724 -0.06191 0.85098 0.35249 -0.06305 0.22343 0.89244 -0.06305 0.27936 0.92091 -0.06305 0.26673 0.8793 -0.06305 0.26276 0.86621 -0.06191 0.2201 0.87915 -0.06191 0.17702 0.88995 -0.06191 0.1797 0.9034 -0.06305 -0.739 0.54794 -0.06305 -0.74391 0.61051 -0.06305 -0.71029 0.58292 -0.06305 -0.69972 0.57424 -0.06191 -0.728 0.53979 -0.06191 -0.75446 0.50411 -0.06191 -0.76586 0.51173 -0.06305 -0.86617 -0.31003 -0.06305 -0.89172 -0.29466 -0.06305 -0.8793 -0.26673 -0.06305 -0.86621 -0.26276 -0.06191 -0.85327 -0.30542 -0.06191 -0.83831 -0.34724 -0.06191 -0.85098 -0.35249 -0.06305 -0.22343 -0.89244 -0.06305 -0.23401 -0.93467 -0.06305 -0.26673 -0.8793 -0.06305 -0.26276 -0.86621 -0.06191 -0.2201 -0.87915 -0.06191 -0.17702 -0.88995 -0.06191 -0.1797 -0.9034 -0.06305 0.6179 -0.68159 -0.06305 0.61051 -0.74391 -0.06305 0.58292 -0.71029 -0.06305 0.57424 -0.69972 -0.06191 0.6087 -0.67144 -0.06191 0.64161 -0.64161 -0.06191 0.65131 -0.65131 -0.06305 0.91001 0.1351 -0.06305 0.91444 0.09006 -0.06305 0.90083 0.08872 -0.06191 0.89646 0.13309 -0.06191 0.88995 0.17702 -0.06191 0.9034 0.1797 -0.06305 0.39324 0.8317 -0.06305 0.4267 0.7983 -0.06191 0.38739 0.81932 -0.06191 0.34724 0.83831 -0.06191 0.35249 0.85098 -0.06305 -0.6179 0.68159 -0.06305 -0.58292 0.71029 -0.06305 -0.57424 0.69972 -0.06191 -0.6087 0.67144 -0.06191 -0.64161 0.64162 -0.06191 -0.65131 0.65131 -0.06305 -0.91001 -0.1351 -0.06305 -0.9034 -0.1797 -0.06305 -0.91444 -0.09006 -0.06305 -0.90083 -0.08872 -0.06191 -0.89646 -0.13308 -0.06191 -0.88995 -0.17702 -0.06191 -0.39324 -0.8317 -0.06305 -0.4267 -0.7983 -0.06191 -0.38739 -0.81932 -0.06191 -0.34724 -0.83831 -0.06191 -0.35249 -0.85098 -0.06305 0.47306 -0.78904 -0.06305 0.39324 -0.8317 -0.06305 0.4267 -0.7983 -0.06191 0.46601 -0.77729 -0.06191 0.50411 -0.75446 -0.06191 0.51173 -0.76586 -0.06305 0.91888 -0.04503 -0.06305 0.91444 -0.09006 -0.06305 0.90083 -0.08872 -0.06191 0.9052 -0.04436 -0.06191 0.90738 0 -0.06191 0.9211 0 -0.06305 0.54794 0.739 -0.06305 0.58292 0.71029 -0.06305 0.57424 0.69972 -0.06191 0.53979 0.728 -0.06191 0.50411 0.75446 -0.06191 0.51173 0.76586 -0.06305 -0.47306 0.78904 -0.06305 -0.39324 0.8317 -0.06305 -0.4267 0.7983 -0.06191 -0.46601 0.77729 -0.06191 -0.50411 0.75446 -0.06191 -0.51173 0.76586 -0.06305 -0.91888 0.04503 -0.06305 -0.91444 0.09007 -0.06305 -0.90083 0.08872 -0.06191 -0.9052 0.04436 -0.06191 -0.90738 0 -0.06191 -0.92109 0 -0.06305 -0.82754 0.20718 -0.04478 -0.85899 0.21506 -0.04478 -0.81536 0.24734 -0.04478 -0.80374 0.24381 -0.04617 -0.81575 0.20423 -0.04617 -0.82576 0.16426 -0.04617 -0.8377 0.16663 -0.04478 -0.219 -0.87472 -0.04935 -0.26144 -0.86184 -0.05848 -0.26144 -0.86184 -0.04935 -0.26026 -0.85797 -0.04592 -0.21801 -0.87079 -0.04592 -0.17534 -0.88148 -0.04592 -0.17613 -0.88546 -0.04935 0.60563 -0.66806 -0.04935 0.57135 -0.69619 -0.04935 0.56878 -0.69306 -0.04592 0.60291 -0.66505 -0.04592 0.63551 -0.63551 -0.04592 0.63838 -0.63838 -0.04935 0.63838 -0.63838 -0.05391 0.89194 0.13242 -0.04935 0.90064 0.04414 -0.04935 0.89226 0.08788 -0.04592 0.88793 0.13182 -0.04592 0.88148 0.17534 -0.04592 0.88546 0.17613 -0.04935 0.38544 0.81519 -0.04935 0.42455 0.79428 -0.04935 0.42264 0.79071 -0.04592 0.3837 0.81152 -0.04592 0.34394 0.83034 -0.04592 0.34549 0.83409 -0.04935 -0.60563 0.66806 -0.04935 -0.57135 0.69619 -0.04935 -0.56878 0.69306 -0.04592 -0.60291 0.66505 -0.04592 -0.63551 0.63551 -0.04592 -0.63838 0.63838 -0.04935 -0.89194 -0.13241 -0.04935 -0.89629 -0.08828 -0.04935 -0.89226 -0.08788 -0.04592 -0.88793 -0.13182 -0.04592 -0.88148 -0.17534 -0.04592 -0.88546 -0.17613 -0.04935 -0.38544 -0.81519 -0.04935 -0.42455 -0.79428 -0.04935 -0.42264 -0.79071 -0.04592 -0.3837 -0.81152 -0.04592 -0.34394 -0.83034 -0.04592 -0.34549 -0.83409 -0.04935 0.46367 -0.77337 -0.04935 0.42455 -0.79428 -0.04935 0.42264 -0.79071 -0.04592 0.46158 -0.7699 -0.04592 0.49932 -0.74728 -0.04592 0.50157 -0.75066 -0.04935 0.90064 -0.04414 -0.04935 0.89629 -0.08828 -0.04935 0.89226 -0.08788 -0.04592 0.89659 -0.04394 -0.04592 0.89875 0 -0.04592 0.90281 0 -0.04935 0.53707 0.72433 -0.04935 0.57135 0.69619 -0.04935 0.56878 0.69306 -0.04592 0.53465 0.72107 -0.04592 0.49932 0.74728 -0.04592 0.50157 0.75066 -0.04935 -0.46367 0.77337 -0.04935 -0.42455 0.79428 -0.04935 -0.42264 0.79071 -0.04592 -0.46158 0.7699 -0.04592 -0.49932 0.74729 -0.04592 -0.50157 0.75066 -0.04935 -0.90064 0.04414 -0.04935 -0.89226 0.08788 -0.04592 -0.89659 0.04394 -0.04592 -0.89875 0 -0.04592 -0.90281 0 -0.04935 -0.53707 -0.72433 -0.04935 -0.57135 -0.69619 -0.04935 -0.56878 -0.69306 -0.04592 -0.53465 -0.72107 -0.04592 -0.49932 -0.74728 -0.04592 -0.50157 -0.75066 -0.04935 0.30388 -0.84897 -0.04935 0.26144 -0.86184 -0.04935 0.26026 -0.85797 -0.04592 0.30251 -0.84515 -0.04592 0.34394 -0.83034 -0.04592 0.34549 -0.83409 -0.04935 0.87472 -0.219 -0.04935 0.86184 -0.26144 -0.05848 0.86184 -0.26144 -0.04935 0.85797 -0.26026 -0.04592 0.87079 -0.21801 -0.04592 0.88148 -0.17534 -0.04592 0.88546 -0.17613 -0.04935 0.88546 -0.17613 -0.05848 0.66806 0.60563 -0.04935 0.69619 0.57135 -0.04935 0.69306 0.56878 -0.04592 0.66505 0.60291 -0.04592 0.63551 0.63551 -0.04592 0.63838 0.63838 -0.04935 -0.30388 0.84897 -0.04935 -0.26144 0.86184 -0.04935 -0.26026 0.85797 -0.04592 -0.30251 0.84515 -0.04592 -0.34394 0.83034 -0.04592 -0.34549 0.83409 -0.04935 -0.87472 0.219 -0.04935 -0.86184 0.26144 -0.05848 -0.86184 0.26144 -0.04935 -0.85797 0.26026 -0.04592 -0.87079 0.21801 -0.04592 -0.88148 0.17534 -0.04592 -0.88546 0.17613 -0.04935 -0.66806 -0.60563 -0.04935 -0.69619 -0.57135 -0.04935 -0.69306 -0.56878 -0.04592 -0.66505 -0.60291 -0.04592 -0.63551 -0.63551 -0.04592 -0.63838 -0.63838 -0.04935 0.13241 -0.89194 -0.04935 0.08828 -0.89629 -0.04935 0.08788 -0.89226 -0.04592 0.13182 -0.88793 -0.04592 0.17534 -0.88148 -0.04592 0.17613 -0.88546 -0.04935 0.81519 -0.38544 -0.04935 0.79428 -0.42455 -0.04935 0.79071 -0.42264 -0.04592 0.81152 -0.3837 -0.04592 0.83034 -0.34394 -0.04592 0.83409 -0.34549 -0.04935 0.77337 0.46367 -0.04935 0.79428 0.42455 -0.04935 0.79071 0.42264 -0.04592 0.7699 0.46158 -0.04592 0.74728 0.49932 -0.04592 0.75066 0.50157 -0.04935 0.04414 0.90064 -0.04935 0.04414 0.90064 -0.05848 0.08788 0.89226 -0.04592 0.04394 0.89659 -0.04592 0 0.89875 -0.04592 0 0.90281 -0.04935 -0.13241 0.89194 -0.04935 -0.08828 0.89629 -0.04935 -0.08788 0.89226 -0.04592 -0.13182 0.88793 -0.04592 -0.17534 0.88148 -0.04592 -0.17613 0.88546 -0.04935 -0.81519 0.38544 -0.04935 -0.79428 0.42455 -0.04935 -0.79071 0.42264 -0.04592 -0.81152 0.38371 -0.04592 -0.83034 0.34394 -0.04592 -0.83409 0.34549 -0.04935 -0.77337 -0.46367 -0.04935 -0.79428 -0.42455 -0.04935 -0.79071 -0.42264 -0.04592 -0.7699 -0.46158 -0.04592 -0.74728 -0.49932 -0.04592 -0.75066 -0.50157 -0.04935 -0.04414 -0.90064 -0.04935 -0.04414 -0.90064 -0.05848 -0.08788 -0.89226 -0.04592 -0.04394 -0.89659 -0.04592 -0 -0.89875 -0.04592 -0 -0.90281 -0.04935 0.72433 -0.53707 -0.04935 0.69619 -0.57135 -0.04935 0.69306 -0.56878 -0.04592 0.72107 -0.53465 -0.04592 0.74728 -0.49932 -0.04592 0.75066 -0.50157 -0.04935 0.84897 0.30388 -0.04935 0.86184 0.26144 -0.04935 0.85797 0.26026 -0.04592 0.84515 0.30251 -0.04592 0.83034 0.34394 -0.04592 0.83409 0.34549 -0.04935 0.219 0.87472 -0.04935 0.26144 0.86184 -0.05848 0.26144 0.86184 -0.04935 0.26026 0.85797 -0.04592 0.21801 0.87079 -0.04592 0.17534 0.88148 -0.04592 0.17613 0.88546 -0.04935 0.17613 0.88546 -0.05848 -0.72433 0.53707 -0.04935 -0.69619 0.57135 -0.04935 -0.69306 0.56878 -0.04592 -0.72107 0.53465 -0.04592 -0.74728 0.49932 -0.04592 -0.75066 0.50157 -0.04935 -0.56208 0.62001 -0.06152 -0.53026 0.64613 -0.06152 -0.52873 0.64427 -0.06571 -0.56046 0.61823 -0.06571 -0.59077 0.59077 -0.06571 -0.59247 0.59247 -0.06152 -0.63202 -0.57297 -0.04478 -0.65864 -0.54053 -0.04478 -0.64926 -0.53283 -0.04617 -0.62302 -0.5648 -0.04617 -0.59534 -0.59534 -0.04617 -0.60395 -0.60395 -0.04478 0.12527 -0.84383 -0.04478 0.08352 -0.84795 -0.04478 0.08232 -0.83586 -0.04617 0.12349 -0.83181 -0.04617 0.16425 -0.82576 -0.04617 0.16663 -0.8377 -0.04478 0.17296 -0.86954 -0.04478 0.77122 -0.36465 -0.04478 0.75144 -0.40165 -0.04478 0.74073 -0.39593 -0.04617 0.76023 -0.35945 -0.04617 0.77785 -0.3222 -0.04617 0.7891 -0.32686 -0.04478 0.81909 -0.33928 -0.04478 0.73166 0.43866 -0.04478 0.75144 0.40165 -0.04478 0.74073 0.39593 -0.04617 0.72123 0.43241 -0.04617 0.70005 0.46776 -0.04617 0.71017 0.47452 -0.04478 0.710975 0.500645 -0.04478 0.04176 0.85206 -0.04478 1.94762e-16 0.88658 -0.04478 0.08352 0.84795 -0.04478 0.08233 0.83586 -0.04617 0.04116 0.83991 -0.04617 0 0.84194 -0.04617 0 0.85412 -0.04478 -0.12527 0.84383 -0.04478 -0.08351 0.84795 -0.04478 -0.08232 0.83586 -0.04617 -0.12349 0.83181 -0.04617 -0.16425 0.82576 -0.04617 -0.16663 0.8377 -0.04478 -0.77122 0.36465 -0.04478 -0.75144 0.40165 -0.04478 -0.74073 0.39593 -0.04617 -0.76023 0.35945 -0.04617 -0.77785 0.3222 -0.04617 -0.7891 0.32686 -0.04478 -0.81909 0.33928 -0.04478 -0.73166 -0.43866 -0.04478 -0.75947 -0.45533 -0.04478 -0.75144 -0.40165 -0.04478 -0.74073 -0.39593 -0.04617 -0.72123 -0.43241 -0.04617 -0.70005 -0.46776 -0.04617 -0.71017 -0.47452 -0.04478 -0.04176 -0.85206 -0.04478 -0.04335 -0.88444 -0.04478 -0.08352 -0.84795 -0.04478 -0.08233 -0.83586 -0.04617 -0.04116 -0.83991 -0.04617 -0 -0.84194 -0.04617 -0 -0.85411 -0.04478 0.68526 -0.5081 -0.04478 0.710975 -0.500645 -0.04478 0.65864 -0.54053 -0.04478 0.64926 -0.53283 -0.04617 0.67549 -0.50086 -0.04617 0.70005 -0.46776 -0.04617 0.71017 -0.47452 -0.04478 0.80318 0.28749 -0.04478 0.81536 0.24734 -0.04478 0.80374 0.24381 -0.04617 0.79173 0.28339 -0.04617 0.77785 0.3222 -0.04617 0.7891 0.32686 -0.04478 0.81909 0.33928 -0.04478 0.20718 0.82754 -0.04478 0.24734 0.81536 -0.04478 0.24381 0.80374 -0.04617 0.20423 0.81575 -0.04617 0.16425 0.82576 -0.04617 0.16663 0.8377 -0.04478 -0.68526 0.5081 -0.04478 -0.704195 0.508912 -0.04478 -0.65864 0.54053 -0.04478 -0.64925 0.53283 -0.04617 -0.67549 0.50086 -0.04617 -0.70005 0.46776 -0.04617 -0.71017 0.47452 -0.04478 -0.80318 -0.28749 -0.04478 -0.81536 -0.24734 -0.04478 -0.80374 -0.24381 -0.04617 -0.79173 -0.28339 -0.04617 -0.77785 -0.3222 -0.04617 -0.7891 -0.32685 -0.04478 -0.20718 -0.82754 -0.04478 -0.24734 -0.81536 -0.04478 -0.24381 -0.80374 -0.04617 -0.20423 -0.81575 -0.04617 -0.16425 -0.82576 -0.04617 -0.16663 -0.8377 -0.04478 -0.17296 -0.86954 -0.04478 0.57297 -0.63202 -0.04478 0.54053 -0.65864 -0.04478 0.53283 -0.64926 -0.04617 0.5648 -0.62302 -0.04617 0.59534 -0.59534 -0.04617 0.60395 -0.60395 -0.04478 0.84383 0.12527 -0.04478 0.84795 0.08352 -0.04478 0.83586 0.08233 -0.04617 0.83181 0.12349 -0.04617 0.82576 0.16425 -0.04617 0.8377 0.16663 -0.04478 0.36465 0.77122 -0.04478 0.32686 0.7891 -0.04478 0.45533 0.75947 -0.04478 0.40165 0.75144 -0.04478 0.39593 0.74073 -0.04617 0.35945 0.76023 -0.04617 0.3222 0.77785 -0.04617 -0.57297 0.63202 -0.04478 -0.54053 0.65864 -0.04478 -0.53283 0.64926 -0.04617 -0.5648 0.62302 -0.04617 -0.59534 0.59534 -0.04617 -0.60395 0.60395 -0.04478 -0.84383 -0.12527 -0.04478 -0.84795 -0.08351 -0.04478 -0.83586 -0.08232 -0.04617 -0.83181 -0.12349 -0.04617 -0.82576 -0.16425 -0.04617 -0.8377 -0.16663 -0.04478 -0.36465 -0.77122 -0.04478 -0.32686 -0.7891 -0.04478 -0.45533 -0.75947 -0.04478 -0.40165 -0.75144 -0.04478 -0.39593 -0.74073 -0.04617 -0.35945 -0.76023 -0.04617 -0.3222 -0.77785 -0.04617 0.43866 -0.73166 -0.04478 0.45533 -0.75947 -0.04478 0.40165 -0.75144 -0.04478 0.39593 -0.74073 -0.04617 0.43241 -0.72123 -0.04617 0.46776 -0.70005 -0.04617 0.47452 -0.71017 -0.04478 0.85206 -0.04176 -0.04478 0.88658 2.35922e-16 -0.04478 0.84795 -0.08352 -0.04478 0.83586 -0.08232 -0.04617 0.83991 -0.04116 -0.04617 0.84194 0 -0.04617 0.85412 0 -0.04478 0.5081 0.68526 -0.04478 0.54053 0.65864 -0.04478 0.53283 0.64926 -0.04617 0.50086 0.67549 -0.04617 0.46776 0.70005 -0.04617 0.47452 0.71017 -0.04478 -0.43866 0.73166 -0.04478 -0.45533 0.75947 -0.04478 -0.40165 0.75144 -0.04478 -0.39593 0.74073 -0.04617 -0.4324 0.72123 -0.04617 -0.46776 0.70005 -0.04617 -0.47452 0.71017 -0.04478 -0.49256 0.73716 -0.04478 -0.85206 0.04176 -0.04478 -0.84795 0.08352 -0.04478 -0.83586 0.08233 -0.04617 -0.83991 0.04116 -0.04617 -0.84194 0 -0.04617 -0.85411 0 -0.04478 -0.5081 -0.68526 -0.04478 -0.54053 -0.65864 -0.04478 -0.53283 -0.64925 -0.04617 -0.50086 -0.67549 -0.04617 -0.46776 -0.70005 -0.04617 -0.47452 -0.71017 -0.04478 -0.49256 -0.73716 -0.04478 0.28749 -0.80318 -0.04478 0.24734 -0.81536 -0.04478 0.24381 -0.80374 -0.04617 0.28339 -0.79173 -0.04617 0.3222 -0.77785 -0.04617 0.32686 -0.7891 -0.04478 0.82754 -0.20718 -0.04478 0.81536 -0.24734 -0.04478 0.80374 -0.24381 -0.04617 0.81575 -0.20423 -0.04617 0.82576 -0.16425 -0.04617 0.8377 -0.16663 -0.04478 0.63202 0.57297 -0.04478 0.65864 0.54053 -0.04478 0.64926 0.53283 -0.04617 0.62302 0.5648 -0.04617 0.59534 0.59534 -0.04617 0.60395 0.60395 -0.04478 -0.28749 0.80318 -0.04478 -0.24734 0.81536 -0.04478 -0.24381 0.80374 -0.04617 -0.28339 0.79173 -0.04617 -0.3222 0.77785 -0.04617 -0.32685 0.7891 -0.04478 0.03994 0.81496 -0.0671 0.07988 0.81103 -0.0671 0.07976 0.8098 -0.06294 0.03988 0.81373 -0.06294 0 0.81569 -0.06294 0 0.81693 -0.0671 0 0.82823 -0.0671 -0.8278 -0.12289 -0.06152 -0.83183 -0.08193 -0.05036 -0.83183 -0.08193 -0.06152 -0.82944 -0.08169 -0.06571 -0.82541 -0.12254 -0.06571 -0.81942 -0.16299 -0.06571 -0.82178 -0.16346 -0.06152 -0.35772 -0.75656 -0.06152 -0.43032 -0.71776 -0.06152 -0.39289 -0.73504 -0.06571 -0.35669 -0.75438 -0.06571 -0.31972 -0.77187 -0.06571 -0.32064 -0.7741 -0.06152 0.43032 -0.71776 -0.06152 0.39288 -0.73504 -0.06571 0.42908 -0.71569 -0.06571 0.46416 -0.69467 -0.06571 0.4655 -0.69667 -0.06152 0.83587 -0.04096 -0.06152 0.83183 -0.08193 -0.05036 0.83183 -0.08193 -0.06152 0.82944 -0.08169 -0.06571 0.83346 -0.04085 -0.06571 0.83547 0 -0.06571 0.83788 0 -0.06152 0.83788 0 -0.05036 0.49844 0.67224 -0.06152 0.53026 0.64613 -0.06152 0.52873 0.64426 -0.06571 0.49701 0.6703 -0.06571 0.46416 0.69467 -0.06571 0.4655 0.69667 -0.06152 -0.43032 0.71776 -0.06152 -0.43032 0.71776 -0.05036 -0.39288 0.73504 -0.06571 -0.42908 0.71569 -0.06571 -0.46416 0.69467 -0.06571 -0.4655 0.69668 -0.06152 -0.83587 0.04097 -0.06152 -0.83183 0.08193 -0.06152 -0.82944 0.08169 -0.06571 -0.83346 0.04085 -0.06571 -0.83547 0 -0.06571 -0.83788 0 -0.06152 -0.49844 -0.67224 -0.06152 -0.49844 -0.67224 -0.05036 -0.53026 -0.64613 -0.06152 -0.52873 -0.64426 -0.06571 -0.49701 -0.6703 -0.06571 -0.46416 -0.69467 -0.06571 -0.4655 -0.69667 -0.06152 0.28203 -0.78792 -0.06152 0.24264 -0.79986 -0.06152 0.24194 -0.79756 -0.06571 0.28121 -0.78565 -0.06571 0.31972 -0.77187 -0.06571 0.32064 -0.7741 -0.06152 0.32064 -0.7741 -0.05036 0.81181 -0.20325 -0.06152 0.79987 -0.24264 -0.06152 0.79756 -0.24194 -0.06571 0.80948 -0.20266 -0.06571 0.81942 -0.16299 -0.06571 0.82178 -0.16346 -0.06152 0.62001 0.56208 -0.06152 0.62001 0.56208 -0.05036 0.64613 0.53026 -0.06152 0.64426 0.52873 -0.06571 0.61823 0.56046 -0.06571 0.59077 0.59077 -0.06571 0.59247 0.59247 -0.06152 -0.28203 0.78792 -0.06152 -0.24264 0.79987 -0.06152 -0.24194 0.79756 -0.06571 -0.28121 0.78565 -0.06571 -0.31972 0.77187 -0.06571 -0.32064 0.7741 -0.06152 -0.32064 0.7741 -0.05036 -0.81181 0.20325 -0.06152 -0.79986 0.24264 -0.06152 -0.79756 0.24194 -0.06571 -0.80947 0.20266 -0.06571 -0.81942 0.16299 -0.06571 -0.82178 0.16346 -0.06152 -0.62001 -0.56208 -0.06152 -0.62001 -0.56208 -0.05036 -0.64613 -0.53026 -0.06152 -0.64426 -0.52873 -0.06571 -0.61823 -0.56046 -0.06571 -0.59077 -0.59077 -0.06571 -0.59247 -0.59247 -0.06152 0.12289 -0.8278 -0.06152 0.08193 -0.83183 -0.05036 0.08193 -0.83183 -0.06152 0.08169 -0.82944 -0.06571 0.12254 -0.82541 -0.06571 0.16299 -0.81942 -0.06571 0.16346 -0.82178 -0.06152 0.75656 -0.35772 -0.06152 0.73504 -0.39288 -0.06571 0.75438 -0.35669 -0.06571 0.77187 -0.31972 -0.06571 0.7741 -0.32064 -0.06152 0.71776 0.43032 -0.06152 0.73504 0.39289 -0.06571 0.71569 0.42908 -0.06571 0.69467 0.46416 -0.06571 0.69667 0.4655 -0.06152 0.04096 0.83587 -0.06152 0.08193 0.83183 -0.06152 0.08169 0.82944 -0.06571 0.04085 0.83346 -0.06571 0 0.83547 -0.06571 0 0.83788 -0.06152 0 0.83788 -0.05036 -0.12289 0.8278 -0.06152 -0.08193 0.83183 -0.05036 -0.08193 0.83183 -0.06152 -0.08169 0.82944 -0.06571 -0.12254 0.82541 -0.06571 -0.16299 0.81942 -0.06571 -0.16346 0.82178 -0.06152 -0.75656 0.35772 -0.06152 -0.71776 0.43032 -0.06152 -0.73504 0.39289 -0.06571 -0.75438 0.35669 -0.06571 -0.77187 0.31972 -0.06571 -0.7741 0.32065 -0.06152 -0.7741 0.32065 -0.05036 -0.71776 -0.43032 -0.06152 -0.73504 -0.39288 -0.06571 -0.71569 -0.42908 -0.06571 -0.69467 -0.46416 -0.06571 -0.69668 -0.4655 -0.06152 -0.04096 -0.83587 -0.06152 -0.08193 -0.83183 -0.06152 -0.08169 -0.82944 -0.06571 -0.04085 -0.83346 -0.06571 -0 -0.83547 -0.06571 -0 -0.83788 -0.06152 0 -0.83788 -0.05036 0.67224 -0.49844 -0.06152 0.64613 -0.53026 -0.06152 0.64426 -0.52873 -0.06571 0.6703 -0.49701 -0.06571 0.69467 -0.46416 -0.06571 0.69667 -0.4655 -0.06152 0.78792 0.28203 -0.06152 0.79987 0.24264 -0.06152 0.79756 0.24194 -0.06571 0.78565 0.28121 -0.06571 0.77187 0.31972 -0.06571 0.7741 0.32064 -0.06152 0.7741 0.32064 -0.05036 0.20325 0.81181 -0.06152 0.24264 0.79987 -0.06152 0.24194 0.79756 -0.06571 0.20266 0.80948 -0.06571 0.16299 0.81942 -0.06571 0.16346 0.82178 -0.06152 -0.67224 0.49844 -0.06152 -0.67224 0.49844 -0.05036 -0.64613 0.53026 -0.05036 -0.64613 0.53026 -0.06152 -0.64426 0.52874 -0.06571 -0.6703 0.49701 -0.06571 -0.69467 0.46416 -0.06571 -0.69667 0.4655 -0.06152 -0.69667 0.4655 -0.05036 -0.78792 -0.28203 -0.06152 -0.79987 -0.24264 -0.06152 -0.79756 -0.24194 -0.06571 -0.78565 -0.28121 -0.06571 -0.77187 -0.31972 -0.06571 -0.7741 -0.32064 -0.06152 -0.7741 -0.32064 -0.05036 -0.20325 -0.81181 -0.06152 -0.24264 -0.79986 -0.06152 -0.24194 -0.79756 -0.06571 -0.20266 -0.80947 -0.06571 -0.16299 -0.81942 -0.06571 -0.16346 -0.82178 -0.06152 0.56208 -0.62001 -0.06152 0.56208 -0.62001 -0.05036 0.53026 -0.64613 -0.06152 0.52873 -0.64426 -0.06571 0.56046 -0.61823 -0.06571 0.59077 -0.59077 -0.06571 0.59247 -0.59247 -0.06152 0.8278 0.12289 -0.06152 0.83183 0.08193 -0.06152 0.82944 0.08169 -0.06571 0.82541 0.12254 -0.06571 0.81942 0.16299 -0.06571 0.82178 0.16346 -0.06152 0.35772 0.75656 -0.06152 0.43032 0.71776 -0.06152 0.39289 0.73504 -0.06571 0.35669 0.75438 -0.06571 0.31972 0.77187 -0.06571 0.32064 0.7741 -0.06152 -0.11982 0.80709 -0.0671 -0.07988 0.81103 -0.0671 -0.07976 0.8098 -0.06294 -0.11964 0.80587 -0.06294 -0.15913 0.80002 -0.06294 -0.15937 0.80123 -0.0671 -0.73764 0.34877 -0.0671 -0.71872 0.38417 -0.0671 -0.71763 0.38358 -0.06294 -0.73652 0.34824 -0.06294 -0.7536 0.31215 -0.06294 -0.75474 0.31262 -0.0671 -0.76518 0.31695 -0.0671 -0.6998 -0.41956 -0.0671 -0.71872 -0.38416 -0.0671 -0.71763 -0.38358 -0.06294 -0.69874 -0.41892 -0.06294 -0.67822 -0.45317 -0.06294 -0.67925 -0.45386 -0.0671 -0.03994 -0.81496 -0.0671 -2.02245e-16 -0.82823 -0.0671 -0.07988 -0.81102 -0.0671 -0.07976 -0.8098 -0.06294 -0.03988 -0.81373 -0.06294 -0 -0.81569 -0.06294 -0 -0.81693 -0.0671 0.65542 -0.48598 -0.0671 0.66449 -0.4927 -0.0671 0.62901 -0.51622 -0.06294 0.65443 -0.48524 -0.06294 0.67822 -0.45317 -0.06294 0.67925 -0.45386 -0.0671 0.76821 0.27497 -0.0671 0.77884 0.27878 -0.0671 0.77986 0.23657 -0.0671 0.77868 0.23621 -0.06294 0.76705 0.27456 -0.06294 0.7536 0.31215 -0.06294 0.75474 0.31262 -0.0671 0.19816 0.79151 -0.0671 0.23657 0.77986 -0.0671 0.23621 0.77868 -0.06294 0.19786 0.79031 -0.06294 0.15913 0.80002 -0.06294 0.15937 0.80123 -0.0671 -0.65542 0.48598 -0.0671 -0.62901 0.51622 -0.06294 -0.65443 0.48524 -0.06294 -0.67822 0.45317 -0.06294 -0.67925 0.45386 -0.0671 -0.76821 -0.27497 -0.0671 -0.77884 -0.27878 -0.0671 -0.77986 -0.23657 -0.0671 -0.77868 -0.23621 -0.06294 -0.76705 -0.27456 -0.06294 -0.7536 -0.31215 -0.06294 -0.75474 -0.31262 -0.0671 -0.19816 -0.79151 -0.0671 -0.23657 -0.77986 -0.0671 -0.23621 -0.77868 -0.06294 -0.19786 -0.79031 -0.06294 -0.15913 -0.80002 -0.06294 -0.15937 -0.80123 -0.0671 0.54802 -0.6045 -0.0671 0.51622 -0.62901 -0.06294 0.54719 -0.60359 -0.06294 0.57678 -0.57678 -0.06294 0.57765 -0.57765 -0.0671 0.80709 0.11982 -0.0671 0.81103 0.07988 -0.0671 0.8098 0.07976 -0.06294 0.80587 0.11964 -0.06294 0.80002 0.15913 -0.06294 0.80123 0.15937 -0.0671 0.34877 0.73764 -0.0671 0.38416 0.71872 -0.0671 0.38358 0.71763 -0.06294 0.34824 0.73652 -0.06294 0.31215 0.7536 -0.06294 0.31262 0.75474 -0.0671 -0.54802 0.60451 -0.0671 -0.517 0.62997 -0.0671 -0.51622 0.62901 -0.06294 -0.54719 0.60359 -0.06294 -0.57678 0.57678 -0.06294 -0.57765 0.57765 -0.0671 -0.80709 -0.11982 -0.0671 -0.81102 -0.07988 -0.0671 -0.8098 -0.07976 -0.06294 -0.80587 -0.11964 -0.06294 -0.80002 -0.15913 -0.06294 -0.80123 -0.15937 -0.0671 -0.34877 -0.73764 -0.0671 -0.38416 -0.71872 -0.0671 -0.38358 -0.71763 -0.06294 -0.34824 -0.73652 -0.06294 -0.31215 -0.7536 -0.06294 -0.31262 -0.75474 -0.0671 0.41956 -0.6998 -0.0671 0.38416 -0.71872 -0.0671 0.38358 -0.71763 -0.06294 0.41892 -0.69874 -0.06294 0.45317 -0.67822 -0.06294 0.45386 -0.67925 -0.0671 0.81496 -0.03994 -0.0671 0.81103 -0.07988 -0.0671 0.8098 -0.07976 -0.06294 0.81373 -0.03988 -0.06294 0.81569 0 -0.06294 0.81693 0 -0.0671 0.82823 0 -0.0671 0.48598 0.65542 -0.0671 0.51622 0.62901 -0.06294 0.48524 0.65443 -0.06294 0.45317 0.67822 -0.06294 0.45386 0.67925 -0.0671 -0.41956 0.6998 -0.0671 -0.38416 0.71872 -0.0671 -0.38358 0.71763 -0.06294 -0.41892 0.69874 -0.06294 -0.45317 0.67822 -0.06294 -0.45386 0.67925 -0.0671 -0.81496 0.03994 -0.0671 -0.82823 2.02245e-16 -0.0671 -0.81102 0.07988 -0.0671 -0.8098 0.07976 -0.06294 -0.81373 0.03988 -0.06294 -0.81569 0 -0.06294 -0.81693 0 -0.0671 -0.48598 -0.65542 -0.0671 -0.51622 -0.62901 -0.06294 -0.48524 -0.65443 -0.06294 -0.45317 -0.67822 -0.06294 -0.45386 -0.67925 -0.0671 0.27497 -0.76821 -0.0671 0.27878 -0.77884 -0.0671 0.23657 -0.77986 -0.0671 0.23621 -0.77868 -0.06294 0.27456 -0.76705 -0.06294 0.31215 -0.7536 -0.06294 0.31262 -0.75474 -0.0671 0.79151 -0.19816 -0.0671 0.77986 -0.23657 -0.0671 0.77868 -0.23621 -0.06294 0.79031 -0.19786 -0.06294 0.80002 -0.15913 -0.06294 0.80123 -0.15937 -0.0671 0.6045 0.54802 -0.0671 0.61287 0.5556 -0.0671 0.65542 0.48598 -0.0671 0.62901 0.51622 -0.06294 0.60359 0.54719 -0.06294 0.57678 0.57678 -0.06294 0.57765 0.57765 -0.0671 -0.27497 0.76821 -0.0671 -0.23657 0.77986 -0.0671 -0.23621 0.77868 -0.06294 -0.27455 0.76705 -0.06294 -0.31215 0.7536 -0.06294 -0.31262 0.75474 -0.0671 -0.79151 0.19816 -0.0671 -0.77986 0.23657 -0.0671 -0.77868 0.23621 -0.06294 -0.79031 0.19786 -0.06294 -0.80002 0.15913 -0.06294 -0.80123 0.15938 -0.0671 -0.6045 -0.54802 -0.0671 -0.62996 -0.517 -0.0671 -0.62901 -0.51622 -0.06294 -0.60359 -0.54719 -0.06294 -0.57678 -0.57678 -0.06294 -0.57765 -0.57765 -0.0671 0.11982 -0.80709 -0.0671 0.07988 -0.81102 -0.0671 0.07976 -0.8098 -0.06294 0.11964 -0.80587 -0.06294 0.15913 -0.80002 -0.06294 0.15937 -0.80123 -0.0671 0.73764 -0.34877 -0.0671 0.71872 -0.38416 -0.0671 0.71763 -0.38358 -0.06294 0.73652 -0.34824 -0.06294 0.7536 -0.31215 -0.06294 0.75474 -0.31262 -0.0671 0.76518 -0.31695 -0.0671 0.6998 0.41956 -0.0671 0.71872 0.38416 -0.0671 0.71763 0.38358 -0.06294 0.69874 0.41892 -0.06294 0.67822 0.45317 -0.06294 0.67925 0.45386 -0.0671 -0.34807 0.73615 -0.05044 0.77828 -0.23609 -0.05044 0.60328 0.54692 -0.05044 -0.77828 0.23609 -0.05044 0.69839 -0.41871 -0.05044 0.73615 0.34807 -0.0504399 -0.67788 -0.45294 -0.01688 0 -0.81528 -0.0253 0.62869 -0.51596 -0.05044 0.67788 -0.45294 -0.05044 -0.67788 0.45294 -0.05044 0.54692 -0.60328 -0.05044 0.51596 -0.62869 -0.05044 -0.41871 -0.69839 -0.0504399 0.41871 -0.69839 -0.0504399 0.81528 0 -0.0253 0.09755 0.99039 0.00301 0.14632 0.98559 0.00301 0.19462 0.97843 0.00301 0 0.9976 0.00301 0.04877 0.9952 0.00301 0.04877 0.9952 -0.03199 0.04875 0.99481 -0.04195 0.28889 0.95233 0.00301 0.33579 0.93811 0.00301 0.38176 0.92166 0.00301 0.24199 0.96656 0.00301 0.24199 0.96656 -0.03199 0.24189 0.96618 -0.04195 0.46913 0.87767 0.00301 0.51235 0.85457 0.00301 0.55424 0.82947 0.00301 0.42591 0.90078 0.00301 0.42591 0.90078 -0.03199 0.42574 0.90043 -0.04195 0.66922 0.7382 -0.00866 0.63134 0.76929 0.00301 0.66922 0.7382 0.00301 0.70541 0.70541 0.00301 0.70541 0.70541 -0.00866 0.59345 0.80038 -0.03199 0.59345 0.80038 0.00301 0.59322 0.80007 -0.04195 0.76929 0.63134 0.00301 0.80038 0.59345 0.00301 0.82947 0.55424 0.00301 0.7382 0.66922 0.00301 0.7382 0.66922 -0.03199 0.73791 0.66896 -0.04195 0.87767 0.46913 0.00301 0.90078 0.42591 0.00301 0.92166 0.38176 0.00301 0.85457 0.51235 0.00301 0.85457 0.51235 -0.03199 0.85424 0.51215 -0.04195 0.95233 0.28889 0.00301 0.96656 0.24199 0.00301 0.97843 0.19462 0.00301 0.93811 0.33579 0.00301 0.93811 0.33579 -0.03199 0.93774 0.33566 -0.04195 0.9952 0.04877 -0.00866 0.99039 0.09755 0.00301 0.9952 0.04877 0.00301 0.9976 0 0.00301 0.98559 0.14632 0.00301 0.98559 0.14632 -0.03199 0.98521 0.14626 -0.04195 0.99039 -0.09755 0.00301 0.98559 -0.14632 0.00301 0.97843 -0.19462 0.00301 0.9952 -0.04877 0.00301 0.9952 -0.04877 -0.03199 0.99481 -0.04875 -0.04195 0.95233 -0.28889 0.00301 0.93811 -0.33579 0.00301 0.92166 -0.38176 0.00301 0.96656 -0.24199 0.00301 0.96656 -0.24199 -0.03199 0.96618 -0.24189 -0.04195 0.87767 -0.46913 0.00301 0.85457 -0.51235 0.00301 0.82947 -0.55424 0.00301 0.90078 -0.42591 -0.00866 0.90078 -0.42591 0.00301 0.90078 -0.4259 -0.02032 0.90078 -0.4259 -0.03199 0.90043 -0.42574 -0.04195 0.7382 -0.66922 -0.00866 0.76929 -0.63134 0.00301 0.7382 -0.66922 0.00301 0.70541 -0.70541 0.00301 0.80038 -0.59345 -0.03199 0.80038 -0.59345 0.00301 0.80007 -0.59322 -0.04195 0.63134 -0.76929 0.00301 0.59345 -0.80038 0.00301 0.55424 -0.82947 0.00301 0.66922 -0.7382 0.00301 0.66922 -0.7382 -0.03199 0.66896 -0.73791 -0.04195 0.46913 -0.87767 0.00301 0.4259 -0.90078 0.00301 0.38176 -0.92166 0.00301 0.51235 -0.85457 0.00301 0.51235 -0.85457 -0.03199 0.51215 -0.85424 -0.04195 0.28889 -0.95233 0.00301 0.24199 -0.96656 0.00301 0.19462 -0.97843 0.00301 0.33578 -0.93811 0.00301 0.33578 -0.93811 -0.03199 0.33565 -0.93774 -0.04195 0.09754 -0.99039 0.00301 0.04877 -0.9952 0.00301 -0 -0.9976 0.00301 0.14632 -0.98559 0.00301 0.14632 -0.98559 -0.03199 0.14626 -0.98521 -0.04195 -0.09755 -0.99039 0.00301 -0.14632 -0.98559 0.00301 -0.19462 -0.97843 0.00301 -0.04877 -0.9952 0.00301 -0.04877 -0.9952 -0.03199 -0.04875 -0.99481 -0.04195 -0.28889 -0.95233 0.00301 -0.33579 -0.93811 0.00301 -0.38176 -0.92166 0.00301 -0.24199 -0.96656 0.00301 -0.24199 -0.96656 -0.03199 -0.2419 -0.96618 -0.04195 -0.46913 -0.87767 0.00301 -0.51235 -0.85457 0.00301 -0.55424 -0.82947 0.00301 -0.42591 -0.90078 0.00301 -0.42591 -0.90078 -0.03199 -0.42574 -0.90043 -0.04195 -0.66922 -0.7382 -0.00866 -0.63134 -0.76929 0.00301 -0.66922 -0.7382 0.00301 -0.70541 -0.70541 0.00301 -0.59345 -0.80038 -0.03199 -0.59345 -0.80038 0.00301 -0.59322 -0.80007 -0.04195 -0.76929 -0.63134 0.00301 -0.80038 -0.59345 0.00301 -0.82947 -0.55424 0.00301 -0.7382 -0.66922 -0.03199 -0.7382 -0.66922 0.00301 -0.73791 -0.66896 -0.04195 -0.87767 -0.46913 0.00301 -0.90078 -0.4259 0.00301 -0.92166 -0.38176 0.00301 -0.85457 -0.51235 0.00301 -0.85457 -0.51235 -0.03199 -0.85424 -0.51215 -0.04195 -0.95233 -0.28889 0.00301 -0.96656 -0.24199 0.00301 -0.97843 -0.19462 0.00301 -0.93811 -0.33578 0.00301 -0.93811 -0.33578 -0.03199 -0.93774 -0.33565 -0.04195 -0.99039 -0.09754 0.00301 -0.9952 -0.04877 0.00301 -0.9976 0 0.00301 -0.98559 -0.14632 0.00301 -0.98559 -0.14632 -0.03199 -0.98521 -0.14626 -0.04195 -0.99039 0.09755 0.00301 -0.98559 0.14632 0.00301 -0.97843 0.19462 0.00301 -0.9952 0.04877 0.00301 -0.9952 0.04877 -0.03199 -0.99481 0.04875 -0.04195 -0.95233 0.28889 0.00301 -0.93811 0.33579 0.00301 -0.92166 0.38177 0.00301 -0.96656 0.24199 -0.03199 -0.96656 0.24199 0.00301 -0.96618 0.2419 -0.04195 -0.87767 0.46913 0.00301 -0.85457 0.51235 0.00301 -0.82947 0.55424 0.00301 -0.90078 0.42591 0.00301 -0.90078 0.42591 -0.03199 -0.90043 0.42574 -0.04195 -0.7382 0.66922 -0.00866 -0.7382 0.66922 0.00301 -0.70541 0.70541 0.00301 -0.80038 0.59346 0.00301 -0.80007 0.59323 -0.04195 -0.63134 0.76929 0.00301 -0.59345 0.80038 0.00301 -0.55423 0.82947 0.00301 -0.66922 0.7382 0.00301 -0.66922 0.7382 -0.03199 -0.66896 0.73791 -0.04195 -0.46913 0.87768 0.00301 -0.4259 0.90078 0.00301 -0.38176 0.92166 0.00301 -0.51235 0.85457 0.00301 -0.51235 0.85457 -0.03199 -0.51215 0.85424 -0.04195 0.89594 0.42362 -0.0582 0.89782 0.42451 -0.05335 0.8887 0.4202 -0.06184 0.89938 0.42524 -0.0485 0.92023 0.38117 -0.0485 0.87631 0.4684 -0.0485 0.85325 0.51155 -0.0485 0.82819 0.55338 -0.0485 -0.09754 0.99039 0.00301 -0.04877 0.9952 0.00301 -0.19462 0.97843 0.00301 -0.14632 0.98559 0.00301 -0.14632 0.98559 -0.03199 -0.14626 0.98521 -0.04195 -0.28889 0.95233 0.00301 -0.24199 0.96656 0.00301 -0.33578 0.93811 0.00301 -0.33578 0.93811 -0.03199 -0.33565 0.93774 -0.04195 -0.6179 -0.68159 -0.06305 -0.6087 -0.67144 -0.06191 -0.64714 -0.71384 -0.06305 -0.66025 -0.7283 -0.06184 -0.68214 -0.68213 -0.06305 -0.57388 -0.77397 -0.06305 -0.53595 -0.80211 -0.06305 -0.9803 0.14553 -0.0582 -0.98236 0.14584 -0.05335 -0.97238 0.14436 -0.06184 -0.98406 0.14609 -0.0485 -0.97691 0.19432 -0.0485 -0.98886 0.0974 -0.0485 -0.99365 0.0487 -0.0485 -0.99605 0 -0.0485 0.59027 -0.79609 -0.0582 0.59151 -0.79775 -0.05335 0.5855 -0.78965 -0.06184 0.59253 -0.79914 -0.0485 0.55338 -0.82819 -0.0485 0.63036 -0.7681 -0.0485 0.66819 -0.73705 -0.0485 0.70431 -0.70431 -0.0485 -0.04851 0.98986 -0.0582 -0.04861 0.99193 -0.05335 -0.04812 0.98186 -0.06184 -0.0487 0.99365 -0.0485 0 0.99605 -0.0485 -0.09739 0.98886 -0.0485 -0.14609 0.98406 -0.0485 -0.19432 0.97691 -0.0485 -0.66563 -0.73424 -0.0582 -0.66703 -0.73578 -0.05335 -0.66819 -0.73705 -0.0485 -0.70432 -0.70431 -0.0485 -0.63036 -0.7681 -0.0485 -0.59253 -0.79914 -0.0485 -0.55338 -0.82819 -0.0485 0.98986 0.04851 -0.0582 0.99193 0.04861 -0.05335 0.98186 0.04812 -0.06184 0.99365 0.0487 -0.0485 0.99605 0 -0.0485 0.98886 0.09739 -0.0485 0.98406 0.14609 -0.0485 0.97691 0.19432 -0.0485 -0.84999 0.5096 -0.0582 -0.85177 0.51067 -0.05335 -0.84312 0.50548 -0.06184 -0.85325 0.51156 -0.0485 -0.82819 0.55338 -0.0485 -0.87631 0.4684 -0.0485 -0.89938 0.42525 -0.0485 -0.92023 0.38117 -0.0485 0.24069 -0.96137 -0.0582 0.24119 -0.96339 -0.05335 0.23874 -0.9536 -0.06184 0.24161 -0.96506 -0.0485 0.19432 -0.97691 -0.0485 0.28844 -0.95086 -0.0485 0.33526 -0.93665 -0.0485 0.38117 -0.92023 -0.0485 0.5096 0.84999 -0.0582 0.51067 0.85177 -0.05335 0.50548 0.84312 -0.06184 0.51155 0.85325 -0.0485 0.55338 0.82819 -0.0485 0.4684 0.87631 -0.0485 0.42524 0.89938 -0.0485 0.38117 0.92023 -0.0485 -0.89595 -0.42362 -0.0582 -0.89782 -0.42451 -0.05335 -0.8887 -0.4202 -0.06184 -0.89938 -0.42524 -0.0485 -0.92023 -0.38117 -0.0485 -0.87631 -0.4684 -0.0485 -0.85325 -0.51155 -0.0485 -0.82819 -0.55338 -0.0485 0.93307 -0.33398 -0.0582 0.93503 -0.33468 -0.05335 0.92553 -0.33128 -0.06184 0.93665 -0.33526 -0.0485 0.92023 -0.38117 -0.0485 0.95086 -0.28844 -0.0485 0.96506 -0.24161 -0.0485 0.97691 -0.19432 -0.0485 -0.59027 0.79609 -0.0582 -0.59151 0.79776 -0.05335 -0.5855 0.78965 -0.06184 -0.59253 0.79914 -0.0485 -0.55338 0.82819 -0.0485 -0.63036 0.7681 -0.0485 -0.66818 0.73705 -0.0485 -0.70431 0.70432 -0.0485 -0.14553 -0.9803 -0.0582 -0.14584 -0.98236 -0.05335 -0.14436 -0.97238 -0.06184 -0.14609 -0.98406 -0.0485 -0.19432 -0.97691 -0.0485 -0.09739 -0.98886 -0.0485 -0.0487 -0.99365 -0.0485 -0 -0.99605 -0.0485 0.79609 0.59027 -0.0582 0.79775 0.59151 -0.05335 0.78965 0.5855 -0.06184 0.79914 0.59253 -0.0485 0.7681 0.63036 -0.0485 0.73705 0.66819 -0.0485 0.70431 0.70431 -0.0485 -0.98986 -0.04851 -0.0582 -0.99193 -0.04861 -0.05335 -0.98186 -0.04812 -0.06184 -0.99365 -0.0487 -0.0485 -0.98886 -0.09739 -0.0485 -0.98406 -0.14609 -0.0485 -0.97691 -0.19432 -0.0485 0.73424 -0.66563 -0.0582 0.73578 -0.66703 -0.05335 0.7283 -0.66025 -0.06184 0.73705 -0.66819 -0.0485 0.7681 -0.63036 -0.0485 0.79914 -0.59253 -0.0485 0.82819 -0.55338 -0.0485 -0.24069 0.96137 -0.0582 -0.24119 0.96339 -0.05335 -0.23874 0.9536 -0.06184 -0.24161 0.96506 -0.0485 -0.28844 0.95086 -0.0485 -0.33526 0.93665 -0.0485 -0.38117 0.92023 -0.0485 -0.5096 -0.84999 -0.0582 -0.51067 -0.85177 -0.05335 -0.50548 -0.84312 -0.06184 -0.51155 -0.85325 -0.0485 -0.4684 -0.87631 -0.0485 -0.42525 -0.89938 -0.0485 -0.38117 -0.92023 -0.0485 0.96137 0.24069 -0.0582 0.96339 0.2412 -0.05335 0.9536 0.23875 -0.06184 0.96506 0.24161 -0.0485 0.95086 0.28844 -0.0485 0.93665 0.33526 -0.0485 -0.93307 0.33398 -0.0582 -0.93503 0.33469 -0.05335 -0.92553 0.33129 -0.06184 -0.93665 0.33527 -0.0485 -0.95086 0.28844 -0.0485 -0.96506 0.24161 -0.0485 0.42362 -0.89594 -0.0582 0.42451 -0.89782 -0.05335 0.4202 -0.8887 -0.06184 0.42524 -0.89938 -0.0485 0.4684 -0.87631 -0.0485 0.51155 -0.85325 -0.0485 0.33398 0.93307 -0.0582 0.33468 0.93503 -0.05335 0.33128 0.92553 -0.06184 0.33526 0.93665 -0.0485 0.28844 0.95086 -0.0485 0.24161 0.96506 -0.0485 0.19432 0.97691 -0.0485 -0.79609 -0.59027 -0.0582 -0.79776 -0.59151 -0.05335 -0.78965 -0.5855 -0.06184 -0.79914 -0.59253 -0.0485 -0.7681 -0.63036 -0.0485 -0.73705 -0.66818 -0.0485 0.9803 -0.14553 -0.0582 0.98236 -0.14584 -0.05335 0.97238 -0.14436 -0.06184 0.98406 -0.14609 -0.0485 0.98886 -0.09739 -0.0485 0.99365 -0.0487 -0.0485 -0.73424 0.66563 -0.0582 -0.73578 0.66703 -0.05335 -0.7283 0.66025 -0.06184 -0.73705 0.66819 -0.0485 -0.76809 0.63036 -0.0485 -0.79914 0.59254 -0.0485 0.04851 -0.98986 -0.0582 0.04861 -0.99193 -0.05335 0.04812 -0.98186 -0.06184 0.0487 -0.99365 -0.0485 0.09739 -0.98886 -0.0485 0.14609 -0.98406 -0.0485 0.66563 0.73424 -0.0582 0.66703 0.73578 -0.05335 0.66025 0.7283 -0.06184 0.66819 0.73705 -0.0485 0.63036 0.7681 -0.0485 0.59253 0.79914 -0.0485 -0.96137 -0.24069 -0.0582 -0.96339 -0.24119 -0.05335 -0.9536 -0.23874 -0.06184 -0.96506 -0.24161 -0.0485 -0.95086 -0.28844 -0.0485 -0.93665 -0.33526 -0.0485 0.14553 0.9803 -0.0582 0.14584 0.98236 -0.05335 0.14436 0.97238 -0.06184 0.14609 0.98406 -0.0485 0.09739 0.98886 -0.0485 0.0487 0.99365 -0.0485 0.84999 -0.5096 -0.0582 0.85177 -0.51067 -0.05335 0.84312 -0.50548 -0.06184 0.85325 -0.51155 -0.0485 0.87631 -0.4684 -0.0485 0.89938 -0.42524 -0.0485 -0.42451 0.89782 -0.05335 -0.4202 0.8887 -0.06184 -0.42524 0.89938 -0.0485 -0.4684 0.87631 -0.0485 -0.51155 0.85325 -0.0485 -0.33398 -0.93307 -0.0582 -0.33468 -0.93503 -0.05335 -0.33128 -0.92553 -0.06184 -0.33527 -0.93665 -0.0485 -0.28844 -0.95086 -0.0485 -0.24161 -0.96506 -0.0485 -0.87472 -0.21899 -0.04935 -0.87079 -0.21801 -0.04592 -0.87472 -0.21899 -0.05848 -0.87915 -0.2201 -0.06191 -0.88546 -0.17613 -0.05848 -0.86184 -0.26144 -0.05848 -0.84897 -0.30388 -0.05848 -0.83409 -0.34549 -0.05848 0.22343 -0.89244 -0.06305 0.2201 -0.87915 -0.06191 0.234 -0.93467 -0.06305 0.1882 -0.94615 -0.06305 0.36917 -0.89125 -0.06305 0.86617 -0.31003 -0.06305 0.90716 -0.32471 -0.06305 0.85327 -0.30542 -0.06191 0.89125 -0.36917 -0.06305 0.93467 -0.234 -0.06305 0.94615 -0.1882 -0.06305 0.739 0.54794 -0.06305 0.728 0.53979 -0.06191 0.77397 0.57387 -0.06305 0.80211 0.53595 -0.06305 0.74391 0.61051 -0.06305 0.71384 0.64714 -0.06305 0.68213 0.68213 -0.06305 -0.22343 0.89244 -0.06305 -0.2201 0.87915 -0.06191 -0.234 0.93467 -0.06305 -0.1882 0.94615 -0.06305 -0.27935 0.92091 -0.06305 -0.32471 0.90716 -0.06305 -0.36917 0.89125 -0.06305 -0.86616 0.31004 -0.06305 -0.85327 0.30542 -0.06191 -0.90715 0.32471 -0.06305 -0.89125 0.36917 -0.06305 -0.94615 0.1882 -0.06305 -0.739 -0.54794 -0.06305 -0.728 -0.53978 -0.06191 -0.77397 -0.57387 -0.06305 -0.80211 -0.53595 -0.06305 -0.74391 -0.61051 -0.06305 -0.71384 -0.64714 -0.06305 0.04503 -0.91888 -0.06305 0.04716 -0.96236 -0.06305 0.04436 -0.9052 -0.06191 -0 -0.96468 -0.06305 0.09433 -0.95772 -0.06305 0.14149 -0.95307 -0.06305 0.78904 -0.47306 -0.06305 0.77729 -0.46601 -0.06191 0.82638 -0.49544 -0.06305 0.80211 -0.53595 -0.06305 0.84872 -0.45365 -0.06305 0.87106 -0.41185 -0.06305 0.8317 0.39324 -0.06305 0.81932 0.38739 -0.06191 0.87106 0.41185 -0.06305 0.89125 0.36917 -0.06305 0.84872 0.45365 -0.06305 0.82638 0.49544 -0.06305 0.1351 0.91001 -0.06305 0.13309 0.89646 -0.06191 0.14149 0.95307 -0.06305 0.1882 0.94615 -0.06305 0.04716 0.96236 -0.06305 0 0.96468 -0.06305 -0.04503 0.91888 -0.06305 -0.04716 0.96236 -0.06305 -0.04436 0.9052 -0.06191 -0.09433 0.95772 -0.06305 -0.14149 0.95307 -0.06305 -0.78904 0.47306 -0.06305 -0.77729 0.46602 -0.06191 -0.82638 0.49545 -0.06305 -0.80211 0.53595 -0.06305 -0.87106 0.41185 -0.06305 -0.8317 -0.39324 -0.06305 -0.81932 -0.38739 -0.06191 -0.87106 -0.41185 -0.06305 -0.89125 -0.36917 -0.06305 -0.84872 -0.45365 -0.06305 -0.82638 -0.49544 -0.06305 -0.1351 -0.91001 -0.06305 -0.13309 -0.89646 -0.06191 -0.14149 -0.95307 -0.06305 -0.1882 -0.94615 -0.06305 -0.09433 -0.95772 -0.06305 -0.04716 -0.96236 -0.06305 0.68159 -0.6179 -0.06305 0.67144 -0.6087 -0.06191 0.71384 -0.64714 -0.06305 0.68213 -0.68213 -0.06305 0.74391 -0.61051 -0.06305 0.77397 -0.57387 -0.06305 0.89244 0.22343 -0.06305 0.87915 0.2201 -0.06191 0.93467 0.234 -0.06305 0.94615 0.1882 -0.06305 0.92091 0.27936 -0.06305 0.90716 0.32471 -0.06305 0.31003 0.86617 -0.06305 0.32471 0.90716 -0.06305 0.30542 0.85327 -0.06191 0.36917 0.89125 -0.06305 0.234 0.93467 -0.06305 -0.68159 0.6179 -0.06305 -0.67144 0.6087 -0.06191 -0.71384 0.64714 -0.06305 -0.68213 0.68214 -0.06305 -0.77397 0.57388 -0.06305 -0.89244 -0.22343 -0.06305 -0.93467 -0.234 -0.06305 -0.94615 -0.1882 -0.06305 -0.92091 -0.27935 -0.06305 -0.90716 -0.32471 -0.06305 -0.31004 -0.86616 -0.06305 -0.30542 -0.85327 -0.06191 -0.32471 -0.90715 -0.06305 -0.36917 -0.89125 -0.06305 0.54794 -0.739 -0.06305 0.53979 -0.728 -0.06191 0.57387 -0.77397 -0.06305 0.53595 -0.80211 -0.06305 0.64714 -0.71384 -0.06305 0.91888 0.04503 -0.06305 0.9052 0.04436 -0.06191 0.96236 0.04716 -0.06305 0.96468 0 -0.06305 0.95772 0.09433 -0.06305 0.95307 0.14149 -0.06305 0.47306 0.78904 -0.06305 0.46601 0.77729 -0.06191 0.49544 0.82638 -0.06305 0.53595 0.80211 -0.06305 0.45365 0.84872 -0.06305 0.41185 0.87106 -0.06305 -0.54794 0.739 -0.06305 -0.53978 0.728 -0.06191 -0.57387 0.77397 -0.06305 -0.53595 0.80211 -0.06305 -0.61051 0.74391 -0.06305 -0.64714 0.71384 -0.06305 -0.91888 -0.04503 -0.06305 -0.9052 -0.04436 -0.06191 -0.96236 -0.04716 -0.06305 -0.96468 0 -0.06305 -0.95772 -0.09433 -0.06305 -0.95307 -0.14149 -0.06305 -0.47306 -0.78904 -0.06305 -0.46601 -0.77729 -0.06191 -0.49545 -0.82638 -0.06305 -0.41185 -0.87106 -0.06305 0.38739 -0.81932 -0.06191 0.41185 -0.87106 -0.06305 0.45365 -0.84872 -0.06305 0.49544 -0.82638 -0.06305 0.91001 -0.1351 -0.06305 0.89646 -0.13309 -0.06191 0.95307 -0.14149 -0.06305 0.95772 -0.09433 -0.06305 0.96236 -0.04716 -0.06305 0.6179 0.68159 -0.06305 0.6087 0.67144 -0.06191 0.64714 0.71384 -0.06305 0.61051 0.74391 -0.06305 0.57387 0.77397 -0.06305 -0.38739 0.81932 -0.06191 -0.41185 0.87106 -0.06305 -0.45365 0.84872 -0.06305 -0.49544 0.82638 -0.06305 -0.91001 0.1351 -0.06305 -0.89646 0.13309 -0.06191 -0.95307 0.14149 -0.06305 -0.95772 0.09433 -0.06305 -0.96236 0.04716 -0.06305 -0.80318 0.28749 -0.04478 -0.79173 0.28339 -0.04617 -0.83371 0.29842 -0.04478 -0.84515 0.30251 -0.04592 -0.86954 0.17296 -0.04478 -0.30388 -0.84897 -0.04935 -0.30251 -0.84515 -0.04592 -0.30388 -0.84897 -0.05848 -0.34549 -0.83409 -0.05848 -0.219 -0.87472 -0.05848 -0.17613 -0.88546 -0.05848 0.53707 -0.72433 -0.04935 0.53465 -0.72107 -0.04592 0.53707 -0.72433 -0.05848 0.50157 -0.75066 -0.05848 0.57135 -0.69619 -0.05848 0.60563 -0.66806 -0.05848 0.63838 -0.63838 -0.05848 0.89659 0.04394 -0.04592 0.90064 0.04414 -0.05848 0.90281 0 -0.05848 0.89194 0.13242 -0.05848 0.88546 0.17613 -0.05848 0.46367 0.77337 -0.04935 0.46158 0.7699 -0.04592 0.46367 0.77337 -0.05848 0.50157 0.75066 -0.05848 0.42455 0.79428 -0.05848 0.38544 0.81519 -0.05848 0.34549 0.83409 -0.05848 -0.53706 0.72433 -0.04935 -0.53706 0.72433 -0.05848 -0.53465 0.72107 -0.04592 -0.50157 0.75066 -0.05848 -0.57135 0.69619 -0.05848 -0.60563 0.66806 -0.05848 -0.63838 0.63838 -0.05848 -0.90064 -0.04414 -0.04935 -0.89659 -0.04394 -0.04592 -0.90064 -0.04414 -0.05848 -0.90281 0 -0.05848 -0.89629 -0.08828 -0.05848 -0.89194 -0.13241 -0.05848 -0.46367 -0.77337 -0.04935 -0.46158 -0.7699 -0.04592 -0.46367 -0.77337 -0.05848 -0.50157 -0.75066 -0.05848 -0.42455 -0.79428 -0.05848 -0.38544 -0.81519 -0.05848 0.38544 -0.81519 -0.04935 0.38544 -0.81519 -0.05848 0.3837 -0.81152 -0.04592 0.34549 -0.83409 -0.05848 0.42455 -0.79428 -0.05848 0.46367 -0.77337 -0.05848 0.89194 -0.13241 -0.04935 0.89194 -0.13241 -0.05848 0.88793 -0.13182 -0.04592 0.89629 -0.08828 -0.05848 0.90064 -0.04414 -0.05848 0.60563 0.66806 -0.04935 0.60291 0.66505 -0.04592 0.60563 0.66806 -0.05848 0.63838 0.63838 -0.05848 0.57135 0.69619 -0.05848 0.53707 0.72433 -0.05848 -0.38544 0.81519 -0.04935 -0.38544 0.81519 -0.05848 -0.3837 0.81152 -0.04592 -0.34549 0.83409 -0.05848 -0.42455 0.79428 -0.05848 -0.46367 0.77337 -0.05848 -0.89194 0.13242 -0.04935 -0.88793 0.13182 -0.04592 -0.89194 0.13242 -0.05848 -0.88546 0.17613 -0.05848 -0.90064 0.04414 -0.05848 -0.60564 -0.66806 -0.04935 -0.60564 -0.66806 -0.05848 -0.60291 -0.66505 -0.04592 -0.63838 -0.63838 -0.05848 -0.57135 -0.69619 -0.05848 -0.53707 -0.72433 -0.05848 0.219 -0.87472 -0.04935 0.21801 -0.87079 -0.04592 0.219 -0.87472 -0.05848 0.17613 -0.88546 -0.05848 0.26144 -0.86184 -0.05848 0.30388 -0.84897 -0.05848 0.84897 -0.30388 -0.04935 0.84515 -0.30251 -0.04592 0.84897 -0.30388 -0.05848 0.83409 -0.34549 -0.05848 0.87472 -0.219 -0.05848 0.72433 0.53707 -0.04935 0.72107 0.53465 -0.04592 0.72433 0.53707 -0.05848 0.75066 0.50157 -0.05848 0.69619 0.57135 -0.05848 0.66806 0.60563 -0.05848 -0.21899 0.87472 -0.04935 -0.21801 0.87079 -0.04592 -0.21899 0.87472 -0.05848 -0.17613 0.88546 -0.05848 -0.26144 0.86184 -0.05848 -0.30388 0.84897 -0.05848 -0.84897 0.30388 -0.04935 -0.84897 0.30388 -0.05848 -0.83409 0.34549 -0.05848 -0.87472 0.219 -0.05848 -0.72433 -0.53707 -0.04935 -0.72107 -0.53465 -0.04592 -0.72433 -0.53707 -0.05848 -0.75066 -0.50157 -0.05848 -0.69619 -0.57135 -0.05848 -0.66806 -0.60563 -0.05848 0.04414 -0.90064 -0.04935 0.04394 -0.89659 -0.04592 0.04414 -0.90064 -0.05848 -0 -0.90281 -0.05848 0.08828 -0.89629 -0.05848 0.13241 -0.89194 -0.05848 0.77337 -0.46367 -0.04935 0.7699 -0.46158 -0.04592 0.77337 -0.46367 -0.05848 0.75066 -0.50157 -0.05848 0.79428 -0.42455 -0.05848 0.81519 -0.38544 -0.05848 0.81519 0.38544 -0.04935 0.81519 0.38544 -0.05848 0.81152 0.3837 -0.04592 0.83409 0.34549 -0.05848 0.79428 0.42455 -0.05848 0.77337 0.46367 -0.05848 0.13242 0.89194 -0.04935 0.13182 0.88793 -0.04592 0.13242 0.89194 -0.05848 0 0.90281 -0.05848 -0.04414 0.90064 -0.04935 -0.04394 0.89659 -0.04592 -0.04414 0.90064 -0.05848 -0.08828 0.89629 -0.05848 -0.13241 0.89194 -0.05848 -0.77337 0.46367 -0.04935 -0.7699 0.46158 -0.04592 -0.77337 0.46367 -0.05848 -0.75066 0.50157 -0.05848 -0.79428 0.42455 -0.05848 -0.81519 0.38544 -0.05848 -0.81519 -0.38544 -0.04935 -0.81519 -0.38544 -0.05848 -0.81152 -0.3837 -0.04592 -0.79428 -0.42455 -0.05848 -0.77337 -0.46367 -0.05848 -0.13242 -0.89194 -0.04935 -0.13182 -0.88793 -0.04592 -0.13242 -0.89194 -0.05848 0.66806 -0.60563 -0.04935 0.66806 -0.60563 -0.05848 0.66505 -0.60291 -0.04592 0.69619 -0.57135 -0.05848 0.72433 -0.53707 -0.05848 0.87472 0.219 -0.04935 0.87079 0.21801 -0.04592 0.87472 0.219 -0.05848 0.86184 0.26144 -0.05848 0.84897 0.30388 -0.05848 0.30388 0.84897 -0.04935 0.30251 0.84515 -0.04592 0.30388 0.84897 -0.05848 0.219 0.87472 -0.05848 -0.66806 0.60564 -0.04935 -0.66806 0.60564 -0.05848 -0.66505 0.60291 -0.04592 -0.69619 0.57135 -0.05848 -0.72433 0.53707 -0.05848 -0.49844 0.67224 -0.06152 -0.49701 0.6703 -0.06571 -0.49844 0.67224 -0.05036 -0.50086 0.6755 -0.04617 -0.4655 0.69668 -0.05036 -0.53026 0.64613 -0.05036 -0.56208 0.62001 -0.05036 -0.59247 0.59247 -0.05036 -0.68526 -0.5081 -0.04478 -0.67549 -0.50086 -0.04617 -0.71131 -0.52741 -0.04478 -0.73716 -0.49256 -0.04478 -0.65605 -0.59475 -0.04478 -0.62691 -0.6269 -0.04478 0.04176 -0.85206 -0.04478 0.04116 -0.83991 -0.04617 0.04334 -0.88444 -0.04478 -0 -0.88658 -0.04478 0.08669 -0.88017 -0.04478 0.13003 -0.8759 -0.04478 0.73166 -0.43866 -0.04478 0.72123 -0.43241 -0.04617 0.75947 -0.45533 -0.04478 0.73716 -0.49256 -0.04478 0.80053 -0.37851 -0.04478 0.77122 0.36465 -0.04478 0.76023 0.35945 -0.04617 0.80053 0.37851 -0.04478 0.75947 0.45533 -0.04478 0.73716 0.49256 -0.04478 0.12527 0.84383 -0.04478 0.12349 0.83181 -0.04617 0.13003 0.87591 -0.04478 0.17296 0.86954 -0.04478 0.08669 0.88017 -0.04478 0.04334 0.88444 -0.04478 -0.04176 0.85206 -0.04478 -0.04116 0.83991 -0.04617 -0.04334 0.88444 -0.04478 -0.08669 0.88017 -0.04478 -0.13003 0.87591 -0.04478 -0.17296 0.86954 -0.04478 -0.73166 0.43866 -0.04478 -0.72123 0.43241 -0.04617 -0.75947 0.45533 -0.04478 -0.73716 0.49256 -0.04478 -0.80053 0.37851 -0.04478 -0.77122 -0.36465 -0.04478 -0.76023 -0.35945 -0.04617 -0.80053 -0.37851 -0.04478 -0.81909 -0.33928 -0.04478 -0.12527 -0.84383 -0.04478 -0.12349 -0.83181 -0.04617 -0.13003 -0.8759 -0.04478 0.63202 -0.57297 -0.04478 0.65605 -0.59475 -0.04478 0.62302 -0.5648 -0.04617 0.62691 -0.62691 -0.04478 0.71131 -0.52741 -0.04478 0.82754 0.20718 -0.04478 0.81575 0.20423 -0.04617 0.85899 0.21506 -0.04478 0.86954 0.17296 -0.04478 0.83371 0.29842 -0.04478 0.28749 0.80318 -0.04478 0.28339 0.79173 -0.04617 0.29842 0.83371 -0.04478 0.33928 0.81909 -0.04478 0.21506 0.85899 -0.04478 -0.63202 0.57297 -0.04478 -0.65604 0.59475 -0.04478 -0.62301 0.5648 -0.04617 -0.6269 0.62691 -0.04478 -0.68368 0.56108 -0.04478 -0.71131 0.52741 -0.04478 -0.82754 -0.20718 -0.04478 -0.81575 -0.20423 -0.04617 -0.85899 -0.21506 -0.04478 -0.86954 -0.17296 -0.04478 -0.83371 -0.29842 -0.04478 -0.28749 -0.80318 -0.04478 -0.28339 -0.79173 -0.04617 -0.29842 -0.83371 -0.04478 -0.33928 -0.81909 -0.04478 -0.21506 -0.85899 -0.04478 0.5081 -0.68526 -0.04478 0.50086 -0.67549 -0.04617 0.52741 -0.71131 -0.04478 0.49256 -0.73716 -0.04478 0.59475 -0.65605 -0.04478 0.85206 0.04176 -0.04478 0.83991 0.04116 -0.04617 0.88444 0.04334 -0.04478 0.88017 0.08669 -0.04478 0.87591 0.13003 -0.04478 0.43866 0.73166 -0.04478 0.43241 0.72123 -0.04617 0.49256 0.73716 -0.04478 0.37851 0.80053 -0.04478 -0.5081 0.68526 -0.04478 -0.52741 0.71131 -0.04478 -0.59475 0.65605 -0.04478 -0.85206 -0.04176 -0.04478 -0.83991 -0.04116 -0.04617 -0.88444 -0.04334 -0.04478 -0.88658 0 -0.04478 -0.88017 -0.08669 -0.04478 -0.87591 -0.13003 -0.04478 -0.43866 -0.73166 -0.04478 -0.43241 -0.72123 -0.04617 -0.37851 -0.80053 -0.04478 0.36465 -0.77122 -0.04478 0.35945 -0.76023 -0.04617 0.37851 -0.80053 -0.04478 0.33928 -0.81909 -0.04478 0.84383 -0.12527 -0.04478 0.87591 -0.13003 -0.04478 0.83181 -0.12349 -0.04617 0.86954 -0.17296 -0.04478 0.88017 -0.08669 -0.04478 0.88444 -0.04334 -0.04478 0.57297 0.63202 -0.04478 0.5648 0.62302 -0.04617 0.59475 0.65605 -0.04478 0.62691 0.62691 -0.04478 0.52741 0.71131 -0.04478 -0.36465 0.77122 -0.04478 -0.35945 0.76023 -0.04617 -0.37851 0.80053 -0.04478 -0.33928 0.81909 -0.04478 -0.84383 0.12527 -0.04478 -0.83181 0.12349 -0.04617 -0.8759 0.13004 -0.04478 -0.88017 0.08669 -0.04478 -0.88444 0.04335 -0.04478 -0.57297 -0.63202 -0.04478 -0.59475 -0.65604 -0.04478 -0.5648 -0.62302 -0.04617 -0.56108 -0.68368 -0.04478 -0.52741 -0.71131 -0.04478 0.20718 -0.82754 -0.04478 0.20423 -0.81575 -0.04617 0.21506 -0.85899 -0.04478 0.29842 -0.83371 -0.04478 0.80318 -0.28749 -0.04478 0.79173 -0.28339 -0.04617 0.83371 -0.29842 -0.04478 0.85899 -0.21506 -0.04478 0.68526 0.5081 -0.04478 0.67549 0.50086 -0.04617 0.71131 0.52741 -0.04478 0.65605 0.59475 -0.04478 -0.20718 0.82754 -0.04478 -0.20423 0.81575 -0.04617 -0.21506 0.85899 -0.04478 -0.29842 0.83371 -0.04478 0.11982 0.80709 -0.0671 0.11964 0.80587 -0.06294 0.12148 0.81826 -0.0671 0.12254 0.82541 -0.06571 0.16158 0.81231 -0.0671 0.08098 0.82225 -0.0671 0.04049 0.82623 -0.0671 -0.83587 -0.04096 -0.06152 -0.83346 -0.04085 -0.06571 -0.83587 -0.04096 -0.05036 -0.83788 0 -0.05036 -0.8278 -0.12289 -0.05036 -0.82178 -0.16346 -0.05036 -0.42908 -0.71569 -0.06571 -0.43032 -0.71776 -0.05036 -0.4655 -0.69667 -0.05036 -0.35772 -0.75656 -0.05036 -0.32064 -0.7741 -0.05036 0.35772 -0.75656 -0.06152 0.35772 -0.75656 -0.05036 0.35669 -0.75438 -0.06571 0.43032 -0.71776 -0.05036 0.4655 -0.69667 -0.05036 0.8278 -0.12289 -0.06152 0.82541 -0.12254 -0.06571 0.8278 -0.12289 -0.05036 0.82178 -0.16346 -0.05036 0.83587 -0.04096 -0.05036 0.56208 0.62001 -0.06152 0.56208 0.62001 -0.05036 0.56046 0.61823 -0.06571 0.59247 0.59247 -0.05036 0.53026 0.64613 -0.05036 0.49844 0.67224 -0.05036 0.4655 0.69667 -0.05036 -0.35772 0.75656 -0.06152 -0.35772 0.75656 -0.05036 -0.35669 0.75438 -0.06571 -0.8278 0.12289 -0.06152 -0.82541 0.12254 -0.06571 -0.8278 0.12289 -0.05036 -0.82178 0.16346 -0.05036 -0.83183 0.08193 -0.05036 -0.83587 0.04097 -0.05036 -0.56208 -0.62001 -0.06152 -0.56046 -0.61823 -0.06571 -0.56208 -0.62001 -0.05036 -0.59247 -0.59247 -0.05036 -0.53026 -0.64613 -0.05036 0.20325 -0.81181 -0.06152 0.20266 -0.80948 -0.06571 0.20325 -0.81181 -0.05036 0.16346 -0.82178 -0.05036 0.24264 -0.79986 -0.05036 0.28203 -0.78792 -0.05036 0.78792 -0.28203 -0.06152 0.78565 -0.28121 -0.06571 0.78792 -0.28203 -0.05036 0.7741 -0.32064 -0.05036 0.79987 -0.24264 -0.05036 0.81181 -0.20325 -0.05036 0.67224 0.49844 -0.06152 0.6703 0.49701 -0.06571 0.67224 0.49844 -0.05036 0.69667 0.4655 -0.05036 0.64613 0.53026 -0.05036 -0.20325 0.81181 -0.06152 -0.20266 0.80948 -0.06571 -0.20325 0.81181 -0.05036 -0.16346 0.82178 -0.05036 -0.24264 0.79987 -0.05036 -0.28203 0.78792 -0.05036 -0.78792 0.28203 -0.06152 -0.78565 0.28121 -0.06571 -0.78792 0.28203 -0.05036 -0.79986 0.24264 -0.05036 -0.81181 0.20325 -0.05036 -0.67224 -0.49844 -0.06152 -0.6703 -0.49701 -0.06571 -0.67224 -0.49844 -0.05036 -0.69668 -0.4655 -0.05036 -0.64613 -0.53026 -0.05036 0.04096 -0.83587 -0.06152 0.04085 -0.83346 -0.06571 0.04096 -0.83587 -0.05036 0.12289 -0.8278 -0.05036 0.71776 -0.43032 -0.06152 0.71569 -0.42908 -0.06571 0.71776 -0.43032 -0.05036 0.69667 -0.4655 -0.05036 0.75656 -0.35772 -0.05036 0.75656 0.35772 -0.06152 0.75656 0.35772 -0.05036 0.75438 0.35669 -0.06571 0.71776 0.43032 -0.05036 0.12289 0.8278 -0.06152 0.12289 0.8278 -0.05036 0.16346 0.82178 -0.05036 0.08193 0.83183 -0.05036 0.04096 0.83587 -0.05036 -0.04096 0.83587 -0.06152 -0.04085 0.83346 -0.06571 -0.04096 0.83587 -0.05036 -0.12289 0.8278 -0.05036 -0.71569 0.42908 -0.06571 -0.71776 0.43032 -0.05036 -0.75656 0.35772 -0.05036 -0.75656 -0.35772 -0.06152 -0.75656 -0.35772 -0.05036 -0.75438 -0.35669 -0.06571 -0.71776 -0.43032 -0.05036 -0.12289 -0.8278 -0.06152 -0.12254 -0.82541 -0.06571 -0.12289 -0.8278 -0.05036 -0.16346 -0.82178 -0.05036 -0.08193 -0.83183 -0.05036 -0.04096 -0.83587 -0.05036 0.62001 -0.56208 -0.06152 0.61823 -0.56046 -0.06571 0.62001 -0.56208 -0.05036 0.59247 -0.59247 -0.05036 0.64613 -0.53026 -0.05036 0.67224 -0.49844 -0.05036 0.81181 0.20325 -0.06152 0.80948 0.20266 -0.06571 0.81181 0.20325 -0.05036 0.82178 0.16346 -0.05036 0.79987 0.24264 -0.05036 0.78792 0.28203 -0.05036 0.28203 0.78792 -0.06152 0.28121 0.78565 -0.06571 0.28203 0.78792 -0.05036 0.32064 0.7741 -0.05036 0.24264 0.79987 -0.05036 0.20325 0.81181 -0.05036 -0.62001 0.56208 -0.06152 -0.61823 0.56046 -0.06571 -0.62001 0.56208 -0.05036 -0.81181 -0.20325 -0.06152 -0.80948 -0.20266 -0.06571 -0.81181 -0.20325 -0.05036 -0.79987 -0.24264 -0.05036 -0.78792 -0.28203 -0.05036 -0.28203 -0.78792 -0.06152 -0.28121 -0.78565 -0.06571 -0.28203 -0.78792 -0.05036 -0.24264 -0.79986 -0.05036 -0.20325 -0.81181 -0.05036 0.49844 -0.67224 -0.06152 0.49701 -0.6703 -0.06571 0.49844 -0.67224 -0.05036 0.53026 -0.64613 -0.05036 0.83587 0.04096 -0.06152 0.83346 0.04085 -0.06571 0.83587 0.04096 -0.05036 0.83183 0.08193 -0.05036 0.8278 0.12289 -0.05036 0.42908 0.71569 -0.06571 0.43032 0.71776 -0.05036 0.35772 0.75656 -0.05036 0.54692 0.60328 -0.05044 0.54719 0.60359 -0.06294 0.57649 0.57649 -0.05044 0.51596 0.62869 -0.05044 0.48499 0.6541 -0.05044 0.45294 0.67788 -0.05044 -0.03994 0.81496 -0.0671 -0.03988 0.81373 -0.06294 -0.04049 0.82623 -0.0671 -0.08098 0.82225 -0.0671 -0.12148 0.81826 -0.0671 -0.16158 0.81231 -0.0671 -0.6998 0.41956 -0.0671 -0.69874 0.41892 -0.06294 -0.70948 0.42536 -0.0671 -0.68865 0.46014 -0.0671 -0.72866 0.38948 -0.0671 -0.74785 0.3536 -0.0671 -0.73764 -0.34877 -0.0671 -0.73652 -0.34824 -0.06294 -0.74785 -0.3536 -0.0671 -0.76518 -0.31695 -0.0671 -0.70949 -0.42536 -0.0671 -0.68865 -0.46014 -0.0671 -0.11982 -0.80709 -0.0671 -0.11964 -0.80587 -0.06294 -0.12148 -0.81826 -0.0671 -0.16158 -0.81231 -0.0671 -0.08098 -0.82225 -0.0671 -0.04049 -0.82623 -0.0671 0.6045 -0.54802 -0.0671 0.60359 -0.54719 -0.06294 0.61287 -0.5556 -0.0671 0.58565 -0.58565 -0.0671 0.68865 -0.46014 -0.0671 0.79151 0.19816 -0.0671 0.79031 0.19786 -0.06294 0.80246 0.2009 -0.0671 0.81231 0.16158 -0.0671 0.76518 0.31695 -0.0671 0.27497 0.76821 -0.0671 0.27878 0.77884 -0.0671 0.27456 0.76705 -0.06294 0.31695 0.76518 -0.0671 0.2009 0.80246 -0.0671 -0.6045 0.54802 -0.0671 -0.61287 0.5556 -0.0671 -0.60359 0.54719 -0.06294 -0.58565 0.58565 -0.0671 -0.66449 0.4927 -0.0671 -0.79151 -0.19816 -0.0671 -0.79031 -0.19786 -0.06294 -0.80246 -0.2009 -0.0671 -0.81231 -0.16158 -0.0671 -0.27497 -0.76821 -0.0671 -0.27878 -0.77884 -0.0671 -0.27456 -0.76705 -0.06294 -0.31695 -0.76518 -0.0671 -0.2009 -0.80246 -0.0671 0.48598 -0.65542 -0.0671 0.48524 -0.65443 -0.06294 0.4927 -0.66449 -0.0671 0.46014 -0.68865 -0.0671 0.5556 -0.61287 -0.0671 0.81496 0.03994 -0.0671 0.81373 0.03988 -0.06294 0.82623 0.04049 -0.0671 0.82225 0.08098 -0.0671 0.81826 0.12148 -0.0671 0.41956 0.6998 -0.0671 0.41892 0.69874 -0.06294 0.42536 0.70949 -0.0671 0.46014 0.68865 -0.0671 0.3536 0.74785 -0.0671 -0.48597 0.65543 -0.0671 -0.48524 0.65443 -0.06294 -0.4927 0.66449 -0.0671 -0.46014 0.68865 -0.0671 -0.5556 0.61287 -0.0671 -0.81496 -0.03994 -0.0671 -0.81373 -0.03988 -0.06294 -0.82623 -0.04049 -0.0671 -0.82225 -0.08098 -0.0671 -0.81826 -0.12148 -0.0671 -0.41956 -0.6998 -0.0671 -0.41892 -0.69874 -0.06294 -0.42536 -0.70948 -0.0671 -0.46014 -0.68865 -0.0671 -0.38948 -0.72866 -0.0671 -0.3536 -0.74785 -0.0671 0.34877 -0.73764 -0.0671 0.34824 -0.73652 -0.06294 0.3536 -0.74785 -0.0671 0.31695 -0.76518 -0.0671 0.42536 -0.70949 -0.0671 0.80709 -0.11982 -0.0671 0.80587 -0.11964 -0.06294 0.81826 -0.12148 -0.0671 0.81231 -0.16158 -0.0671 0.82225 -0.08098 -0.0671 0.82623 -0.04049 -0.0671 0.54802 0.6045 -0.0671 0.5556 0.61287 -0.0671 0.58565 0.58565 -0.0671 0.4927 0.66449 -0.0671 -0.34877 0.73764 -0.0671 -0.34824 0.73652 -0.06294 -0.35359 0.74785 -0.0671 -0.31695 0.76518 -0.0671 -0.38948 0.72867 -0.0671 -0.42536 0.70949 -0.0671 -0.80709 0.11982 -0.0671 -0.80587 0.11964 -0.06294 -0.81826 0.12148 -0.0671 -0.81231 0.16158 -0.0671 -0.82225 0.08099 -0.0671 -0.82623 0.04049 -0.0671 -0.54802 -0.6045 -0.0671 -0.5556 -0.61287 -0.0671 -0.54719 -0.60359 -0.06294 -0.58565 -0.58565 -0.0671 -0.4927 -0.66449 -0.0671 0.19816 -0.79151 -0.0671 0.19786 -0.79031 -0.06294 0.2009 -0.80246 -0.0671 0.16158 -0.81231 -0.0671 0.76821 -0.27497 -0.0671 0.77884 -0.27878 -0.0671 0.76705 -0.27456 -0.06294 0.80246 -0.2009 -0.0671 0.65443 0.48524 -0.06294 0.66449 0.4927 -0.0671 0.68865 0.46014 -0.0671 -0.19816 0.79151 -0.0671 -0.19786 0.79031 -0.06294 -0.2009 0.80246 -0.0671 -0.27878 0.77884 -0.0671 -0.76821 0.27497 -0.0671 -0.77884 0.27878 -0.0671 -0.76705 0.27456 -0.06294 -0.79065 0.23984 -0.0671 -0.80246 0.20091 -0.0671 -0.65542 -0.48597 -0.0671 -0.65443 -0.48524 -0.06294 -0.66449 -0.4927 -0.0671 -0.61287 -0.5556 -0.0671 0.03994 -0.81496 -0.0671 0.03988 -0.81373 -0.06294 0.04049 -0.82623 -0.0671 0.08098 -0.82225 -0.0671 0.12148 -0.81826 -0.0671 0.6998 -0.41956 -0.0671 0.69874 -0.41892 -0.06294 0.70949 -0.42536 -0.0671 0.74785 -0.3536 -0.0671 0.73764 0.34877 -0.0671 0.73652 0.34824 -0.06294 0.74785 0.3536 -0.0671 0.70949 0.42536 -0.0671 -0.31199 0.75322 -0.05044 -0.41871 0.69839 -0.05044 -0.45294 0.67788 -0.05044 -0.80546 0.11958 -0.05044 -0.79961 0.15905 -0.05044 -0.80939 0.07972 -0.05044 -0.81331 0.03986 -0.05044 -0.81528 0 -0.05044 -0.54692 -0.60328 -0.05044 -0.57649 -0.57649 -0.05044 -0.485 -0.6541 -0.05044 -0.45294 -0.67788 -0.05044 0.19776 -0.78991 -0.05044 0.15905 -0.79961 -0.05044 0.23609 -0.77828 -0.05044 0.27442 -0.76666 -0.05044 0.31199 -0.75322 -0.05044 0.76666 -0.27442 -0.05044 0.75322 -0.31199 -0.05044 0.78991 -0.19776 -0.05044 0.79961 -0.15905 -0.05044 0.6541 0.485 -0.05044 0.67788 0.45294 -0.05044 0.62869 0.51596 -0.05044 -0.19776 0.78991 -0.05044 -0.15905 0.79961 -0.05044 -0.23609 0.77829 -0.05044 -0.27442 0.76666 -0.05044 -0.76666 0.27442 -0.05044 -0.75322 0.31199 -0.05044 -0.78991 0.19776 -0.05044 -0.6541 -0.48499 -0.05044 -0.67788 -0.45294 -0.05044 -0.62869 -0.51595 -0.05044 -0.60329 -0.54692 -0.05044 0.03986 -0.81331 -0.05044 -0 -0.81528 -0.05044 0.07972 -0.80939 -0.05044 0.11958 -0.80546 -0.05044 0.73615 -0.34807 -0.05044 0.75322 0.31199 -0.05044 0.69839 0.41871 -0.05044 0.11958 0.80546 -0.05044 0.15905 0.79961 -0.05044 0.07972 0.80939 -0.05044 0.03986 0.81331 -0.05044 0 0.81528 -0.05044 -0.03986 0.81331 -0.05044 -0.07972 0.80939 -0.05044 -0.11958 0.80546 -0.05044 -0.69839 0.41871 -0.05044 -0.73615 0.34807 -0.05044 -0.73615 -0.34807 -0.05044 -0.75322 -0.31199 -0.05044 -0.69839 -0.41871 -0.05044 -0.11958 -0.80546 -0.05044 -0.15905 -0.79961 -0.05044 -0.07972 -0.80939 -0.05044 -0.03986 -0.81331 -0.05044 0.60328 -0.54692 -0.05044 0.57649 -0.57649 -0.05044 0.6541 -0.48499 -0.05044 0.78991 0.19776 -0.05044 0.79961 0.15905 -0.05044 0.77828 0.23609 -0.05044 0.76666 0.27442 -0.05044 0.27442 0.76666 -0.05044 0.31199 0.75322 -0.05044 0.23609 0.77828 -0.05044 0.19776 0.78991 -0.05044 -0.60328 0.54692 -0.05044 -0.57649 0.57649 -0.05044 -0.62869 0.51596 -0.05044 -0.6541 0.485 -0.05044 -0.78991 -0.19776 -0.05044 -0.79961 -0.15905 -0.05044 -0.77828 -0.23609 -0.05044 -0.76666 -0.27442 -0.05044 -0.27442 -0.76666 -0.05044 -0.31199 -0.75322 -0.05044 -0.23609 -0.77828 -0.05044 -0.19776 -0.78991 -0.05044 0.48499 -0.6541 -0.05044 0.45294 -0.67788 -0.05044 0.81331 0.03986 -0.05044 0.81528 0 -0.05044 0.80939 0.07972 -0.05044 0.80546 0.11958 -0.05044 0.41871 0.69839 -0.0504399 0.34807 0.73615 -0.05044 -0.48499 0.6541 -0.05044 -0.51595 0.62869 -0.05044 -0.54691 0.60329 -0.05044 -0.81331 -0.03986 -0.05044 -0.80939 -0.07972 -0.05044 -0.80546 -0.11958 -0.05044 -0.34807 -0.73615 -0.05044 0.34807 -0.73615 -0.05044 0.80546 -0.11958 -0.05044 0.80939 -0.07972 -0.05044 0.81331 -0.03986 -0.05044</float_array>
                    <technique_common>
                        <accessor count="5861" source="#NODE4-lib-positions-array" stride="3">
                            <param name="X" type="float" />
                            <param name="Y" type="float" />
                            <param name="Z" type="float" />
                        </accessor>
                    </technique_common>
                </source>
                <source id="NODE4-lib-uv">
                    <float_array id="NODE4-lib-uv-array" count="15282">0.51052 0.09303 0.51052 0.09287 0.51048 0.09287 0.51048 0.09303 0.51048 0.09319 0.51051 0.0932 0.5105 0.09367 0.51051 0.09351 0.51047 0.09351 0.51047 0.09366 0.51046 0.09382 0.5105 0.09382 0.51048 0.09424 0.51048 0.0941 0.51045 0.0941 0.51044 0.09424 0.51043 0.09441 0.51047 0.09438 0.51045 0.09474 0.5105 0.09462 0.51046 0.09462 0.51041 0.09459 0.51041 0.09474 0.51041 0.09486 0.51044 0.09486 0.51081 0.09444 0.51082 0.09458 0.51085 0.09458 0.51084 0.09444 0.51084 0.09429 0.5108 0.09429 0.51079 0.09383 0.51079 0.09399 0.51083 0.09399 0.51082 0.09383 0.51082 0.09367 0.51078 0.09367 0.51077 0.09318 0.51078 0.09334 0.51081 0.09334 0.51081 0.09318 0.51081 0.09301 0.51077 0.09301 0.51077 0.09251 0.51077 0.09267 0.5108 0.09267 0.5108 0.09251 0.5108 0.09234 0.51077 0.09234 0.51073 0.09234 0.51077 0.09184 0.51077 0.09201 0.5108 0.09201 0.5108 0.09184 0.51081 0.09168 0.51077 0.09168 0.51078 0.09121 0.51074 0.09121 0.51074 0.09136 0.51078 0.09136 0.51081 0.09136 0.51081 0.09121 0.51082 0.09106 0.51078 0.09105 0.51074 0.09106 0.5108 0.09063 0.51075 0.09077 0.51079 0.09077 0.51083 0.09077 0.51083 0.09063 0.51085 0.09046 0.5108 0.09049 0.51082 0.09013 0.51081 0.09025 0.51086 0.09028 0.51086 0.09013 0.51086 0.09001 0.51083 0.09001 0.51165 0.09091 0.51169 0.09077 0.51165 0.09077 0.51161 0.09077 0.51162 0.09091 0.51162 0.09106 0.51166 0.09106 0.51167 0.09152 0.51167 0.09136 0.51163 0.09136 0.51164 0.09152 0.51164 0.09168 0.51167 0.09168 0.51168 0.09217 0.51168 0.09201 0.51164 0.09201 0.51164 0.09217 0.51164 0.09234 0.51168 0.09234 0.51168 0.09284 0.51168 0.09268 0.51164 0.09267 0.51164 0.09284 0.51164 0.09301 0.51168 0.09301 0.51172 0.09301 0.51167 0.09351 0.51167 0.09334 0.51164 0.09334 0.51164 0.09351 0.51163 0.09367 0.51167 0.09367 0.51165 0.09414 0.51166 0.09399 0.51162 0.09399 0.51162 0.09414 0.51161 0.09429 0.51165 0.09429 0.51163 0.09472 0.51164 0.09458 0.5116 0.09458 0.5116 0.09472 0.51159 0.09486 0.51163 0.09486 0.51021 0.09369 0.51021 0.09357 0.51018 0.09357 0.51018 0.09369 0.51018 0.09381 0.51021 0.09381 0.51137 0.09091 0.51137 0.09077 0.51133 0.09077 0.51134 0.09091 0.51134 0.09106 0.51138 0.09106 0.51139 0.09152 0.51138 0.09136 0.51135 0.09136 0.51135 0.09152 0.51136 0.09168 0.51139 0.09168 0.5114 0.09217 0.51139 0.09201 0.51136 0.09201 0.51136 0.09217 0.51136 0.09234 0.5114 0.09234 0.5114 0.09284 0.5114 0.09268 0.51136 0.09267 0.51136 0.09284 0.51136 0.09301 0.51139 0.09301 0.51143 0.09301 0.51139 0.09351 0.51139 0.09334 0.51136 0.09334 0.51135 0.09351 0.51135 0.09367 0.51138 0.09367 0.51137 0.09414 0.51138 0.09399 0.51134 0.09399 0.51134 0.09414 0.51133 0.09429 0.51137 0.09429 0.51135 0.09472 0.51136 0.09458 0.51132 0.09458 0.51131 0.09472 0.51131 0.09486 0.51134 0.09486 0.51048 0.08989 0.51056 0.08989 0.51046 0.08965 0.51044 0.08977 0.51044 0.08989 0.51045 0.09002 0.51048 0.09002 0.5105 0.09043 0.51054 0.09029 0.5105 0.09029 0.51046 0.09029 0.51047 0.09043 0.51047 0.09058 0.51051 0.09058 0.51052 0.09104 0.51051 0.09089 0.51048 0.09089 0.51048 0.09104 0.51049 0.0912 0.51052 0.0912 0.51089 0.09413 0.51088 0.09398 0.51087 0.09398 0.51087 0.09414 0.51088 0.09429 0.51089 0.09429 0.51091 0.09428 0.51091 0.09413 0.5109 0.09398 0.51052 0.09237 0.51053 0.0922 0.51049 0.0922 0.51049 0.09237 0.51049 0.09253 0.51052 0.09253 0.51052 0.09169 0.51052 0.09153 0.51049 0.09153 0.51049 0.09169 0.51049 0.09186 0.51053 0.09186 0.80326 0.83056 0.78642 0.84456 0.81934 0.8158 0.81305 0.80951 0.79729 0.82397 0.78078 0.83769 0.5113 0.09318 0.51132 0.09334 0.51132 0.09318 0.51132 0.09301 0.5113 0.09301 0.51129 0.09301 0.51128 0.09317 0.51128 0.09334 0.51155 0.09064 0.51156 0.09078 0.51158 0.09078 0.51157 0.09064 0.51156 0.0905 0.51155 0.0905 0.51153 0.09051 0.51154 0.09065 0.51154 0.09078 0.51043 0.09203 0.51045 0.0922 0.51045 0.09203 0.51045 0.09186 0.51043 0.09186 0.51042 0.09186 0.51042 0.09203 0.51042 0.0922 0.50975 0.09369 0.50975 0.09381 0.50977 0.09381 0.50977 0.09369 0.50977 0.09357 0.50975 0.09357 0.50973 0.09358 0.50973 0.0937 0.50973 0.09382 0.51086 0.09284 0.51084 0.09267 0.51084 0.09284 0.51085 0.09301 0.51086 0.09301 0.51088 0.09301 0.51088 0.09284 0.51088 0.09267 0.51127 0.09443 0.51126 0.09457 0.51128 0.09457 0.51129 0.09443 0.51129 0.09429 0.51128 0.09429 0.51126 0.09428 0.51125 0.09443 0.51125 0.09456 0.51158 0.09184 0.51159 0.09201 0.5116 0.09201 0.5116 0.09184 0.5116 0.09168 0.51158 0.09168 0.51156 0.09168 0.51157 0.09185 0.51157 0.09201 0.5104 0.09395 0.51039 0.09409 0.51041 0.0941 0.51042 0.09396 0.51042 0.09381 0.5104 0.09381 0.51039 0.0938 0.51038 0.09395 0.51038 0.09409 0.51129 0.09121 0.5113 0.09153 0.51131 0.09137 0.51131 0.09121 0.5113 0.09106 0.51129 0.09106 0.51127 0.09107 0.51127 0.09122 0.51128 0.09137 0.51086 0.09152 0.51087 0.09137 0.51085 0.09137 0.51085 0.09152 0.51085 0.09168 0.51086 0.09168 0.51088 0.09168 0.51088 0.09153 0.51088 0.09137 0.5104 0.09016 0.5104 0.0903 0.51042 0.0903 0.51042 0.09016 0.51041 0.09002 0.51039 0.09003 0.51038 0.09003 0.51038 0.09017 0.51039 0.09031 0.51158 0.09318 0.5116 0.09334 0.5116 0.09318 0.5116 0.09301 0.51159 0.09301 0.51157 0.09301 0.51157 0.09317 0.51156 0.09334 0.51091 0.09471 0.51091 0.09457 0.51089 0.09457 0.5109 0.09471 0.5109 0.09485 0.51092 0.09485 0.51094 0.09484 0.51093 0.0947 0.51092 0.09456 0.51131 0.09251 0.51132 0.09267 0.51132 0.09251 0.51132 0.09234 0.51131 0.09234 0.51129 0.09234 0.51129 0.09251 0.51129 0.09267 0.50998 0.09369 0.50998 0.09381 0.51 0.09381 0.51 0.09369 0.51 0.09357 0.50998 0.09357 0.50996 0.09358 0.50996 0.0937 0.50996 0.09382 0.51043 0.09137 0.51043 0.09153 0.51045 0.09153 0.51045 0.09137 0.51045 0.0912 0.51043 0.09121 0.51041 0.09121 0.51041 0.09137 0.51041 0.09153 0.51155 0.09443 0.51155 0.09457 0.51156 0.09457 0.51157 0.09443 0.51158 0.09429 0.51156 0.09429 0.51154 0.09428 0.51154 0.09443 0.51153 0.09456 0.51087 0.0935 0.51087 0.09334 0.51085 0.09334 0.51085 0.09351 0.51086 0.09367 0.51087 0.09367 0.51089 0.09366 0.51089 0.0935 0.51089 0.09334 0.51129 0.09382 0.51128 0.09398 0.5113 0.09398 0.51131 0.09383 0.51131 0.09367 0.51129 0.09367 0.51128 0.09366 0.51127 0.09382 0.51127 0.09398 0.51157 0.09121 0.51158 0.09137 0.51159 0.09137 0.51159 0.09121 0.51159 0.09106 0.51157 0.09106 0.51155 0.09107 0.51155 0.09122 0.51156 0.09137 0.51042 0.09335 0.51041 0.0935 0.51043 0.0935 0.51044 0.09335 0.51044 0.09319 0.51042 0.09319 0.51041 0.09319 0.5104 0.09334 0.5104 0.0935 0.51127 0.09064 0.51128 0.09078 0.51129 0.09078 0.51129 0.09064 0.51128 0.0905 0.51127 0.0905 0.51125 0.09051 0.51125 0.09065 0.51126 0.09078 0.51086 0.09217 0.51084 0.09201 0.51084 0.09217 0.51084 0.09234 0.51086 0.09234 0.51088 0.09234 0.51088 0.09217 0.51088 0.09201 0.51037 0.08967 0.51038 0.08979 0.5104 0.08978 0.51039 0.08966 0.51038 0.08954 0.51037 0.08955 0.51035 0.08955 0.51036 0.08967 0.51036 0.08979 0.51159 0.09251 0.5116 0.09267 0.5116 0.09251 0.5116 0.09234 0.51159 0.09234 0.51157 0.09234 0.51157 0.09251 0.51157 0.09267 0.51005 0.09369 0.51005 0.09381 0.51007 0.09381 0.51007 0.09369 0.51007 0.09357 0.51005 0.09357 0.51004 0.09358 0.51004 0.0937 0.51004 0.09382 0.5113 0.09184 0.5113 0.09201 0.51132 0.09201 0.51132 0.09184 0.51132 0.09168 0.5113 0.09168 0.51128 0.09168 0.51128 0.09185 0.51129 0.09201 0.51043 0.0927 0.51044 0.09286 0.51045 0.0927 0.51045 0.09253 0.51043 0.09253 0.51042 0.09253 0.51041 0.0927 0.51041 0.09286 0.51088 0.09092 0.51088 0.09078 0.51087 0.09078 0.51086 0.09092 0.51086 0.09106 0.51087 0.09106 0.51089 0.09107 0.5109 0.09092 0.5109 0.09078 0.51042 0.09074 0.51043 0.09105 0.51044 0.09089 0.51044 0.09073 0.51043 0.09058 0.51041 0.09059 0.5104 0.09059 0.5104 0.09074 0.5104 0.0909 0.51157 0.09382 0.51157 0.09398 0.51158 0.09398 0.51159 0.09383 0.51159 0.09367 0.51158 0.09367 0.51156 0.09366 0.51155 0.09382 0.51155 0.09398 0.51346 0.09364 0.51346 0.09349 0.51343 0.09364 0.51346 0.09379 0.51348 0.09379 0.51348 0.09364 0.51348 0.09349 0.94226 0.43265 0.94453 0.45458 0.952995 0.442415 0.93893 0.41092 0.93026 0.41267 0.93352 0.43396 0.93575 0.45546 0.69013 0.0935 0.70951 0.10387 0.67035 0.08412 0.66701 0.09235 0.6864 0.10154 0.70539 0.11171 0.27099 0.11457 0.29024 0.10416 0.25234 0.12587 0.2573 0.13327 0.27558 0.12219 0.29445 0.112 0.06221 0.56487 0.05993 0.54293 0.051475 0.555095 0.06554 0.58659 0.07421 0.58485 0.07095 0.56355 0.06871 0.54206 0.31433 0.90402 0.29496 0.89364 0.33411 0.9134 0.33745 0.90516 0.31806 0.89597 0.29907 0.8858 0.73347 0.88295 0.71422 0.89335 0.75212 0.87165 0.74716 0.86424 0.72888 0.87532 0.71001 0.88552 0.94707 0.52039 0.94506 0.54232 0.94802 0.49845 0.93917 0.49846 0.93824 0.51996 0.93627 0.54146 0.76527 0.1386 0.74767 0.12553 0.7428 0.13294 0.76005 0.14575 0.77672 0.15944 0.34967 0.07694 0.32916 0.08435 0.3326 0.09258 0.35269 0.08532 0.3732 0.07903 0.06967 0.39022 0.0759 0.36912 0.06449 0.41153 0.07318 0.41326 0.07826 0.39237 0.08437 0.37169 0.05739 0.47713 0.05941 0.45519 0.05645 0.49906 0.0653 0.49906 0.06622 0.47756 0.0682 0.45605 0.23919 0.85891 0.2568 0.87199 0.26167 0.86458 0.24442 0.85176 0.22774 0.83807 0.6548 0.92057 0.6753 0.91316 0.67187 0.90493 0.65177 0.9122 0.63127 0.91848 0.9348 0.6073 0.92856 0.62839 0.93997 0.58599 0.93128 0.58426 0.92621 0.60514 0.9201 0.62582 0.8303 0.19754 0.8443 0.21457 0.81555 0.18128 0.80933 0.18758 0.82379 0.20352 0.83751 0.22022 0.4342 0.05553 0.45598 0.05335 0.4538 0.03227 0.43098 0.03455 0.41264 0.05876 0.41442 0.0675 0.43555 0.06433 0.4569 0.0622 0.09857 0.30748 0.10878 0.28803 0.08936 0.32734 0.09755 0.33074 0.10659 0.31128 0.11659 0.29222 0.17416 0.79997 0.16017 0.78294 0.14398 0.79639 0.18891 0.81623 0.19513 0.80993 0.18068 0.79399 0.16696 0.7773 0.57026 0.94199 0.54848 0.94416 0.560615 0.95274 0.59183 0.93875 0.59005 0.93002 0.56891 0.93319 0.54756 0.93532 0.90589 0.69003 0.89569 0.70948 0.91511 0.67017 0.90691 0.66677 0.89788 0.68624 0.88788 0.7053 0.88273 0.26806 0.89317 0.2875 0.8714 0.24923 0.86407 0.25419 0.87517 0.27264 0.88541 0.29169 0.52135 0.05115 0.54316 0.05329 0.49955 0.05008 0.49961 0.05899 0.52097 0.06003 0.54235 0.06214 0.14298 0.23209 0.13009 0.24974 0.13748 0.25469 0.15012 0.23739 0.16363 0.22068 0.12174 0.72945 0.1113 0.71002 0.0928 0.72002 0.13307 0.74828 0.1404 0.74333 0.12929 0.72487 0.11906 0.70582 0.48311 0.94637 0.4613 0.94422 0.50491 0.94743 0.50486 0.93853 0.48349 0.93748 0.46212 0.93538 0.86148 0.76542 0.87438 0.74777 0.86699 0.74283 0.85435 0.76013 0.84083 0.77684 0.92053 0.34745 0.9335 0.38963 0.91306 0.32677 0.9049 0.33019 0.91223 0.35045 0.91858 0.37112 0.60777 0.06397 0.62877 0.07035 0.58657 0.05864 0.5849 0.06738 0.60568 0.0726 0.62625 0.07886 0.2012 0.16695 0.21805 0.15296 0.18512 0.18171 0.19142 0.18801 0.20718 0.17354 0.22369 0.15982 0.08394 0.65007 0.07097 0.60789 0.06414 0.65723 0.09141 0.67074 0.09956 0.66733 0.09224 0.64706 0.08589 0.62639 0.39669 0.93355 0.3757 0.92716 0.41789 0.93887 0.41957 0.93013 0.39879 0.92491 0.37821 0.91866 0.59636 0.88756 0.57714 0.89138 0.60188 0.90959 0.6153 0.88281 0.6119 0.87161 0.59352 0.87622 0.57486 0.87993 0.51359 0.09184 0.51359 0.0917 0.51356 0.0917 0.51358 0.09198 0.5136 0.09198 0.5136 0.09184 0.51361 0.0917 0.5136 0.09473 0.5136 0.09461 0.51359 0.09486 0.51361 0.09486 0.51362 0.09486 0.51362 0.09473 0.51361 0.09461 0.51335 0.09304 0.51335 0.09319 0.51336 0.09319 0.51336 0.09304 0.51336 0.09288 0.51271 0.09085 0.51272 0.09073 0.51271 0.09098 0.51272 0.09098 0.51273 0.09085 0.51273 0.09073 0.51271 0.0943 0.51271 0.09417 0.51272 0.09442 0.51273 0.09442 0.51273 0.0943 0.51272 0.09417 0.51346 0.09304 0.51346 0.09288 0.51346 0.09319 0.51347 0.09319 0.51347 0.09304 0.51348 0.09288 0.5136 0.09129 0.51361 0.09116 0.5136 0.09142 0.51361 0.09142 0.51362 0.09129 0.51362 0.09116 0.51359 0.09421 0.51358 0.09407 0.51355 0.09421 0.51359 0.09435 0.5136 0.09435 0.5136 0.09421 0.5136 0.09407 0.51335 0.09243 0.51335 0.09228 0.51335 0.09258 0.51336 0.09258 0.51337 0.09243 0.51337 0.09228 0.51274 0.09037 0.51274 0.09026 0.5127 0.09037 0.51273 0.09048 0.51274 0.09048 0.51275 0.09037 0.51276 0.09026 0.51269 0.09378 0.51269 0.09364 0.5127 0.09392 0.51271 0.09392 0.51271 0.09378 0.51271 0.09364 0.51346 0.09243 0.51343 0.09228 0.51346 0.09258 0.51348 0.09258 0.51348 0.09243 0.51348 0.09228 0.51001 0.09345 0.51001 0.09334 0.50998 0.09345 0.51001 0.09356 0.51003 0.09356 0.51003 0.09345 0.51003 0.09335 0.51357 0.09364 0.51357 0.09349 0.51354 0.09349 0.51354 0.09364 0.51358 0.09379 0.51359 0.09379 0.51359 0.09364 0.51359 0.09349 0.51336 0.09184 0.51337 0.0917 0.51333 0.0917 0.51333 0.09198 0.51336 0.09198 0.51337 0.09198 0.51338 0.09184 0.51338 0.0917 0.51338 0.09473 0.51337 0.09461 0.51338 0.09486 0.5134 0.09486 0.51339 0.09473 0.51339 0.09461 0.51268 0.09321 0.51268 0.09306 0.51265 0.09321 0.51269 0.09335 0.5127 0.09335 0.5127 0.09321 0.5127 0.09306 0.51347 0.09184 0.51348 0.0917 0.51345 0.0917 0.51347 0.09198 0.51349 0.09198 0.51349 0.09184 0.51349 0.0917 0.51349 0.09473 0.51349 0.09461 0.5135 0.09486 0.51351 0.09486 0.51351 0.09473 0.5135 0.09461 0.51357 0.09304 0.51357 0.09288 0.51354 0.09304 0.51357 0.09319 0.51359 0.09319 0.51359 0.09304 0.51359 0.09288 0.51338 0.09129 0.51338 0.09116 0.51335 0.09129 0.51337 0.09142 0.51339 0.09142 0.51339 0.09129 0.5134 0.09116 0.51336 0.09421 0.51336 0.09407 0.51333 0.09421 0.51337 0.09435 0.51338 0.09435 0.51338 0.09421 0.51337 0.09407 0.51268 0.092 0.51265 0.092 0.51268 0.09215 0.5127 0.09215 0.5127 0.092 0.5127 0.09185 0.51268 0.0926 0.51268 0.09245 0.51268 0.09276 0.5127 0.09276 0.5127 0.0926 0.5127 0.09245 0.51349 0.09129 0.5135 0.09116 0.51346 0.09129 0.51349 0.09142 0.5135 0.09142 0.51351 0.09129 0.51351 0.09116 0.51347 0.09421 0.51347 0.09407 0.51344 0.09421 0.51348 0.09435 0.51349 0.09435 0.51349 0.09421 0.51349 0.09407 0.51357 0.09243 0.51354 0.09243 0.51357 0.09258 0.51359 0.09258 0.51359 0.09243 0.51359 0.09228 0.51009 0.09345 0.51009 0.0934 0.51006 0.09345 0.51009 0.09356 0.5101 0.09356 0.5101 0.09345 0.5101 0.0934 0.51335 0.09364 0.51335 0.09349 0.51332 0.09349 0.51332 0.09364 0.51335 0.09379 0.51337 0.09379 0.51337 0.09364 0.51337 0.09349 0.51269 0.0914 0.5127 0.09126 0.51267 0.09126 0.51269 0.09155 0.51271 0.09155 0.51271 0.0914 0.51271 0.09126 0.51274 0.09475 0.51273 0.09464 0.5127 0.09475 0.51274 0.09486 0.51276 0.09486 0.51275 0.09475 0.51274 0.09464 0.51283 0.09091 0.51284 0.09102 0.51287 0.09091 0.51283 0.09079 0.51281 0.09079 0.51281 0.09091 0.51282 0.09102 0.87466 0.63526 0.86716 0.65337 0.88124 0.61688 0.87004 0.61348 0.86365 0.63132 0.85637 0.6489 0.81949 0.2637 0.83038 0.27999 0.82545 0.23359 0.80786 0.24801 0.79882 0.25544 0.81011 0.27066 0.82067 0.28648 0.47991 0.10313 0.4995 0.10313 0.45817 0.08146 0.4604 0.10409 0.46155 0.11574 0.48048 0.11481 0.4995 0.11481 0.15773 0.29629 0.16862 0.27999 0.133225 0.31668 0.14769 0.31303 0.15802 0.31855 0.16776 0.3023 0.17833 0.28648 0.13935 0.67147 0.13185 0.65337 0.12764 0.69985 0.14769 0.68913 0.15802 0.68361 0.14991 0.66647 0.14264 0.6489 0.17951 0.73846 0.16862 0.72217 0.19114 0.75415 0.20019 0.74672 0.1889 0.7315 0.17833 0.71568 0.5191 0.89903 0.4995 0.89903 0.53973 0.90955 0.5386 0.89807 0.53745 0.88642 0.51852 0.88735 0.4995 0.88735 0.84127 0.70587 0.83038 0.72217 0.86075 0.71755 0.85131 0.68913 0.84099 0.68361 0.83124 0.69986 0.82067 0.71568 0.85966 0.33069 0.86716 0.34879 0.88019 0.32097 0.85131 0.31303 0.84099 0.31855 0.84909 0.33569 0.85637 0.35326 0.55792 0.10696 0.57714 0.11078 0.54083 0.08146 0.5386 0.10409 0.53746 0.11574 0.5562 0.11852 0.57486 0.12223 0.20425 0.23355 0.21811 0.21969 0.17356 0.23359 0.19114 0.24801 0.20019 0.25544 0.21292 0.2414 0.22637 0.22795 0.11303 0.59794 0.1092 0.57872 0.11777 0.61688 0.12897 0.61348 0.12437 0.59509 0.12065 0.57644 0.44109 0.8952 0.42187 0.89138 0.44439 0.907092 0.4604 0.89807 0.46155 0.88642 0.4428 0.88364 0.42414 0.87993 0.79475 0.76861 0.78089 0.78247 0.80786 0.75415 0.79882 0.74672 0.78609 0.76076 0.77264 0.77421 0.88598 0.40422 0.8898 0.42344 0.903 0.37868 0.88124 0.38528 0.87004 0.38868 0.87464 0.40707 0.87835 0.42572 0.63368 0.12593 0.65179 0.13343 0.6153 0.11935 0.6119 0.13055 0.62975 0.13693 0.64732 0.14421 0.26212 0.18109 0.27842 0.1702 0.24644 0.19272 0.25386 0.20176 0.26909 0.19048 0.2849 0.17991 0.10156 0.52068 0.10156 0.50108 0.09054 0.475925 0.10251 0.54018 0.11416 0.53903 0.11323 0.5201 0.11323 0.50108 0.36532 0.87623 0.34721 0.86873 0.3837 0.88281 0.3871 0.87161 0.36926 0.86523 0.35168 0.85795 0.73688 0.82107 0.72059 0.83196 0.75257 0.80944 0.74514 0.80039 0.72992 0.81168 0.7141 0.82225 0.89745 0.48148 0.89745 0.50108 0.92014 0.52179 0.89649 0.46198 0.88484 0.46313 0.88577 0.48206 0.88577 0.50108 0.70429 0.15931 0.72059 0.1702 0.71597 0.13983 0.68755 0.14927 0.68203 0.15959 0.69829 0.16934 0.7141 0.17991 0.32911 0.14092 0.34721 0.13343 0.30074 0.12921 0.31146 0.14927 0.31697 0.15959 0.33411 0.15149 0.35168 0.14421 0.10538 0.44266 0.1092 0.42344 0.10251 0.46198 0.11416 0.46313 0.11694 0.44438 0.12065 0.42572 0.29471 0.84285 0.27842 0.83196 0.28303 0.86233 0.31146 0.85289 0.31697 0.84257 0.30072 0.83282 0.2849 0.82225 0.66989 0.86123 0.65179 0.86873 0.66047 0.88969 0.68755 0.85289 0.68203 0.84257 0.6649 0.85067 0.64732 0.85795 0.89363 0.55949 0.8898 0.57872 0.91913 0.54241 0.89649 0.54018 0.88484 0.53903 0.88206 0.55778 0.87835 0.57644 0.76704 0.20583 0.78089 0.21969 0.75257 0.19272 0.74514 0.20176 0.75919 0.21449 0.77264 0.22795 0.40265 0.1146 0.42187 0.11078 0.3837 0.11935 0.3871 0.13055 0.40549 0.12594 0.42414 0.12223 0.12435 0.3669 0.13185 0.34879 0.11777 0.38528 0.12897 0.38868 0.13536 0.37083 0.14264 0.35326 0.23197 0.79633 0.21811 0.78247 0.24644 0.80944 0.25386 0.80039 0.23982 0.78766 0.22637 0.77421 0.33951 0.16274 0.35646 0.15572 0.32055 0.16599 0.32298 0.17055 0.32334 0.17122 0.33983 0.16342 0.35675 0.15641 0.51324 0.09317 0.51324 0.09303 0.5132 0.09303 0.5132 0.09317 0.51324 0.09331 0.51326 0.09331 0.51326 0.09317 0.51326 0.09302 0.51297 0.09411 0.51298 0.09398 0.51296 0.09398 0.51295 0.09411 0.51295 0.09422 0.51297 0.09139 0.51296 0.09126 0.51294 0.09126 0.51295 0.09139 0.51295 0.09152 0.51311 0.0926 0.51311 0.09246 0.51307 0.09246 0.51307 0.09274 0.51311 0.09274 0.51313 0.09274 0.51313 0.0926 0.51313 0.09246 0.51281 0.09456 0.5128 0.09466 0.51282 0.09445 0.5128 0.09445 0.51279 0.09456 0.51278 0.09466 0.51285 0.09139 0.51289 0.09139 0.51285 0.09126 0.51283 0.09126 0.51283 0.09139 0.51283 0.09152 0.51324 0.0926 0.51324 0.09246 0.51324 0.09274 0.51325 0.09274 0.51326 0.0926 0.51326 0.09246 0.51296 0.09456 0.51295 0.09466 0.51299 0.09466 0.51296 0.09445 0.51294 0.09445 0.51294 0.09456 0.51293 0.09466 0.51298 0.09192 0.51298 0.09206 0.51302 0.09179 0.51298 0.09179 0.51296 0.09179 0.51296 0.09192 0.51296 0.09206 0.51311 0.09205 0.51311 0.09192 0.51311 0.09219 0.51313 0.09219 0.51313 0.09205 0.51313 0.09192 0.51315 0.09474 0.51315 0.09462 0.51311 0.09474 0.51316 0.09486 0.51318 0.09486 0.51317 0.09474 0.51317 0.09462 0.51286 0.09192 0.51286 0.09206 0.5129 0.09179 0.51286 0.09179 0.51284 0.09179 0.51284 0.09192 0.51284 0.09206 0.51324 0.09205 0.51325 0.09192 0.51324 0.09219 0.51326 0.09219 0.51326 0.09205 0.51327 0.09192 0.51328 0.09474 0.51327 0.09462 0.51324 0.09474 0.51328 0.09486 0.5133 0.09486 0.51329 0.09474 0.51329 0.09462 0.51299 0.09248 0.51299 0.09262 0.51303 0.09262 0.51299 0.09234 0.51297 0.09234 0.51297 0.09248 0.51297 0.09262 0.51312 0.09154 0.51312 0.09166 0.51314 0.09166 0.51314 0.09154 0.51315 0.09143 0.51313 0.09426 0.51314 0.09439 0.51316 0.09439 0.51315 0.09426 0.51315 0.09413 0.51286 0.09305 0.51286 0.09319 0.5129 0.09291 0.51286 0.09291 0.51284 0.09291 0.51284 0.09305 0.51284 0.09319 0.51286 0.09248 0.51286 0.09262 0.5129 0.09262 0.51286 0.09234 0.51284 0.09234 0.51284 0.09248 0.51284 0.09262 0.51326 0.09154 0.51321 0.09166 0.51325 0.09166 0.51327 0.09166 0.51328 0.09154 0.51328 0.09143 0.51326 0.09426 0.51326 0.09439 0.51328 0.09439 0.51328 0.09426 0.51327 0.09413 0.51299 0.09305 0.51299 0.09319 0.51303 0.09291 0.51299 0.09291 0.51297 0.09291 0.51297 0.09305 0.51297 0.09319 0.51314 0.09109 0.51315 0.09099 0.51314 0.09119 0.51316 0.09119 0.51316 0.09109 0.51317 0.09099 0.51312 0.09373 0.51311 0.09359 0.51308 0.09386 0.51312 0.09386 0.51314 0.09386 0.51314 0.09373 0.51313 0.09359 0.51285 0.09359 0.51284 0.09373 0.51285 0.09346 0.51283 0.09346 0.51283 0.09359 0.51283 0.09373 0.51281 0.09049 0.51282 0.09059 0.51285 0.09059 0.51284 0.09039 0.51281 0.09039 0.51279 0.09039 0.51279 0.09049 0.5128 0.09059 0.51324 0.09373 0.51324 0.09359 0.51321 0.09386 0.51325 0.09386 0.51326 0.09386 0.51326 0.09373 0.51326 0.09359 0.51299 0.09359 0.51298 0.09373 0.51299 0.09346 0.51297 0.09346 0.51297 0.09359 0.51296 0.09373 0.51294 0.09091 0.51295 0.09102 0.51298 0.09091 0.51294 0.09079 0.51292 0.09079 0.51293 0.09091 0.51293 0.09102 0.51311 0.09317 0.51311 0.09302 0.51311 0.09331 0.51313 0.09331 0.51313 0.09317 0.51313 0.09302 0.51283 0.09411 0.51284 0.09398 0.51282 0.09398 0.51281 0.09411 0.51281 0.09422 0.51121 0.0909 0.51122 0.0908 0.51122 0.0907 0.27679 0.20034 0.29204 0.19015 0.2621 0.21123 0.26258 0.21181 0.27724 0.20095 0.29246 0.19077 0.12645 0.51831 0.12645 0.49996 0.1222 0.53708 0.12734 0.53657 0.12809 0.5365 0.1272 0.51827 0.1272 0.49996 0.3073 0.81997 0.29204 0.80977 0.32298 0.82937 0.32334 0.8287 0.30769 0.81932 0.29246 0.80915 0.6586 0.83718 0.64165 0.84421 0.67756 0.83393 0.67513 0.82937 0.67477 0.8287 0.65828 0.8365 0.64136 0.84351 0.86808 0.55466 0.86092 0.59065 0.87077 0.53657 0.87002 0.5365 0.86734 0.55455 0.86377 0.57251 0.74955 0.22351 0.76253 0.23649 0.75302 0.21969 0.73601 0.21123 0.73553 0.21181 0.74905 0.22407 0.762 0.23702 0.40837 0.13809 0.42636 0.13451 0.39063 0.14253 0.39085 0.14325 0.40855 0.13882 0.42651 0.13525 0.13003 0.44526 0.12734 0.46335 0.12809 0.46342 0.13077 0.44538 0.13434 0.42741 0.24856 0.77641 0.23558 0.76343 0.24509 0.78023 0.2621 0.78869 0.26258 0.78811 0.24906 0.77585 0.23611 0.7629 0.58974 0.86183 0.57175 0.86541 0.591 0.86684 0.60748 0.85739 0.60726 0.85667 0.58956 0.8611 0.5716 0.86467 0.85032 0.6256 0.85518 0.62734 0.85648 0.60839 0.85576 0.60817 0.84961 0.62535 0.84261 0.64226 0.79867 0.27769 0.80887 0.29295 0.78778 0.26301 0.7872 0.26349 0.79807 0.27814 0.80824 0.29337 0.48071 0.12735 0.49905 0.12735 0.46194 0.1231 0.46244 0.12825 0.46252 0.129 0.48074 0.1281 0.49905 0.1281 0.14779 0.37432 0.15481 0.35737 0.14163 0.39154 0.14235 0.39175 0.1485 0.37458 0.1555 0.35766 0.19944 0.72223 0.18924 0.70697 0.21033 0.73691 0.21091 0.73644 0.20004 0.72178 0.18987 0.70655 0.5174 0.87257 0.49905 0.87257 0.53567 0.87167 0.53559 0.87092 0.51737 0.87182 0.49905 0.87182 0.81906 0.69171 0.80887 0.70697 0.82846 0.67603 0.8278 0.67568 0.81842 0.69133 0.80824 0.70655 0.83628 0.34042 0.8433 0.35737 0.83302 0.32145 0.82846 0.32389 0.8278 0.32424 0.8356 0.34074 0.84261 0.35766 0.55375 0.13093 0.58974 0.13809 0.53567 0.12825 0.53559 0.129 0.55364 0.13168 0.5716 0.13525 0.17905 0.30821 0.18924 0.29295 0.16965 0.32389 0.17031 0.32424 0.17969 0.30859 0.18987 0.29337 0.16183 0.6595 0.15481 0.64255 0.16509 0.67847 0.16965 0.67603 0.17031 0.67568 0.16251 0.65918 0.1555 0.64226 0.44436 0.86899 0.40837 0.86183 0.46244 0.87167 0.46252 0.87092 0.44447 0.86825 0.42651 0.86467 0.7755 0.75046 0.76253 0.76344 0.77933 0.75393 0.78778 0.73691 0.7872 0.73644 0.77495 0.74995 0.762 0.7629 0.86092 0.40927 0.8645 0.42727 0.85648 0.39154 0.85576 0.39175 0.86019 0.40945 0.86377 0.42742 0.62469 0.14869 0.60748 0.14253 0.60726 0.14325 0.62444 0.1494 0.64136 0.15641 0.22261 0.24946 0.23558 0.23649 0.21033 0.26301 0.21091 0.26349 0.22316 0.24997 0.23611 0.23702 0.13719 0.59065 0.13361 0.57265 0.14163 0.60839 0.14235 0.60817 0.13792 0.59047 0.13434 0.57251 0.37342 0.85123 0.35646 0.84421 0.39063 0.85739 0.39085 0.85667 0.37367 0.85052 0.35675 0.84351 0.72132 0.79958 0.70607 0.80977 0.73601 0.78869 0.73553 0.78811 0.72087 0.79897 0.70565 0.80915 0.87166 0.48161 0.87166 0.49996 0.87077 0.46335 0.87002 0.46342 0.87091 0.48165 0.87091 0.49996 0.69081 0.17995 0.70607 0.19015 0.67513 0.17055 0.67477 0.17122 0.69042 0.1806 0.70565 0.19077 0.511 0.09363 0.51118 0.09401 0.51118 0.09388 0.51242 0.09266 0.51259 0.0928 0.51259 0.09266 0.51259 0.09253 0.51234 0.09129 0.51234 0.09119 0.51235 0.09109 0.51232 0.09389 0.51232 0.09376 0.51232 0.09362 0.51201 0.09376 0.51185 0.0935 0.51184 0.09363 0.51184 0.09376 0.51198 0.09101 0.5118 0.0909 0.51181 0.09101 0.51181 0.09113 0.51117 0.0935 0.51117 0.09337 0.51117 0.09323 0.51243 0.092 0.5126 0.09226 0.5126 0.09213 0.51261 0.092 0.51262 0.09486 0.51262 0.09475 0.51261 0.09463 0.51214 0.09321 0.51231 0.09335 0.51231 0.09321 0.51231 0.09307 0.51201 0.09412 0.51184 0.09401 0.51183 0.09413 0.512 0.09148 0.51182 0.09136 0.51183 0.09148 0.511 0.09227 0.51117 0.09241 0.51117 0.09227 0.51117 0.09214 0.51117 0.09296 0.51117 0.09282 0.51117 0.09268 0.51245 0.09163 0.51261 0.09175 0.51262 0.09163 0.5126 0.0944 0.5126 0.09427 0.5126 0.09402 0.51231 0.0928 0.51231 0.09266 0.51231 0.09253 0.51198 0.09466 0.51182 0.09447 0.51182 0.09457 0.51181 0.09467 0.51184 0.09187 0.51184 0.092 0.51184 0.09214 0.51101 0.09174 0.51113 0.09161 0.51107 0.09161 0.51118 0.09187 0.51118 0.09174 0.51118 0.09161 0.51116 0.09476 0.51105 0.09486 0.51122 0.09486 0.51122 0.09476 0.51121 0.09467 0.51259 0.09389 0.51259 0.09376 0.51259 0.09362 0.51226 0.092 0.5122 0.092 0.51231 0.09226 0.51231 0.09213 0.51232 0.092 0.51218 0.09475 0.51218 0.09463 0.51236 0.09486 0.51235 0.09474 0.51235 0.09463 0.51202 0.09255 0.51185 0.09241 0.51185 0.09255 0.51185 0.09268 0.51119 0.09136 0.5112 0.09124 0.5112 0.09447 0.51119 0.09436 0.51119 0.09424 0.51242 0.09321 0.51259 0.09335 0.51259 0.09321 0.51259 0.09307 0.51215 0.09163 0.51232 0.09175 0.51233 0.09163 0.51216 0.09427 0.51234 0.0944 0.51233 0.09427 0.51233 0.09402 0.51202 0.09309 0.51185 0.09296 0.51185 0.0931 0.51185 0.09323 0.51064 0.09303 0.51064 0.09287 0.51063 0.0932 0.5106 0.0927 0.51064 0.0927 0.51064 0.09253 0.51052 0.0927 0.51049 0.0927 0.51062 0.09367 0.51063 0.09351 0.51062 0.09382 0.51063 0.09335 0.51051 0.09335 0.51048 0.09335 0.5106 0.09424 0.5106 0.0941 0.51059 0.09438 0.51061 0.09396 0.51049 0.09396 0.51046 0.09396 0.51057 0.09474 0.51058 0.09462 0.51052 0.09486 0.51056 0.09486 0.51058 0.0945 0.51046 0.0945 0.51042 0.0945 0.51069 0.09444 0.5107 0.09458 0.51068 0.0943 0.5107 0.09472 0.51071 0.09486 0.51075 0.09486 0.51082 0.09472 0.51083 0.09486 0.51086 0.09486 0.51086 0.09472 0.51067 0.09383 0.51067 0.09399 0.51066 0.09367 0.51068 0.09414 0.5108 0.09414 0.51083 0.09414 0.51065 0.09318 0.51066 0.09334 0.51065 0.09301 0.5107 0.09351 0.51066 0.09351 0.51074 0.09351 0.51078 0.09351 0.51081 0.09351 0.51065 0.09251 0.51065 0.09268 0.51065 0.09234 0.51065 0.09284 0.51077 0.09284 0.5108 0.09284 0.51065 0.09184 0.51065 0.09201 0.51065 0.09168 0.51069 0.09217 0.51065 0.09217 0.51077 0.09217 0.5108 0.09217 0.51066 0.09121 0.51066 0.09136 0.51066 0.09106 0.51065 0.09152 0.51077 0.09152 0.51081 0.09152 0.51068 0.09063 0.51067 0.09077 0.51068 0.0905 0.51071 0.09091 0.51067 0.09091 0.51075 0.09091 0.51079 0.09091 0.51082 0.09091 0.5107 0.09013 0.51069 0.09025 0.51071 0.09001 0.51069 0.09037 0.51081 0.09037 0.51085 0.09037 0.51177 0.09091 0.51177 0.09077 0.51178 0.09106 0.51172 0.09063 0.51176 0.09063 0.51176 0.09049 0.51164 0.09063 0.51164 0.09049 0.5116 0.09049 0.51161 0.09063 0.51179 0.09152 0.51179 0.09136 0.51179 0.09168 0.51178 0.09121 0.51166 0.09121 0.51163 0.09121 0.5118 0.09217 0.5118 0.09201 0.5118 0.09234 0.5118 0.09184 0.51167 0.09184 0.51164 0.09184 0.5118 0.09284 0.5118 0.09268 0.5118 0.09301 0.5118 0.09251 0.51168 0.09251 0.51164 0.09251 0.51179 0.09351 0.51179 0.09334 0.51179 0.09367 0.51176 0.09318 0.5118 0.09318 0.51167 0.09318 0.51164 0.09318 0.51177 0.09414 0.51178 0.09399 0.51177 0.0943 0.51178 0.09383 0.51166 0.09383 0.51163 0.09383 0.51175 0.09472 0.51176 0.09458 0.51175 0.09486 0.51176 0.09444 0.51164 0.09444 0.51161 0.09444 0.51033 0.09369 0.51033 0.09357 0.51033 0.09381 0.50996 0.09369 0.50996 0.09357 0.50984 0.0938 0.50996 0.09381 0.50984 0.09368 0.50984 0.09356 0.50981 0.09356 0.50981 0.09368 0.50981 0.0938 0.51149 0.09091 0.51149 0.09077 0.5115 0.09106 0.51144 0.09063 0.51148 0.09063 0.51148 0.09049 0.51136 0.09063 0.51136 0.09049 0.51132 0.09049 0.51133 0.09063 0.51151 0.09152 0.5115 0.09136 0.51151 0.09168 0.5115 0.09121 0.51138 0.09121 0.51135 0.09121 0.51152 0.09217 0.51151 0.09201 0.51152 0.09234 0.51151 0.09184 0.51139 0.09184 0.51136 0.09184 0.51152 0.09284 0.51152 0.09268 0.51151 0.09301 0.51152 0.09251 0.5114 0.09251 0.51136 0.09251 0.51151 0.09351 0.51151 0.09334 0.5115 0.09367 0.51147 0.09318 0.51151 0.09318 0.51139 0.09318 0.51136 0.09318 0.51149 0.09414 0.5115 0.09399 0.51149 0.0943 0.5115 0.09383 0.51138 0.09383 0.51135 0.09383 0.51147 0.09472 0.51148 0.09458 0.51146 0.09486 0.51148 0.09444 0.51136 0.09444 0.51133 0.09444 0.5106 0.08989 0.51061 0.09002 0.51058 0.08965 0.51058 0.08954 0.51046 0.08953 0.51042 0.08954 0.51043 0.08966 0.51062 0.09043 0.51062 0.09029 0.51063 0.09058 0.51057 0.09015 0.51061 0.09015 0.51049 0.09015 0.51046 0.09015 0.51064 0.09104 0.51063 0.09089 0.51064 0.0912 0.51063 0.09073 0.51051 0.09073 0.51048 0.09073 0.51088 0.09382 0.51086 0.09383 0.5109 0.09382 0.51084 0.09383 0.51084 0.09367 0.51085 0.09398 0.51085 0.09414 0.51086 0.09429 0.51064 0.09237 0.51065 0.0922 0.51065 0.09203 0.51065 0.09186 0.51053 0.09203 0.51049 0.09203 0.51064 0.09169 0.51064 0.09153 0.51064 0.09136 0.51052 0.09136 0.51049 0.09136 0.76957 0.85855 0.78222 0.87558 0.76426 0.85141 0.76395 0.88929 0.77082 0.89954 0.78957 0.88546 0.80767 0.87042 0.79987 0.86092 0.81751 0.84626 0.82578 0.85538 0.84306 0.83952 0.83435 0.83081 0.5113 0.0935 0.51131 0.09351 0.51128 0.0935 0.51133 0.09351 0.51133 0.09367 0.51133 0.09334 0.51134 0.09318 0.51134 0.09301 0.51156 0.09092 0.51158 0.09092 0.51155 0.09092 0.5116 0.09091 0.5116 0.09106 0.51159 0.09077 0.51159 0.09063 0.51158 0.09049 0.51043 0.09237 0.51045 0.09237 0.51042 0.09236 0.51047 0.09237 0.51047 0.09253 0.51047 0.0922 0.51047 0.09203 0.51047 0.09186 0.51012 0.09368 0.51012 0.0938 0.51014 0.09381 0.51014 0.09369 0.51014 0.09357 0.51012 0.09357 0.5101 0.09356 0.5101 0.09368 0.5101 0.0938 0.51016 0.09369 0.51016 0.09381 0.51016 0.09357 0.50979 0.09368 0.50979 0.0938 0.50979 0.09356 0.51086 0.09251 0.51084 0.09251 0.51088 0.09251 0.51082 0.09251 0.51082 0.09234 0.51083 0.09267 0.51083 0.09284 0.51083 0.09301 0.51126 0.09471 0.51125 0.09485 0.51127 0.09485 0.51127 0.09471 0.51124 0.0947 0.51123 0.09484 0.51129 0.09472 0.51129 0.09486 0.5113 0.09458 0.5113 0.09444 0.51131 0.09429 0.51159 0.09217 0.5116 0.09217 0.51157 0.09218 0.51162 0.09217 0.51162 0.09234 0.51162 0.09201 0.51162 0.09184 0.51162 0.09168 0.51039 0.09423 0.51038 0.09437 0.5104 0.09438 0.5104 0.09424 0.51037 0.09423 0.51036 0.09437 0.51042 0.09424 0.51041 0.09438 0.51043 0.0941 0.51043 0.09396 0.51044 0.09381 0.51131 0.09152 0.51128 0.09153 0.51133 0.09152 0.51133 0.09168 0.51133 0.09137 0.51132 0.09121 0.51132 0.09106 0.51087 0.09121 0.51085 0.09121 0.51089 0.09122 0.51084 0.09121 0.51084 0.09106 0.51083 0.09136 0.51083 0.09152 0.51083 0.09168 0.51041 0.09044 0.51043 0.09044 0.51039 0.09045 0.51044 0.09044 0.51045 0.09058 0.51044 0.0903 0.51043 0.09016 0.51043 0.09002 0.51158 0.0935 0.5116 0.09351 0.51156 0.0935 0.51161 0.09351 0.51161 0.09367 0.51162 0.09334 0.51162 0.09318 0.51162 0.09301 0.5109 0.09443 0.51088 0.09443 0.51092 0.09442 0.51087 0.09444 0.51087 0.09458 0.51088 0.09472 0.51089 0.09486 0.5113 0.09284 0.51132 0.09284 0.51129 0.09284 0.51134 0.09284 0.51134 0.09267 0.51134 0.09251 0.51134 0.09234 0.51091 0.09014 0.51092 0.09003 0.5109 0.09002 0.5109 0.09014 0.51089 0.09026 0.51091 0.09026 0.51092 0.09027 0.51093 0.09015 0.51094 0.09003 0.51088 0.09013 0.51088 0.09002 0.51087 0.09025 0.51002 0.09368 0.51002 0.0938 0.51003 0.0938 0.51003 0.09368 0.51003 0.09356 0.51002 0.09356 0.51043 0.0917 0.51045 0.0917 0.51042 0.0917 0.51047 0.0917 0.51047 0.09153 0.51046 0.09136 0.51046 0.0912 0.51154 0.09471 0.51153 0.09485 0.51155 0.09485 0.51156 0.09471 0.51152 0.0947 0.51152 0.09484 0.51157 0.09472 0.51157 0.09486 0.51158 0.09458 0.51159 0.09444 0.51159 0.09429 0.51087 0.09317 0.51085 0.09318 0.51088 0.09317 0.51083 0.09318 0.51083 0.09334 0.51084 0.09351 0.51128 0.09413 0.5113 0.09414 0.51126 0.09413 0.51131 0.09414 0.51132 0.09398 0.51132 0.09383 0.51158 0.09153 0.5116 0.09152 0.51156 0.09153 0.51161 0.09152 0.51161 0.09137 0.51161 0.09121 0.51041 0.09366 0.51043 0.09366 0.51039 0.09365 0.51044 0.09366 0.51045 0.09351 0.51045 0.09335 0.51046 0.09319 0.51128 0.09092 0.5113 0.09092 0.51126 0.09092 0.51131 0.09091 0.51131 0.09077 0.5113 0.09063 0.5113 0.09049 0.51086 0.09184 0.51084 0.09184 0.51088 0.09185 0.51083 0.09184 0.51083 0.09201 0.51082 0.09217 0.51039 0.08991 0.5104 0.0899 0.51037 0.08991 0.51042 0.0899 0.51041 0.08978 0.51041 0.08966 0.5104 0.08954 0.51159 0.09284 0.5116 0.09284 0.51157 0.09284 0.51162 0.09284 0.51162 0.09267 0.51162 0.09251 0.51036 0.09473 0.51035 0.09485 0.51037 0.09485 0.51038 0.09473 0.51038 0.09461 0.51037 0.09461 0.51035 0.0946 0.51034 0.09472 0.51033 0.09484 0.51039 0.09474 0.51038 0.09486 0.5104 0.09462 0.51009 0.09368 0.51009 0.0938 0.5101 0.0938 0.5101 0.09368 0.5101 0.09356 0.51009 0.09356 0.5113 0.09217 0.51132 0.09217 0.51129 0.09218 0.51134 0.09217 0.51134 0.09201 0.51134 0.09184 0.51043 0.09303 0.51044 0.09303 0.51041 0.09303 0.51046 0.09303 0.51046 0.09287 0.51046 0.0927 0.51089 0.09064 0.51089 0.0905 0.51088 0.0905 0.51087 0.09064 0.51091 0.09064 0.51091 0.09051 0.51085 0.09063 0.51086 0.09049 0.51085 0.09077 0.51084 0.09091 0.51044 0.09105 0.51041 0.09105 0.51046 0.09104 0.51046 0.09089 0.51045 0.09073 0.51156 0.09413 0.51158 0.09414 0.51155 0.09413 0.5116 0.09414 0.5116 0.09398 0.51161 0.09383 0.51346 0.09334 0.51348 0.09334 0.51343 0.09334 0.51343 0.09319 0.51341 0.09319 0.51341 0.09334 0.51341 0.09349 0.51343 0.09349 0.51342 0.09364 0.51342 0.09379 0.51343 0.09379 0.94681 0.47652 0.93799 0.47696 0.96785 0.47546 0.96911 0.49844 0.98136 0.49843 0.98006 0.47485 0.97762 0.45128 0.96547 0.45249 0.96308 0.42952 0.97517 0.4277 0.97159 0.40436 0.95959 0.40677 0.72888 0.11425 0.73961 0.09606 0.72438 0.12189 0.75928 0.10787 0.76603 0.09761 0.74584 0.08549 0.72501 0.07434 0.71932 0.08519 0.69902 0.07432 0.70419 0.06319 0.68293 0.05311 0.67831 0.0645 0.3095 0.09376 0.31332 0.1018 0.30037 0.07459 0.32097 0.06474 0.31622 0.05336 0.29508 0.06347 0.27439 0.07465 0.28021 0.08549 0.26005 0.09639 0.2537 0.08583 0.23365 0.09798 0.24052 0.10822 0.05765 0.521 0.06648 0.52056 0.03662 0.52205 0.03535 0.49908 0.02311 0.49909 0.0244 0.52266 0.02685 0.54624 0.039 0.54502 0.04139 0.56799 0.0293 0.56981 0.03288 0.59316 0.04487 0.59075 0.27558 0.88326 0.28008 0.87563 0.26486 0.90146 0.24518 0.88965 0.23844 0.8999 0.25863 0.91202 0.27946 0.92317 0.30544 0.9232 0.30028 0.93433 0.32154 0.94441 0.32616 0.93302 0.69497 0.90376 0.69114 0.89572 0.70409 0.92292 0.68349 0.93277 0.68825 0.94416 0.70939 0.93405 0.73008 0.92287 0.72425 0.91203 0.74442 0.90113 0.75077 0.91168 0.94304 0.56426 0.93429 0.56296 0.9639 0.56736 0.96069 0.59012 0.97271 0.59251 0.97601 0.56916 0.97818 0.54558 0.96601 0.54439 0.96813 0.52141 0.98035 0.52201 0.7993 0.16654 0.7934 0.17314 0.81335 0.15082 0.83038 0.16626 0.83899 0.15753 0.82152 0.1417 0.80323 0.12668 0.79554 0.13619 0.77772 0.12156 0.78495 0.11166 0.3915 0.06412 0.3937 0.07275 0.38626 0.04355 0.4084 0.03794 0.40594 0.02585 0.38322 0.03161 0.36074 0.0385 0.36435 0.05026 0.34245 0.05698 0.33825 0.04539 0.08213 0.34802 0.09047 0.35102 0.06225 0.34089 0.06982 0.31923 0.05848 0.31452 0.05071 0.33675 0.04401 0.35943 0.05573 0.36299 0.0492 0.38508 0.03732 0.3821 0.03175 0.405 0.04378 0.4074 0.06142 0.43325 0.07017 0.43455 0.04056 0.43015 0.02845 0.42835 0.02629 0.45193 0.03845 0.45313 0.03634 0.4761 0.02412 0.47551 0.20517 0.83097 0.21107 0.82438 0.19111 0.84669 0.17408 0.83126 0.16548 0.83998 0.18295 0.85582 0.20124 0.87083 0.22675 0.87596 0.21952 0.88585 0.61296 0.9334 0.61076 0.92477 0.6182 0.95397 0.59607 0.95957 0.59853 0.97166 0.62125 0.96591 0.64373 0.95901 0.64011 0.94725 0.66202 0.94053 0.66621 0.95212 0.92233 0.64949 0.91399 0.6465 0.94221 0.65662 0.93465 0.67829 0.94599 0.683 0.95375 0.66076 0.96045 0.63809 0.94874 0.63453 0.95527 0.61243 0.96715 0.61541 0.85829 0.2316 0.85122 0.23691 0.87514 0.21896 0.88887 0.23742 0.89901 0.23057 0.88492 0.21162 0.86988 0.19332 0.86049 0.20112 0.84583 0.18329 0.85484 0.17502 0.47777 0.05118 0.47825 0.06006 0.47661 0.03 0.49943 0.02885 0.49935 0.01652 0.47594 0.0177 0.45253 0.02004 0.42911 0.02238 0.11899 0.26859 0.10085 0.2577 0.12659 0.27316 0.11248 0.23796 0.10226 0.23112 0.09032 0.25137 0.07935 0.27227 0.09016 0.27806 0.07947 0.29843 0.06838 0.29317 0.14617 0.76591 0.12932 0.77855 0.15324 0.76061 0.1156 0.76009 0.10545 0.76695 0.11954 0.78589 0.13458 0.8042 0.15864 0.81422 0.14962 0.8225 0.5267 0.94634 0.52621 0.93745 0.52786 0.96752 0.50504 0.96867 0.50511 0.98099 0.52853 0.97981 0.55194 0.97748 0.55067 0.96524 0.57348 0.96296 0.57535 0.97514 0.88548 0.72893 0.87787 0.72436 0.90362 0.73982 0.89199 0.75956 0.90221 0.7664 0.91414 0.74614 0.92512 0.72524 0.925 0.69909 0.93609 0.70434 0.90361 0.30693 0.89564 0.31074 0.9226 0.29785 0.9325 0.31864 0.94378 0.31391 0.93363 0.29258 0.92241 0.27169 0.91167 0.2775 0.90073 0.25715 0.91119 0.25081 0.56497 0.05544 0.56372 0.06424 0.56794 0.03446 0.59056 0.03782 0.59288 0.02573 0.56966 0.02228 0.54622 0.01997 0.5451 0.03221 0.52226 0.02997 0.52278 0.01767 0.17057 0.198 0.17715 0.20397 0.15487 0.18376 0.17012 0.16671 0.1614 0.158 0.14576 0.1755 0.13094 0.19383 0.14043 0.20162 0.12598 0.21947 0.11611 0.21215 0.10086 0.69059 0.10883 0.68678 0.08186 0.69966 0.07197 0.67888 0.06068 0.6836 0.07084 0.70493 0.08206 0.72582 0.10373 0.74037 0.09328 0.74671 0.4395 0.94208 0.44074 0.93327 0.43653 0.96306 0.4139 0.9597 0.41158 0.97179 0.4348 0.97523 0.45824 0.97754 0.45937 0.9653 0.48221 0.96755 0.48168 0.97985 0.8339 0.79952 0.82731 0.79355 0.84959 0.81375 0.85871 0.82201 0.87353 0.80369 0.87848 0.77804 0.88835 0.78537 0.92493 0.39179 0.9539 0.38446 0.96575 0.38146 0.95878 0.3588 0.94711 0.36237 0.94032 0.34029 0.95182 0.33613 0.64976 0.07674 0.64683 0.08511 0.65674 0.05676 0.6608 0.04517 0.63823 0.03831 0.63475 0.05008 0.61277 0.04339 0.61566 0.03145 0.23489 0.13896 0.2402 0.14611 0.22224 0.12194 0.2149 0.11205 0.19679 0.1271 0.2046 0.1366 0.18696 0.15125 0.17869 0.14214 0.07953 0.60572 0.05056 0.61305 0.03871 0.61605 0.04568 0.63872 0.05735 0.63514 0.05265 0.66138 0.3547 0.92078 0.35763 0.9124 0.34772 0.94075 0.34367 0.95234 0.36624 0.9592 0.36971 0.94744 0.3917 0.95412 0.3888 0.96607 0.55792 0.8952 0.5562 0.88364 0.56125 0.91767 0.54083 0.9207 0.54191 0.93169 0.56286 0.92858 0.58371 0.92443 0.60456 0.92028 0.62511 0.91514 0.6219 0.90458 0.51359 0.09155 0.51361 0.09155 0.51356 0.09155 0.51357 0.09142 0.51355 0.09142 0.51355 0.09155 0.51354 0.0917 0.51355 0.09184 0.51354 0.09184 0.51353 0.09198 0.51355 0.09198 0.51359 0.09448 0.51361 0.09448 0.51356 0.09448 0.51356 0.09435 0.51354 0.09435 0.51355 0.09448 0.51355 0.09461 0.51357 0.09461 0.51357 0.09473 0.51356 0.09473 0.51356 0.09486 0.51358 0.09486 0.51335 0.09273 0.51336 0.09273 0.51332 0.09273 0.51332 0.09258 0.5133 0.09258 0.5133 0.09273 0.5133 0.09288 0.51332 0.09304 0.5133 0.09304 0.5133 0.09319 0.51332 0.09319 0.51272 0.0906 0.51274 0.0906 0.51269 0.0906 0.5127 0.09048 0.51268 0.09048 0.51268 0.0906 0.51267 0.09073 0.51269 0.09073 0.51268 0.09085 0.51267 0.09085 0.51266 0.09098 0.51268 0.09098 0.5127 0.09405 0.51267 0.09405 0.51272 0.09405 0.51267 0.09392 0.51265 0.09392 0.51266 0.09405 0.51266 0.09417 0.51268 0.09417 0.51268 0.0943 0.51266 0.0943 0.51267 0.09442 0.51269 0.09442 0.51346 0.09273 0.51348 0.09273 0.51343 0.09273 0.51343 0.09258 0.51341 0.09258 0.51341 0.09273 0.51341 0.09288 0.51343 0.09288 0.51343 0.09304 0.51341 0.09304 0.51361 0.09103 0.51362 0.09091 0.51363 0.09103 0.51364 0.09091 0.51358 0.09103 0.51359 0.09091 0.51357 0.09091 0.51357 0.09103 0.51356 0.09116 0.51358 0.09116 0.51357 0.09129 0.51356 0.09129 0.51358 0.09393 0.51359 0.09393 0.51355 0.09393 0.51354 0.09379 0.51353 0.09379 0.51353 0.09393 0.51354 0.09407 0.51355 0.09407 0.51354 0.09421 0.51336 0.09213 0.51337 0.09213 0.51332 0.09213 0.51331 0.09198 0.51331 0.09213 0.51331 0.09228 0.51332 0.09228 0.51332 0.09243 0.5133 0.09243 0.51275 0.09015 0.51276 0.09004 0.51277 0.09015 0.51277 0.09004 0.51272 0.09015 0.51272 0.09004 0.51271 0.09004 0.5127 0.09015 0.5127 0.09026 0.51271 0.09026 0.51269 0.09037 0.51269 0.0935 0.5127 0.0935 0.51266 0.0935 0.51265 0.09335 0.51264 0.09335 0.51264 0.0935 0.51264 0.09364 0.51266 0.09364 0.51266 0.09378 0.51265 0.09378 0.51347 0.09213 0.51348 0.09213 0.51344 0.09213 0.51344 0.09198 0.51342 0.09198 0.51342 0.09213 0.51342 0.09228 0.51343 0.09243 0.51342 0.09243 0.50995 0.09345 0.50995 0.09334 0.50995 0.09356 0.50996 0.09356 0.50996 0.09345 0.50996 0.09334 0.50992 0.09345 0.50992 0.09334 0.5099 0.09335 0.5099 0.09345 0.5099 0.09356 0.50992 0.09356 0.50998 0.09334 0.50996 0.09334 0.50996 0.09345 0.50996 0.09356 0.50998 0.09356 0.51357 0.09334 0.51359 0.09334 0.51354 0.09334 0.51354 0.09319 0.51352 0.09319 0.51352 0.09334 0.51353 0.09349 0.51353 0.09364 0.51337 0.09155 0.51339 0.09155 0.51334 0.09155 0.51334 0.09142 0.51333 0.09142 0.51332 0.09155 0.51332 0.0917 0.51333 0.09184 0.51331 0.09184 0.51337 0.09448 0.51334 0.09448 0.51339 0.09448 0.51333 0.09435 0.51332 0.09435 0.51332 0.09448 0.51333 0.09461 0.51334 0.09461 0.51335 0.09473 0.51333 0.09473 0.51334 0.09486 0.51335 0.09486 0.51268 0.09291 0.5127 0.09291 0.51265 0.09291 0.51265 0.09276 0.51263 0.09276 0.51263 0.09291 0.51264 0.09306 0.51265 0.09306 0.51264 0.09321 0.51348 0.09155 0.5135 0.09155 0.51345 0.09155 0.51345 0.09142 0.51344 0.09142 0.51343 0.09155 0.51343 0.0917 0.51344 0.09184 0.51343 0.09184 0.51348 0.09448 0.5135 0.09448 0.51345 0.09448 0.51345 0.09435 0.51343 0.09435 0.51343 0.09448 0.51344 0.09461 0.51345 0.09461 0.51346 0.09473 0.51344 0.09473 0.51345 0.09486 0.51346 0.09486 0.51357 0.09273 0.51354 0.09273 0.51359 0.09273 0.51354 0.09258 0.51353 0.09258 0.51352 0.09273 0.51352 0.09288 0.51354 0.09288 0.51352 0.09304 0.51339 0.09103 0.5134 0.09091 0.51341 0.09103 0.51341 0.09091 0.51336 0.09103 0.51336 0.09091 0.51335 0.09091 0.51334 0.09103 0.51334 0.09116 0.51335 0.09116 0.51333 0.09129 0.51336 0.09393 0.51337 0.09393 0.51332 0.09393 0.51332 0.09379 0.51331 0.09379 0.51331 0.09393 0.51331 0.09407 0.51333 0.09407 0.51331 0.09421 0.51269 0.0917 0.5127 0.0917 0.51266 0.0917 0.51266 0.09155 0.51264 0.09155 0.51264 0.0917 0.51264 0.09185 0.51264 0.092 0.51264 0.09215 0.51265 0.09215 0.51268 0.0923 0.51265 0.0923 0.5127 0.0923 0.51263 0.0923 0.51263 0.09245 0.51265 0.09245 0.51265 0.0926 0.51263 0.0926 0.5135 0.09103 0.51351 0.09091 0.51352 0.09103 0.51352 0.09091 0.51347 0.09103 0.51348 0.09091 0.51346 0.09091 0.51345 0.09103 0.51345 0.09116 0.51347 0.09116 0.51344 0.09129 0.51347 0.09393 0.51348 0.09393 0.51344 0.09393 0.51342 0.09393 0.51342 0.09407 0.51344 0.09407 0.51343 0.09421 0.51358 0.09213 0.51359 0.09213 0.51355 0.09213 0.51353 0.09213 0.51353 0.09228 0.51353 0.09243 0.5101 0.09345 0.51012 0.09356 0.51014 0.09356 0.51014 0.09345 0.5101 0.09345 0.5101 0.09356 0.51015 0.09356 0.51017 0.09356 0.51017 0.09345 0.51017 0.09334 0.51012 0.09334 0.51006 0.09334 0.51004 0.09334 0.51004 0.09345 0.51004 0.09356 0.51006 0.09356 0.51335 0.09334 0.51336 0.09334 0.51332 0.09334 0.5133 0.09334 0.5133 0.09349 0.5133 0.09364 0.5127 0.09112 0.51272 0.09112 0.51267 0.09112 0.51266 0.09112 0.51265 0.09126 0.51266 0.0914 0.51265 0.0914 0.51272 0.09454 0.51274 0.09454 0.51269 0.09454 0.51268 0.09454 0.51268 0.09464 0.5127 0.09464 0.51269 0.09475 0.51269 0.09486 0.51271 0.09486 0.51284 0.09114 0.51282 0.09114 0.51288 0.09114 0.51288 0.09126 0.5129 0.09126 0.5129 0.09114 0.51289 0.09102 0.51288 0.09102 0.51289 0.09091 0.51289 0.09079 0.51287 0.09079 0.85966 0.67147 0.88019 0.68119 0.84909 0.66647 0.87137 0.69985 0.8811 0.70505 0.89016 0.6859 0.89829 0.66626 0.89604 0.64291 0.90643 0.64662 0.91356 0.62668 0.903 0.62348 0.84127 0.29629 0.83124 0.3023 0.86076 0.28461 0.87137 0.30231 0.8811 0.29711 0.87021 0.27894 0.8584 0.26127 0.84925 0.26739 0.83774 0.25016 0.84659 0.2436 0.83398 0.22658 0.5191 0.10313 0.51852 0.11481 0.52022 0.08045 0.54191 0.07047 0.52076 0.06943 0.4995 0.06943 0.47879 0.08045 0.47825 0.06943 0.45709 0.07047 0.17951 0.2637 0.1889 0.27066 0.16127 0.25016 0.16503 0.22658 0.15241 0.2436 0.1406 0.26127 0.13825 0.28461 0.12879 0.27894 0.1179 0.29711 0.12764 0.30231 0.12435 0.63526 0.13536 0.63132 0.10296 0.64291 0.096 0.62348 0.08544 0.62668 0.09258 0.64662 0.10071 0.66626 0.11089 0.66205 0.11881 0.68119 0.10885 0.6859 0.1179 0.70505 0.15773 0.70587 0.16776 0.69986 0.13825 0.71755 0.12879 0.72321 0.1406 0.74089 0.14976 0.73477 0.16127 0.75199 0.15241 0.75856 0.16503 0.77558 0.17356 0.76857 0.4799 0.89903 0.48048 0.88735 0.47879 0.92171 0.45817 0.9207 0.45709 0.93169 0.47825 0.93273 0.4995 0.93273 0.52022 0.92171 0.52076 0.93273 0.81949 0.73846 0.81011 0.7315 0.83774 0.752 0.82545 0.76857 0.83398 0.77558 0.84659 0.75856 0.8584 0.74089 0.87021 0.72322 0.87466 0.3669 0.86365 0.37083 0.89604 0.35925 0.91356 0.37548 0.90643 0.35553 0.89829 0.3359 0.89016 0.31626 0.59636 0.1146 0.59352 0.12594 0.60188 0.09257 0.6219 0.09758 0.62511 0.08702 0.60456 0.08187 0.58371 0.07773 0.56125 0.08449 0.56286 0.07358 0.23197 0.20583 0.23982 0.21449 0.21672 0.189 0.23201 0.17514 0.22501 0.1666 0.20931 0.18083 0.19428 0.19586 0.18742 0.21829 0.17925 0.21089 0.10538 0.55949 0.11694 0.55778 0.08291 0.56282 0.07988 0.54241 0.06889 0.54349 0.072 0.56444 0.07615 0.58529 0.09099 0.60346 0.0803 0.60614 0.40265 0.88756 0.40549 0.87622 0.39712 0.90959 0.3771 0.90458 0.3739 0.91514 0.39444 0.92028 0.41529 0.92443 0.41744 0.91363 0.43776 0.91767 0.43614 0.92858 0.76704 0.79633 0.75919 0.78766 0.78229 0.81316 0.767 0.82702 0.774 0.83556 0.78969 0.82133 0.80472 0.8063 0.81158 0.78387 0.81975 0.79127 0.89363 0.44267 0.88206 0.44438 0.9161 0.43933 0.91913 0.45975 0.93011 0.45867 0.927 0.43772 0.92285 0.41687 0.90801 0.3987 0.91871 0.39602 0.6699 0.14092 0.6649 0.15149 0.67961 0.12039 0.69827 0.12921 0.70347 0.11948 0.68432 0.11043 0.66469 0.10229 0.64133 0.10454 0.64505 0.09416 0.29471 0.15931 0.30072 0.16934 0.28303 0.13983 0.29553 0.11948 0.27737 0.13037 0.25969 0.14218 0.26581 0.15134 0.24859 0.16284 0.24202 0.15399 0.10156 0.48148 0.11323 0.48206 0.07887 0.48037 0.07988 0.45975 0.06889 0.45867 0.06786 0.47982 0.06786 0.50108 0.07887 0.52179 0.06786 0.52234 0.32911 0.86123 0.33411 0.85067 0.31939 0.88177 0.30074 0.87295 0.29553 0.88268 0.31468 0.89173 0.33432 0.89987 0.35767 0.89762 0.35396 0.908 0.70429 0.84285 0.69829 0.83282 0.71597 0.86233 0.69827 0.87295 0.70347 0.88268 0.72164 0.87179 0.73931 0.85998 0.73319 0.85082 0.75042 0.83932 0.75699 0.84817 0.89745 0.52068 0.88577 0.5201 0.93011 0.54349 0.93115 0.52234 0.93115 0.50108 0.92014 0.48037 0.93115 0.47982 0.73688 0.18109 0.72992 0.19048 0.75042 0.16284 0.767 0.17514 0.774 0.1666 0.75699 0.15399 0.73931 0.14218 0.72164 0.13037 0.36532 0.12593 0.35767 0.10454 0.36926 0.13693 0.3771 0.09758 0.3739 0.08702 0.35396 0.09416 0.33432 0.10229 0.33853 0.11246 0.31939 0.12039 0.31468 0.11043 0.11303 0.40422 0.12437 0.40707 0.09099 0.3987 0.096 0.37868 0.08544 0.37548 0.0803 0.39602 0.07615 0.41687 0.08291 0.43933 0.072 0.43772 0.26212 0.82107 0.26909 0.81168 0.24859 0.83932 0.23201 0.82702 0.225 0.83556 0.24202 0.84817 0.25969 0.85998 0.27737 0.87179 0.63368 0.87623 0.62975 0.86523 0.64133 0.89762 0.64505 0.908 0.66469 0.89987 0.67961 0.88177 0.68432 0.89173 0.88598 0.59794 0.87464 0.59509 0.90801 0.60346 0.91871 0.60614 0.92285 0.58529 0.91205 0.58314 0.9161 0.56283 0.927 0.56444 0.79475 0.23355 0.78609 0.2414 0.81158 0.21829 0.81975 0.21089 0.80472 0.19586 0.78229 0.189 0.78969 0.18083 0.44109 0.10696 0.4428 0.11852 0.43776 0.08449 0.43614 0.07358 0.41529 0.07773 0.39712 0.09257 0.39444 0.08187 0.13935 0.33069 0.14991 0.33569 0.11881 0.32097 0.10885 0.31626 0.10071 0.3359 0.10296 0.35925 0.09258 0.35553 0.20425 0.76861 0.21292 0.76076 0.18742 0.78387 0.17925 0.79127 0.19428 0.8063 0.21672 0.81316 0.20931 0.82133 0.37342 0.14869 0.37367 0.1494 0.37168 0.14383 0.38913 0.13759 0.38785 0.13336 0.37019 0.13968 0.35281 0.14688 0.35449 0.15095 0.3373 0.15807 0.33542 0.15409 0.31847 0.1621 0.51324 0.09288 0.51325 0.09288 0.5132 0.09288 0.5132 0.09274 0.51318 0.09274 0.51318 0.09288 0.51318 0.09303 0.51318 0.09317 0.51318 0.09331 0.5132 0.09331 0.51297 0.09434 0.51295 0.09434 0.513 0.09434 0.513 0.09445 0.51302 0.09445 0.51302 0.09434 0.51303 0.09422 0.51301 0.09411 0.51303 0.09411 0.51304 0.09398 0.51302 0.09398 0.51297 0.09165 0.51295 0.09165 0.51301 0.09165 0.51303 0.09179 0.51303 0.09165 0.51303 0.09152 0.513 0.09139 0.51302 0.09139 0.51302 0.09126 0.513 0.09126 0.51311 0.09232 0.51313 0.09232 0.51307 0.09232 0.51307 0.09219 0.51305 0.09219 0.51305 0.09232 0.51305 0.09246 0.51307 0.0926 0.51305 0.0926 0.51305 0.09274 0.5128 0.09476 0.51279 0.09486 0.51284 0.09476 0.51278 0.09476 0.51277 0.09486 0.51283 0.09486 0.51285 0.09486 0.51286 0.09476 0.51286 0.09466 0.51284 0.09466 0.51285 0.09456 0.51287 0.09456 0.51287 0.09446 0.51285 0.09445 0.51285 0.09165 0.51284 0.09165 0.51289 0.09165 0.51291 0.09179 0.51291 0.09165 0.51291 0.09152 0.51291 0.09139 0.51324 0.09232 0.51326 0.09232 0.5132 0.09232 0.5132 0.09219 0.51318 0.09219 0.51318 0.09232 0.51318 0.09246 0.5132 0.09246 0.5132 0.0926 0.51318 0.0926 0.51295 0.09476 0.51294 0.09486 0.51293 0.09476 0.51292 0.09486 0.51298 0.09476 0.51298 0.09486 0.513 0.09486 0.513 0.09476 0.51301 0.09466 0.51299 0.09456 0.51301 0.09456 0.51299 0.0922 0.51297 0.0922 0.51302 0.0922 0.51303 0.09234 0.51304 0.09234 0.51304 0.0922 0.51304 0.09206 0.51302 0.09206 0.51302 0.09192 0.51304 0.09192 0.51312 0.09179 0.51314 0.09179 0.51308 0.09179 0.51308 0.09166 0.51306 0.09166 0.51306 0.09179 0.51306 0.09192 0.51308 0.09192 0.51307 0.09205 0.51305 0.09205 0.51314 0.09451 0.51316 0.09451 0.5131 0.09451 0.5131 0.09439 0.51308 0.09439 0.51308 0.09451 0.51309 0.09462 0.51311 0.09462 0.5131 0.09474 0.5131 0.09486 0.51312 0.09486 0.51286 0.0922 0.51284 0.0922 0.5129 0.0922 0.5129 0.09234 0.51292 0.09234 0.51292 0.0922 0.51292 0.09206 0.5129 0.09206 0.5129 0.09192 0.51292 0.09192 0.51325 0.09179 0.51327 0.09179 0.51321 0.09179 0.51319 0.09166 0.51319 0.09179 0.51319 0.09192 0.51321 0.09192 0.5132 0.09205 0.51319 0.09205 0.51327 0.09451 0.51328 0.09451 0.51323 0.09451 0.51322 0.09439 0.5132 0.09439 0.51321 0.09451 0.51321 0.09462 0.51323 0.09462 0.51322 0.09474 0.51322 0.09486 0.51324 0.09486 0.51299 0.09277 0.51297 0.09277 0.51303 0.09277 0.51305 0.09291 0.51305 0.09277 0.51305 0.09262 0.51303 0.09248 0.51305 0.09248 0.51313 0.09131 0.51315 0.09131 0.51309 0.09131 0.5131 0.09119 0.51308 0.09119 0.51307 0.09131 0.51307 0.09143 0.51309 0.09154 0.51307 0.09154 0.51312 0.094 0.51314 0.094 0.51309 0.094 0.51306 0.09386 0.51307 0.094 0.51307 0.09413 0.51309 0.09426 0.51307 0.09426 0.51285 0.09332 0.51284 0.09332 0.51289 0.09332 0.51289 0.09346 0.51291 0.09346 0.51291 0.09333 0.51291 0.09319 0.51289 0.09319 0.5129 0.09305 0.51292 0.09305 0.51292 0.09291 0.51286 0.09277 0.51284 0.09277 0.5129 0.09277 0.51292 0.09277 0.51292 0.09262 0.5129 0.09248 0.51292 0.09248 0.51326 0.09131 0.51327 0.09119 0.51323 0.09119 0.51328 0.09131 0.51329 0.09119 0.51323 0.09131 0.51321 0.09119 0.51321 0.09131 0.5132 0.09143 0.51322 0.09154 0.5132 0.09154 0.51325 0.094 0.51327 0.094 0.51321 0.094 0.51319 0.09386 0.51319 0.094 0.51319 0.09413 0.51322 0.09426 0.5132 0.09426 0.51299 0.09332 0.51297 0.09332 0.51303 0.09332 0.51303 0.09346 0.51304 0.09346 0.51305 0.09332 0.51305 0.09318 0.51303 0.09319 0.51303 0.09305 0.51305 0.09305 0.51315 0.09089 0.51316 0.09079 0.51311 0.09089 0.51317 0.09089 0.51318 0.09079 0.51312 0.09079 0.5131 0.09079 0.51309 0.09089 0.51309 0.09099 0.51311 0.09099 0.5131 0.09109 0.51308 0.09109 0.51311 0.09345 0.51313 0.09345 0.51307 0.09345 0.51307 0.09331 0.51305 0.09331 0.51305 0.09345 0.51306 0.09359 0.51308 0.09359 0.51308 0.09373 0.51306 0.09373 0.51284 0.09386 0.51282 0.09386 0.51288 0.09386 0.51288 0.09398 0.51289 0.09398 0.5129 0.09386 0.5129 0.09373 0.51288 0.09373 0.51289 0.09359 0.51291 0.0936 0.51282 0.09069 0.5128 0.09069 0.51286 0.09069 0.51288 0.09069 0.51287 0.09059 0.51285 0.09049 0.51287 0.09049 0.51286 0.09039 0.51324 0.09345 0.51326 0.09345 0.5132 0.09345 0.51318 0.09345 0.51318 0.09359 0.5132 0.09359 0.5132 0.09373 0.51319 0.09373 0.51298 0.09386 0.51296 0.09386 0.51302 0.09386 0.51304 0.09386 0.51304 0.09373 0.51302 0.09373 0.51302 0.09359 0.51304 0.09359 0.51296 0.09114 0.51294 0.09114 0.51299 0.09114 0.51301 0.09114 0.51301 0.09102 0.51299 0.09102 0.513 0.09091 0.513 0.09079 0.51298 0.09079 0.51311 0.09288 0.51313 0.09288 0.51307 0.09288 0.51305 0.09288 0.51305 0.09303 0.51307 0.09303 0.51307 0.09317 0.51305 0.09317 0.51282 0.09434 0.5128 0.09434 0.51286 0.09434 0.51288 0.09434 0.51288 0.09422 0.51287 0.09411 0.51289 0.09411 0.51106 0.09061 0.51123 0.09061 0.51123 0.09051 0.51106 0.09051 0.51101 0.09051 0.511 0.09061 0.51099 0.0907 0.51105 0.0907 0.51104 0.0908 0.51099 0.0908 0.51098 0.0909 0.51104 0.0909 0.3073 0.17995 0.30769 0.1806 0.30465 0.17553 0.30238 0.17174 0.28673 0.1822 0.28918 0.18586 0.27371 0.1962 0.27109 0.19266 0.25602 0.20382 0.25882 0.20724 0.12645 0.48161 0.1272 0.48165 0.12129 0.48136 0.1222 0.46284 0.1178 0.46241 0.11689 0.48114 0.11689 0.49996 0.12129 0.49996 0.12129 0.51856 0.11689 0.51878 0.1178 0.53751 0.27679 0.79958 0.27724 0.79897 0.27371 0.80372 0.25882 0.79268 0.25602 0.7961 0.27109 0.80727 0.28673 0.81772 0.30465 0.8244 0.30238 0.82818 0.31847 0.83782 0.32055 0.83393 0.62469 0.85123 0.62444 0.85052 0.62643 0.85609 0.60898 0.86234 0.61026 0.86656 0.62792 0.86024 0.6453 0.85304 0.64362 0.84897 0.66081 0.84185 0.66269 0.84584 0.67964 0.83782 0.86593 0.5919 0.86019 0.59047 0.86143 0.60989 0.86565 0.61117 0.87021 0.59298 0.87388 0.57452 0.87319 0.55541 0.87755 0.55606 0.8803 0.53751 0.87591 0.53708 0.7755 0.24946 0.77495 0.24997 0.77933 0.246 0.79178 0.25973 0.79519 0.25693 0.7826 0.24304 0.76929 0.22973 0.75598 0.21642 0.74209 0.20382 0.73929 0.20724 0.44436 0.13093 0.4436 0.12583 0.44447 0.13168 0.46151 0.11871 0.44296 0.12146 0.4245 0.12514 0.40711 0.13308 0.40604 0.12881 0.13719 0.40927 0.13218 0.40802 0.13792 0.40945 0.13668 0.39004 0.13246 0.38875 0.1279 0.40694 0.12423 0.4254 0.12492 0.44451 0.12056 0.44386 0.22261 0.75046 0.22316 0.74995 0.21878 0.75393 0.20633 0.74019 0.20292 0.74299 0.21551 0.75689 0.22882 0.77019 0.24213 0.7835 0.55375 0.86899 0.55451 0.8741 0.55364 0.86825 0.53617 0.87682 0.5366 0.88121 0.55515 0.87846 0.57361 0.87479 0.59207 0.87111 0.83628 0.6595 0.8356 0.65918 0.84094 0.66171 0.83302 0.67847 0.83691 0.68055 0.84493 0.6636 0.85213 0.64621 0.85933 0.62882 0.81906 0.30821 0.81842 0.30859 0.82349 0.30555 0.83691 0.31937 0.82727 0.30329 0.81682 0.28764 0.81315 0.29009 0.80282 0.27462 0.80636 0.27199 0.5174 0.12735 0.51737 0.1281 0.51766 0.1222 0.53617 0.1231 0.5366 0.11871 0.51787 0.11779 0.49905 0.11779 0.48045 0.1222 0.48023 0.11779 0.16183 0.34042 0.16251 0.34074 0.15717 0.33821 0.16509 0.32145 0.1612 0.31937 0.15318 0.33632 0.14598 0.35371 0.14293 0.37258 0.13878 0.3711 0.17905 0.69171 0.17969 0.69133 0.17462 0.69437 0.1612 0.68055 0.17084 0.69663 0.18129 0.71228 0.18496 0.70984 0.19529 0.7253 0.19175 0.72793 0.48071 0.87257 0.48074 0.87182 0.48045 0.87773 0.46194 0.87682 0.4615 0.88121 0.48023 0.88213 0.49905 0.88213 0.49905 0.87773 0.51766 0.87773 0.51787 0.88213 0.79867 0.72223 0.79807 0.72178 0.80282 0.7253 0.79178 0.74019 0.79519 0.74299 0.80636 0.72793 0.81682 0.71228 0.82349 0.69437 0.82727 0.69663 0.85032 0.37432 0.84961 0.37458 0.85518 0.37258 0.86143 0.39004 0.86565 0.38875 0.85933 0.3711 0.85213 0.35371 0.84806 0.3554 0.84094 0.33821 0.84493 0.33632 0.591 0.13308 0.58956 0.13882 0.60898 0.13759 0.61026 0.13336 0.59207 0.12881 0.57361 0.12514 0.55451 0.12583 0.55515 0.12146 0.19944 0.27769 0.20004 0.27814 0.19529 0.27462 0.20633 0.25973 0.20292 0.25693 0.19175 0.27199 0.18129 0.28764 0.18496 0.29009 0.17462 0.30555 0.17084 0.30329 0.14779 0.6256 0.1485 0.62535 0.14293 0.62734 0.13668 0.60989 0.13246 0.61117 0.13878 0.62882 0.14598 0.64621 0.15005 0.64452 0.15717 0.66171 0.15318 0.6636 0.40711 0.86684 0.40855 0.8611 0.38913 0.86234 0.38785 0.86656 0.40604 0.87111 0.4245 0.87479 0.4436 0.8741 0.44296 0.87846 0.74955 0.77641 0.74905 0.77585 0.75302 0.78023 0.73929 0.79268 0.74209 0.7961 0.75598 0.7835 0.76929 0.77019 0.7826 0.75689 0.86808 0.44527 0.87319 0.44451 0.86734 0.44538 0.87591 0.46284 0.8803 0.46241 0.87755 0.44386 0.87388 0.4254 0.86593 0.40802 0.87021 0.40694 0.6586 0.16274 0.65828 0.16342 0.66081 0.15807 0.67756 0.16599 0.67964 0.1621 0.66269 0.15409 0.6453 0.14688 0.62643 0.14383 0.62792 0.13968 0.24856 0.22351 0.24906 0.22407 0.24509 0.21969 0.24213 0.21642 0.22882 0.22973 0.21878 0.246 0.21551 0.24303 0.13003 0.55466 0.12492 0.55541 0.13077 0.55455 0.12056 0.55606 0.12423 0.57452 0.12855 0.57366 0.13218 0.5919 0.1279 0.59298 0.33951 0.83718 0.33983 0.8365 0.3373 0.84185 0.33542 0.84584 0.35281 0.85304 0.37168 0.85609 0.37019 0.86024 0.69081 0.81997 0.69042 0.81932 0.69346 0.8244 0.69573 0.82818 0.71138 0.81772 0.70893 0.81406 0.7244 0.80372 0.72702 0.80727 0.87166 0.51831 0.87091 0.51827 0.87682 0.51856 0.88122 0.51878 0.88122 0.49996 0.87682 0.48136 0.88122 0.48114 0.72132 0.20034 0.72087 0.20095 0.7244 0.1962 0.72702 0.19266 0.71138 0.1822 0.69346 0.17553 0.69573 0.17174 0.51117 0.09363 0.511 0.0935 0.51094 0.0935 0.51094 0.09363 0.51095 0.09376 0.51101 0.09388 0.51095 0.09388 0.51095 0.09401 0.51101 0.09401 0.51242 0.09239 0.5126 0.09239 0.51243 0.09226 0.51237 0.09226 0.51237 0.09239 0.51237 0.09253 0.51242 0.09253 0.51236 0.09266 0.51236 0.0928 0.51242 0.0928 0.51235 0.09099 0.51236 0.0909 0.51218 0.091 0.51219 0.0909 0.51213 0.0909 0.51212 0.091 0.51212 0.09109 0.51217 0.09119 0.51211 0.09119 0.51211 0.09129 0.51217 0.09129 0.51214 0.09349 0.51231 0.09348 0.51214 0.09335 0.51208 0.09335 0.51209 0.09349 0.51209 0.09362 0.51215 0.09362 0.51215 0.09376 0.51209 0.09376 0.51209 0.09389 0.51215 0.09389 0.51201 0.09388 0.51184 0.09388 0.51201 0.09401 0.51207 0.09401 0.51207 0.09388 0.51207 0.09375 0.51202 0.09363 0.51207 0.09363 0.51208 0.0935 0.51202 0.0935 0.51182 0.09124 0.51199 0.09124 0.51199 0.09136 0.51205 0.09136 0.51204 0.09124 0.51204 0.09113 0.51198 0.09113 0.51203 0.09101 0.51203 0.0909 0.51197 0.0909 0.511 0.09309 0.51117 0.0931 0.51099 0.09296 0.51094 0.09296 0.51094 0.09309 0.51094 0.09323 0.511 0.09323 0.511 0.09337 0.51094 0.09337 0.51244 0.09187 0.51261 0.09188 0.51244 0.09175 0.51238 0.09175 0.51238 0.09187 0.51238 0.092 0.51243 0.09213 0.51237 0.09213 0.51244 0.09452 0.51261 0.09452 0.51243 0.0944 0.51238 0.0944 0.51238 0.09452 0.51238 0.09463 0.51244 0.09463 0.51245 0.09475 0.51239 0.09474 0.51239 0.09486 0.51245 0.09486 0.51231 0.09294 0.51214 0.09294 0.51214 0.0928 0.51208 0.0928 0.51208 0.09294 0.51208 0.09307 0.51214 0.09307 0.51208 0.09321 0.512 0.09435 0.51183 0.09436 0.51199 0.09446 0.51205 0.09446 0.51205 0.09435 0.51206 0.09424 0.51206 0.09412 0.51183 0.09174 0.512 0.09174 0.51201 0.09187 0.51207 0.09187 0.51206 0.09174 0.51206 0.09161 0.51205 0.09148 0.511 0.092 0.51117 0.092 0.511 0.09187 0.51095 0.09187 0.51094 0.092 0.51094 0.09214 0.511 0.09214 0.51094 0.09227 0.51094 0.09241 0.511 0.09241 0.511 0.09255 0.51117 0.09255 0.51094 0.09255 0.51094 0.09268 0.51099 0.09268 0.51099 0.09282 0.51094 0.09282 0.51246 0.09129 0.51263 0.0914 0.51263 0.09129 0.51246 0.0914 0.5124 0.09129 0.5124 0.0914 0.51239 0.09152 0.51239 0.09163 0.51242 0.09402 0.51242 0.09389 0.51236 0.09389 0.51237 0.09402 0.51237 0.09415 0.51243 0.09427 0.51237 0.09427 0.51214 0.09239 0.51231 0.09239 0.51214 0.09226 0.51208 0.09226 0.51208 0.09239 0.51208 0.09253 0.51214 0.09253 0.51214 0.09266 0.51208 0.09266 0.51198 0.09476 0.51181 0.09476 0.5118 0.09486 0.51197 0.09486 0.51203 0.09486 0.51203 0.09476 0.51204 0.09466 0.51199 0.09457 0.51205 0.09457 0.51202 0.09227 0.51184 0.09227 0.51202 0.09241 0.51208 0.09241 0.51207 0.09227 0.51207 0.09214 0.51201 0.09214 0.51201 0.092 0.51207 0.092 0.51101 0.09148 0.51119 0.09148 0.51102 0.09136 0.51096 0.09136 0.51096 0.09148 0.51095 0.09161 0.51101 0.09161 0.51095 0.09174 0.51103 0.09457 0.5112 0.09457 0.51103 0.09447 0.51097 0.09447 0.51098 0.09457 0.51098 0.09466 0.51104 0.09476 0.51099 0.09476 0.51099 0.09486 0.51242 0.09349 0.51259 0.09349 0.51242 0.09335 0.51236 0.09335 0.51236 0.09348 0.51236 0.09362 0.51242 0.09362 0.51242 0.09376 0.51236 0.09376 0.51215 0.09187 0.51232 0.09187 0.51215 0.09175 0.51209 0.09175 0.51209 0.09188 0.51209 0.092 0.51214 0.092 0.51214 0.09213 0.51209 0.09213 0.51234 0.09451 0.51217 0.09452 0.51217 0.0944 0.51211 0.0944 0.51211 0.09452 0.51212 0.09463 0.51212 0.09475 0.51213 0.09486 0.51219 0.09486 0.51202 0.09282 0.51185 0.09282 0.51202 0.09296 0.51208 0.09296 0.51208 0.09282 0.51208 0.09268 0.51202 0.09268 0.51208 0.09254 0.51103 0.09101 0.5112 0.09101 0.51098 0.09101 0.51097 0.09113 0.51102 0.09124 0.51097 0.09124 0.51101 0.09413 0.51119 0.09413 0.51096 0.09413 0.51096 0.09424 0.51102 0.09424 0.51102 0.09435 0.51097 0.09435 0.51242 0.09294 0.51259 0.09294 0.51236 0.09294 0.51236 0.09307 0.51242 0.09307 0.51236 0.09321 0.51216 0.0914 0.51233 0.0914 0.5121 0.0914 0.5121 0.09152 0.5121 0.09163 0.51215 0.09402 0.5121 0.09402 0.5121 0.09415 0.5121 0.09427 0.51202 0.09336 0.51185 0.09337 0.51208 0.09336 0.51208 0.09323 0.51202 0.09323 0.51208 0.09309 0.51052 0.09303 0.51052 0.09287 0.51051 0.0932 0.51048 0.09319 0.51048 0.09303 0.51048 0.09287 0.5105 0.09367 0.51051 0.09351 0.5105 0.09382 0.51046 0.09382 0.51047 0.09366 0.51047 0.09351 0.51048 0.09424 0.51048 0.0941 0.51047 0.09438 0.51043 0.09441 0.51044 0.09424 0.51045 0.0941 0.51045 0.09474 0.51046 0.09462 0.5105 0.09462 0.51049 0.09474 0.51044 0.09486 0.51041 0.09486 0.51041 0.09474 0.51041 0.09459 0.51081 0.09444 0.51082 0.09458 0.5108 0.09429 0.51084 0.09429 0.51084 0.09444 0.51085 0.09458 0.51079 0.09383 0.51079 0.09399 0.51078 0.09367 0.51082 0.09367 0.51082 0.09383 0.51083 0.09399 0.51077 0.09318 0.51078 0.09334 0.51077 0.09301 0.51081 0.09301 0.51081 0.09318 0.51081 0.09334 0.51077 0.09251 0.51077 0.09267 0.51073 0.09234 0.51077 0.09234 0.5108 0.09234 0.5108 0.09251 0.5108 0.09267 0.51077 0.09184 0.51077 0.09201 0.51077 0.09168 0.51081 0.09168 0.5108 0.09184 0.5108 0.09201 0.51078 0.09121 0.51078 0.09136 0.51074 0.09136 0.51074 0.09121 0.51074 0.09106 0.51078 0.09105 0.51082 0.09106 0.51081 0.09121 0.51081 0.09136 0.5108 0.09063 0.51079 0.09077 0.51075 0.09077 0.5108 0.09049 0.51085 0.09046 0.51083 0.09063 0.51083 0.09077 0.51082 0.09013 0.51081 0.09025 0.51083 0.09001 0.51086 0.09001 0.51086 0.09013 0.51086 0.09028 0.51165 0.09091 0.51165 0.09077 0.51169 0.09077 0.51166 0.09106 0.51162 0.09106 0.51162 0.09091 0.51161 0.09077 0.51167 0.09152 0.51167 0.09136 0.51167 0.09168 0.51164 0.09168 0.51164 0.09152 0.51163 0.09136 0.51168 0.09217 0.51168 0.09201 0.51168 0.09234 0.51164 0.09234 0.51164 0.09217 0.51164 0.09201 0.51168 0.09284 0.51168 0.09268 0.51172 0.09301 0.51168 0.09301 0.51164 0.09301 0.51164 0.09284 0.51164 0.09267 0.51167 0.09351 0.51167 0.09334 0.51167 0.09367 0.51163 0.09367 0.51164 0.09351 0.51164 0.09334 0.51165 0.09414 0.51166 0.09399 0.51165 0.09429 0.51161 0.09429 0.51162 0.09414 0.51162 0.09399 0.51163 0.09472 0.51164 0.09458 0.51163 0.09486 0.51159 0.09486 0.5116 0.09472 0.5116 0.09458 0.51021 0.09369 0.51021 0.09357 0.51021 0.09381 0.51018 0.09381 0.51018 0.09369 0.51018 0.09357 0.51137 0.09091 0.51137 0.09077 0.51138 0.09106 0.51134 0.09106 0.51134 0.09091 0.51133 0.09077 0.51139 0.09152 0.51138 0.09136 0.51139 0.09168 0.51136 0.09168 0.51135 0.09152 0.51135 0.09136 0.5114 0.09217 0.51139 0.09201 0.5114 0.09234 0.51136 0.09234 0.51136 0.09217 0.51136 0.09201 0.5114 0.09284 0.5114 0.09268 0.51143 0.09301 0.51139 0.09301 0.51136 0.09301 0.51136 0.09284 0.51136 0.09267 0.51139 0.09351 0.51139 0.09334 0.51138 0.09367 0.51135 0.09367 0.51135 0.09351 0.51136 0.09334 0.51137 0.09414 0.51138 0.09399 0.51137 0.09429 0.51133 0.09429 0.51134 0.09414 0.51134 0.09399 0.51135 0.09472 0.51136 0.09458 0.51134 0.09486 0.51131 0.09486 0.51131 0.09472 0.51132 0.09458 0.51048 0.08989 0.51046 0.08965 0.51048 0.09002 0.51045 0.09002 0.51044 0.08989 0.51044 0.08977 0.5105 0.09043 0.5105 0.09029 0.51054 0.09029 0.51051 0.09058 0.51047 0.09058 0.51047 0.09043 0.51046 0.09029 0.51052 0.09104 0.51051 0.09089 0.51052 0.0912 0.51049 0.0912 0.51048 0.09104 0.51048 0.09089 0.51089 0.09413 0.51087 0.09414 0.51087 0.09398 0.51088 0.09398 0.5109 0.09398 0.51091 0.09413 0.51091 0.09428 0.51089 0.09429 0.51088 0.09429 0.51052 0.09237 0.51053 0.0922 0.51052 0.09253 0.51049 0.09253 0.51049 0.09237 0.51049 0.0922 0.51052 0.09169 0.51052 0.09153 0.51053 0.09186 0.51049 0.09186 0.51049 0.09169 0.51049 0.09153 0.80326 0.83056 0.79987 0.86092 0.78642 0.84456 0.78078 0.83769 0.79729 0.82397 0.81305 0.80951 0.81934 0.8158 0.5113 0.09318 0.51132 0.09318 0.51132 0.09334 0.51128 0.09334 0.51128 0.09317 0.51129 0.09301 0.5113 0.09301 0.51132 0.09301 0.51155 0.09064 0.51157 0.09064 0.51158 0.09078 0.51156 0.09078 0.51154 0.09078 0.51154 0.09065 0.51153 0.09051 0.51155 0.0905 0.51156 0.0905 0.51043 0.09203 0.51045 0.09203 0.51045 0.0922 0.51042 0.0922 0.51042 0.09203 0.51042 0.09186 0.51043 0.09186 0.51045 0.09186 0.50975 0.09369 0.50977 0.09369 0.50977 0.09381 0.50975 0.09381 0.50973 0.09382 0.50973 0.0937 0.50973 0.09358 0.50975 0.09357 0.50977 0.09357 0.51086 0.09284 0.51084 0.09284 0.51084 0.09267 0.51088 0.09267 0.51088 0.09284 0.51088 0.09301 0.51086 0.09301 0.51085 0.09301 0.51127 0.09443 0.51129 0.09443 0.51128 0.09457 0.51126 0.09457 0.51125 0.09456 0.51125 0.09443 0.51126 0.09428 0.51128 0.09429 0.51129 0.09429 0.51158 0.09184 0.5116 0.09184 0.5116 0.09201 0.51159 0.09201 0.51157 0.09201 0.51157 0.09185 0.51156 0.09168 0.51158 0.09168 0.5116 0.09168 0.5104 0.09395 0.51042 0.09396 0.51041 0.0941 0.51039 0.09409 0.51038 0.09409 0.51038 0.09395 0.51039 0.0938 0.5104 0.09381 0.51042 0.09381 0.51129 0.09121 0.51131 0.09121 0.51131 0.09137 0.51128 0.09137 0.51127 0.09122 0.51127 0.09107 0.51129 0.09106 0.5113 0.09106 0.51086 0.09152 0.51085 0.09152 0.51085 0.09137 0.51087 0.09137 0.51088 0.09137 0.51088 0.09153 0.51088 0.09168 0.51086 0.09168 0.51085 0.09168 0.5104 0.09016 0.51042 0.09016 0.51042 0.0903 0.5104 0.0903 0.51039 0.09031 0.51038 0.09017 0.51038 0.09003 0.51039 0.09003 0.51041 0.09002 0.51158 0.09318 0.5116 0.09318 0.5116 0.09334 0.51156 0.09334 0.51157 0.09317 0.51157 0.09301 0.51159 0.09301 0.5116 0.09301 0.51091 0.09471 0.5109 0.09471 0.51089 0.09457 0.51091 0.09457 0.51092 0.09456 0.51093 0.0947 0.51094 0.09484 0.51092 0.09485 0.5109 0.09485 0.51131 0.09251 0.51132 0.09251 0.51132 0.09267 0.51129 0.09267 0.51129 0.09251 0.51129 0.09234 0.51131 0.09234 0.51132 0.09234 0.50998 0.09369 0.51 0.09369 0.51 0.09381 0.50998 0.09381 0.50996 0.09382 0.50996 0.0937 0.50996 0.09358 0.50998 0.09357 0.51 0.09357 0.51043 0.09137 0.51045 0.09137 0.51045 0.09153 0.51043 0.09153 0.51041 0.09153 0.51041 0.09137 0.51041 0.09121 0.51043 0.09121 0.51045 0.0912 0.51155 0.09443 0.51157 0.09443 0.51156 0.09457 0.51155 0.09457 0.51153 0.09456 0.51154 0.09443 0.51154 0.09428 0.51156 0.09429 0.51158 0.09429 0.51087 0.0935 0.51085 0.09351 0.51085 0.09334 0.51087 0.09334 0.51089 0.09334 0.51089 0.0935 0.51089 0.09366 0.51087 0.09367 0.51086 0.09367 0.51129 0.09382 0.51131 0.09383 0.5113 0.09398 0.51128 0.09398 0.51127 0.09398 0.51127 0.09382 0.51128 0.09366 0.51129 0.09367 0.51131 0.09367 0.51157 0.09121 0.51159 0.09121 0.51159 0.09137 0.51158 0.09137 0.51156 0.09137 0.51155 0.09122 0.51155 0.09107 0.51157 0.09106 0.51159 0.09106 0.51042 0.09335 0.51044 0.09335 0.51043 0.0935 0.51041 0.0935 0.5104 0.0935 0.5104 0.09334 0.51041 0.09319 0.51042 0.09319 0.51044 0.09319 0.51127 0.09064 0.51129 0.09064 0.51129 0.09078 0.51128 0.09078 0.51126 0.09078 0.51125 0.09065 0.51125 0.09051 0.51127 0.0905 0.51128 0.0905 0.51086 0.09217 0.51084 0.09217 0.51084 0.09201 0.51088 0.09201 0.51088 0.09217 0.51088 0.09234 0.51086 0.09234 0.51084 0.09234 0.51037 0.08967 0.51039 0.08966 0.5104 0.08978 0.51038 0.08979 0.51036 0.08979 0.51036 0.08967 0.51035 0.08955 0.51037 0.08955 0.51038 0.08954 0.51159 0.09251 0.5116 0.09251 0.5116 0.09267 0.51157 0.09267 0.51157 0.09251 0.51157 0.09234 0.51159 0.09234 0.5116 0.09234 0.51005 0.09369 0.51007 0.09369 0.51007 0.09381 0.51005 0.09381 0.51004 0.09382 0.51004 0.0937 0.51004 0.09358 0.51005 0.09357 0.51007 0.09357 0.5113 0.09184 0.51132 0.09184 0.51132 0.09201 0.5113 0.09201 0.51129 0.09201 0.51128 0.09185 0.51128 0.09168 0.5113 0.09168 0.51132 0.09168 0.51043 0.0927 0.51045 0.0927 0.51044 0.09286 0.51041 0.09286 0.51041 0.0927 0.51042 0.09253 0.51043 0.09253 0.51045 0.09253 0.51088 0.09092 0.51086 0.09092 0.51087 0.09078 0.51088 0.09078 0.5109 0.09078 0.5109 0.09092 0.51089 0.09107 0.51087 0.09106 0.51086 0.09106 0.51042 0.09074 0.51044 0.09073 0.51044 0.09089 0.51043 0.09105 0.5104 0.0909 0.5104 0.09074 0.5104 0.09059 0.51041 0.09059 0.51043 0.09058 0.51157 0.09382 0.51159 0.09383 0.51158 0.09398 0.51157 0.09398 0.51155 0.09398 0.51155 0.09382 0.51156 0.09366 0.51158 0.09367 0.51159 0.09367 0.51346 0.09364 0.51346 0.09349 0.51348 0.09349 0.51348 0.09364 0.51348 0.09379 0.51346 0.09379 0.94226 0.43265 0.96308 0.42952 0.96547 0.45249 0.94453 0.45458 0.93575 0.45546 0.93352 0.43396 0.93026 0.41267 0.93893 0.41092 0.69013 0.0935 0.71932 0.08519 0.70951 0.10387 0.70539 0.11171 0.6864 0.10154 0.66701 0.09235 0.67035 0.08412 0.27099 0.11457 0.29024 0.10416 0.29445 0.112 0.27558 0.12219 0.2573 0.13327 0.25234 0.12587 0.06221 0.56487 0.051475 0.555095 0.05993 0.54293 0.06871 0.54206 0.07095 0.56355 0.07421 0.58485 0.06554 0.58659 0.31433 0.90402 0.30544 0.9232 0.29496 0.89364 0.29907 0.8858 0.31806 0.89597 0.33745 0.90516 0.33411 0.9134 0.73347 0.88295 0.71422 0.89335 0.71001 0.88552 0.72888 0.87532 0.74716 0.86424 0.75212 0.87165 0.94707 0.52039 0.94506 0.54232 0.93627 0.54146 0.93824 0.51996 0.93917 0.49846 0.94802 0.49845 0.76527 0.1386 0.77672 0.15944 0.76005 0.14575 0.7428 0.13294 0.74767 0.12553 0.34967 0.07694 0.3732 0.07903 0.35269 0.08532 0.3326 0.09258 0.32916 0.08435 0.06967 0.39022 0.05573 0.36299 0.0759 0.36912 0.08437 0.37169 0.07826 0.39237 0.07318 0.41326 0.06449 0.41153 0.05739 0.47713 0.05645 0.49906 0.05941 0.45519 0.0682 0.45605 0.06622 0.47756 0.0653 0.49906 0.23919 0.85891 0.22774 0.83807 0.24442 0.85176 0.26167 0.86458 0.2568 0.87199 0.6548 0.92057 0.63127 0.91848 0.65177 0.9122 0.67187 0.90493 0.6753 0.91316 0.9348 0.6073 0.92856 0.62839 0.9201 0.62582 0.92621 0.60514 0.93128 0.58426 0.93997 0.58599 0.8303 0.19754 0.8443 0.21457 0.83751 0.22022 0.82379 0.20352 0.80933 0.18758 0.81555 0.18128 0.4342 0.05553 0.44385 0.044775 0.45598 0.05335 0.4569 0.0622 0.43555 0.06433 0.41442 0.0675 0.41264 0.05876 0.09857 0.30748 0.09016 0.27806 0.10878 0.28803 0.11659 0.29222 0.10659 0.31128 0.09755 0.33074 0.08936 0.32734 0.17416 0.79997 0.14398 0.79639 0.16017 0.78294 0.16696 0.7773 0.18068 0.79399 0.19513 0.80993 0.18891 0.81623 0.57026 0.94199 0.560615 0.95274 0.54848 0.94416 0.54756 0.93532 0.56891 0.93319 0.59005 0.93002 0.59183 0.93875 0.90589 0.69003 0.925 0.69909 0.89569 0.70948 0.88788 0.7053 0.89788 0.68624 0.90691 0.66677 0.91511 0.67017 0.88273 0.26806 0.91167 0.2775 0.89317 0.2875 0.88541 0.29169 0.87517 0.27264 0.86407 0.25419 0.8714 0.24923 0.52135 0.05115 0.54316 0.05329 0.54235 0.06214 0.52097 0.06003 0.49961 0.05899 0.49955 0.05008 0.14298 0.23209 0.16363 0.22068 0.15012 0.23739 0.13748 0.25469 0.13009 0.24974 0.12174 0.72945 0.1113 0.71002 0.11906 0.70582 0.12929 0.72487 0.1404 0.74333 0.13307 0.74828 0.48311 0.94637 0.50491 0.94743 0.4613 0.94422 0.46212 0.93538 0.48349 0.93748 0.50486 0.93853 0.86148 0.76542 0.84083 0.77684 0.85435 0.76013 0.86699 0.74283 0.87438 0.74777 0.92053 0.34745 0.9335 0.38963 0.91858 0.37112 0.91223 0.35045 0.9049 0.33019 0.91306 0.32677 0.60777 0.06397 0.62877 0.07035 0.62625 0.07886 0.60568 0.0726 0.5849 0.06738 0.58657 0.05864 0.2012 0.16695 0.21805 0.15296 0.22369 0.15982 0.20718 0.17354 0.19142 0.18801 0.18512 0.18171 0.08394 0.65007 0.07097 0.60789 0.08589 0.62639 0.09224 0.64706 0.09956 0.66733 0.09141 0.67074 0.39669 0.93355 0.3757 0.92716 0.37821 0.91866 0.39879 0.92491 0.41957 0.93013 0.41789 0.93887 0.59636 0.88756 0.60188 0.90959 0.57714 0.89138 0.57486 0.87993 0.59352 0.87622 0.6119 0.87161 0.6153 0.88281 0.51359 0.09184 0.51356 0.0917 0.51359 0.0917 0.51361 0.0917 0.5136 0.09184 0.5136 0.09198 0.51358 0.09198 0.5136 0.09473 0.5136 0.09461 0.51361 0.09461 0.51362 0.09473 0.51362 0.09486 0.51361 0.09486 0.51359 0.09486 0.51335 0.09304 0.51335 0.09273 0.51336 0.09288 0.51336 0.09304 0.51336 0.09319 0.51335 0.09319 0.51271 0.09085 0.51272 0.09073 0.51273 0.09073 0.51273 0.09085 0.51272 0.09098 0.51271 0.09098 0.51271 0.0943 0.51271 0.09417 0.51272 0.09417 0.51273 0.0943 0.51273 0.09442 0.51272 0.09442 0.51346 0.09304 0.51346 0.09288 0.51348 0.09288 0.51347 0.09304 0.51347 0.09319 0.51346 0.09319 0.5136 0.09129 0.51361 0.09116 0.51362 0.09116 0.51362 0.09129 0.51361 0.09142 0.5136 0.09142 0.51359 0.09421 0.51358 0.09407 0.5136 0.09407 0.5136 0.09421 0.5136 0.09435 0.51359 0.09435 0.51335 0.09243 0.51335 0.09228 0.51337 0.09228 0.51337 0.09243 0.51336 0.09258 0.51335 0.09258 0.51274 0.09037 0.51274 0.09026 0.51276 0.09026 0.51275 0.09037 0.51274 0.09048 0.51273 0.09048 0.51269 0.09378 0.51269 0.09364 0.51271 0.09364 0.51271 0.09378 0.51271 0.09392 0.5127 0.09392 0.51346 0.09243 0.51348 0.09228 0.51348 0.09243 0.51348 0.09258 0.51346 0.09258 0.51001 0.09345 0.51001 0.09334 0.51003 0.09335 0.51003 0.09345 0.51003 0.09356 0.51001 0.09356 0.51357 0.09364 0.51357 0.09349 0.51359 0.09349 0.51359 0.09364 0.51359 0.09379 0.51358 0.09379 0.51336 0.09184 0.51333 0.0917 0.51337 0.0917 0.51338 0.0917 0.51338 0.09184 0.51337 0.09198 0.51336 0.09198 0.51333 0.09198 0.51338 0.09473 0.51337 0.09461 0.51339 0.09461 0.51339 0.09473 0.5134 0.09486 0.51338 0.09486 0.51268 0.09321 0.51268 0.09306 0.5127 0.09306 0.5127 0.09321 0.5127 0.09335 0.51269 0.09335 0.51347 0.09184 0.51345 0.0917 0.51348 0.0917 0.51349 0.0917 0.51349 0.09184 0.51349 0.09198 0.51347 0.09198 0.51349 0.09473 0.51349 0.09461 0.5135 0.09461 0.51351 0.09473 0.51351 0.09486 0.5135 0.09486 0.51357 0.09304 0.51357 0.09288 0.51359 0.09288 0.51359 0.09304 0.51359 0.09319 0.51357 0.09319 0.51338 0.09129 0.51338 0.09116 0.5134 0.09116 0.51339 0.09129 0.51339 0.09142 0.51337 0.09142 0.51336 0.09421 0.51336 0.09407 0.51337 0.09407 0.51338 0.09421 0.51338 0.09435 0.51337 0.09435 0.51268 0.092 0.51265 0.092 0.5127 0.09185 0.5127 0.092 0.5127 0.09215 0.51268 0.09215 0.51268 0.0926 0.51268 0.09245 0.5127 0.09245 0.5127 0.0926 0.5127 0.09276 0.51268 0.09276 0.51349 0.09129 0.5135 0.09116 0.51351 0.09116 0.51351 0.09129 0.5135 0.09142 0.51349 0.09142 0.51347 0.09421 0.51347 0.09407 0.51349 0.09407 0.51349 0.09421 0.51349 0.09435 0.51348 0.09435 0.51357 0.09243 0.51354 0.09243 0.51359 0.09228 0.51359 0.09243 0.51359 0.09258 0.51357 0.09258 0.51009 0.09345 0.51009 0.0934 0.5101 0.0934 0.5101 0.09345 0.5101 0.09356 0.51009 0.09356 0.51335 0.09364 0.51335 0.09349 0.51337 0.09349 0.51337 0.09364 0.51337 0.09379 0.51335 0.09379 0.51269 0.0914 0.51267 0.09126 0.5127 0.09126 0.51271 0.09126 0.51271 0.0914 0.51271 0.09155 0.51269 0.09155 0.51266 0.09155 0.51274 0.09475 0.51273 0.09464 0.51274 0.09464 0.51275 0.09475 0.51276 0.09486 0.51274 0.09486 0.51283 0.09091 0.51284 0.09102 0.51282 0.09102 0.51281 0.09091 0.51281 0.09079 0.51283 0.09079 0.87466 0.63526 0.86716 0.65337 0.85637 0.6489 0.86365 0.63132 0.87004 0.61348 0.88124 0.61688 0.81949 0.2637 0.83038 0.27999 0.82067 0.28648 0.81011 0.27066 0.79882 0.25544 0.80786 0.24801 0.82545 0.23359 0.47991 0.10313 0.4995 0.10313 0.4995 0.11481 0.48048 0.11481 0.46155 0.11574 0.4604 0.10409 0.45817 0.08146 0.15773 0.29629 0.16862 0.27999 0.17833 0.28648 0.16776 0.3023 0.15802 0.31855 0.14769 0.31303 0.133225 0.31668 0.13935 0.67147 0.12764 0.69985 0.13185 0.65337 0.14264 0.6489 0.14991 0.66647 0.15802 0.68361 0.14769 0.68913 0.17951 0.73846 0.16862 0.72217 0.17833 0.71568 0.1889 0.7315 0.20019 0.74672 0.19114 0.75415 0.5191 0.89903 0.4995 0.89903 0.4995 0.88735 0.51852 0.88735 0.53745 0.88642 0.5386 0.89807 0.54083 0.9207 0.84127 0.70587 0.86075 0.71755 0.83038 0.72217 0.82067 0.71568 0.83124 0.69986 0.84099 0.68361 0.85131 0.68913 0.85966 0.33069 0.88019 0.32097 0.86716 0.34879 0.85637 0.35326 0.84909 0.33569 0.84099 0.31855 0.85131 0.31303 0.55792 0.10696 0.54967 0.094085 0.57714 0.11078 0.57486 0.12223 0.5562 0.11852 0.53746 0.11574 0.5386 0.10409 0.20425 0.23355 0.21811 0.21969 0.22637 0.22795 0.21292 0.2414 0.20019 0.25544 0.19114 0.24801 0.17356 0.23359 0.11303 0.59794 0.1092 0.57872 0.12065 0.57644 0.12437 0.59509 0.12897 0.61348 0.11777 0.61688 0.44109 0.8952 0.44439 0.907092 0.42187 0.89138 0.42414 0.87993 0.4428 0.88364 0.46155 0.88642 0.4604 0.89807 0.79475 0.76861 0.78089 0.78247 0.77264 0.77421 0.78609 0.76076 0.79882 0.74672 0.80786 0.75415 0.88598 0.40422 0.8898 0.42344 0.87835 0.42572 0.87464 0.40707 0.87004 0.38868 0.88124 0.38528 0.903 0.37868 0.63368 0.12593 0.65179 0.13343 0.64732 0.14421 0.62975 0.13693 0.6119 0.13055 0.6153 0.11935 0.26212 0.18109 0.27842 0.1702 0.2849 0.17991 0.26909 0.19048 0.25386 0.20176 0.24644 0.19272 0.10156 0.52068 0.10251 0.54018 0.07887 0.48037 0.10156 0.50108 0.11323 0.50108 0.11323 0.5201 0.11416 0.53903 0.36532 0.87623 0.34721 0.86873 0.35168 0.85795 0.36926 0.86523 0.3871 0.87161 0.3837 0.88281 0.73688 0.82107 0.72059 0.83196 0.7141 0.82225 0.72992 0.81168 0.74514 0.80039 0.75257 0.80944 0.89745 0.48148 0.89649 0.46198 0.92014 0.52179 0.89745 0.50108 0.88577 0.50108 0.88577 0.48206 0.88484 0.46313 0.70429 0.15931 0.71597 0.13983 0.72059 0.1702 0.7141 0.17991 0.69829 0.16934 0.68203 0.15959 0.68755 0.14927 0.32911 0.14092 0.30074 0.12921 0.34721 0.13343 0.35168 0.14421 0.33411 0.15149 0.31697 0.15959 0.31146 0.14927 0.10538 0.44266 0.1092 0.42344 0.12065 0.42572 0.11694 0.44438 0.11416 0.46313 0.10251 0.46198 0.29471 0.84285 0.28303 0.86233 0.27842 0.83196 0.2849 0.82225 0.30072 0.83282 0.31697 0.84257 0.31146 0.85289 0.30074 0.87295 0.66989 0.86123 0.65179 0.86873 0.64732 0.85795 0.6649 0.85067 0.68203 0.84257 0.68755 0.85289 0.89363 0.55949 0.8898 0.57872 0.87835 0.57644 0.88206 0.55778 0.88484 0.53903 0.89649 0.54018 0.91913 0.54241 0.76704 0.20583 0.78089 0.21969 0.77264 0.22795 0.75919 0.21449 0.74514 0.20176 0.75257 0.19272 0.40265 0.1146 0.42187 0.11078 0.42414 0.12223 0.40549 0.12594 0.3871 0.13055 0.3837 0.11935 0.12435 0.3669 0.13185 0.34879 0.14264 0.35326 0.13536 0.37083 0.12897 0.38868 0.11777 0.38528 0.23197 0.79633 0.21811 0.78247 0.22637 0.77421 0.23982 0.78766 0.25386 0.80039 0.24644 0.80944 0.33951 0.16274 0.35646 0.15572 0.35675 0.15641 0.33983 0.16342 0.32334 0.17122 0.32298 0.17055 0.32055 0.16599 0.51324 0.09317 0.5132 0.09303 0.51324 0.09302 0.51326 0.09302 0.51326 0.09317 0.51326 0.09331 0.51324 0.09331 0.51297 0.09411 0.51297 0.09434 0.51295 0.09422 0.51295 0.09411 0.51296 0.09398 0.51298 0.09398 0.51297 0.09139 0.51295 0.09152 0.51295 0.09139 0.51294 0.09126 0.51296 0.09126 0.51311 0.0926 0.51307 0.09246 0.51311 0.09246 0.51313 0.09246 0.51313 0.0926 0.51313 0.09274 0.51311 0.09274 0.51307 0.09274 0.51281 0.09456 0.5128 0.09466 0.51278 0.09466 0.51279 0.09456 0.5128 0.09445 0.51282 0.09445 0.51285 0.09139 0.51289 0.09139 0.51283 0.09152 0.51283 0.09139 0.51283 0.09126 0.51285 0.09126 0.51324 0.0926 0.51324 0.09246 0.51326 0.09246 0.51326 0.0926 0.51325 0.09274 0.51324 0.09274 0.51296 0.09456 0.51299 0.09456 0.51295 0.09466 0.51293 0.09466 0.51294 0.09456 0.51294 0.09445 0.51296 0.09445 0.51298 0.09192 0.51298 0.09206 0.51296 0.09206 0.51296 0.09192 0.51296 0.09179 0.51298 0.09179 0.51302 0.09179 0.51311 0.09205 0.51311 0.09192 0.51313 0.09192 0.51313 0.09205 0.51313 0.09219 0.51311 0.09219 0.51315 0.09474 0.51311 0.09474 0.51315 0.09462 0.51317 0.09462 0.51317 0.09474 0.51318 0.09486 0.51316 0.09486 0.51286 0.09192 0.51286 0.09206 0.51284 0.09206 0.51284 0.09192 0.51284 0.09179 0.51286 0.09179 0.5129 0.09179 0.51324 0.09205 0.51325 0.09192 0.51327 0.09192 0.51326 0.09205 0.51326 0.09219 0.51324 0.09219 0.51328 0.09474 0.51324 0.09474 0.51327 0.09462 0.51329 0.09462 0.51329 0.09474 0.5133 0.09486 0.51328 0.09486 0.51299 0.09248 0.51303 0.09262 0.51299 0.09262 0.51297 0.09262 0.51297 0.09248 0.51297 0.09234 0.51299 0.09234 0.51312 0.09154 0.51315 0.09143 0.51314 0.09154 0.51314 0.09166 0.51312 0.09166 0.51313 0.09426 0.51315 0.09413 0.51315 0.09426 0.51316 0.09439 0.51314 0.09439 0.51286 0.09305 0.51286 0.09319 0.51284 0.09319 0.51284 0.09305 0.51284 0.09291 0.51286 0.09291 0.5129 0.09291 0.51286 0.09248 0.5129 0.09262 0.51286 0.09262 0.51284 0.09262 0.51284 0.09248 0.51284 0.09234 0.51286 0.09234 0.51326 0.09154 0.51326 0.09131 0.51328 0.09143 0.51328 0.09154 0.51327 0.09166 0.51325 0.09166 0.51321 0.09166 0.51326 0.09426 0.51327 0.09413 0.51328 0.09426 0.51328 0.09439 0.51326 0.09439 0.51299 0.09305 0.51299 0.09319 0.51297 0.09319 0.51297 0.09305 0.51297 0.09291 0.51299 0.09291 0.51303 0.09291 0.51314 0.09109 0.51315 0.09099 0.51317 0.09099 0.51316 0.09109 0.51316 0.09119 0.51314 0.09119 0.51312 0.09373 0.51311 0.09359 0.51313 0.09359 0.51314 0.09373 0.51314 0.09386 0.51312 0.09386 0.51308 0.09386 0.51285 0.09359 0.51284 0.09373 0.51283 0.09373 0.51283 0.09359 0.51283 0.09346 0.51285 0.09346 0.51281 0.09049 0.51285 0.09049 0.51285 0.09059 0.51282 0.09059 0.5128 0.09059 0.51279 0.09049 0.51279 0.09039 0.51281 0.09039 0.51284 0.09039 0.51324 0.09373 0.51324 0.09359 0.51326 0.09359 0.51326 0.09373 0.51326 0.09386 0.51325 0.09386 0.51321 0.09386 0.51299 0.09359 0.51298 0.09373 0.51296 0.09373 0.51297 0.09359 0.51297 0.09346 0.51299 0.09346 0.51294 0.09091 0.51298 0.09091 0.51295 0.09102 0.51293 0.09102 0.51293 0.09091 0.51292 0.09079 0.51294 0.09079 0.51311 0.09317 0.51311 0.09303 0.51313 0.09302 0.51313 0.09317 0.51313 0.09331 0.51311 0.09331 0.51283 0.09411 0.51282 0.09434 0.51281 0.09422 0.51281 0.09411 0.51282 0.09398 0.51284 0.09398 0.27679 0.20034 0.29204 0.19015 0.29246 0.19077 0.27724 0.20095 0.26258 0.21181 0.2621 0.21123 0.12645 0.51831 0.12645 0.49996 0.1272 0.49996 0.1272 0.51827 0.12809 0.5365 0.12734 0.53657 0.1222 0.53708 0.3073 0.81997 0.29204 0.80977 0.29246 0.80915 0.30769 0.81932 0.32334 0.8287 0.32298 0.82937 0.6586 0.83718 0.67756 0.83393 0.64165 0.84421 0.64136 0.84351 0.65828 0.8365 0.67477 0.8287 0.67513 0.82937 0.86808 0.55466 0.87319 0.55541 0.86377 0.57251 0.86734 0.55455 0.87002 0.5365 0.87077 0.53657 0.74955 0.22351 0.75302 0.21969 0.76253 0.23649 0.762 0.23702 0.74905 0.22407 0.73553 0.21181 0.73601 0.21123 0.40837 0.13809 0.42636 0.13451 0.42651 0.13525 0.40855 0.13882 0.39085 0.14325 0.39063 0.14253 0.13003 0.44526 0.13434 0.42741 0.13077 0.44538 0.12809 0.46342 0.12734 0.46335 0.24856 0.77641 0.24509 0.78023 0.23558 0.76343 0.23611 0.7629 0.24906 0.77585 0.26258 0.78811 0.2621 0.78869 0.58974 0.86183 0.57175 0.86541 0.5716 0.86467 0.58956 0.8611 0.60726 0.85667 0.60748 0.85739 0.85032 0.6256 0.84261 0.64226 0.84961 0.62535 0.85576 0.60817 0.85648 0.60839 0.79867 0.27769 0.80887 0.29295 0.80824 0.29337 0.79807 0.27814 0.7872 0.26349 0.78778 0.26301 0.48071 0.12735 0.49905 0.12735 0.49905 0.1281 0.48074 0.1281 0.46252 0.129 0.46244 0.12825 0.14779 0.37432 0.15481 0.35737 0.1555 0.35766 0.1485 0.37458 0.14235 0.39175 0.14163 0.39154 0.19944 0.72223 0.18924 0.70697 0.18987 0.70655 0.20004 0.72178 0.21091 0.73644 0.21033 0.73691 0.5174 0.87257 0.49905 0.87257 0.49905 0.87182 0.51737 0.87182 0.53559 0.87092 0.53567 0.87167 0.81906 0.69171 0.80887 0.70697 0.80824 0.70655 0.81842 0.69133 0.8278 0.67568 0.82846 0.67603 0.83628 0.34042 0.8433 0.35737 0.84261 0.35766 0.8356 0.34074 0.8278 0.32424 0.82846 0.32389 0.83302 0.32145 0.55375 0.13093 0.5716 0.13525 0.55364 0.13168 0.53559 0.129 0.53567 0.12825 0.17905 0.30821 0.18924 0.29295 0.18987 0.29337 0.17969 0.30859 0.17031 0.32424 0.16965 0.32389 0.16183 0.6595 0.16509 0.67847 0.15481 0.64255 0.1555 0.64226 0.16251 0.65918 0.17031 0.67568 0.16965 0.67603 0.44436 0.86899 0.42651 0.86467 0.44447 0.86825 0.46252 0.87092 0.46244 0.87167 0.7755 0.75046 0.77933 0.75393 0.76253 0.76344 0.762 0.7629 0.77495 0.74995 0.7872 0.73644 0.78778 0.73691 0.86092 0.40927 0.8645 0.42727 0.86377 0.42742 0.86019 0.40945 0.85576 0.39175 0.85648 0.39154 0.62469 0.14869 0.62643 0.14383 0.6586 0.16274 0.64136 0.15641 0.62444 0.1494 0.60726 0.14325 0.60748 0.14253 0.22261 0.24946 0.23558 0.23649 0.23611 0.23702 0.22316 0.24997 0.21091 0.26349 0.21033 0.26301 0.13719 0.59065 0.13361 0.57265 0.13434 0.57251 0.13792 0.59047 0.14235 0.60817 0.14163 0.60839 0.37342 0.85123 0.35646 0.84421 0.35675 0.84351 0.37367 0.85052 0.39085 0.85667 0.39063 0.85739 0.72132 0.79958 0.70607 0.80977 0.70565 0.80915 0.72087 0.79897 0.73553 0.78811 0.73601 0.78869 0.87166 0.48161 0.87166 0.49996 0.87091 0.49996 0.87091 0.48165 0.87002 0.46342 0.87077 0.46335 0.87591 0.46284 0.69081 0.17995 0.70607 0.19015 0.70565 0.19077 0.69042 0.1806 0.67477 0.17122 0.67513 0.17055 0.511 0.09363 0.51201 0.09376 0.51198 0.09101 0.51243 0.092 0.512 0.09435 0.51201 0.09174 0.51255 0.0944 0.51222 0.0928 0.51198 0.09466 0.51199 0.09446 0.51105 0.09486 0.51218 0.09475 0.51218 0.09463 0.51216 0.0914 0.51216 0.09427 0.511935 0.09296 0.51064 0.09287 0.51064 0.09303 0.51063 0.0932 0.51064 0.09253 0.51064 0.0927 0.51052 0.0927 0.51049 0.0927 0.51063 0.09351 0.51062 0.09367 0.51062 0.09382 0.51063 0.09335 0.51051 0.09335 0.51048 0.09335 0.5106 0.0941 0.5106 0.09424 0.51059 0.09438 0.51061 0.09396 0.51049 0.09396 0.51046 0.09396 0.51053 0.09474 0.51058 0.09462 0.51057 0.09474 0.51056 0.09486 0.51052 0.09486 0.51046 0.0945 0.51058 0.0945 0.51042 0.0945 0.5107 0.09458 0.51069 0.09444 0.51068 0.0943 0.51075 0.09486 0.51071 0.09486 0.5107 0.09472 0.51082 0.09472 0.51083 0.09486 0.51086 0.09472 0.51086 0.09486 0.51067 0.09399 0.51067 0.09383 0.51066 0.09367 0.51068 0.09414 0.5108 0.09414 0.51083 0.09414 0.51066 0.09334 0.51065 0.09318 0.51065 0.09301 0.51066 0.09351 0.51078 0.09351 0.51081 0.09351 0.51069 0.09251 0.51065 0.09268 0.51065 0.09251 0.51065 0.09234 0.51065 0.09284 0.51077 0.09284 0.5108 0.09284 0.51065 0.09201 0.51065 0.09184 0.51065 0.09168 0.51065 0.09217 0.51077 0.09217 0.5108 0.09217 0.51066 0.09136 0.51066 0.09121 0.51066 0.09106 0.51065 0.09152 0.51077 0.09152 0.51081 0.09152 0.51067 0.09077 0.51068 0.09063 0.51068 0.0905 0.51071 0.09091 0.51067 0.09091 0.51075 0.09091 0.51079 0.09091 0.51082 0.09091 0.51074 0.09013 0.51069 0.09025 0.5107 0.09013 0.51071 0.09001 0.51081 0.09037 0.51069 0.09037 0.51085 0.09037 0.51177 0.09077 0.51177 0.09091 0.51178 0.09106 0.51176 0.09049 0.51176 0.09063 0.51164 0.09063 0.51164 0.09049 0.51161 0.09063 0.5116 0.09049 0.51179 0.09136 0.51179 0.09152 0.51179 0.09168 0.51178 0.09121 0.51166 0.09121 0.51163 0.09121 0.5118 0.09201 0.5118 0.09217 0.5118 0.09234 0.5118 0.09184 0.51167 0.09184 0.51164 0.09184 0.5118 0.09268 0.5118 0.09284 0.5118 0.09301 0.5118 0.09251 0.51168 0.09251 0.51164 0.09251 0.51179 0.09334 0.51179 0.09351 0.51179 0.09367 0.5118 0.09318 0.51167 0.09318 0.51164 0.09318 0.51178 0.09399 0.51177 0.09414 0.51177 0.0943 0.51178 0.09383 0.51166 0.09383 0.51163 0.09383 0.51176 0.09458 0.51175 0.09472 0.51175 0.09486 0.51176 0.09444 0.51164 0.09444 0.51161 0.09444 0.51029 0.09369 0.51033 0.09357 0.51033 0.09369 0.51033 0.09381 0.50984 0.09368 0.50996 0.09357 0.50996 0.09369 0.50996 0.09381 0.50984 0.09356 0.50984 0.0938 0.50981 0.0938 0.50981 0.09368 0.50981 0.09356 0.51149 0.09077 0.51149 0.09091 0.5115 0.09106 0.51136 0.09063 0.51148 0.09049 0.51148 0.09063 0.51136 0.09049 0.51133 0.09063 0.51132 0.09049 0.5115 0.09136 0.51151 0.09152 0.51151 0.09168 0.5115 0.09121 0.51138 0.09121 0.51135 0.09121 0.51151 0.09201 0.51152 0.09217 0.51152 0.09234 0.51151 0.09184 0.51139 0.09184 0.51136 0.09184 0.51152 0.09268 0.51152 0.09284 0.51151 0.09301 0.51152 0.09251 0.5114 0.09251 0.51136 0.09251 0.51151 0.09334 0.51151 0.09351 0.5115 0.09367 0.51151 0.09318 0.51139 0.09318 0.51136 0.09318 0.5115 0.09399 0.51149 0.09414 0.51149 0.0943 0.51138 0.09383 0.5115 0.09383 0.51135 0.09383 0.51148 0.09458 0.51147 0.09472 0.51146 0.09486 0.51148 0.09444 0.51136 0.09444 0.51133 0.09444 0.51056 0.08989 0.5106 0.08989 0.51061 0.09002 0.51058 0.08954 0.51058 0.08965 0.51046 0.08953 0.51043 0.08966 0.51042 0.08954 0.51062 0.09029 0.51062 0.09043 0.51063 0.09058 0.51061 0.09015 0.51049 0.09015 0.51046 0.09015 0.51063 0.09089 0.51064 0.09104 0.51064 0.0912 0.51063 0.09073 0.51051 0.09073 0.51048 0.09073 0.51088 0.09382 0.51086 0.09383 0.5109 0.09382 0.51084 0.09383 0.51084 0.09367 0.51085 0.09398 0.51085 0.09414 0.51086 0.09429 0.51065 0.0922 0.51064 0.09237 0.51065 0.09186 0.51065 0.09203 0.51053 0.09203 0.51049 0.09203 0.51064 0.09153 0.51064 0.09169 0.51064 0.09136 0.51052 0.09136 0.51049 0.09136 0.76957 0.85855 0.76426 0.85141 0.78222 0.87558 0.78957 0.88546 0.77082 0.89954 0.76395 0.88929 0.80767 0.87042 0.81751 0.84626 0.82578 0.85538 0.83435 0.83081 0.84306 0.83952 0.5113 0.0935 0.51131 0.09351 0.51128 0.0935 0.51133 0.09351 0.51133 0.09367 0.51133 0.09334 0.51134 0.09318 0.51134 0.09301 0.51156 0.09092 0.51158 0.09092 0.51155 0.09092 0.5116 0.09091 0.5116 0.09106 0.51159 0.09077 0.51159 0.09063 0.51158 0.09049 0.51043 0.09237 0.51045 0.09237 0.51042 0.09236 0.51047 0.09237 0.51047 0.09253 0.51047 0.0922 0.51047 0.09203 0.51047 0.09186 0.51012 0.09368 0.51014 0.09369 0.51014 0.09381 0.51012 0.0938 0.5101 0.0938 0.5101 0.09368 0.5101 0.09356 0.51012 0.09357 0.51014 0.09357 0.51016 0.09369 0.51016 0.09381 0.51016 0.09357 0.50979 0.09368 0.50979 0.0938 0.50979 0.09356 0.51086 0.09251 0.51084 0.09251 0.51088 0.09251 0.51082 0.09251 0.51082 0.09234 0.51083 0.09267 0.51083 0.09284 0.51083 0.09301 0.51126 0.09471 0.51127 0.09471 0.51127 0.09485 0.51125 0.09485 0.51123 0.09484 0.51124 0.0947 0.51129 0.09472 0.51129 0.09486 0.5113 0.09458 0.5113 0.09444 0.51131 0.09429 0.51159 0.09217 0.5116 0.09217 0.51157 0.09218 0.51162 0.09217 0.51162 0.09234 0.51162 0.09201 0.51162 0.09184 0.51162 0.09168 0.51039 0.09423 0.5104 0.09424 0.5104 0.09438 0.51038 0.09437 0.51036 0.09437 0.51037 0.09423 0.51042 0.09424 0.51041 0.09438 0.51043 0.0941 0.51043 0.09396 0.51044 0.09381 0.5113 0.09153 0.51131 0.09152 0.51128 0.09153 0.51133 0.09152 0.51133 0.09168 0.51133 0.09137 0.51132 0.09121 0.51132 0.09106 0.51087 0.09121 0.51085 0.09121 0.51089 0.09122 0.51084 0.09121 0.51084 0.09106 0.51083 0.09136 0.51083 0.09152 0.51083 0.09168 0.51041 0.09044 0.51043 0.09044 0.51039 0.09045 0.51044 0.09044 0.51045 0.09058 0.51044 0.0903 0.51043 0.09016 0.51043 0.09002 0.51158 0.0935 0.5116 0.09351 0.51156 0.0935 0.51161 0.09351 0.51161 0.09367 0.51162 0.09334 0.51162 0.09318 0.51162 0.09301 0.5109 0.09443 0.51088 0.09443 0.51092 0.09442 0.51087 0.09444 0.51087 0.09458 0.51088 0.09472 0.51089 0.09486 0.5113 0.09284 0.51132 0.09284 0.51129 0.09284 0.51134 0.09284 0.51134 0.09267 0.51134 0.09251 0.51134 0.09234 0.51091 0.09014 0.5109 0.09014 0.5109 0.09002 0.51092 0.09003 0.51094 0.09003 0.51093 0.09015 0.51092 0.09027 0.51091 0.09026 0.51089 0.09026 0.51088 0.09013 0.51088 0.09002 0.51087 0.09025 0.51002 0.09368 0.51003 0.09368 0.51003 0.0938 0.51002 0.0938 0.51002 0.09356 0.51003 0.09356 0.51043 0.0917 0.51045 0.0917 0.51042 0.0917 0.51047 0.0917 0.51047 0.09153 0.51046 0.09136 0.51046 0.0912 0.51154 0.09471 0.51156 0.09471 0.51155 0.09485 0.51153 0.09485 0.51152 0.09484 0.51152 0.0947 0.51157 0.09472 0.51157 0.09486 0.51158 0.09458 0.51159 0.09444 0.51159 0.09429 0.51087 0.09317 0.51085 0.09318 0.51088 0.09317 0.51083 0.09318 0.51083 0.09334 0.51084 0.09351 0.51128 0.09413 0.5113 0.09414 0.51126 0.09413 0.51131 0.09414 0.51132 0.09398 0.51132 0.09383 0.51158 0.09153 0.5116 0.09152 0.51156 0.09153 0.51161 0.09152 0.51161 0.09137 0.51161 0.09121 0.51041 0.09366 0.51043 0.09366 0.51039 0.09365 0.51044 0.09366 0.51045 0.09351 0.51045 0.09335 0.51046 0.09319 0.51128 0.09092 0.5113 0.09092 0.51126 0.09092 0.51131 0.09091 0.51131 0.09077 0.5113 0.09063 0.5113 0.09049 0.51086 0.09184 0.51084 0.09184 0.51088 0.09185 0.51083 0.09184 0.51083 0.09201 0.51082 0.09217 0.51039 0.08991 0.5104 0.0899 0.51037 0.08991 0.51042 0.0899 0.51041 0.08978 0.51041 0.08966 0.5104 0.08954 0.51159 0.09284 0.5116 0.09284 0.51157 0.09284 0.51162 0.09284 0.51162 0.09267 0.51162 0.09251 0.51036 0.09473 0.51038 0.09473 0.51037 0.09485 0.51035 0.09485 0.51033 0.09484 0.51034 0.09472 0.51035 0.0946 0.51037 0.09461 0.51038 0.09461 0.51039 0.09474 0.51038 0.09486 0.5104 0.09462 0.51009 0.09368 0.5101 0.09368 0.5101 0.0938 0.51009 0.0938 0.51009 0.09356 0.5101 0.09356 0.5113 0.09217 0.51132 0.09217 0.51129 0.09218 0.51134 0.09217 0.51134 0.09201 0.51134 0.09184 0.51043 0.09303 0.51044 0.09303 0.51041 0.09303 0.51046 0.09303 0.51046 0.09287 0.51046 0.0927 0.51089 0.09064 0.51087 0.09064 0.51088 0.0905 0.51089 0.0905 0.51091 0.09051 0.51091 0.09064 0.51085 0.09063 0.51086 0.09049 0.51085 0.09077 0.51084 0.09091 0.51044 0.09105 0.51041 0.09105 0.51046 0.09104 0.51046 0.09089 0.51045 0.09073 0.51156 0.09413 0.51158 0.09414 0.51155 0.09413 0.5116 0.09414 0.5116 0.09398 0.51161 0.09383 0.51346 0.09334 0.51348 0.09334 0.51343 0.09334 0.51341 0.09334 0.51341 0.09319 0.51343 0.09319 0.51343 0.09349 0.51341 0.09349 0.51343 0.09364 0.51342 0.09364 0.51343 0.09379 0.51342 0.09379 0.94681 0.47652 0.93799 0.47696 0.96785 0.47546 0.98006 0.47485 0.98136 0.49843 0.96911 0.49844 0.97762 0.45128 0.97517 0.4277 0.95959 0.40677 0.97159 0.40436 0.72888 0.11425 0.73961 0.09606 0.72438 0.12189 0.74584 0.08549 0.76603 0.09761 0.75928 0.10787 0.72501 0.07434 0.69902 0.07432 0.70419 0.06319 0.67831 0.0645 0.68293 0.05311 0.3095 0.09376 0.31332 0.1018 0.30037 0.07459 0.29508 0.06347 0.31622 0.05336 0.32097 0.06474 0.28021 0.08549 0.27439 0.07465 0.26005 0.09639 0.2537 0.08583 0.24052 0.10822 0.23365 0.09798 0.05765 0.521 0.06648 0.52056 0.03662 0.52205 0.0244 0.52266 0.02311 0.49909 0.03535 0.49908 0.039 0.54502 0.02685 0.54624 0.04139 0.56799 0.0293 0.56981 0.04487 0.59075 0.03288 0.59316 0.27558 0.88326 0.28008 0.87563 0.26486 0.90146 0.25863 0.91202 0.23844 0.8999 0.24518 0.88965 0.27946 0.92317 0.30028 0.93433 0.32616 0.93302 0.32154 0.94441 0.69497 0.90376 0.69114 0.89572 0.70409 0.92292 0.70939 0.93405 0.68825 0.94416 0.68349 0.93277 0.72425 0.91203 0.73008 0.92287 0.74442 0.90113 0.75077 0.91168 0.94304 0.56426 0.9639 0.56736 0.93429 0.56296 0.97601 0.56916 0.97271 0.59251 0.96069 0.59012 0.96601 0.54439 0.97818 0.54558 0.96813 0.52141 0.98035 0.52201 0.7993 0.16654 0.7934 0.17314 0.81335 0.15082 0.82152 0.1417 0.83899 0.15753 0.83038 0.16626 0.79554 0.13619 0.80323 0.12668 0.77772 0.12156 0.78495 0.11166 0.3915 0.06412 0.3937 0.07275 0.38626 0.04355 0.38322 0.03161 0.40594 0.02585 0.4084 0.03794 0.36435 0.05026 0.36074 0.0385 0.34245 0.05698 0.33825 0.04539 0.08213 0.34802 0.09047 0.35102 0.06225 0.34089 0.05071 0.33675 0.05848 0.31452 0.06982 0.31923 0.04401 0.35943 0.0492 0.38508 0.03732 0.3821 0.04378 0.4074 0.03175 0.405 0.06142 0.43325 0.04056 0.43015 0.07017 0.43455 0.02845 0.42835 0.03845 0.45313 0.02629 0.45193 0.03634 0.4761 0.02412 0.47551 0.20517 0.83097 0.21107 0.82438 0.19111 0.84669 0.18295 0.85582 0.16548 0.83998 0.17408 0.83126 0.20124 0.87083 0.22675 0.87596 0.21952 0.88585 0.61296 0.9334 0.61076 0.92477 0.6182 0.95397 0.62125 0.96591 0.59853 0.97166 0.59607 0.95957 0.64011 0.94725 0.64373 0.95901 0.66202 0.94053 0.66621 0.95212 0.92233 0.64949 0.91399 0.6465 0.94221 0.65662 0.95375 0.66076 0.94599 0.683 0.93465 0.67829 0.94874 0.63453 0.96045 0.63809 0.95527 0.61243 0.96715 0.61541 0.85829 0.2316 0.85122 0.23691 0.87514 0.21896 0.88492 0.21162 0.89901 0.23057 0.88887 0.23742 0.86049 0.20112 0.86988 0.19332 0.84583 0.18329 0.85484 0.17502 0.47777 0.05118 0.47825 0.06006 0.47661 0.03 0.47594 0.0177 0.49935 0.01652 0.49943 0.02885 0.4538 0.03227 0.45253 0.02004 0.43098 0.03455 0.42911 0.02238 0.11899 0.26859 0.10085 0.2577 0.12659 0.27316 0.09032 0.25137 0.10226 0.23112 0.11248 0.23796 0.07935 0.27227 0.07947 0.29843 0.06838 0.29317 0.14617 0.76591 0.15324 0.76061 0.12932 0.77855 0.11954 0.78589 0.10545 0.76695 0.1156 0.76009 0.13458 0.8042 0.15864 0.81422 0.14962 0.8225 0.5267 0.94634 0.52621 0.93745 0.52786 0.96752 0.52853 0.97981 0.50511 0.98099 0.50504 0.96867 0.55067 0.96524 0.55194 0.97748 0.57348 0.96296 0.57535 0.97514 0.88548 0.72893 0.87787 0.72436 0.90362 0.73982 0.91414 0.74614 0.90221 0.7664 0.89199 0.75956 0.92512 0.72524 0.93609 0.70434 0.90361 0.30693 0.89564 0.31074 0.9226 0.29785 0.93363 0.29258 0.94378 0.31391 0.9325 0.31864 0.92241 0.27169 0.90073 0.25715 0.91119 0.25081 0.56497 0.05544 0.56372 0.06424 0.56794 0.03446 0.56966 0.02228 0.59288 0.02573 0.59056 0.03782 0.5451 0.03221 0.54622 0.01997 0.52226 0.02997 0.52278 0.01767 0.17057 0.198 0.17715 0.20397 0.15487 0.18376 0.14576 0.1755 0.1614 0.158 0.17012 0.16671 0.14043 0.20162 0.13094 0.19383 0.12598 0.21947 0.11611 0.21215 0.10086 0.69059 0.10883 0.68678 0.08186 0.69966 0.07084 0.70493 0.06068 0.6836 0.07197 0.67888 0.0928 0.72002 0.08206 0.72582 0.10373 0.74037 0.09328 0.74671 0.4395 0.94208 0.44074 0.93327 0.43653 0.96306 0.4348 0.97523 0.41158 0.97179 0.4139 0.9597 0.45937 0.9653 0.45824 0.97754 0.48221 0.96755 0.48168 0.97985 0.8339 0.79952 0.82731 0.79355 0.84959 0.81375 0.85871 0.82201 0.87353 0.80369 0.87848 0.77804 0.88835 0.78537 0.92493 0.39179 0.9539 0.38446 0.96575 0.38146 0.94711 0.36237 0.95878 0.3588 0.94032 0.34029 0.95182 0.33613 0.64976 0.07674 0.64683 0.08511 0.65674 0.05676 0.6608 0.04517 0.63475 0.05008 0.63823 0.03831 0.61277 0.04339 0.61566 0.03145 0.23489 0.13897 0.2402 0.14611 0.22224 0.12194 0.2149 0.11205 0.2046 0.1366 0.19679 0.1271 0.18696 0.15125 0.17869 0.14214 0.07953 0.60572 0.05056 0.61305 0.03871 0.61605 0.05735 0.63514 0.04568 0.63872 0.06414 0.65723 0.05265 0.66138 0.3547 0.92078 0.35763 0.9124 0.34772 0.94075 0.34367 0.95234 0.36971 0.94744 0.36624 0.9592 0.3917 0.95412 0.3888 0.96607 0.55792 0.8952 0.5562 0.88364 0.56125 0.91767 0.56286 0.92858 0.54191 0.93169 0.58371 0.92443 0.60456 0.92028 0.6219 0.90458 0.62511 0.91514 0.51359 0.09155 0.51361 0.09155 0.51356 0.09155 0.51355 0.09155 0.51355 0.09142 0.51357 0.09142 0.51354 0.0917 0.51355 0.09184 0.51354 0.09184 0.51355 0.09198 0.51353 0.09198 0.51359 0.09448 0.51361 0.09448 0.51356 0.09448 0.51355 0.09448 0.51354 0.09435 0.51356 0.09435 0.51357 0.09461 0.51355 0.09461 0.51357 0.09473 0.51356 0.09473 0.51358 0.09486 0.51356 0.09486 0.51336 0.09273 0.51332 0.09273 0.5133 0.09273 0.5133 0.09258 0.51332 0.09258 0.5133 0.09288 0.51332 0.09304 0.5133 0.09304 0.51332 0.09319 0.5133 0.09319 0.51272 0.0906 0.51274 0.0906 0.51269 0.0906 0.51268 0.0906 0.51268 0.09048 0.5127 0.09048 0.51269 0.09073 0.51267 0.09073 0.51268 0.09085 0.51267 0.09085 0.51268 0.09098 0.51266 0.09098 0.5127 0.09405 0.51267 0.09405 0.51272 0.09405 0.51266 0.09405 0.51265 0.09392 0.51267 0.09392 0.51268 0.09417 0.51266 0.09417 0.51268 0.0943 0.51266 0.0943 0.51269 0.09442 0.51267 0.09442 0.51346 0.09273 0.51348 0.09273 0.51343 0.09273 0.51341 0.09273 0.51341 0.09258 0.51343 0.09258 0.51343 0.09288 0.51341 0.09288 0.51343 0.09304 0.51341 0.09304 0.51361 0.09103 0.51362 0.09091 0.51364 0.09091 0.51363 0.09103 0.51358 0.09103 0.51357 0.09103 0.51357 0.09091 0.51359 0.09091 0.51358 0.09116 0.51356 0.09116 0.51357 0.09129 0.51356 0.09129 0.51358 0.09393 0.51355 0.09393 0.51359 0.09393 0.51353 0.09393 0.51353 0.09379 0.51354 0.09379 0.51355 0.09407 0.51354 0.09407 0.51355 0.09421 0.51354 0.09421 0.51336 0.09213 0.51332 0.09213 0.51337 0.09213 0.51331 0.09213 0.51331 0.09198 0.51332 0.09228 0.51331 0.09228 0.51332 0.09243 0.5133 0.09243 0.51275 0.09015 0.51276 0.09004 0.51277 0.09004 0.51277 0.09015 0.51272 0.09015 0.5127 0.09015 0.51271 0.09004 0.51272 0.09004 0.51271 0.09026 0.5127 0.09026 0.5127 0.09037 0.51269 0.09037 0.51269 0.0935 0.51266 0.0935 0.5127 0.0935 0.51264 0.0935 0.51264 0.09335 0.51265 0.09335 0.51266 0.09364 0.51264 0.09364 0.51266 0.09378 0.51265 0.09378 0.51347 0.09213 0.51348 0.09213 0.51344 0.09213 0.51342 0.09213 0.51342 0.09198 0.51344 0.09198 0.51342 0.09228 0.51343 0.09243 0.51342 0.09243 0.50995 0.09345 0.50992 0.09345 0.50995 0.09334 0.50996 0.09334 0.50996 0.09345 0.50996 0.09356 0.50995 0.09356 0.5099 0.09345 0.5099 0.09335 0.50992 0.09334 0.50992 0.09356 0.5099 0.09356 0.50998 0.09345 0.50996 0.09345 0.50996 0.09334 0.50998 0.09334 0.50998 0.09356 0.50996 0.09356 0.51357 0.09334 0.51359 0.09334 0.51354 0.09334 0.51352 0.09334 0.51352 0.09319 0.51354 0.09319 0.51354 0.09349 0.51353 0.09349 0.51354 0.09364 0.51353 0.09364 0.51337 0.09155 0.51339 0.09155 0.51334 0.09155 0.51332 0.09155 0.51333 0.09142 0.51334 0.09142 0.51332 0.0917 0.51333 0.09184 0.51331 0.09184 0.51337 0.09448 0.51339 0.09448 0.51334 0.09448 0.51332 0.09448 0.51332 0.09435 0.51333 0.09435 0.51334 0.09461 0.51333 0.09461 0.51335 0.09473 0.51333 0.09473 0.51335 0.09486 0.51334 0.09486 0.51268 0.09291 0.5127 0.09291 0.51265 0.09291 0.51263 0.09291 0.51263 0.09276 0.51265 0.09276 0.51265 0.09306 0.51264 0.09306 0.51265 0.09321 0.51264 0.09321 0.51348 0.09155 0.5135 0.09155 0.51345 0.09155 0.51343 0.09155 0.51344 0.09142 0.51345 0.09142 0.51343 0.0917 0.51344 0.09184 0.51343 0.09184 0.51348 0.09448 0.5135 0.09448 0.51345 0.09448 0.51343 0.09448 0.51343 0.09435 0.51345 0.09435 0.51345 0.09461 0.51344 0.09461 0.51346 0.09473 0.51344 0.09473 0.51346 0.09486 0.51345 0.09486 0.51357 0.09273 0.51359 0.09273 0.51354 0.09273 0.51352 0.09273 0.51353 0.09258 0.51354 0.09258 0.51354 0.09288 0.51352 0.09288 0.51354 0.09304 0.51352 0.09304 0.51339 0.09103 0.5134 0.09091 0.51341 0.09091 0.51341 0.09103 0.51336 0.09103 0.51334 0.09103 0.51335 0.09091 0.51336 0.09091 0.51335 0.09116 0.51334 0.09116 0.51335 0.09129 0.51333 0.09129 0.51336 0.09393 0.51332 0.09393 0.51337 0.09393 0.51331 0.09393 0.51331 0.09379 0.51332 0.09379 0.51333 0.09407 0.51331 0.09407 0.51333 0.09421 0.51331 0.09421 0.51269 0.0917 0.5127 0.0917 0.51266 0.0917 0.51264 0.0917 0.51264 0.09155 0.51264 0.09185 0.51264 0.092 0.51265 0.09215 0.51264 0.09215 0.51268 0.0923 0.5127 0.0923 0.51265 0.0923 0.51263 0.0923 0.51265 0.09245 0.51263 0.09245 0.51265 0.0926 0.51263 0.0926 0.5135 0.09103 0.51351 0.09091 0.51352 0.09091 0.51352 0.09103 0.51347 0.09103 0.51345 0.09103 0.51346 0.09091 0.51348 0.09091 0.51347 0.09116 0.51345 0.09116 0.51346 0.09129 0.51344 0.09129 0.51347 0.09393 0.51344 0.09393 0.51348 0.09393 0.51342 0.09393 0.51344 0.09407 0.51342 0.09407 0.51344 0.09421 0.51343 0.09421 0.51358 0.09213 0.51359 0.09213 0.51355 0.09213 0.51353 0.09213 0.51353 0.09228 0.51353 0.09243 0.5101 0.09345 0.51014 0.09345 0.51014 0.09356 0.51012 0.09356 0.5101 0.09356 0.5101 0.09345 0.51017 0.09345 0.51017 0.09356 0.51015 0.09356 0.51012 0.09334 0.51017 0.09334 0.51006 0.09345 0.51004 0.09345 0.51004 0.09334 0.51006 0.09334 0.51006 0.09356 0.51004 0.09356 0.51335 0.09334 0.51336 0.09334 0.51332 0.09334 0.5133 0.09334 0.51332 0.09349 0.5133 0.09349 0.51332 0.09364 0.5133 0.09364 0.5127 0.09112 0.51272 0.09112 0.51267 0.09112 0.51266 0.09112 0.51265 0.09126 0.51266 0.0914 0.51265 0.0914 0.51272 0.09454 0.51269 0.09454 0.51274 0.09454 0.51268 0.09454 0.5127 0.09464 0.51268 0.09464 0.5127 0.09475 0.51269 0.09475 0.51271 0.09486 0.51269 0.09486 0.51284 0.09114 0.51282 0.09114 0.51288 0.09114 0.5129 0.09114 0.5129 0.09126 0.51288 0.09126 0.51288 0.09102 0.51289 0.09102 0.51287 0.09091 0.51289 0.09091 0.51287 0.09079 0.51289 0.09079 0.85966 0.67147 0.84909 0.66647 0.88019 0.68119 0.89016 0.6859 0.8811 0.70505 0.87137 0.69985 0.89829 0.66626 0.89604 0.64291 0.90643 0.64662 0.903 0.62348 0.91356 0.62668 0.84127 0.29629 0.83124 0.3023 0.86076 0.28461 0.87021 0.27894 0.8811 0.29711 0.87137 0.30231 0.84925 0.26739 0.8584 0.26127 0.83774 0.25016 0.84659 0.2436 0.83398 0.22658 0.5191 0.10313 0.51852 0.11481 0.52022 0.08045 0.52076 0.06943 0.54191 0.07047 0.54083 0.08146 0.4995 0.06943 0.47879 0.08045 0.47825 0.06943 0.45709 0.07047 0.17951 0.2637 0.1889 0.27066 0.16127 0.25016 0.15241 0.2436 0.16503 0.22658 0.13825 0.28461 0.1406 0.26127 0.12879 0.27894 0.12764 0.30231 0.1179 0.29711 0.12435 0.63526 0.13536 0.63132 0.10296 0.64291 0.09258 0.64662 0.08544 0.62668 0.096 0.62348 0.11089 0.66205 0.10071 0.66626 0.11881 0.68119 0.10885 0.6859 0.1179 0.70505 0.15773 0.70587 0.16776 0.69986 0.13825 0.71755 0.12879 0.72321 0.14976 0.73477 0.1406 0.74089 0.16127 0.75199 0.15241 0.75856 0.17356 0.76857 0.16503 0.77558 0.4799 0.89903 0.48048 0.88735 0.47879 0.92171 0.47825 0.93273 0.45709 0.93169 0.45817 0.9207 0.52022 0.92171 0.4995 0.93273 0.52076 0.93273 0.81949 0.73846 0.81011 0.7315 0.83774 0.752 0.84659 0.75856 0.83398 0.77558 0.82545 0.76857 0.8584 0.74089 0.87021 0.72322 0.87466 0.3669 0.86365 0.37083 0.89604 0.35925 0.90643 0.35553 0.91356 0.37548 0.89829 0.3359 0.89016 0.31626 0.59636 0.1146 0.60188 0.09257 0.59352 0.12594 0.60456 0.08187 0.62511 0.08702 0.6219 0.09758 0.58371 0.07773 0.56125 0.08449 0.56286 0.07358 0.23197 0.20583 0.23982 0.21449 0.21672 0.189 0.20931 0.18083 0.22501 0.1666 0.23201 0.17514 0.19428 0.19586 0.18742 0.21829 0.17925 0.21089 0.10538 0.55949 0.11694 0.55778 0.08291 0.56282 0.072 0.56444 0.06889 0.54349 0.07988 0.54241 0.07615 0.58529 0.09099 0.60346 0.0803 0.60614 0.40265 0.88756 0.39712 0.90959 0.40549 0.87622 0.39444 0.92028 0.3739 0.91514 0.3771 0.90458 0.41744 0.91363 0.41529 0.92443 0.43776 0.91767 0.43614 0.92858 0.76704 0.79633 0.75919 0.78766 0.78229 0.81316 0.78969 0.82133 0.774 0.83556 0.767 0.82702 0.80472 0.8063 0.81158 0.78387 0.81975 0.79127 0.89363 0.44267 0.88206 0.44438 0.9161 0.43933 0.927 0.43772 0.93011 0.45867 0.91913 0.45975 0.92285 0.41687 0.90801 0.3987 0.91871 0.39602 0.6699 0.14092 0.6649 0.15149 0.67961 0.12039 0.68432 0.11043 0.70347 0.11948 0.69827 0.12921 0.66469 0.10229 0.64133 0.10454 0.64505 0.09416 0.29471 0.15931 0.30072 0.16934 0.28303 0.13983 0.27737 0.13037 0.29553 0.11948 0.26581 0.15134 0.25969 0.14218 0.24859 0.16284 0.24202 0.15399 0.10156 0.48148 0.11323 0.48206 0.06786 0.47982 0.06889 0.45867 0.07988 0.45975 0.06786 0.50108 0.07887 0.52179 0.06786 0.52234 0.32911 0.86123 0.33411 0.85067 0.31939 0.88177 0.31468 0.89173 0.29553 0.88268 0.35767 0.89762 0.33432 0.89987 0.35396 0.908 0.70429 0.84285 0.69829 0.83282 0.71597 0.86233 0.72164 0.87179 0.70347 0.88268 0.69827 0.87295 0.73319 0.85082 0.73931 0.85998 0.75042 0.83932 0.75699 0.84817 0.89745 0.52068 0.88577 0.5201 0.93115 0.52234 0.93011 0.54349 0.93115 0.50108 0.92014 0.48037 0.93115 0.47982 0.73688 0.18109 0.72992 0.19048 0.75042 0.16284 0.75699 0.15399 0.774 0.1666 0.767 0.17514 0.73931 0.14218 0.72164 0.13037 0.36532 0.12593 0.35767 0.10454 0.36926 0.13693 0.35396 0.09416 0.3739 0.08702 0.3771 0.09758 0.33853 0.11246 0.33432 0.10229 0.3194 0.12039 0.31468 0.11043 0.11303 0.40422 0.12437 0.40707 0.09099 0.3987 0.0803 0.39602 0.08544 0.37548 0.096 0.37868 0.08291 0.43933 0.07615 0.41687 0.072 0.43772 0.26212 0.82107 0.26909 0.81168 0.24859 0.83932 0.24202 0.84817 0.225 0.83556 0.23201 0.82702 0.25969 0.85998 0.27737 0.87179 0.63368 0.87623 0.62975 0.86523 0.64133 0.89762 0.64505 0.908 0.66047 0.88969 0.66469 0.89987 0.67961 0.88177 0.68432 0.89173 0.88598 0.59794 0.90801 0.60346 0.87464 0.59509 0.91871 0.60614 0.91205 0.58314 0.92285 0.58529 0.9161 0.56283 0.927 0.56444 0.79475 0.23355 0.78609 0.2414 0.81158 0.21829 0.81975 0.21089 0.80472 0.19586 0.78229 0.189 0.78969 0.18083 0.44109 0.10696 0.4428 0.11852 0.43776 0.08449 0.43614 0.07358 0.41529 0.07773 0.39712 0.09257 0.39444 0.08187 0.13935 0.33069 0.14991 0.33569 0.11881 0.32097 0.10885 0.31626 0.10071 0.3359 0.10296 0.35925 0.09258 0.35553 0.20425 0.76861 0.21292 0.76076 0.18742 0.78387 0.17925 0.79127 0.19428 0.8063 0.21672 0.81316 0.20931 0.82133 0.37342 0.14869 0.37367 0.1494 0.37168 0.14383 0.37019 0.13968 0.38785 0.13336 0.38913 0.13759 0.35449 0.15095 0.35281 0.14688 0.3373 0.15807 0.33542 0.15409 0.31847 0.1621 0.51324 0.09288 0.51325 0.09288 0.5132 0.09288 0.51318 0.09288 0.51318 0.09274 0.5132 0.09274 0.51318 0.09303 0.5132 0.09317 0.51318 0.09317 0.5132 0.09331 0.51318 0.09331 0.51295 0.09434 0.513 0.09434 0.51302 0.09434 0.51302 0.09445 0.513 0.09445 0.51303 0.09422 0.51301 0.09411 0.51303 0.09411 0.51302 0.09398 0.51304 0.09398 0.51297 0.09165 0.51301 0.09165 0.51295 0.09165 0.51303 0.09165 0.51303 0.09179 0.513 0.09139 0.51303 0.09152 0.51302 0.09139 0.513 0.09126 0.51302 0.09126 0.51311 0.09232 0.51313 0.09232 0.51307 0.09232 0.51305 0.09232 0.51305 0.09219 0.51307 0.09219 0.51305 0.09246 0.51307 0.0926 0.51305 0.0926 0.51305 0.09274 0.5128 0.09476 0.51284 0.09476 0.51279 0.09486 0.51277 0.09486 0.51278 0.09476 0.51286 0.09476 0.51285 0.09486 0.51283 0.09486 0.51284 0.09466 0.51286 0.09466 0.51285 0.09456 0.51287 0.09456 0.51285 0.09445 0.51287 0.09446 0.51285 0.09165 0.51289 0.09165 0.51284 0.09165 0.51291 0.09165 0.51291 0.09179 0.51291 0.09152 0.51291 0.09139 0.51324 0.09232 0.51326 0.09232 0.5132 0.09232 0.51318 0.09232 0.51318 0.09219 0.5132 0.09219 0.5132 0.09246 0.51318 0.09246 0.5132 0.0926 0.51318 0.0926 0.51295 0.09476 0.51294 0.09486 0.51292 0.09486 0.51293 0.09476 0.51298 0.09476 0.513 0.09476 0.513 0.09486 0.51298 0.09486 0.51299 0.09466 0.51301 0.09466 0.51301 0.09456 0.51299 0.0922 0.51297 0.0922 0.51302 0.0922 0.51304 0.0922 0.51304 0.09234 0.51303 0.09234 0.51302 0.09206 0.51304 0.09206 0.51302 0.09192 0.51304 0.09192 0.51312 0.09179 0.51314 0.09179 0.51308 0.09179 0.51306 0.09179 0.51306 0.09166 0.51308 0.09166 0.51308 0.09192 0.51306 0.09192 0.51307 0.09205 0.51305 0.09205 0.51314 0.09451 0.51316 0.09451 0.5131 0.09451 0.51308 0.09451 0.51308 0.09439 0.5131 0.09439 0.51311 0.09462 0.51309 0.09462 0.5131 0.09474 0.51312 0.09486 0.5131 0.09486 0.51286 0.0922 0.51284 0.0922 0.5129 0.0922 0.51292 0.0922 0.51292 0.09234 0.5129 0.09234 0.5129 0.09206 0.51292 0.09206 0.5129 0.09192 0.51292 0.09192 0.51325 0.09179 0.51327 0.09179 0.51321 0.09179 0.51319 0.09179 0.51319 0.09166 0.51321 0.09192 0.51319 0.09192 0.5132 0.09205 0.51319 0.09205 0.51327 0.09451 0.51328 0.09451 0.51323 0.09451 0.51321 0.09451 0.5132 0.09439 0.51322 0.09439 0.51323 0.09462 0.51321 0.09462 0.51322 0.09474 0.51324 0.09486 0.51322 0.09486 0.51299 0.09277 0.51297 0.09277 0.51303 0.09277 0.51305 0.09277 0.51305 0.09291 0.51305 0.09262 0.51303 0.09248 0.51305 0.09248 0.51313 0.09131 0.51315 0.09131 0.51309 0.09131 0.51307 0.09131 0.51308 0.09119 0.5131 0.09119 0.51307 0.09143 0.51309 0.09154 0.51307 0.09154 0.51312 0.094 0.51309 0.094 0.51314 0.094 0.51307 0.094 0.51306 0.09386 0.51309 0.09426 0.51307 0.09413 0.51307 0.09426 0.51285 0.09332 0.51284 0.09332 0.51289 0.09332 0.51291 0.09333 0.51291 0.09346 0.51289 0.09346 0.51289 0.09319 0.51291 0.09319 0.5129 0.09305 0.51292 0.09305 0.51292 0.09291 0.51286 0.09277 0.51284 0.09277 0.5129 0.09277 0.51292 0.09277 0.51292 0.09262 0.5129 0.09248 0.51292 0.09248 0.51323 0.09119 0.51327 0.09119 0.51329 0.09119 0.51328 0.09131 0.51323 0.09131 0.51321 0.09131 0.51321 0.09119 0.5132 0.09143 0.51322 0.09154 0.5132 0.09154 0.51325 0.094 0.51321 0.094 0.51327 0.094 0.51319 0.094 0.51319 0.09386 0.51322 0.09426 0.51319 0.09413 0.5132 0.09426 0.51299 0.09332 0.51297 0.09332 0.51303 0.09332 0.51305 0.09332 0.51304 0.09346 0.51303 0.09346 0.51303 0.09319 0.51305 0.09318 0.51303 0.09305 0.51305 0.09305 0.51315 0.09089 0.51316 0.09079 0.51318 0.09079 0.51317 0.09089 0.51311 0.09089 0.51309 0.09089 0.5131 0.09079 0.51312 0.09079 0.51311 0.09099 0.51309 0.09099 0.5131 0.09109 0.51308 0.09109 0.51311 0.09345 0.51313 0.09345 0.51307 0.09345 0.51305 0.09345 0.51305 0.09331 0.51307 0.09331 0.51308 0.09359 0.51306 0.09359 0.51308 0.09373 0.51306 0.09373 0.51284 0.09386 0.51282 0.09386 0.51288 0.09386 0.5129 0.09386 0.51289 0.09398 0.51288 0.09398 0.51288 0.09373 0.5129 0.09373 0.51289 0.09359 0.51291 0.0936 0.51282 0.09069 0.5128 0.09069 0.51286 0.09069 0.51288 0.09069 0.51287 0.09059 0.51287 0.09049 0.51286 0.09039 0.51324 0.09345 0.51326 0.09345 0.5132 0.09345 0.51318 0.09345 0.5132 0.09359 0.51318 0.09359 0.5132 0.09373 0.51319 0.09373 0.51298 0.09386 0.51296 0.09386 0.51302 0.09386 0.51304 0.09386 0.51302 0.09373 0.51304 0.09373 0.51302 0.09359 0.51304 0.09359 0.51296 0.09114 0.51294 0.09114 0.51299 0.09114 0.51301 0.09114 0.51299 0.09102 0.51301 0.09102 0.513 0.09091 0.51298 0.09079 0.513 0.09079 0.51311 0.09288 0.51313 0.09288 0.51307 0.09288 0.51305 0.09288 0.51307 0.09303 0.51305 0.09303 0.51307 0.09317 0.51305 0.09317 0.5128 0.09434 0.51286 0.09434 0.51288 0.09434 0.51288 0.09422 0.51287 0.09411 0.51289 0.09411 0.51106 0.09061 0.511 0.09061 0.51101 0.09051 0.51106 0.09051 0.51105 0.0907 0.51099 0.0907 0.51104 0.0908 0.51099 0.0908 0.51104 0.0909 0.51098 0.0909 0.3073 0.17995 0.30769 0.1806 0.30465 0.17553 0.30238 0.17174 0.28918 0.18586 0.28673 0.1822 0.27371 0.1962 0.27109 0.19266 0.25882 0.20724 0.25602 0.20382 0.12645 0.48161 0.1272 0.48165 0.12129 0.48136 0.11689 0.48114 0.1178 0.46241 0.1222 0.46284 0.12129 0.49996 0.11689 0.49996 0.12129 0.51856 0.11689 0.51878 0.1178 0.53751 0.27679 0.79958 0.27724 0.79897 0.27371 0.80372 0.27109 0.80727 0.25602 0.7961 0.25882 0.79268 0.28673 0.81772 0.30465 0.8244 0.30238 0.82818 0.32055 0.83393 0.31847 0.83782 0.62469 0.85123 0.62444 0.85052 0.62643 0.85609 0.62792 0.86024 0.61026 0.86656 0.60898 0.86234 0.64362 0.84897 0.6453 0.85304 0.66081 0.84185 0.66269 0.84584 0.67964 0.83782 0.86092 0.59065 0.86019 0.59047 0.86593 0.5919 0.87021 0.59298 0.86565 0.61117 0.86143 0.60989 0.87388 0.57452 0.87755 0.55606 0.87591 0.53708 0.8803 0.53751 0.7755 0.24946 0.77495 0.24997 0.77933 0.246 0.7826 0.24304 0.79519 0.25693 0.79178 0.25973 0.76929 0.22973 0.75598 0.21642 0.73929 0.20724 0.74209 0.20382 0.44436 0.13093 0.4436 0.12583 0.44447 0.13168 0.44296 0.12146 0.46151 0.11871 0.46194 0.1231 0.4245 0.12514 0.40711 0.13308 0.40604 0.12881 0.13719 0.40927 0.13218 0.40802 0.13792 0.40945 0.1279 0.40694 0.13246 0.38875 0.13668 0.39004 0.12492 0.44451 0.12423 0.4254 0.12056 0.44386 0.22261 0.75046 0.22316 0.74995 0.21878 0.75393 0.21551 0.75689 0.20292 0.74299 0.20633 0.74019 0.22882 0.77019 0.24213 0.7835 0.55375 0.86899 0.55451 0.8741 0.55364 0.86825 0.55515 0.87846 0.5366 0.88121 0.53617 0.87682 0.57361 0.87479 0.591 0.86684 0.59207 0.87111 0.83628 0.6595 0.8356 0.65918 0.84094 0.66171 0.84493 0.6636 0.83691 0.68055 0.83302 0.67847 0.85213 0.64621 0.85518 0.62734 0.85933 0.62882 0.81906 0.30821 0.81842 0.30859 0.82349 0.30555 0.82727 0.30329 0.83691 0.31937 0.81315 0.29009 0.81682 0.28764 0.80282 0.27462 0.80636 0.27199 0.5174 0.12735 0.51737 0.1281 0.51766 0.1222 0.51787 0.11779 0.5366 0.11871 0.53617 0.1231 0.49905 0.11779 0.48045 0.1222 0.48023 0.11779 0.16183 0.34042 0.16251 0.34074 0.15717 0.33821 0.15318 0.33632 0.1612 0.31937 0.16509 0.32145 0.14293 0.37258 0.14598 0.35371 0.13878 0.3711 0.17905 0.69171 0.17969 0.69133 0.17462 0.69437 0.17084 0.69663 0.1612 0.68055 0.18496 0.70984 0.18129 0.71228 0.19529 0.7253 0.19175 0.72793 0.48071 0.87257 0.48074 0.87182 0.48045 0.87773 0.48023 0.88213 0.4615 0.88121 0.46194 0.87682 0.49905 0.87773 0.49905 0.88213 0.51766 0.87773 0.51787 0.88213 0.79867 0.72223 0.79807 0.72178 0.80282 0.7253 0.80636 0.72793 0.79519 0.74299 0.79178 0.74019 0.81682 0.71228 0.82349 0.69437 0.82727 0.69663 0.85032 0.37432 0.84961 0.37458 0.85518 0.37258 0.85933 0.3711 0.86565 0.38875 0.86143 0.39004 0.84806 0.3554 0.85213 0.35371 0.84094 0.33821 0.84493 0.33632 0.58974 0.13809 0.591 0.13308 0.58956 0.13882 0.59207 0.12881 0.61026 0.13336 0.60898 0.13759 0.55451 0.12583 0.57361 0.12514 0.55515 0.12146 0.19944 0.27769 0.20004 0.27814 0.19529 0.27462 0.19175 0.27199 0.20292 0.25693 0.20633 0.25973 0.18496 0.29009 0.18129 0.28764 0.17462 0.30555 0.17084 0.30329 0.14779 0.6256 0.1485 0.62535 0.14293 0.62734 0.13878 0.62882 0.13246 0.61117 0.13668 0.60989 0.15005 0.64452 0.14598 0.64621 0.15717 0.66171 0.15318 0.6636 0.40837 0.86183 0.40711 0.86684 0.40855 0.8611 0.40604 0.87111 0.38785 0.86656 0.38913 0.86234 0.4436 0.8741 0.4245 0.87479 0.44296 0.87846 0.74955 0.77641 0.74905 0.77585 0.75302 0.78023 0.75598 0.7835 0.74209 0.7961 0.73929 0.79268 0.76929 0.77019 0.7826 0.75689 0.86808 0.44527 0.87319 0.44451 0.86734 0.44538 0.87755 0.44386 0.8803 0.46241 0.87388 0.4254 0.86593 0.40802 0.87021 0.40694 0.65828 0.16342 0.66081 0.15807 0.66269 0.15409 0.67964 0.1621 0.67756 0.16599 0.6453 0.14688 0.62792 0.13968 0.24856 0.22351 0.24906 0.22407 0.24509 0.21969 0.24213 0.21642 0.21878 0.246 0.22882 0.22973 0.21551 0.24303 0.13003 0.55466 0.12492 0.55541 0.13077 0.55455 0.12056 0.55606 0.12855 0.57366 0.12423 0.57452 0.13218 0.5919 0.1279 0.59298 0.33951 0.83718 0.33983 0.8365 0.3373 0.84185 0.33542 0.84584 0.37168 0.85609 0.35281 0.85304 0.37019 0.86024 0.69081 0.81997 0.69042 0.81932 0.69346 0.8244 0.69573 0.82818 0.70893 0.81406 0.71138 0.81772 0.7244 0.80372 0.72702 0.80727 0.87166 0.51831 0.87091 0.51827 0.87682 0.51856 0.88122 0.51878 0.88122 0.49996 0.87682 0.48136 0.88122 0.48114 0.72132 0.20034 0.72087 0.20095 0.7244 0.1962 0.72702 0.19266 0.69346 0.17553 0.71138 0.1822 0.69573 0.17174 0.51094 0.09363 0.51094 0.0935 0.511 0.0935 0.51095 0.09376 0.51101 0.09388 0.51095 0.09388 0.51101 0.09401 0.51095 0.09401 0.51242 0.09239 0.51237 0.09239 0.51237 0.09226 0.51243 0.09226 0.51242 0.09253 0.51237 0.09253 0.51242 0.09266 0.51236 0.09266 0.51242 0.0928 0.51236 0.0928 0.51218 0.091 0.51212 0.091 0.51213 0.0909 0.51219 0.0909 0.51217 0.09119 0.51212 0.09109 0.51211 0.09119 0.51217 0.09129 0.51211 0.09129 0.51214 0.09349 0.51209 0.09349 0.51208 0.09335 0.51214 0.09335 0.51215 0.09362 0.51209 0.09362 0.51215 0.09376 0.51209 0.09376 0.51215 0.09389 0.51209 0.09389 0.51201 0.09388 0.51207 0.09388 0.51207 0.09401 0.51201 0.09401 0.51207 0.09375 0.51202 0.09363 0.51207 0.09363 0.51202 0.0935 0.51208 0.0935 0.51199 0.09124 0.51204 0.09124 0.51205 0.09136 0.51199 0.09136 0.51198 0.09113 0.51204 0.09113 0.51203 0.09101 0.51197 0.0909 0.51203 0.0909 0.511 0.09309 0.51094 0.09309 0.51094 0.09296 0.51099 0.09296 0.511 0.09323 0.51094 0.09323 0.511 0.09337 0.51094 0.09337 0.51244 0.09187 0.51238 0.09187 0.51238 0.09175 0.51244 0.09175 0.51238 0.092 0.51243 0.09213 0.51237 0.09213 0.51244 0.09452 0.51238 0.09452 0.51238 0.0944 0.51243 0.0944 0.51244 0.09463 0.51238 0.09463 0.51245 0.09475 0.51239 0.09474 0.51245 0.09486 0.51239 0.09486 0.51214 0.09294 0.51208 0.09294 0.51208 0.0928 0.51214 0.0928 0.51214 0.09307 0.51208 0.09307 0.51214 0.09321 0.51208 0.09321 0.51205 0.09435 0.51205 0.09446 0.51206 0.09424 0.51201 0.09412 0.51206 0.09412 0.51206 0.09174 0.51207 0.09187 0.51201 0.09187 0.51206 0.09161 0.512 0.09148 0.51205 0.09148 0.511 0.092 0.51094 0.092 0.51095 0.09187 0.511 0.09187 0.511 0.09214 0.51094 0.09214 0.511 0.09227 0.51094 0.09227 0.511 0.09241 0.51094 0.09241 0.511 0.09255 0.51094 0.09255 0.51099 0.09268 0.51094 0.09268 0.51099 0.09282 0.51094 0.09282 0.51246 0.09129 0.51246 0.0914 0.5124 0.0914 0.5124 0.09129 0.51239 0.09152 0.51245 0.09163 0.51239 0.09163 0.51242 0.09402 0.51237 0.09402 0.51236 0.09389 0.51242 0.09389 0.51237 0.09415 0.51243 0.09427 0.51237 0.09427 0.51214 0.09239 0.51208 0.09239 0.51208 0.09226 0.51214 0.09226 0.51214 0.09253 0.51208 0.09253 0.51214 0.09266 0.51208 0.09266 0.51198 0.09476 0.51203 0.09476 0.51203 0.09486 0.51197 0.09486 0.51204 0.09466 0.51199 0.09457 0.51205 0.09457 0.51202 0.09227 0.51207 0.09227 0.51208 0.09241 0.51202 0.09241 0.51201 0.09214 0.51207 0.09214 0.51201 0.092 0.51207 0.092 0.51101 0.09148 0.51096 0.09148 0.51096 0.09136 0.51102 0.09136 0.51101 0.09161 0.51095 0.09161 0.51101 0.09174 0.51095 0.09174 0.51103 0.09457 0.51098 0.09457 0.51097 0.09447 0.51103 0.09447 0.51104 0.09466 0.51098 0.09466 0.51104 0.09476 0.51099 0.09476 0.51099 0.09486 0.51242 0.09349 0.51236 0.09348 0.51236 0.09335 0.51242 0.09335 0.51242 0.09362 0.51236 0.09362 0.51242 0.09376 0.51236 0.09376 0.51215 0.09188 0.51209 0.09188 0.51209 0.09175 0.51215 0.09175 0.51214 0.092 0.51209 0.092 0.51214 0.09213 0.51209 0.09213 0.51217 0.09452 0.51211 0.09452 0.51211 0.0944 0.51217 0.0944 0.51212 0.09463 0.51212 0.09475 0.51219 0.09486 0.51213 0.09486 0.51202 0.09282 0.51208 0.09282 0.51208 0.09296 0.51202 0.09296 0.51202 0.09268 0.51208 0.09268 0.51202 0.09255 0.51208 0.09254 0.51103 0.09101 0.51098 0.09101 0.51097 0.09113 0.51102 0.09124 0.51097 0.09124 0.51101 0.09413 0.51096 0.09413 0.51102 0.09424 0.51096 0.09424 0.51102 0.09435 0.51097 0.09435 0.51242 0.09294 0.51236 0.09294 0.51242 0.09307 0.51236 0.09307 0.51242 0.09321 0.51236 0.09321 0.5121 0.0914 0.5121 0.09152 0.51215 0.09163 0.5121 0.09163 0.51215 0.09402 0.5121 0.09402 0.5121 0.09415 0.5121 0.09427 0.51202 0.09336 0.51208 0.09336 0.51202 0.09323 0.51208 0.09323 0.51202 0.09309 0.51208 0.09309</float_array>
                    <technique_common>
                        <accessor count="7641" source="#NODE4-lib-uv-array" stride="2">
                            <param name="S" type="float" />
                            <param name="T" type="float" />
                        </accessor>
                    </technique_common>
                </source>
                <vertices id="NODE4-lib-vertices">
                    <input semantic="POSITION" source="#NODE4-lib-positions" />
                </vertices>
                <triangles count="11468" material="MAT0">
                    <input offset="0" semantic="VERTEX" source="#NODE4-lib-vertices" set="0" />
                    <input offset="1" semantic="TEXCOORD" source="#NODE4-lib-uv" set="0" />
                    <p>0 0 1621 1621 1 1 0 0 1 1 2 2 0 0 2 2 3 3 0 0 3 3 4 4 0 0 4 4 5 5 0 0 5 5 1621 1621 6 6 1629 1629 1630 1630 6 6 1630 1630 7 7 6 6 7 7 8 8 6 6 8 8 9 9 6 6 9 9 10 10 6 6 10 10 11 11 6 6 11 11 1629 1629 12 12 13 13 14 14 12 12 14 14 15 15 12 12 15 15 16 16 12 12 16 16 17 17 18 18 1641 1641 19 19 18 18 19 19 20 20 18 18 20 20 21 21 18 18 21 21 22 22 18 18 22 22 23 23 18 18 23 23 24 24 18 18 24 24 1641 1641 25 25 26 26 27 27 25 25 27 27 28 28 25 25 28 28 29 29 25 25 29 29 30 30 31 31 1655 1659 32 32 31 31 32 32 33 33 31 31 33 33 34 34 31 31 34 34 35 35 31 31 35 35 36 36 37 37 38 38 39 39 37 37 39 39 40 40 37 37 40 40 41 41 37 37 41 41 42 42 37 37 42 42 1662 1666 43 43 1668 1672 44 44 43 43 44 44 45 45 43 43 45 45 46 46 43 43 46 46 47 47 43 43 47 47 48 48 43 43 48 48 49 49 43 43 49 49 1668 1672 50 50 1674 1678 1675 1679 50 50 1675 1679 51 51 50 50 51 51 52 52 50 50 52 52 53 53 50 50 53 53 54 54 50 50 54 54 55 55 50 50 55 55 1676 1680 50 50 1676 1680 1674 1678 56 56 57 57 58 58 56 56 58 58 59 59 56 56 59 59 60 60 56 56 60 60 61 61 56 56 61 61 62 62 56 56 62 62 63 63 56 56 63 63 64 64 56 56 64 64 57 57 65 65 66 66 67 67 65 65 67 67 68 68 65 65 68 68 69 69 65 65 69 69 70 70 65 65 70 70 71 71 72 72 73 73 74 74 72 72 74 74 75 75 72 72 75 75 76 76 72 72 76 76 77 77 78 78 79 79 80 80 78 78 80 80 81 81 78 78 81 81 82 82 78 78 82 82 83 83 78 78 83 83 84 84 85 85 86 86 87 87 85 85 87 87 88 88 85 85 88 88 89 89 85 85 89 89 90 90 91 91 1715 1722 92 92 91 91 92 92 93 93 91 91 93 93 94 94 91 91 94 94 95 95 91 91 95 95 96 96 97 97 1720 1727 98 98 97 97 98 98 99 99 97 97 99 99 100 100 97 97 100 100 101 101 97 97 101 101 102 102 97 97 102 102 103 103 97 97 103 103 1720 1727 104 104 1726 1733 105 105 104 104 105 105 106 106 104 104 106 106 107 107 104 104 107 107 108 108 104 104 108 108 109 109 104 104 109 109 1726 1733 110 110 1734 1741 111 111 110 110 111 111 112 112 110 110 112 112 113 113 110 110 113 113 114 114 110 110 114 114 115 115 116 116 117 117 118 118 116 116 118 118 119 119 116 116 119 119 120 120 116 116 120 120 121 121 122 122 123 123 124 124 122 122 124 124 125 125 122 122 125 125 126 126 122 122 126 126 127 127 128 128 129 129 130 130 128 128 130 130 131 131 128 128 131 131 132 132 128 128 132 132 133 133 134 134 135 135 136 136 134 134 136 136 137 137 134 134 137 137 138 138 134 134 138 138 139 139 140 140 141 141 142 142 140 140 142 142 143 143 140 140 143 143 144 144 140 140 144 144 145 145 140 140 145 145 1766 1782 146 146 1770 1786 1771 1787 146 146 1771 1787 147 147 146 146 147 147 148 148 146 146 148 148 149 149 146 146 149 149 150 150 146 146 150 150 151 151 146 146 151 151 152 152 146 146 152 152 1770 1786 153 153 1776 1792 1777 1793 153 153 1777 1793 154 154 153 153 154 154 155 155 153 153 155 155 156 156 153 153 156 156 157 157 153 153 157 157 158 158 153 153 158 158 1778 1794 153 153 1778 1794 1776 1792 159 159 160 160 161 161 159 159 161 161 162 162 159 159 162 162 163 163 159 159 163 163 164 164 165 165 1790 1806 166 166 165 165 166 166 167 167 165 165 167 167 168 168 165 165 168 168 169 169 165 165 169 169 170 170 171 171 172 172 173 173 171 171 173 173 174 174 171 171 174 174 175 175 171 171 175 175 176 176 171 171 176 176 177 177 178 178 179 179 180 180 178 178 180 180 181 181 178 178 181 181 182 182 178 178 182 182 183 183 178 178 183 183 184 184 185 185 186 186 187 187 185 185 187 187 188 188 185 185 188 188 189 189 185 185 189 189 190 190 185 185 190 190 1808 1827 191 191 192 192 193 193 191 191 193 193 194 194 191 191 194 194 195 195 191 191 195 195 196 196 191 191 196 196 197 197 191 191 197 197 198 198 191 191 198 198 199 199 191 191 199 199 192 192 200 200 1820 1839 201 201 200 200 201 201 202 202 200 200 202 202 203 203 200 200 203 203 204 204 200 200 204 204 205 205 200 200 205 205 1820 1839 206 206 1827 1846 207 207 206 206 207 207 208 208 206 206 208 208 209 209 206 206 209 209 210 210 206 206 210 210 211 211 206 206 211 211 1823 1842 212 212 214 214 215 215 212 212 215 215 216 216 212 212 216 216 217 217 212 212 217 217 213 213 218 218 1839 1862 219 219 218 218 219 219 220 220 218 218 220 220 221 221 218 218 221 221 222 222 218 218 222 222 223 223 218 218 223 223 224 224 218 218 224 224 225 225 218 218 225 225 1839 1862 226 226 227 227 228 228 226 226 228 228 229 229 226 226 229 229 230 230 226 226 230 230 231 231 226 226 231 231 232 232 226 226 232 232 233 233 226 226 233 233 234 234 226 226 234 234 227 227 235 235 1855 1878 236 236 235 235 236 236 237 237 235 235 237 237 238 238 235 235 238 238 239 239 235 235 239 239 240 240 235 235 240 240 241 241 235 235 241 241 242 242 235 235 242 242 1855 1878 243 243 244 244 245 245 243 243 245 245 246 246 243 243 246 246 247 247 243 243 247 247 248 248 243 243 248 248 249 249 243 243 249 249 250 250 243 243 250 250 251 251 243 243 251 251 244 244 252 252 1870 1901 253 253 252 252 253 253 254 254 252 252 254 254 255 255 252 252 255 255 256 256 252 252 256 256 257 257 252 252 257 257 258 258 252 252 258 258 259 259 252 252 259 259 1870 1901 260 260 261 261 262 262 260 260 262 262 263 263 260 260 263 263 264 264 260 260 264 264 265 265 260 260 265 265 266 266 260 260 266 266 267 267 260 260 267 267 268 268 260 260 268 268 261 261 269 269 270 270 271 271 269 269 271 271 272 272 269 269 272 272 273 273 269 269 273 273 274 274 269 269 274 274 275 275 269 269 275 275 276 276 269 269 276 276 277 277 269 269 277 277 270 270 278 278 279 279 280 280 278 278 280 280 281 281 278 278 281 281 282 282 278 278 282 282 283 283 278 278 283 283 284 284 278 278 284 284 285 285 278 278 285 285 286 286 278 278 286 286 279 279 287 287 288 288 289 289 287 287 289 289 290 290 287 287 290 290 291 291 287 287 291 291 292 292 287 287 292 292 293 293 287 287 293 293 294 294 287 287 294 294 295 295 287 287 295 295 288 288 296 296 297 297 298 298 296 296 298 298 299 299 296 296 299 299 300 300 296 296 300 300 301 301 296 296 301 301 302 302 296 296 302 302 303 303 296 296 303 303 304 304 296 296 304 304 297 297 305 305 306 306 307 307 305 305 307 307 308 308 305 305 308 308 309 309 305 305 309 309 310 310 305 305 310 310 311 311 305 305 311 311 312 312 305 305 312 312 313 313 305 305 313 313 306 306 314 314 315 315 316 316 314 314 316 316 317 317 314 314 317 317 318 318 314 314 318 318 319 319 314 314 319 319 320 320 314 314 320 320 321 321 322 322 323 323 324 324 322 322 324 324 325 325 322 322 325 325 326 326 322 322 326 326 327 327 322 322 327 327 328 328 322 322 328 328 329 329 322 322 329 329 330 330 322 322 330 330 323 323 331 331 1940 1977 332 332 331 331 332 332 333 333 331 331 333 333 334 334 331 331 334 334 335 335 331 331 335 335 336 336 331 331 336 336 337 337 331 331 337 337 338 338 331 331 338 338 1940 1977 339 339 340 340 341 341 339 339 341 341 342 342 339 339 342 342 343 343 339 339 343 343 344 344 339 339 344 344 345 345 339 339 345 345 346 346 339 339 346 346 347 347 339 339 347 347 340 340 348 348 349 349 350 350 348 348 350 350 351 351 348 348 351 351 352 352 348 348 352 352 353 353 348 348 353 353 354 354 348 348 354 354 355 355 348 348 355 355 356 356 348 348 356 356 349 349 357 357 358 358 359 359 357 357 359 359 360 360 357 357 360 360 361 361 357 357 361 361 362 362 357 357 362 362 363 363 357 357 363 363 364 364 357 357 364 364 365 365 357 357 365 365 358 358 366 366 367 367 368 368 366 366 368 368 369 369 366 366 369 369 370 370 366 366 370 370 371 371 366 366 371 371 372 372 366 366 372 372 373 373 366 366 373 373 374 374 366 366 374 374 367 367 375 375 376 376 377 377 375 375 377 377 378 378 375 375 378 378 379 379 375 375 379 379 380 380 375 375 380 380 381 381 375 375 381 381 382 382 375 375 382 382 383 383 375 375 383 383 376 376 384 384 385 385 386 386 384 384 386 386 387 387 384 384 387 387 388 388 384 384 388 388 389 389 384 384 389 389 390 390 384 384 390 390 391 391 384 384 391 391 392 392 384 384 392 392 385 385 393 393 394 394 395 395 393 393 395 395 396 396 393 393 396 396 397 397 393 393 397 397 398 398 393 393 398 398 399 399 393 393 399 399 400 400 393 393 400 400 401 401 393 393 401 401 394 394 402 402 403 403 404 404 402 402 404 404 405 405 402 402 405 405 406 406 402 402 406 406 407 407 402 402 407 407 408 408 402 402 408 408 409 409 402 402 409 409 410 410 402 402 410 410 403 403 411 411 412 412 413 413 411 411 413 413 414 414 411 411 414 414 415 415 411 411 415 415 416 416 411 411 416 416 417 417 411 411 417 417 418 418 419 419 420 420 421 421 419 419 421 421 422 422 419 419 422 422 423 423 419 419 423 423 424 424 419 419 424 424 425 425 419 419 425 425 426 426 419 419 426 426 427 427 419 419 427 427 420 420 428 428 429 429 430 430 428 428 430 430 431 431 428 428 431 431 432 432 428 428 432 432 433 433 428 428 433 433 434 434 428 428 434 434 435 435 436 436 437 437 438 438 436 436 438 438 439 439 436 436 439 439 440 440 436 436 440 440 441 441 436 436 441 441 442 442 436 436 442 442 443 443 436 436 443 443 444 444 436 436 444 444 437 437 445 445 446 446 447 447 445 445 447 447 448 448 445 445 448 448 449 449 445 445 449 449 450 450 445 445 450 450 451 451 445 445 451 451 452 452 445 445 452 452 453 453 445 445 453 453 446 446 454 454 2029 2095 455 455 454 454 455 455 456 456 454 454 456 456 457 457 454 454 457 457 458 458 454 454 458 458 459 459 454 454 459 459 460 460 454 454 460 460 461 461 454 454 461 461 2029 2095 462 462 463 463 464 464 462 462 464 464 465 465 462 462 465 465 466 466 462 462 466 466 467 467 462 462 467 467 468 468 462 462 468 468 469 469 462 462 469 469 470 470 462 462 470 470 463 463 471 471 472 472 473 473 471 471 473 473 474 474 471 471 474 474 475 475 471 471 475 475 476 476 471 471 476 476 477 477 471 471 477 477 478 478 471 471 478 478 479 479 471 471 479 479 472 472 480 480 481 481 482 482 480 480 482 482 483 483 480 480 483 483 484 484 480 480 484 484 485 485 480 480 485 485 486 486 480 480 486 486 487 487 480 480 487 487 488 488 480 480 488 488 481 481 489 489 490 490 491 491 489 489 491 491 492 492 489 489 492 492 493 493 489 489 493 493 494 494 489 489 494 494 495 495 489 489 495 495 490 490 496 496 497 497 498 498 496 496 498 498 2065 2144 496 496 2065 2144 499 499 496 496 499 499 500 500 496 496 500 500 501 501 496 496 501 501 502 502 496 496 502 502 497 497 503 503 504 504 2070 2152 503 503 2070 2152 505 505 503 503 505 505 506 506 503 503 506 506 507 507 503 503 507 507 508 508 503 503 508 508 504 504 509 509 510 510 2079 2168 509 509 2079 2168 511 511 509 509 511 511 512 512 509 509 512 512 513 513 509 509 513 513 514 514 509 509 514 514 510 510 515 515 516 516 517 517 515 515 517 517 2086 2180 515 515 2086 2180 518 518 515 515 518 518 519 519 515 515 519 519 520 520 515 515 520 520 521 521 515 515 521 521 516 516 522 522 523 523 2092 2191 522 522 2092 2191 524 524 522 522 524 524 525 525 522 522 525 525 526 526 522 522 526 526 527 527 522 522 527 527 523 523 528 528 530 530 531 531 528 528 531 531 532 532 528 528 532 532 533 533 528 528 533 533 529 529 534 534 535 535 2103 2209 534 534 2103 2209 536 536 534 534 536 536 537 537 534 534 537 537 538 538 534 534 538 538 539 539 534 534 539 539 535 535 540 540 2110 2220 541 541 540 540 541 541 542 542 540 540 542 542 543 543 540 540 543 543 544 544 545 545 2076 2160 546 546 545 545 546 546 547 547 545 545 547 547 548 548 545 545 548 548 549 549 550 550 552 552 553 553 550 550 553 553 554 554 550 550 554 554 555 555 550 550 555 555 551 551 556 556 557 557 2127 2249 556 556 2127 2249 558 558 556 556 558 558 559 559 556 556 559 559 560 560 556 556 560 560 561 561 556 556 561 561 557 557 562 562 2133 2259 563 563 562 562 563 563 564 564 562 562 564 564 565 565 562 562 565 565 566 566 567 567 2139 2269 2096 2195 567 567 2096 2195 568 568 567 567 568 568 569 569 567 567 569 569 570 570 567 567 570 570 571 571 572 572 574 574 575 575 572 572 575 575 576 576 572 572 576 576 577 577 572 572 577 577 573 573 578 578 2108 2215 580 580 578 578 580 580 581 581 578 578 581 581 582 582 578 578 582 582 583 583 578 578 583 583 579 579 584 584 585 585 586 586 584 584 586 586 587 587 584 584 587 587 2114 2225 584 584 2114 2225 588 588 584 584 588 588 589 589 584 584 589 589 590 590 584 584 590 590 591 591 584 584 591 591 585 585 592 592 593 593 2160 2306 592 592 2160 2306 594 594 592 592 594 594 595 595 592 592 595 595 596 596 592 592 596 596 597 597 592 592 597 597 593 593 598 598 599 599 600 600 598 598 601 601 602 602 598 598 602 602 603 603 598 598 603 603 604 604 598 598 604 604 599 599 605 605 606 606 607 607 605 605 607 607 2137 2264 605 605 2137 2264 608 608 605 605 608 608 609 609 605 605 609 609 610 610 605 605 610 610 611 611 605 605 611 611 606 606 612 612 613 613 2143 2274 612 612 2143 2274 614 614 612 612 614 614 615 615 612 612 615 615 616 616 612 612 616 616 617 617 612 612 617 617 613 613 618 618 619 619 2182 2345 618 618 2182 2345 620 620 618 618 620 620 621 621 618 618 621 621 622 622 618 618 622 622 623 623 618 618 623 623 619 619 624 624 625 625 2187 2354 624 624 2187 2354 626 626 624 624 626 626 627 627 624 624 627 627 628 628 624 624 628 628 629 629 624 624 629 629 625 625 630 630 2194 2365 631 631 630 630 631 631 632 632 630 630 632 632 633 633 630 630 633 633 634 634 635 635 636 636 637 637 635 635 637 637 638 638 635 635 638 638 639 639 635 635 639 639 640 640 635 635 640 640 641 641 635 635 641 641 636 636 642 642 643 643 2204 2383 642 642 2204 2383 644 644 642 642 644 644 645 645 642 642 645 645 646 646 642 642 646 646 647 647 642 642 647 647 643 643 648 648 2209 2391 649 649 648 648 649 649 650 650 648 648 650 650 651 651 648 648 651 651 652 652 653 653 654 654 2180 2340 653 653 2180 2340 655 655 653 653 655 655 656 656 653 653 656 656 657 657 653 653 657 657 658 658 653 653 658 658 654 654 659 659 661 661 662 662 659 659 662 662 663 663 659 659 663 663 664 664 659 659 664 664 660 660 665 665 2192 2360 667 667 665 665 667 667 668 668 665 665 668 668 669 669 665 665 669 669 670 670 665 665 670 670 666 666 671 671 672 672 673 673 671 671 673 673 674 674 671 671 674 674 675 675 671 671 675 675 676 676 671 671 676 676 677 677 671 671 677 677 672 672 678 678 680 680 681 681 678 678 681 681 682 682 678 678 682 682 683 683 678 678 683 683 679 679 684 684 685 685 686 686 684 684 686 686 2237 2439 684 684 2237 2439 687 687 684 684 687 687 688 688 684 684 688 688 689 689 684 684 689 689 690 690 684 684 690 690 685 685 691 691 692 692 693 693 691 691 694 694 695 695 691 691 695 695 696 696 691 691 696 696 697 697 691 691 697 697 692 692 698 698 699 699 2248 2458 698 698 700 700 701 701 698 698 701 701 702 702 698 698 702 702 703 703 698 698 703 703 704 704 698 698 704 704 699 699 705 705 706 706 707 707 705 705 707 707 708 708 705 705 708 708 709 709 710 710 2263 2485 712 712 710 710 712 712 713 713 710 710 713 713 714 714 710 710 714 714 715 715 710 710 715 715 711 711 716 716 718 718 719 719 716 716 719 719 720 720 716 716 720 720 721 721 716 716 721 721 717 717 722 722 724 724 725 725 722 722 725 725 726 726 722 722 726 726 727 727 722 722 727 727 723 723 728 728 2241 2443 730 730 728 728 730 730 731 731 728 728 731 731 732 732 728 728 732 732 733 733 728 728 733 733 729 729 734 734 735 735 736 736 734 734 736 736 737 737 734 734 737 737 738 738 734 734 738 738 739 739 734 734 739 739 740 740 734 734 740 740 735 735 741 741 743 743 744 744 741 741 744 744 745 745 741 741 745 745 746 746 741 741 746 746 742 742 747 747 748 748 2297 2547 747 747 2297 2547 749 749 747 747 749 749 750 750 747 747 750 750 751 751 747 747 751 751 752 752 747 747 752 752 753 753 747 747 753 753 748 748 754 754 756 756 757 757 754 754 757 757 758 758 754 754 758 758 759 759 754 754 759 759 755 755 760 760 762 762 763 763 760 760 763 763 764 764 760 760 764 764 765 765 766 766 767 767 768 768 766 766 768 768 2280 2584 766 766 2280 2584 769 769 766 766 769 769 770 770 766 766 770 770 771 771 766 766 771 771 772 772 766 766 772 772 767 767 773 773 774 774 775 775 773 773 775 775 776 776 773 773 776 776 2286 2523 773 773 2286 2523 777 777 773 773 777 777 778 778 773 773 778 778 779 779 773 773 779 779 780 780 773 773 780 780 774 774 781 781 782 782 783 783 781 781 783 783 2322 2600 781 781 2322 2600 784 784 781 781 784 784 785 785 781 781 785 785 786 786 781 781 786 786 787 787 781 781 787 787 788 788 781 781 788 788 782 782 789 789 790 790 2327 2609 789 789 791 791 792 792 789 789 792 792 793 793 789 789 793 793 794 794 789 789 794 794 790 790 795 795 796 796 797 797 795 795 797 797 2301 2552 795 795 2301 2552 798 798 795 795 798 798 799 799 795 795 799 799 800 800 795 795 800 800 801 801 795 795 801 801 796 796 802 802 803 803 804 804 802 802 804 804 2337 2630 802 802 2337 2630 805 805 802 802 805 805 806 806 802 802 806 806 807 807 802 802 807 807 808 808 802 802 808 808 803 803 809 809 810 810 2342 2639 809 809 811 811 812 812 809 809 812 812 813 813 809 809 813 813 814 814 809 809 814 814 810 810 815 815 816 816 817 817 815 815 817 817 818 818 815 815 818 818 819 819 815 815 819 819 820 820 815 815 820 820 821 821 815 815 821 821 816 816 822 822 823 823 2353 2662 822 822 2353 2662 824 824 822 822 824 824 825 825 822 822 825 825 826 826 822 822 826 826 827 827 822 822 827 827 828 828 822 822 828 828 823 823 829 829 830 830 831 831 829 829 831 831 832 832 829 829 832 832 833 833 829 829 833 833 834 834 829 829 834 834 835 835 829 829 835 835 830 830 836 836 838 838 839 839 836 836 839 839 840 840 836 836 840 840 841 841 842 842 844 844 845 845 842 842 845 845 846 846 842 842 846 846 847 847 842 842 847 847 843 843 848 848 849 849 2373 2700 848 848 2373 2700 850 850 848 848 850 850 851 851 848 848 851 851 852 852 848 848 852 852 853 853 848 848 853 853 854 854 848 848 854 854 849 849 855 855 856 856 857 857 855 855 857 857 858 858 855 855 858 858 859 859 855 855 859 859 860 860 855 855 860 860 861 861 855 855 861 861 856 856 862 862 864 864 865 865 862 862 865 865 866 866 862 862 866 866 867 867 868 868 869 869 2384 2726 868 868 2384 2726 870 870 868 868 870 870 2352 2730 868 868 2352 2730 871 871 868 868 871 871 872 872 868 868 872 872 873 873 868 868 873 873 874 874 868 868 874 874 869 869 875 875 876 876 877 877 875 875 877 877 878 878 875 875 878 878 879 879 875 875 879 879 880 880 875 875 880 880 881 881 875 875 881 881 882 882 875 875 882 882 876 876 883 883 884 884 885 885 883 883 886 886 887 887 883 883 887 887 888 888 883 883 888 888 889 889 883 883 889 889 884 884 890 890 891 891 2395 2749 890 890 2395 2749 892 892 890 890 892 892 2372 2752 890 890 2372 2752 893 893 890 890 893 893 894 894 890 890 894 894 895 895 890 890 895 895 896 896 890 890 896 896 891 891 897 897 898 898 899 899 897 897 899 899 900 900 897 897 900 900 901 901 897 897 901 901 902 902 897 897 902 902 903 903 897 897 903 903 898 898 904 904 905 905 2404 2765 904 904 2404 2765 906 906 904 904 906 906 907 907 904 904 907 907 908 908 904 904 908 908 909 909 904 904 909 909 905 905 910 910 911 911 2414 2783 910 910 2414 2783 912 912 910 910 912 912 913 913 910 910 913 913 914 914 910 910 914 914 915 915 910 910 915 915 916 916 910 910 916 916 911 911 917 917 918 918 919 919 917 917 919 919 920 920 917 917 920 920 921 921 917 917 921 921 922 922 917 917 922 922 923 923 917 917 923 923 918 918 924 924 925 925 926 926 924 924 926 926 927 927 924 924 927 927 928 928 924 924 928 928 929 929 924 924 929 929 930 930 924 924 930 930 925 925 931 931 932 932 933 933 931 931 933 933 934 934 931 931 934 934 935 935 931 931 935 935 936 936 931 931 936 936 937 937 931 931 937 937 932 932 938 938 939 939 2435 2825 938 938 2435 2825 940 940 938 938 940 940 941 941 938 938 941 941 942 942 938 938 942 942 943 943 938 938 943 943 939 939 944 944 945 945 946 946 944 944 946 946 947 947 944 944 947 947 948 948 944 944 948 948 949 949 944 944 949 949 950 950 944 944 950 950 945 945 951 951 952 952 953 953 951 951 954 954 955 955 951 951 955 955 956 956 951 951 956 956 957 957 951 951 957 957 952 952 958 958 959 959 960 960 958 958 960 960 2412 2778 958 958 2412 2778 961 961 958 958 961 961 962 962 958 958 962 962 963 963 958 958 963 963 964 964 958 958 964 964 959 959 965 965 966 966 2450 2852 965 965 967 967 968 968 965 965 968 968 969 969 965 965 969 969 970 970 965 965 970 970 971 971 965 965 971 971 966 966 972 972 973 973 2455 2861 972 972 974 974 975 975 972 972 975 975 976 976 972 972 976 976 977 977 972 972 977 977 978 978 972 972 978 978 973 973 979 979 980 980 2460 2870 979 979 2427 2808 981 981 979 979 981 981 982 982 979 979 982 982 983 983 979 979 983 983 984 984 979 979 984 984 980 980 985 985 986 986 987 987 985 985 987 987 988 988 985 985 988 988 989 989 985 985 989 989 990 990 985 985 990 990 991 991 985 985 991 991 986 986 992 992 993 993 2471 2889 992 992 2471 2889 994 994 992 992 994 994 995 995 992 992 995 995 996 996 992 992 996 996 997 997 992 992 997 997 993 993 998 998 999 999 2476 2898 998 998 1000 1000 1001 1001 998 998 1001 1001 1002 1002 998 998 1002 1002 1003 1003 998 998 1003 1003 1004 1004 998 998 1004 1004 999 999 1005 1005 1006 1006 2481 2907 1005 1005 2481 2907 1007 1007 1005 1005 1007 1007 1008 1008 1005 1005 1008 1008 1009 1009 1005 1005 1009 1009 1010 1010 1005 1005 1010 1010 1006 1006 1011 1011 2456 2862 1013 1013 1011 1011 1013 1013 1014 1014 1011 1011 1014 1014 1015 1015 1011 1011 1015 1015 1016 1016 1011 1011 1016 1016 1012 1012 1017 1017 1018 1018 1019 1019 1017 1017 1019 1019 1020 1020 1017 1017 1020 1020 1021 1021 1017 1017 1021 1021 1022 1022 1017 1017 1022 1022 1023 1023 1017 1017 1023 1023 1018 1018 1024 1024 1025 1025 2497 2939 1024 1024 2497 2939 1026 1026 1024 1024 1026 1026 1027 1027 1024 1024 1027 1027 1028 1028 1024 1024 1028 1028 1029 1029 1024 1024 1029 1029 1025 1025 1030 1030 1031 1031 2472 2890 1030 1030 2472 2890 1032 1032 1030 1030 1032 1032 1033 1033 1030 1030 1033 1033 1034 1034 1030 1030 1034 1034 1035 1035 1030 1030 1035 1035 1031 1031 1036 1036 1037 1037 1038 1038 1036 1036 1038 1038 1039 1039 1036 1036 1039 1039 1040 1040 1036 1036 1040 1040 1041 1041 1036 1036 1041 1041 1042 1042 1036 1036 1042 1042 1037 1037 1043 1043 1044 1044 1045 1045 1043 1043 1046 1046 1047 1047 1043 1043 1047 1047 1048 1048 1043 1043 1048 1048 1049 1049 1043 1043 1049 1049 1044 1044 1050 1050 1051 1051 1052 1052 1050 1050 1052 1052 1053 1053 1050 1050 1053 1053 1054 1054 1050 1050 1054 1054 1055 1055 1050 1050 1055 1055 1056 1056 1050 1050 1056 1056 1051 1051 1057 1057 1058 1058 2519 2978 1057 1057 2519 2978 1019 1019 1057 1057 1019 1019 1059 1059 1057 1057 1059 1059 1060 1060 1057 1057 1060 1060 1061 1061 1057 1057 1061 1061 1062 1062 1057 1057 1062 1062 1058 1058 1063 1063 1064 1064 1065 1065 1063 1063 1066 1066 1067 1067 1063 1063 1067 1067 1068 1068 1063 1063 1068 1068 1069 1069 1063 1063 1069 1069 1064 1064 1070 1070 1071 1071 1072 1072 1070 1070 1072 1072 2529 2998 1070 1070 2529 2998 2501 2944 1070 1070 2501 2944 1073 1073 1070 1070 1073 1073 1074 1074 1070 1070 1074 1074 1075 1075 1070 1070 1075 1075 1076 1076 1070 1070 1076 1076 1071 1071 1077 1077 1078 1078 1079 1079 1077 1077 1079 1079 1080 1080 1077 1077 1080 1080 1081 1081 1077 1077 1081 1081 1082 1082 1077 1077 1082 1082 1083 1083 1077 1077 1083 1083 1078 1078 1084 1084 1086 1086 1087 1087 1084 1084 1087 1087 1088 1088 1084 1084 1088 1088 1089 1089 1084 1084 1089 1089 1085 1085 1090 1090 2514 2969 1092 1092 1090 1090 1092 1092 1093 1093 1090 1090 1093 1093 1094 1094 1090 1090 1094 1094 1095 1095 1090 1090 1095 1095 1091 1091 1096 1096 1097 1097 2546 3027 1096 1096 2546 3027 1098 1098 1096 1096 1098 1098 1099 1099 1096 1096 1099 1099 1100 1100 1096 1096 1100 1100 1101 1101 1096 1096 1101 1101 1097 1097 1102 1102 1103 1103 2549 3031 1102 1102 2549 3031 1104 1104 1102 1102 1104 1104 1105 1105 1102 1102 1105 1105 1106 1106 1102 1102 1106 1106 1107 1107 1102 1102 1107 1107 1103 1103 1108 1108 1110 1110 1111 1111 1108 1108 1111 1111 1112 1112 1108 1108 1112 1112 1113 1113 1108 1108 1113 1113 1114 1114 1108 1108 1114 1114 1109 1109 1115 1115 1116 1116 1117 1117 1115 1115 1117 1117 1118 1118 1115 1115 1118 1118 2562 3056 1115 1115 2562 3056 1119 1119 1115 1115 1119 1119 1120 1120 1115 1115 1120 1120 1121 1121 1115 1115 1121 1121 1122 1122 1115 1115 1122 1122 1116 1116 1123 1123 1124 1124 1125 1125 1123 1123 1125 1125 1126 1126 1123 1123 1126 1126 1127 1127 1128 1128 1129 1129 1130 1130 1128 1128 1130 1130 1131 1131 1128 1128 1131 1131 1132 1132 1133 1133 1134 1134 1135 1135 1133 1133 1136 1136 1137 1137 1133 1133 1137 1137 1138 1138 1133 1133 1138 1138 1139 1139 1133 1133 1139 1139 1140 1140 1133 1133 1140 1140 1134 1134 1141 1141 1143 1143 1144 1144 1141 1141 1144 1144 1145 1145 1141 1141 1145 1145 1146 1146 1141 1141 1146 1146 1142 1142 1147 1147 2586 3102 1148 1148 1147 1147 1148 1148 1149 1149 1147 1147 1149 1149 1150 1150 1147 1147 1150 1150 1151 1151 1147 1147 1151 1151 1152 1152 1147 1147 1152 1152 2586 3102 1153 1153 1155 1155 1156 1156 1153 1153 1156 1156 1157 1157 1153 1153 1157 1157 1158 1158 1153 1153 1158 1158 1154 1154 1159 1159 1160 1160 1161 1161 1159 1159 1162 1162 1163 1163 1159 1159 1163 1163 1164 1164 1159 1159 1164 1164 1165 1165 1159 1159 1165 1165 1160 1160 1166 1166 1168 1168 1169 1169 1166 1166 1169 1169 1170 1170 1166 1166 1170 1170 1171 1171 1166 1166 1171 1171 1172 1172 1166 1166 1172 1172 1167 1167 1173 1173 1174 1174 2611 3148 1173 1173 2611 3148 1175 1175 1173 1173 1175 1175 1176 1176 1173 1173 1176 1176 1177 1177 1173 1173 1177 1177 1178 1178 1173 1173 1178 1178 1174 1174 1179 1179 1180 1180 1181 1181 1179 1179 1181 1181 1182 1182 1179 1179 1182 1182 1183 1183 1179 1179 1183 1183 1184 1184 1179 1179 1184 1184 1185 1185 1179 1179 1185 1185 1180 1180 1186 1186 1188 1188 1189 1189 1186 1186 1189 1189 1190 1190 1186 1186 1190 1190 1191 1191 1186 1186 1191 1191 1192 1192 1186 1186 1192 1192 1187 1187 1193 1193 1194 1194 2627 3178 1193 1193 2627 3178 1195 1195 1193 1193 1195 1195 1196 1196 1193 1193 1196 1196 1197 1197 1193 1193 1197 1197 1198 1198 1193 1193 1198 1198 1194 1194 1199 1199 1200 1200 1201 1201 1199 1199 1201 1201 1202 1202 1199 1199 1202 1202 1203 1203 1199 1199 1203 1203 1204 1204 1199 1199 1204 1204 1205 1205 1199 1199 1205 1205 1200 1200 1206 1206 1207 1207 1208 1208 1206 1206 1209 1209 1210 1210 1206 1206 1210 1210 1211 1211 1206 1206 1211 1211 1212 1212 1206 1206 1212 1212 1207 1207 1213 1213 1214 1214 1215 1215 1213 1213 1215 1215 1216 1216 1213 1213 1216 1216 1217 1217 1218 1218 2615 3153 1219 1219 1218 1218 1219 1219 1220 1220 1218 1218 1220 1220 1221 1221 1218 1218 1221 1221 1222 1222 1218 1218 1222 1222 2642 3208 1223 1223 1224 1224 2649 3223 1223 1223 1225 1225 1226 1226 1223 1223 1226 1226 1227 1227 1223 1223 1227 1227 1228 1228 1223 1223 1228 1228 1229 1229 1223 1223 1229 1229 1224 1224 1230 1230 1231 1231 1232 1232 1230 1230 1233 1233 1234 1234 1230 1230 1234 1234 1235 1235 1230 1230 1235 1235 1236 1236 1230 1230 1236 1236 1231 1231 1237 1237 1238 1238 1239 1239 1237 1237 1239 1239 1240 1240 1237 1237 1240 1240 1241 1241 1237 1237 1241 1241 1242 1242 1243 1243 2662 3251 1244 1244 1243 1243 1244 1244 1245 1245 1243 1243 1245 1245 1246 1246 1243 1243 1246 1246 1247 1247 1243 1243 1247 1247 2659 3245 1248 1248 1249 1249 2667 3260 1248 1248 1250 1250 1251 1251 1248 1248 1251 1251 1252 1252 1248 1248 1252 1252 1253 1253 1248 1248 1253 1253 1254 1254 1248 1248 1254 1254 1249 1249 1255 1255 2640 3202 1257 1257 1255 1255 1257 1257 1258 1258 1255 1255 1258 1258 1259 1259 1255 1255 1259 1259 1260 1260 1255 1255 1260 1260 1256 1256 1261 1261 1263 1263 1264 1264 1261 1261 1264 1264 1265 1265 1261 1261 1265 1265 1266 1266 1261 1261 1266 1266 1267 1267 1261 1261 1267 1267 1262 1262 1268 1268 2648 3219 1270 1270 1268 1268 1270 1270 1271 1271 1268 1268 1271 1271 1272 1272 1268 1268 1272 1272 1273 1273 1268 1268 1273 1273 1269 1269 1274 1274 1275 1275 1276 1276 1274 1274 1276 1276 2690 3300 1274 1274 2690 3300 1277 1277 1274 1274 1277 1277 1278 1278 1274 1274 1278 1278 1279 1279 1274 1274 1279 1279 1280 1280 1274 1274 1280 1280 1281 1281 1274 1274 1281 1281 1275 1275 1282 1282 1284 1284 1285 1285 1282 1282 1285 1285 1286 1286 1282 1282 1286 1286 1287 1287 1282 1282 1287 1287 1288 1288 1282 1282 1288 1288 1283 1283 1289 1289 2666 3256 1291 1291 1289 1289 1291 1291 1292 1292 1289 1289 1292 1292 1293 1293 1289 1289 1293 1293 1294 1294 1289 1289 1294 1294 1290 1290 1295 1295 1296 1296 1297 1297 1295 1295 1297 1297 1298 1298 1295 1295 1298 1298 1299 1299 1295 1295 1299 1299 1300 1300 1295 1295 1300 1300 1301 1301 1295 1295 1301 1301 1296 1296 1302 1302 1303 1303 2708 3333 1302 1302 2708 3333 2709 3334 1302 1302 2709 3334 1304 1304 1302 1302 1304 1304 1305 1305 1302 1302 1305 1305 1306 1306 1302 1302 1306 1306 1307 1307 1302 1302 1307 1307 1303 1303 1308 1308 1309 1309 1310 1310 1308 1308 1310 1310 1311 1311 1308 1308 1311 1311 1312 1312 1314 1314 1315 1315 2719 3351 1314 1314 2719 3351 1313 1313 1316 1316 1317 1317 2725 3361 1316 1316 2725 3361 2726 3364 1316 1316 2726 3364 1318 1318 1316 1316 1318 1318 1319 1319 1316 1316 1319 1319 1320 1320 1316 1316 1320 1320 1321 1321 1316 1316 1321 1321 1317 1317 1322 1322 1324 1324 1325 1325 1322 1322 1325 1325 1326 1326 1322 1322 1326 1326 1327 1327 1322 1322 1327 1327 1328 1328 1322 1322 1328 1328 1323 1323 1329 1329 1330 1330 2737 3383 1329 1329 2737 3383 2738 3386 1329 1329 2738 3386 1331 1331 1329 1329 1331 1331 1332 1332 1329 1329 1332 1332 1333 1333 1329 1329 1333 1333 1334 1334 1329 1329 1334 1334 1330 1330 1335 1335 1336 1336 2744 3395 1335 1335 2744 3395 1337 1337 1335 1335 1337 1337 1338 1338 1335 1335 1338 1338 1339 1339 1335 1335 1339 1339 1340 1340 1335 1335 1340 1340 1341 1341 1335 1335 1341 1341 1336 1336 1342 1342 1343 1343 2748 3404 1342 1342 2748 3404 1344 1344 1342 1342 1344 1344 1345 1345 1342 1342 1345 1345 1346 1346 1342 1342 1346 1346 1347 1347 1342 1342 1347 1347 1343 1343 1348 1348 1349 1349 1350 1350 1348 1348 1350 1350 1351 1351 1348 1348 1351 1351 1352 1352 1348 1348 1352 1352 1353 1353 1348 1348 1353 1353 1354 1354 1348 1348 1354 1354 1349 1349 1355 1355 1356 1356 2758 3424 1355 1355 2758 3424 2554 3039 1355 1355 2554 3039 1357 1357 1355 1355 1357 1357 1358 1358 1355 1355 1358 1358 1359 1359 1355 1355 1359 1359 1360 1360 1355 1355 1360 1360 1356 1356 1361 1361 2763 3433 1362 1362 1361 1361 1362 1362 1363 1363 1361 1361 1363 1363 1364 1364 1361 1361 1364 1364 1365 1365 1366 1366 1367 1367 1368 1368 1366 1366 1368 1368 1369 1369 1366 1366 1369 1369 1370 1370 1366 1366 1370 1370 1371 1371 1366 1366 1371 1371 1372 1372 1366 1366 1372 1372 1367 1367 1373 1373 1374 1374 1375 1375 1373 1373 1375 1375 2742 3390 1373 1373 2742 3390 1376 1376 1373 1373 1376 1376 1377 1377 1373 1373 1377 1377 1378 1378 1373 1373 1378 1378 1379 1379 1373 1373 1379 1379 1374 1374 1380 1380 1381 1381 1382 1382 1380 1380 1382 1382 1383 1383 1380 1380 1383 1383 1384 1384 1380 1380 1384 1384 1385 1385 1386 1386 1387 1387 2779 3465 1386 1386 2779 3465 1388 1388 1386 1386 1388 1388 1389 1389 1386 1386 1389 1389 1390 1390 1386 1386 1390 1390 1391 1391 1386 1386 1391 1391 1387 1387 1392 1392 1393 1393 2785 3475 1392 1392 2785 3475 1394 1394 1392 1392 1394 1394 1395 1395 1392 1392 1395 1395 1396 1396 1392 1392 1396 1396 1397 1397 1392 1392 1397 1397 1398 1398 1392 1392 1398 1398 1393 1393 1399 1399 2762 3429 1401 1401 1399 1399 1401 1401 1402 1402 1399 1399 1402 1402 1403 1403 1399 1399 1403 1403 1404 1404 1399 1399 1404 1404 1400 1400 1405 1405 1407 1407 1408 1408 1405 1405 1408 1408 1409 1409 1405 1405 1409 1409 1410 1410 1405 1405 1410 1410 1406 1406 1411 1411 1412 1412 2771 3446 1411 1411 2771 3446 1413 1413 1411 1411 1413 1413 1414 1414 1411 1411 1414 1414 1415 1415 1411 1411 1415 1415 1416 1416 1411 1411 1416 1416 1412 1412 1417 1417 1418 1418 2806 3512 1417 1417 2806 3512 1419 1419 1417 1417 1419 1419 1420 1420 1417 1417 1420 1420 1421 1421 1417 1417 1421 1421 1422 1422 1417 1417 1422 1422 1418 1418 1423 1423 1424 1424 2811 3521 1423 1423 1425 1425 1426 1426 1423 1423 1426 1426 1427 1427 1423 1423 1427 1427 1428 1428 1423 1423 1428 1428 1429 1429 1423 1423 1429 1429 1424 1424 1430 1430 1432 1432 1433 1433 1430 1430 1433 1433 1434 1434 1430 1430 1434 1434 1435 1435 1430 1430 1435 1435 1431 1431 1436 1436 1437 1437 2821 3540 1436 1436 2821 3540 1438 1438 1436 1436 1438 1438 1439 1439 1436 1436 1439 1439 1440 1440 1436 1436 1440 1440 1441 1441 1436 1436 1441 1441 1437 1437 1442 1442 1443 1443 2827 3550 1442 1442 2827 3550 1444 1444 1442 1442 1444 1444 1445 1445 1442 1442 1445 1445 1446 1446 1442 1442 1446 1446 1447 1447 1442 1442 1447 1447 1448 1448 1442 1442 1448 1448 1443 1443 1449 1449 1451 1451 1452 1452 1449 1449 1452 1452 1453 1453 1449 1449 1453 1453 1454 1454 1449 1449 1454 1454 1450 1450 1455 1455 1456 1456 1457 1457 1455 1455 1457 1457 1458 1458 1455 1455 1458 1458 1459 1459 1455 1455 1459 1459 1460 1460 1455 1455 1460 1460 1461 1461 1455 1455 1461 1461 1456 1456 1462 1462 1463 1463 2840 3575 1462 1462 2840 3575 1464 1464 1462 1462 1464 1464 1465 1465 1462 1462 1465 1465 1466 1466 1462 1462 1466 1466 1467 1467 1462 1462 1467 1467 1463 1463 1468 1468 2814 3526 1469 1469 1468 1468 1469 1469 1470 1470 1468 1468 1470 1470 1471 1471 1468 1468 1471 1471 1472 1472 1473 1473 1475 1475 1476 1476 1473 1473 1476 1476 1477 1477 1473 1473 1477 1477 1478 1478 1473 1473 1478 1478 1474 1474 1479 1479 1481 1481 1482 1482 1479 1479 1482 1482 1483 1483 1479 1479 1483 1483 1484 1484 1479 1479 1484 1484 1480 1480 1485 1485 1486 1486 2858 3606 1485 1485 2858 3606 1487 1487 1485 1485 1487 1487 1488 1488 1485 1485 1488 1488 1489 1489 1485 1485 1489 1489 1490 1490 1485 1485 1490 1490 1486 1486 1491 1491 2835 3563 1493 1493 1491 1491 1493 1493 1494 1494 1491 1491 1494 1494 1495 1495 1491 1491 1495 1495 1496 1496 1491 1491 1496 1496 1492 1492 1497 1497 1498 1498 2839 3571 1497 1497 2839 3571 1499 1499 1497 1497 1499 1499 1500 1500 1497 1497 1500 1500 1501 1501 1497 1497 1501 1501 1502 1502 1497 1497 1502 1502 1498 1498 1503 1503 1504 1504 2871 3628 1503 1503 2871 3628 1505 1505 1503 1503 1505 1505 1506 1506 1503 1503 1506 1506 1507 1507 1503 1503 1507 1507 1508 1508 1503 1503 1508 1508 1504 1504 1511 1511 1509 1509 2874 3635 1511 1511 2874 3635 2875 3638 1511 1511 2875 3638 1510 1510 1512 1512 2880 3648 1513 1513 1512 1512 1513 1513 1514 1514 1512 1512 1514 1514 1515 1515 1512 1512 1515 1515 2879 3645 1517 1517 1518 1518 2884 3656 1517 1517 2884 3656 2885 3659 1517 1517 2885 3659 1516 1516 1520 1520 2891 3670 1519 1519 1524 1524 1525 1525 1522 1522 1524 1524 2896 3680 1523 1523 1526 1526 1527 1527 1528 1528 1526 1526 1528 1528 1529 1529 1535 1535 1536 1536 1533 1533 1535 1535 2878 3641 1534 1534 1540 1540 1541 1541 1542 1542 1540 1540 1542 1542 1543 1543 1546 1546 1544 1544 1545 1545 1549 1549 1547 1547 2899 3683 1549 1549 2899 3683 1548 1548 1550 1550 1551 1551 1552 1552 1550 1550 1552 1552 1553 1553 1555 1555 2903 3693 1554 1554 1557 1557 1558 1558 1559 1559 2938 3771 2912 3710 1560 1560 2938 3771 1560 1560 1561 1561 2938 3771 1561 1561 1562 1562 1564 1564 2917 3721 1563 1563 1568 1568 1569 1569 1566 1566 2952 3798 1570 1570 1571 1571 2952 3798 1571 1571 1572 1572 1573 1573 1574 1574 1575 1575 1573 1573 2927 3743 1576 1576 1573 1573 1576 1576 1577 1577 1573 1573 1577 1577 1578 1578 1573 1573 1578 1578 1574 1574 1579 1579 1583 1583 2960 3814 1579 1579 2960 3814 1580 1580 1579 1579 1580 1580 1581 1581 1579 1579 1581 1581 1582 1582 1579 1579 1582 1582 1583 1583 2965 3824 1584 1584 1585 1585 2965 3824 1585 1585 1586 1586 2970 3833 1587 1587 1588 1588 2970 3833 1589 1589 1590 1590 2970 3833 1590 1590 1591 1591 2970 3833 1591 1591 1587 1587 1592 1592 2946 3843 1594 1594 1592 1592 1594 1594 1595 1595 1592 1592 1595 1595 1596 1596 1592 1592 1596 1596 1593 1593 1597 1597 1598 1598 1599 1599 1597 1597 1599 1599 1600 1600 1597 1597 1600 1600 2977 3850 1602 1602 2955 3802 1601 1601 1604 1604 1605 1605 2983 3862 1604 1604 2959 3810 1603 1603 1606 1606 1607 1607 1608 1608 1606 1606 1608 1608 1609 1609 1606 1606 1609 1609 2987 3869 1612 1612 2968 3828 1611 1611 1613 1613 1614 1614 1615 1615 1613 1613 1615 1615 1616 1616 1617 1617 2976 3846 1618 1618 1617 1617 1618 1618 1619 1619 1617 1617 1619 1619 1620 1620 1617 1617 1620 1620 2993 3884 1621 1621 1622 1622 1 1 1621 1621 5 5 1623 1623 1624 1624 1625 1625 1626 1626 1624 1624 1626 1626 205 205 1624 1624 205 205 1627 1627 1624 1624 1627 1627 1 1 1624 1624 1 1 1622 1622 1624 1624 1622 1622 1625 1625 1627 1627 205 205 204 204 1627 1627 204 204 1628 1628 1627 1627 1628 1628 2 2 1627 1627 2 2 1 1 1629 1629 11 11 1631 1631 1632 1632 1623 1623 5 5 1633 1633 1632 1632 5 5 1633 1633 5 5 4 4 1633 1633 4 4 1634 1634 1633 1633 1634 1634 8 8 1633 1633 8 8 7 7 1633 1633 7 7 1630 1630 1633 1633 1630 1630 1632 1632 12 12 1635 1635 1636 1636 12 12 1636 1636 13 13 12 12 17 17 1637 1637 12 12 1637 1637 1635 1635 1638 1638 1631 1631 11 11 1638 1638 13 13 1636 1636 1639 1639 1638 1638 11 11 1639 1639 11 11 10 10 1639 1639 10 10 1640 1640 1639 1639 1640 1640 14 14 1639 1639 14 14 13 13 1639 1639 13 13 1638 1638 1641 1641 1642 1642 19 19 1641 1641 24 24 1643 1643 1641 1641 1643 1643 1644 1644 1645 1645 1637 1637 17 17 1645 1645 17 17 1646 1646 1645 1645 1646 1646 19 19 1645 1645 19 19 1642 1642 1646 1646 17 17 16 16 1646 1646 16 16 1647 1647 1646 1646 1647 1647 21 21 1646 1646 21 21 20 20 1646 1646 20 20 19 19 25 25 1648 1648 1649 1649 25 25 1649 1649 26 26 25 25 30 30 1650 1650 25 25 1650 1650 1648 1648 1652 1654 1651 1651 1644 1652 1652 1654 1644 1652 1643 1653 1652 1654 1643 1653 24 1655 1652 1654 26 26 1649 1649 1652 1654 1649 1649 1651 1651 1652 1654 24 1655 23 1656 1652 1654 23 1656 1653 1657 1652 1654 1653 1657 27 27 1652 1654 27 27 26 26 1654 1658 1655 1659 31 31 1654 1658 31 31 36 36 1654 1658 36 36 1656 1660 1657 1661 1650 1650 30 30 1658 1662 1657 1661 30 30 1658 1662 30 30 29 29 1658 1662 29 29 1659 1663 1658 1662 1659 1663 33 33 1658 1662 33 33 32 32 1658 1662 32 32 1655 1659 1658 1662 1655 1659 1657 1661 1660 1664 1661 1665 38 38 1660 1664 38 38 37 37 1660 1664 37 37 1662 1666 1663 1667 1664 1668 1656 1660 1663 1667 1656 1660 36 36 1663 1667 36 36 1665 1669 1663 1667 1665 1669 38 38 1663 1667 38 38 1661 1665 1663 1667 1661 1665 1664 1668 1666 1670 1665 1669 36 36 1666 1670 36 36 35 35 1666 1670 35 35 1667 1671 1666 1670 1667 1671 39 39 1666 1670 39 39 38 38 1666 1670 38 38 1665 1669 1668 1672 1669 1673 44 44 1668 1672 49 49 1670 1674 1671 1675 44 44 1669 1673 1672 1676 1671 1675 1662 1666 1672 1676 1662 1666 42 42 1672 1676 42 42 41 41 1672 1676 41 41 1673 1677 1672 1676 1673 1677 45 45 1672 1676 45 45 44 44 1672 1676 44 44 1671 1675 1677 1681 1678 1682 1670 1674 1677 1681 1670 1674 49 49 1677 1681 49 49 1679 1683 1677 1681 1679 1683 1675 1679 1677 1681 1675 1679 1678 1682 1679 1683 49 49 48 48 1679 1683 48 48 47 47 1679 1683 47 47 1680 1684 1679 1683 1680 1684 52 52 1679 1683 52 52 51 51 1679 1683 51 51 1675 1679 57 57 1681 1685 1682 1686 57 57 1682 1686 58 58 57 57 64 64 1683 1687 57 57 1683 1687 1681 1685 1684 1688 1676 1680 1685 1689 1684 1688 1685 1689 58 58 1684 1688 58 58 1682 1686 1685 1689 1676 1680 55 55 1685 1689 55 55 54 54 1685 1689 54 54 1686 1690 1685 1689 1686 1690 60 60 1685 1689 60 60 59 59 1685 1689 59 59 58 58 65 65 1687 1691 1688 1692 65 65 1688 1692 66 66 65 65 71 71 1689 1693 65 65 1689 1693 1687 1691 1690 1694 1691 1695 1683 1687 1690 1694 1683 1687 64 64 1690 1694 64 64 1692 1696 1690 1694 1692 1696 66 66 1690 1694 66 66 1688 1692 1690 1694 1688 1692 1691 1695 1693 1697 1692 1696 64 64 1693 1697 64 64 63 63 1693 1697 63 63 62 62 1693 1697 62 62 1694 1698 1693 1697 1694 1698 68 68 1693 1697 68 68 67 67 1693 1697 67 67 66 66 1693 1697 66 66 1692 1696 1695 1699 1696 1700 73 73 1695 1699 73 73 72 72 1695 1699 72 72 77 77 1695 1699 77 77 1697 1701 1698 1702 1689 1693 71 71 1698 1702 73 73 1696 1700 1699 1703 1698 1702 71 71 1699 1703 71 71 70 70 1699 1703 70 70 1700 1704 1699 1703 1700 1704 74 74 1699 1703 74 74 73 73 1699 1703 73 73 1698 1702 78 78 1701 1705 1702 1706 78 78 1702 1706 79 79 78 78 84 84 1703 1707 78 78 1703 1707 1701 1705 1704 1708 1705 1709 1697 1710 1704 1708 1697 1710 77 1712 1704 1708 77 1712 1706 1711 1704 1708 1706 1711 79 79 1704 1708 79 79 1702 1706 1704 1708 1702 1706 1705 1709 1706 1711 77 1712 76 1713 1706 1711 76 1713 1707 1714 1706 1711 1707 1714 81 81 1706 1711 81 81 80 80 1706 1711 80 80 79 79 85 85 1708 1715 1709 1716 85 85 1709 1716 86 86 85 85 90 90 1710 1717 85 85 1710 1717 1708 1715 1711 1718 1703 1707 84 84 1711 1718 86 86 1709 1716 1712 1719 1711 1718 84 84 1712 1719 84 84 83 83 1712 1719 83 83 1713 1720 1712 1719 1713 1720 87 87 1712 1719 87 87 86 86 1712 1719 86 86 1711 1718 91 91 1714 1721 1715 1722 91 91 96 96 1716 1723 91 91 1716 1723 1714 1721 1717 1724 1710 1717 90 90 1717 1724 90 90 1718 1725 1717 1724 1718 1725 1715 1722 1718 1725 90 90 89 89 1718 1725 89 89 1719 1726 1718 1725 1719 1726 93 93 1718 1725 93 93 92 92 1718 1725 92 92 1715 1722 1720 1727 1721 1728 98 98 1720 1727 103 103 1722 1729 1723 1730 1716 1723 96 96 1723 1730 98 98 1721 1728 1724 1731 1723 1730 96 96 1724 1731 96 96 95 95 1724 1731 95 95 1725 1732 1724 1731 1725 1732 99 99 1724 1731 99 99 98 98 1724 1731 98 98 1723 1730 1726 1733 1727 1734 105 105 1726 1733 109 109 1728 1735 1729 1736 1730 1737 1722 1729 1729 1736 1722 1729 103 103 1729 1736 103 103 1731 1738 1729 1736 1731 1738 105 105 1729 1736 105 105 1727 1734 1729 1736 1727 1734 1730 1737 1731 1738 103 103 102 102 1731 1738 102 102 101 101 1731 1738 101 101 1732 1739 1731 1738 1732 1739 106 106 1731 1738 106 106 105 105 110 110 1733 1740 1734 1741 110 110 115 115 1735 1742 110 110 1735 1742 1733 1740 1737 1744 1736 1743 1728 1735 1737 1744 1728 1735 109 109 1737 1744 1734 1741 1736 1743 1737 1744 109 109 108 108 1737 1744 108 108 1738 1745 1737 1744 1738 1745 112 112 1737 1744 112 112 111 111 1737 1744 111 111 1734 1741 116 116 1739 1746 1740 1747 116 116 1740 1747 117 117 116 116 121 121 1741 1748 116 116 1741 1748 1739 1746 1742 1749 1735 1742 115 115 1742 1749 117 117 1740 1747 1743 1750 1742 1749 115 115 1743 1750 115 115 114 114 1743 1750 114 114 1744 1751 1743 1750 1744 1751 118 118 1743 1750 118 118 117 117 1743 1750 117 117 1742 1749 1745 1752 1746 1753 123 123 1745 1752 123 123 122 122 1745 1752 122 122 127 127 1745 1752 127 127 1747 1754 1748 1755 1741 1756 121 1760 1748 1755 121 1760 1749 1759 1748 1755 1749 1759 123 1757 1748 1755 123 1757 1746 1758 1749 1759 121 1760 120 1761 1749 1759 120 1761 1750 1762 1749 1759 1750 1762 124 1763 1749 1759 124 1763 123 1757 128 128 1751 1764 1752 1765 128 128 1752 1765 129 129 128 128 133 133 1753 1766 128 128 1753 1766 1751 1764 1754 1767 1755 1768 1747 1769 1754 1767 1747 1769 127 1771 1754 1767 127 1771 1756 1770 1754 1767 1756 1770 129 129 1754 1767 129 129 1752 1765 1754 1767 1752 1765 1755 1768 1756 1770 127 1771 126 1772 1756 1770 126 1772 1757 1773 1756 1770 1757 1773 130 130 1756 1770 130 130 129 129 1758 1774 1759 1775 135 135 1758 1774 135 135 134 134 1758 1774 134 134 139 139 1758 1774 139 139 1760 1776 1761 1777 1753 1766 133 133 1761 1777 135 135 1759 1775 1762 1778 1761 1777 133 133 1762 1778 133 133 132 132 1762 1778 132 132 1763 1779 1762 1778 1763 1779 136 136 1762 1778 136 136 135 135 1762 1778 135 135 1761 1777 1764 1780 1765 1781 141 141 1764 1780 141 141 140 140 1764 1780 140 140 1766 1782 1767 1783 1760 1776 139 139 1767 1783 139 139 1768 1784 1767 1783 1768 1784 141 141 1767 1783 141 141 1765 1781 1768 1784 139 139 138 138 1768 1784 138 138 1769 1785 1768 1784 1769 1785 142 142 1768 1784 142 142 141 141 1770 1786 152 152 1772 1788 1774 1790 1773 1789 1766 1782 1774 1790 1766 1782 145 145 1774 1790 145 145 144 144 1774 1790 144 144 1775 1791 1774 1790 1775 1791 148 148 1774 1790 148 148 147 147 1774 1790 147 147 1771 1787 1774 1790 1771 1787 1773 1789 1779 1795 1780 1796 1772 1788 1779 1795 1772 1788 152 152 1779 1795 152 152 1781 1797 1779 1795 1781 1797 1777 1793 1779 1795 1777 1793 1780 1796 1781 1797 152 152 151 151 1781 1797 151 151 150 150 1781 1797 150 150 1782 1798 1781 1797 1782 1798 155 155 1781 1797 155 155 154 154 1781 1797 154 154 1777 1793 159 159 1783 1799 1784 1800 159 159 1784 1800 160 160 159 159 164 164 1785 1801 159 159 1785 1801 1783 1799 1787 1803 1786 1802 1778 1794 1787 1803 160 160 1784 1800 1787 1803 1784 1800 1786 1802 1787 1803 1778 1794 158 158 1787 1803 158 158 157 157 1787 1803 157 157 1788 1804 1787 1803 1788 1804 161 161 1787 1803 161 161 160 160 165 165 1789 1805 1790 1806 165 165 170 170 1791 1807 165 165 1791 1807 1789 1805 1792 1808 1785 1801 164 164 1793 1809 1792 1808 164 164 1793 1809 164 164 163 163 1793 1809 163 163 1794 1810 1793 1809 1794 1810 167 167 1793 1809 167 167 166 166 1793 1809 166 166 1790 1806 1793 1809 1790 1806 1792 1808 172 172 1795 1811 1797 1813 172 172 171 171 177 177 172 172 177 177 1796 1812 172 172 1796 1812 1795 1811 1797 1813 1791 1814 170 1815 1797 1813 170 1815 173 173 1797 1813 173 173 172 172 173 173 170 1815 169 1816 173 173 169 1816 1798 1817 173 173 1798 1817 174 174 1799 1818 1800 1819 179 179 1799 1818 179 179 178 178 1799 1818 178 178 184 184 1799 1818 184 184 1801 1820 1802 1821 1803 1822 1796 1812 1802 1821 1796 1812 177 177 1802 1821 177 177 1804 1823 1802 1821 1804 1823 179 179 1802 1821 179 179 1800 1819 1802 1821 1800 1819 1803 1822 1804 1823 177 177 176 176 1804 1823 176 176 1805 1824 1804 1823 1805 1824 181 181 1804 1823 181 181 180 180 1804 1823 180 180 179 179 1806 1825 1807 1826 186 186 1806 1825 186 186 185 185 1806 1825 185 185 1808 1827 1810 1829 1809 1828 1801 1820 1810 1829 1801 1820 184 184 1810 1829 186 186 1807 1826 1810 1829 1807 1826 1809 1828 1810 1829 184 184 183 183 1810 1829 183 183 1811 1830 1810 1829 1811 1830 187 187 1810 1829 187 187 186 186 1812 1831 371 371 370 370 1812 1831 370 370 1813 1832 1812 1831 1813 1832 193 193 1812 1831 193 193 192 192 1812 1831 192 192 199 199 1812 1831 199 199 1814 1833 1812 1831 1814 1833 372 372 1812 1831 372 372 371 371 1815 1834 1816 1835 35 35 1815 1834 35 35 34 34 1815 1834 34 34 33 33 1815 1834 33 33 1817 1836 1815 1834 1817 1836 193 193 1815 1834 193 193 1813 1832 1815 1834 1813 1832 370 370 1815 1834 370 370 1816 1835 1818 1837 1817 1836 33 33 1818 1837 33 33 1659 1663 1818 1837 1659 1663 29 29 1818 1837 29 29 1819 1838 1818 1837 1819 1838 195 195 1818 1837 195 195 194 194 1818 1837 194 194 193 193 1818 1837 193 193 1817 1836 1820 1839 1821 1840 201 201 1820 1839 205 205 1626 1626 1822 1841 201 201 1821 1840 1824 1843 1822 1841 1823 1842 1824 1843 1823 1842 211 211 1824 1843 211 211 210 210 1824 1843 210 210 1825 1844 1824 1843 1825 1844 202 202 1824 1843 202 202 201 201 1824 1843 201 201 1822 1841 206 206 1826 1845 1827 1846 206 206 1823 1842 1826 1845 1829 1848 1828 1847 1808 1827 1829 1848 1808 1827 190 190 1829 1848 190 190 189 189 1829 1848 189 189 1830 1849 1829 1848 1830 1849 208 208 1829 1848 208 208 207 207 1829 1848 207 207 1827 1846 1829 1848 1827 1846 1828 1847 1831 1850 530 530 1832 1851 1831 1850 1832 1851 213 213 1831 1850 213 213 217 217 1831 1850 217 217 1833 1852 1831 1850 1833 1852 531 531 1831 1850 531 531 530 530 1832 1851 1834 1853 408 1854 1832 1851 408 1854 1835 1855 1832 1851 1835 1855 251 1856 1832 1851 251 1856 1836 1857 1832 1851 1836 1857 213 213 1832 1851 530 530 1834 1853 1837 1858 1836 1857 251 1856 1837 1858 251 1856 250 1859 1837 1858 250 1859 249 1860 1837 1858 249 1860 1838 1861 1837 1858 1838 1861 214 214 1837 1858 214 214 212 212 1837 1858 212 212 213 213 1837 1858 213 213 1836 1857 1839 1862 380 380 379 379 1839 1862 379 379 1840 1863 1839 1862 1840 1863 219 219 1839 1862 225 225 1841 1864 1839 1862 1841 1864 381 381 1839 1862 381 381 380 380 1842 1865 1843 1866 157 157 1842 1865 157 157 156 156 1842 1865 156 156 155 155 1842 1865 155 155 1844 1867 1842 1865 1844 1867 219 219 1842 1865 219 219 1840 1863 1842 1865 1840 1863 379 379 1842 1865 379 379 1843 1866 1845 1868 1844 1867 155 155 1845 1868 155 155 1782 1798 1845 1868 1782 1798 150 150 1845 1868 150 150 1846 1869 1845 1868 1846 1869 221 221 1845 1868 221 221 220 220 1845 1868 220 220 219 219 1845 1868 219 219 1844 1867 1847 1870 389 389 388 388 1847 1870 388 388 1848 1871 1847 1870 1848 1871 228 228 1847 1870 228 228 227 227 1847 1870 227 227 234 234 1847 1870 234 234 1849 1872 1847 1870 1849 1872 390 390 1847 1870 390 390 389 389 1850 1873 1851 1874 83 83 1850 1873 83 83 82 82 1850 1873 82 82 81 81 1850 1873 81 81 1852 1875 1850 1873 1852 1875 228 228 1850 1873 228 228 1848 1871 1850 1873 1848 1871 388 388 1850 1873 388 388 1851 1874 1853 1876 1852 1875 81 81 1853 1876 81 81 1707 1714 1853 1876 1707 1714 76 1713 1853 1876 76 1713 1854 1877 1853 1876 1854 1877 230 230 1853 1876 230 230 229 229 1853 1876 229 229 228 228 1853 1876 228 228 1852 1875 1855 1878 458 458 457 457 1855 1878 457 457 1856 1879 1855 1878 1856 1879 236 236 1855 1878 242 242 1857 1880 1855 1878 1857 1880 459 459 1855 1878 459 459 458 458 1858 1881 1859 1882 204 204 1858 1881 204 204 203 203 1858 1881 203 203 202 202 1858 1881 202 202 1860 1883 1858 1881 1860 1883 236 236 1858 1881 236 236 1856 1879 1858 1881 1856 1879 457 457 1858 1881 457 457 1859 1882 1861 1884 1860 1883 202 202 1861 1884 202 202 1825 1844 1861 1884 1825 1844 210 210 1861 1884 210 210 1862 1885 1861 1884 1862 1885 238 238 1861 1884 238 238 237 237 1861 1884 237 237 236 236 1861 1884 236 236 1860 1883 1863 1886 407 1887 406 1888 1863 1886 406 1888 1864 1889 1863 1886 1864 1889 245 1890 1863 1886 245 1890 244 1891 1863 1886 244 1891 251 1892 1863 1886 251 1892 1835 1893 1863 1886 1835 1893 408 1894 1863 1886 408 1894 407 1887 1865 1895 1866 1896 126 126 1865 1895 126 126 125 125 1865 1895 125 125 124 124 1865 1895 124 124 1867 1897 1865 1895 1867 1897 245 1890 1865 1895 245 1890 1864 1889 1865 1895 1864 1889 406 1888 1865 1895 406 1888 1866 1896 1868 1898 1867 1899 124 1763 1868 1898 124 1763 1750 1762 1868 1898 1750 1762 120 1761 1868 1898 120 1761 1869 1900 1868 1898 1869 1900 247 247 1868 1898 247 247 246 246 1868 1898 246 246 245 245 1868 1898 245 245 1867 1899 1870 1901 415 415 414 414 1870 1901 414 414 1871 1902 1870 1901 1871 1902 253 253 1870 1901 259 259 1872 1903 1870 1901 1872 1903 416 416 1870 1901 416 416 415 415 1873 1904 1874 1905 47 47 1873 1904 47 47 46 46 1873 1904 46 46 45 45 1873 1904 45 45 1875 1906 1873 1904 1875 1906 253 253 1873 1904 253 253 1871 1902 1873 1904 1871 1902 414 414 1873 1904 414 414 1874 1905 1876 1907 1875 1906 45 45 1876 1907 45 45 1673 1677 1876 1907 1673 1677 41 41 1876 1907 41 41 1877 1908 1876 1907 1877 1908 255 255 1876 1907 255 255 254 254 1876 1907 254 254 253 253 1876 1907 253 253 1875 1906 1878 1909 424 1910 423 1911 1878 1909 423 1911 1879 1912 1878 1909 1879 1912 262 262 1878 1909 262 262 261 261 1878 1909 261 261 268 268 1878 1909 268 268 1880 1913 1878 1909 1880 1913 425 1914 1878 1909 425 1914 424 1910 1881 1915 1882 1916 169 169 1881 1915 169 169 168 168 1881 1915 168 168 167 167 1881 1915 167 167 1883 1917 1881 1915 1883 1917 262 262 1881 1915 262 262 1879 1912 1881 1915 1879 1912 423 1911 1881 1915 423 1911 1882 1916 1884 1918 1883 1917 167 167 1884 1918 167 167 1794 1810 1884 1918 1794 1810 163 163 1884 1918 163 163 1885 1919 1884 1918 1885 1919 264 264 1884 1918 264 264 263 263 1884 1918 263 263 262 262 1884 1918 262 262 1883 1917 1886 1920 432 432 431 431 1886 1920 431 431 1887 1921 1886 1920 1887 1921 271 271 1886 1920 271 271 270 270 1886 1920 270 270 277 277 1886 1920 277 277 1888 1922 1886 1920 1888 1922 433 433 1886 1920 433 433 432 432 1889 1923 1890 1924 95 95 1889 1923 95 95 94 94 1889 1923 94 94 93 93 1889 1923 93 93 1891 1925 1889 1923 1891 1925 271 271 1889 1923 271 271 1887 1921 1889 1923 1887 1921 431 431 1889 1923 431 431 1890 1924 1892 1926 1891 1925 93 93 1892 1926 93 93 1719 1726 1892 1926 1719 1726 89 89 1892 1926 89 89 1893 1927 1892 1926 1893 1927 273 273 1892 1926 273 273 272 272 1892 1926 272 272 271 271 1892 1926 271 271 1891 1925 1894 1928 441 1929 440 1930 1894 1928 440 1930 1895 1931 1894 1928 1895 1931 280 280 1894 1928 280 280 279 279 1894 1928 279 279 286 286 1894 1928 286 286 1896 1932 1894 1928 1896 1932 442 1933 1894 1928 442 1933 441 1929 1897 1934 1898 1935 16 16 1897 1934 16 16 15 15 1897 1934 15 15 14 14 1897 1934 14 14 1899 1936 1897 1934 1899 1936 280 280 1897 1934 280 280 1895 1931 1897 1934 1895 1931 440 1930 1897 1934 440 1930 1898 1935 1900 1937 1899 1936 14 14 1900 1937 14 14 1640 1640 1900 1937 1640 1640 10 10 1900 1937 10 10 1901 1938 1900 1937 1901 1938 282 282 1900 1937 282 282 281 281 1900 1937 281 281 280 280 1900 1937 280 280 1899 1936 288 288 450 450 449 449 288 288 449 449 1902 1939 288 288 1902 1939 289 289 288 288 295 295 1903 1940 288 288 1903 1940 451 451 288 288 451 451 450 450 1904 1941 1905 1942 138 138 1904 1941 138 138 137 137 1904 1941 137 137 136 136 1904 1941 136 136 1906 1943 1904 1941 1906 1943 289 289 1904 1941 289 289 1902 1939 1904 1941 1902 1939 449 449 1904 1941 449 449 1905 1942 1907 1944 1906 1943 136 136 1907 1944 136 136 1763 1779 1907 1944 1763 1779 132 132 1907 1944 132 132 1908 1945 1907 1944 1908 1945 291 291 1907 1944 291 291 290 290 1907 1944 290 290 289 289 1907 1944 289 289 1906 1943 1909 1946 467 467 466 466 1909 1946 466 466 1910 1947 1909 1946 1910 1947 298 298 1909 1946 298 298 297 297 1909 1946 297 297 304 304 1909 1946 304 304 1911 1948 1909 1946 1911 1948 468 468 1909 1946 468 468 467 467 1912 1949 1913 1950 62 62 1912 1949 62 62 61 61 1912 1949 61 61 60 60 1912 1949 60 60 1914 1951 1912 1949 1914 1951 298 298 1912 1949 298 298 1910 1947 1912 1949 1910 1947 466 466 1912 1949 466 466 1913 1950 1915 1952 1914 1951 60 60 1915 1952 60 60 1686 1690 1915 1952 1686 1690 54 54 1915 1952 54 54 1916 1953 1915 1952 1916 1953 300 300 1915 1952 300 300 299 299 1915 1952 299 299 298 298 1915 1952 298 298 1914 1951 1917 1954 476 476 475 475 1917 1954 475 475 1918 1955 1917 1954 1918 1955 307 307 1917 1954 307 307 306 306 1917 1954 306 306 313 313 1917 1954 313 313 1919 1956 1917 1954 1919 1956 477 477 1917 1954 477 477 476 476 1920 1957 1921 1958 183 183 1920 1957 183 183 182 182 1920 1957 182 182 181 181 1920 1957 181 181 1922 1959 1920 1957 1922 1959 307 307 1920 1957 307 307 1918 1955 1920 1957 1918 1955 475 475 1920 1957 475 475 1921 1958 1923 1960 1922 1959 181 181 1923 1960 181 181 1805 1824 1923 1960 1805 1824 176 176 1923 1960 176 176 1924 1961 1923 1960 1924 1961 309 309 1923 1960 309 309 308 308 1923 1960 308 308 307 307 1923 1960 307 307 1922 1959 1925 1962 485 485 484 484 1925 1962 484 484 1926 1963 1925 1962 1926 1963 315 315 1925 1962 315 315 314 314 1925 1962 314 314 321 321 1925 1962 321 321 1927 1964 1925 1962 1927 1964 486 486 1925 1962 486 486 485 485 1928 1965 1929 1966 108 108 1928 1965 108 108 107 107 1928 1965 107 107 106 106 1928 1965 106 106 1930 1967 1928 1965 1930 1967 315 315 1928 1965 315 315 1926 1963 1928 1965 1926 1963 484 484 1928 1965 484 484 1929 1966 1931 1968 1930 1967 106 106 1931 1968 106 106 1732 1739 1931 1968 1732 1739 101 101 1931 1968 101 101 1932 1969 1931 1968 1932 1969 317 317 1931 1968 317 317 316 316 1931 1968 316 316 315 315 1931 1968 315 315 1930 1967 1933 1970 196 196 195 195 1933 1970 195 195 1934 1971 1933 1970 1934 1971 324 324 1933 1970 324 324 323 323 1933 1970 323 323 330 330 1933 1970 330 330 1935 1972 1933 1970 1935 1972 197 197 1933 1970 197 197 196 196 1936 1973 1819 1838 29 29 1936 1973 29 29 28 28 1936 1973 28 28 27 27 1936 1973 27 27 1937 1974 1936 1973 1937 1974 324 324 1936 1973 324 324 1934 1971 1936 1973 1934 1971 195 195 1936 1973 195 195 1819 1838 1938 1975 1937 1974 27 27 1938 1975 27 27 1653 1657 1938 1975 1653 1657 23 1656 1938 1975 23 1656 1939 1976 1938 1975 1939 1976 326 326 1938 1975 326 326 325 325 1938 1975 325 325 324 324 1938 1975 324 324 1937 1974 1940 1977 222 222 221 221 1940 1977 221 221 1941 1978 1940 1977 1941 1978 332 332 1940 1977 338 338 1942 1979 1940 1977 1942 1979 223 223 1940 1977 223 223 222 222 1943 1980 1846 1869 150 150 1943 1980 150 150 149 149 1943 1980 149 149 148 148 1943 1980 148 148 1944 1981 1943 1980 1944 1981 332 332 1943 1980 332 332 1941 1978 1943 1980 1941 1978 221 221 1943 1980 221 221 1846 1869 1945 1982 1944 1981 148 148 1945 1982 148 148 1775 1791 1945 1982 1775 1791 144 144 1945 1982 144 144 1946 1983 1945 1982 1946 1983 334 334 1945 1982 334 334 333 333 1945 1982 333 333 332 332 1945 1982 332 332 1944 1981 1947 1984 231 1985 230 1986 1947 1984 230 1986 1948 1987 1947 1984 1948 1987 341 1988 1947 1984 341 1988 340 1989 1947 1984 340 1989 347 1990 1947 1984 347 1990 1949 1991 1947 1984 1949 1991 232 1992 1947 1984 232 1992 231 1985 1950 1993 1854 1994 76 76 1950 1993 76 76 75 75 1950 1993 75 75 74 74 1950 1993 74 74 1951 1995 1950 1993 1951 1995 341 1988 1950 1993 341 1988 1948 1987 1950 1993 1948 1987 230 1986 1950 1993 230 1986 1854 1994 1952 1996 1951 1997 74 1998 1952 1996 74 1998 1700 1999 1952 1996 1700 1999 70 2000 1952 1996 70 2000 1953 2001 1952 1996 1953 2001 343 343 1952 1996 343 343 342 342 1952 1996 342 342 341 341 1952 1996 341 341 1951 1997 1954 2002 239 239 238 238 1954 2002 238 238 1955 2003 1954 2002 1955 2003 350 350 1954 2002 350 350 349 349 1954 2002 349 349 356 356 1954 2002 356 356 1956 2004 1954 2002 1956 2004 240 240 1954 2002 240 240 239 239 1957 2005 1862 1885 210 210 1957 2005 210 210 209 209 1957 2005 209 209 208 208 1957 2005 208 208 1958 2006 1957 2005 1958 2006 350 350 1957 2005 350 350 1955 2003 1957 2005 1955 2003 238 238 1957 2005 238 238 1862 1885 1959 2007 1958 2006 208 208 1959 2007 208 208 1830 1849 1959 2007 1830 1849 189 189 1959 2007 189 189 1960 2008 1959 2007 1960 2008 352 352 1959 2007 352 352 351 351 1959 2007 351 351 350 350 1959 2007 350 350 1958 2006 1961 2009 248 2010 247 2011 1961 2009 247 2011 1962 2012 1961 2009 1962 2012 359 359 1961 2009 359 359 358 358 1961 2009 358 358 365 365 1961 2009 365 365 1963 2013 1961 2009 1963 2013 249 2014 1961 2009 249 2014 248 2010 1964 2015 1869 2016 120 120 1964 2015 120 120 119 119 1964 2015 119 119 118 118 1964 2015 118 118 1965 2017 1964 2015 1965 2017 359 359 1964 2015 359 359 1962 2012 1964 2015 1962 2012 247 2011 1964 2015 247 2011 1869 2016 1966 2018 1965 2017 118 118 1966 2018 118 118 1744 1751 1966 2018 1744 1751 114 114 1966 2018 114 114 1967 2019 1966 2018 1967 2019 361 361 1966 2018 361 361 360 360 1966 2018 360 360 359 359 1966 2018 359 359 1965 2017 1968 2020 256 256 255 255 1968 2020 255 255 1969 2021 1968 2020 1969 2021 368 368 1968 2020 368 368 367 367 1968 2020 367 367 374 374 1968 2020 374 374 1970 2022 1968 2020 1970 2022 257 257 1968 2020 257 257 256 256 1971 2023 1877 1908 41 41 1971 2023 41 41 40 40 1971 2023 40 40 39 39 1971 2023 39 39 1972 2024 1971 2023 1972 2024 368 368 1971 2023 368 368 1969 2021 1971 2023 1969 2021 255 255 1971 2023 255 255 1877 1908 1973 2025 1972 2024 39 39 1973 2025 39 39 1667 1671 1973 2025 1667 1671 35 35 1973 2025 35 35 1816 1835 1973 2025 1816 1835 370 370 1973 2025 370 370 369 369 1973 2025 369 369 368 368 1973 2025 368 368 1972 2024 1974 2026 265 265 264 264 1974 2026 264 264 1975 2027 1974 2026 1975 2027 377 377 1974 2026 377 377 376 376 1974 2026 376 376 383 383 1974 2026 383 383 1976 2028 1974 2026 1976 2028 266 266 1974 2026 266 266 265 265 1977 2029 1885 1919 163 163 1977 2029 163 163 162 162 1977 2029 162 162 161 161 1977 2029 161 161 1978 2030 1977 2029 1978 2030 377 377 1977 2029 377 377 1975 2027 1977 2029 1975 2027 264 264 1977 2029 264 264 1885 1919 1979 2031 1978 2030 161 161 1979 2031 161 161 1788 1804 1979 2031 1788 1804 157 157 1979 2031 157 157 1843 1866 1979 2031 1843 1866 379 379 1979 2031 379 379 378 378 1979 2031 378 378 377 377 1979 2031 377 377 1978 2030 1980 2032 274 274 273 273 1980 2032 273 273 1981 2033 1980 2032 1981 2033 386 386 1980 2032 386 386 385 385 1980 2032 385 385 392 392 1980 2032 392 392 1982 2034 1980 2032 1982 2034 275 275 1980 2032 275 275 274 274 1983 2035 1893 1927 89 89 1983 2035 89 89 88 88 1983 2035 88 88 87 87 1983 2035 87 87 1984 2036 1983 2035 1984 2036 386 386 1983 2035 386 386 1981 2033 1983 2035 1981 2033 273 273 1983 2035 273 273 1893 1927 1985 2037 1984 2036 87 87 1985 2037 87 87 1713 1720 1985 2037 1713 1720 83 83 1985 2037 83 83 1851 1874 1985 2037 1851 1874 388 388 1985 2037 388 388 387 387 1985 2037 387 387 386 386 1985 2037 386 386 1984 2036 1986 2038 283 283 282 282 1986 2038 282 282 1987 2039 1986 2038 1987 2039 395 395 1986 2038 395 395 394 394 1986 2038 394 394 401 401 1986 2038 401 401 1988 2040 1986 2038 1988 2040 284 284 1986 2038 284 284 283 283 1989 2041 1901 1938 10 10 1989 2041 10 10 9 9 1989 2041 9 9 8 8 1989 2041 8 8 1990 2042 1989 2041 1990 2042 395 395 1989 2041 395 395 1987 2039 1989 2041 1987 2039 282 282 1989 2041 282 282 1901 1938 1991 2043 1990 2042 8 8 1991 2043 8 8 1634 1634 1991 2043 1634 1634 4 4 1991 2043 4 4 1992 2044 1991 2043 1992 2044 397 397 1991 2043 397 397 396 396 1991 2043 396 396 395 395 1991 2043 395 395 1990 2042 1993 2045 292 292 291 291 1993 2045 291 291 1994 2046 1993 2045 1994 2046 404 404 1993 2045 404 404 403 403 1993 2045 403 403 410 410 1993 2045 410 410 1995 2047 1993 2045 1995 2047 293 293 1993 2045 293 293 292 292 1996 2048 1908 1945 132 132 1996 2048 132 132 131 131 1996 2048 131 131 130 130 1996 2048 130 130 1997 2049 1996 2048 1997 2049 404 404 1996 2048 404 404 1994 2046 1996 2048 1994 2046 291 291 1996 2048 291 291 1908 1945 1998 2050 1997 2049 130 130 1998 2050 130 130 1757 1773 1998 2050 1757 1773 126 1772 1998 2050 126 1772 1866 2051 1998 2050 1866 2051 406 406 1998 2050 406 406 405 405 1998 2050 405 405 404 404 1998 2050 404 404 1997 2049 1999 2052 301 301 300 300 1999 2052 300 300 2000 2053 1999 2052 2000 2053 412 412 1999 2052 412 412 411 411 1999 2052 411 411 418 418 1999 2052 418 418 2001 2054 1999 2052 2001 2054 302 302 1999 2052 302 302 301 301 2002 2055 1916 1953 54 54 2002 2055 54 54 53 53 2002 2055 53 53 52 52 2002 2055 52 52 2003 2056 2002 2055 2003 2056 412 412 2002 2055 412 412 2000 2053 2002 2055 2000 2053 300 300 2002 2055 300 300 1916 1953 2004 2057 2003 2056 52 52 2004 2057 52 52 1680 1684 2004 2057 1680 1684 47 47 2004 2057 47 47 1874 1905 2004 2057 1874 1905 414 414 2004 2057 414 414 413 413 2004 2057 413 413 412 412 2004 2057 412 412 2003 2056 2005 2058 310 310 309 309 2005 2058 309 309 2006 2059 2005 2058 2006 2059 421 421 2005 2058 421 421 420 420 2005 2058 420 420 427 427 2005 2058 427 427 2007 2060 2005 2058 2007 2060 311 311 2005 2058 311 311 310 310 2008 2061 1924 1961 176 176 2008 2061 176 176 175 175 2008 2061 175 175 174 174 2008 2061 174 174 2009 2062 2008 2061 2009 2062 421 421 2008 2061 421 421 2006 2059 2008 2061 2006 2059 309 309 2008 2061 309 309 1924 1961 2010 2063 2009 2062 174 174 2010 2063 174 174 1798 1817 2010 2063 1798 1817 169 1816 2010 2063 169 1816 1882 2064 2010 2063 1882 2064 423 423 2010 2063 423 423 422 422 2010 2063 422 422 421 421 2010 2063 421 421 2009 2062 2011 2065 318 318 317 317 2011 2065 317 317 2012 2066 2011 2065 2012 2066 429 429 2011 2065 429 429 428 428 2011 2065 428 428 435 435 2011 2065 435 435 2013 2067 2011 2065 2013 2067 319 319 2011 2065 319 319 318 318 2014 2068 1932 1969 101 101 2014 2068 101 101 100 100 2014 2068 100 100 99 99 2014 2068 99 99 2015 2069 2014 2068 2015 2069 429 429 2014 2068 429 429 2012 2066 2014 2068 2012 2066 317 317 2014 2068 317 317 1932 1969 2016 2070 2015 2069 99 99 2016 2070 99 99 1725 1732 2016 2070 1725 1732 95 95 2016 2070 95 95 1890 1924 2016 2070 1890 1924 431 431 2016 2070 431 431 430 430 2016 2070 430 430 429 429 2016 2070 429 429 2015 2069 2017 2071 327 2072 326 2073 2017 2071 326 2073 2018 2074 2017 2071 2018 2074 438 2075 2017 2071 438 2075 437 2076 2017 2071 437 2076 444 2077 2017 2071 444 2077 2019 2078 2017 2071 2019 2078 328 2079 2017 2071 328 2079 327 2072 2020 2080 1939 2081 23 23 2020 2080 23 23 22 22 2020 2080 22 22 21 21 2020 2080 21 21 2021 2082 2020 2080 2021 2082 438 2075 2020 2080 438 2075 2018 2074 2020 2080 2018 2074 326 2073 2020 2080 326 2073 1939 2081 2022 2083 2021 2084 21 2085 2022 2083 21 2085 1647 2086 2022 2083 1647 2086 16 2087 2022 2083 16 2087 1898 2088 2022 2083 1898 2088 440 440 2022 2083 440 440 439 439 2022 2083 439 439 438 438 2022 2083 438 438 2021 2084 2023 2089 335 335 334 334 2023 2089 334 334 2024 2090 2023 2089 2024 2090 447 447 2023 2089 447 447 446 446 2023 2089 446 446 453 453 2023 2089 453 453 2025 2091 2023 2089 2025 2091 336 336 2023 2089 336 336 335 335 2026 2092 1946 1983 144 144 2026 2092 144 144 143 143 2026 2092 143 143 142 142 2026 2092 142 142 2027 2093 2026 2092 2027 2093 447 447 2026 2092 447 447 2024 2090 2026 2092 2024 2090 334 334 2026 2092 334 334 1946 1983 2028 2094 2027 2093 142 142 2028 2094 142 142 1769 1785 2028 2094 1769 1785 138 138 2028 2094 138 138 1905 1942 2028 2094 1905 1942 449 449 2028 2094 449 449 448 448 2028 2094 448 448 447 447 2028 2094 447 447 2027 2093 2029 2095 398 398 397 397 2029 2095 397 397 2030 2096 2029 2095 2030 2096 455 455 2029 2095 461 461 2031 2097 2029 2095 2031 2097 399 399 2029 2095 399 399 398 398 2032 2098 1992 2044 4 4 2032 2098 4 4 3 3 2032 2098 3 3 2 2 2032 2098 2 2 2033 2099 2032 2098 2033 2099 455 455 2032 2098 455 455 2030 2096 2032 2098 2030 2096 397 397 2032 2098 397 397 1992 2044 2034 2100 2033 2099 2 2 2034 2100 2 2 1628 1628 2034 2100 1628 1628 204 204 2034 2100 204 204 1859 1882 2034 2100 1859 1882 457 457 2034 2100 457 457 456 456 2034 2100 456 456 455 455 2034 2100 455 455 2033 2099 2035 2101 344 2102 343 2103 2035 2101 343 2103 2036 2104 2035 2101 2036 2104 464 464 2035 2101 464 464 463 463 2035 2101 463 463 470 470 2035 2101 470 470 2037 2105 2035 2101 2037 2105 345 2106 2035 2101 345 2106 344 2102 2038 2107 1953 2108 70 70 2038 2107 70 70 69 69 2038 2107 69 69 68 68 2038 2107 68 68 2039 2109 2038 2107 2039 2109 464 464 2038 2107 464 464 2036 2104 2038 2107 2036 2104 343 2103 2038 2107 343 2103 1953 2108 2040 2110 2039 2109 68 68 2040 2110 68 68 1694 1698 2040 2110 1694 1698 62 62 2040 2110 62 62 1913 1950 2040 2110 1913 1950 466 466 2040 2110 466 466 465 465 2040 2110 465 465 464 464 2040 2110 464 464 2039 2109 472 472 353 353 352 352 472 472 352 352 2041 2111 472 472 2041 2111 473 473 472 472 479 479 2042 2112 472 472 2042 2112 354 354 472 472 354 354 353 353 2043 2113 1960 2008 189 189 2043 2113 189 189 188 188 2043 2113 188 188 187 187 2043 2113 187 187 2044 2114 2043 2113 2044 2114 473 473 2043 2113 473 473 2041 2111 2043 2113 2041 2111 352 352 2043 2113 352 352 1960 2008 2045 2115 2044 2114 187 187 2045 2115 187 187 1811 1830 2045 2115 1811 1830 183 183 2045 2115 183 183 1921 1958 2045 2115 1921 1958 475 475 2045 2115 475 475 474 474 2045 2115 474 474 473 473 2045 2115 473 473 2044 2114 2046 2116 362 362 361 361 2046 2116 361 361 2047 2117 2046 2116 2047 2117 482 482 2046 2116 482 482 481 481 2046 2116 481 481 488 488 2046 2116 488 488 2048 2118 2046 2116 2048 2118 363 363 2046 2116 363 363 362 362 2049 2119 1967 2019 114 114 2049 2119 114 114 113 113 2049 2119 113 113 112 112 2049 2119 112 112 2050 2120 2049 2119 2050 2120 482 482 2049 2119 482 482 2047 2117 2049 2119 2047 2117 361 361 2049 2119 361 361 1967 2019 2051 2121 2050 2120 112 112 2051 2121 112 112 1738 1745 2051 2121 1738 1745 108 108 2051 2121 108 108 1929 1966 2051 2121 1929 1966 484 484 2051 2121 484 484 483 483 2051 2121 483 483 482 482 2051 2121 482 482 2050 2120 2052 2122 724 724 2054 2124 2052 2122 2054 2124 490 490 2052 2122 490 490 495 495 2052 2122 495 495 2053 2123 2052 2122 2053 2123 725 725 2052 2122 725 725 724 724 2054 2124 2055 2125 645 2126 2054 2124 645 2126 2056 2127 2054 2124 2056 2127 611 2128 2054 2124 611 2128 2057 2129 2054 2124 2057 2129 490 490 2054 2124 724 724 2055 2125 491 491 2057 2129 611 2128 491 491 611 2128 610 2130 491 491 610 2130 609 2131 491 491 609 2131 2058 2132 491 491 2058 2132 492 492 491 491 490 490 2057 2129 2059 2133 536 536 498 498 2059 2133 498 498 497 497 2059 2133 497 497 502 502 2059 2133 502 502 2060 2134 2059 2133 2060 2134 537 537 2059 2133 537 537 536 536 2061 2135 2062 2136 433 2137 2061 2135 433 2137 1888 2138 2061 2135 1888 2138 277 2139 2061 2135 277 2139 2063 2140 2061 2135 2063 2140 498 498 2061 2135 498 498 536 536 2061 2135 536 536 2062 2136 2064 2141 2063 2140 277 2139 2064 2141 277 2139 276 2142 2064 2141 276 2142 275 2143 2064 2141 275 2143 2065 2144 2064 2141 2065 2144 498 498 2064 2141 498 498 2063 2140 2066 2145 541 541 2067 2146 2066 2145 2067 2146 2070 2152 2066 2145 2070 2152 504 504 2066 2145 504 504 508 508 2066 2145 508 508 2068 2147 2066 2145 2068 2147 542 542 2066 2145 542 542 541 541 2067 2146 2069 2148 468 2149 2067 2146 468 2149 1911 2150 2067 2146 1911 2150 304 2151 2067 2146 304 2151 2070 2152 2067 2146 541 541 2069 2148 2071 2153 2070 2152 304 2151 2071 2153 304 2151 303 2154 2071 2153 303 2154 302 2155 2071 2153 302 2155 2072 2156 2071 2153 2072 2156 505 505 2071 2153 505 505 2070 2152 2073 2157 546 546 2076 2160 2073 2157 510 510 514 514 2073 2157 514 514 2074 2158 2073 2157 2074 2158 547 547 2073 2157 547 547 546 546 2075 2159 2076 2160 197 2161 2075 2159 197 2161 1935 2162 2075 2159 1935 2162 330 2163 2075 2159 330 2163 2077 2164 2075 2159 2077 2164 510 510 2075 2159 510 510 2073 2157 2075 2159 2073 2157 2076 2160 2078 2165 2077 2164 330 2163 2078 2165 330 2163 329 2166 2078 2165 329 2166 328 2167 2078 2165 328 2167 2079 2168 2078 2165 2079 2168 510 510 2078 2165 510 510 2077 2164 2080 2169 558 558 517 517 2080 2169 517 517 516 516 2080 2169 516 516 521 521 2080 2169 521 521 2081 2170 2080 2169 2081 2170 559 559 2080 2169 559 559 558 558 2082 2171 2083 2172 240 2173 2082 2171 240 2173 1956 2174 2082 2171 1956 2174 356 2175 2082 2171 356 2175 2084 2176 2082 2171 2084 2176 517 517 2082 2171 517 517 558 558 2082 2171 558 558 2083 2172 2085 2177 2084 2176 356 2175 2085 2177 356 2175 355 2178 2085 2177 355 2178 354 2179 2085 2177 354 2179 2086 2180 2085 2177 2086 2180 517 517 2085 2177 517 517 2084 2176 2087 2181 523 523 527 527 2087 2181 527 527 2088 2182 2087 2181 2088 2182 564 564 2087 2181 564 564 563 563 2089 2183 2090 2184 266 2185 2089 2183 266 2185 1976 2186 2089 2183 1976 2186 383 2187 2089 2183 383 2187 2091 2188 2089 2183 2091 2188 523 523 2089 2183 523 523 2087 2181 2089 2183 2087 2181 563 563 2089 2183 563 563 2090 2184 2091 2188 383 2187 382 2189 2091 2188 382 2189 381 2190 2091 2188 381 2190 2092 2191 2091 2188 2092 2191 523 523 2093 2192 568 568 2096 2195 2093 2192 2096 2195 529 529 2093 2192 529 529 533 533 2093 2192 533 533 2094 2193 2093 2192 2094 2193 569 569 2093 2192 569 569 568 568 2095 2194 2096 2195 293 2196 2095 2194 293 2196 1995 2197 2095 2194 1995 2197 410 2198 2095 2194 410 2198 2097 2199 2095 2194 2097 2199 529 529 2095 2194 529 529 2096 2195 2098 2200 2097 2199 410 2198 2098 2200 410 2198 409 2201 2098 2200 409 2201 408 1854 2098 2200 408 1854 1834 1853 2098 2200 1834 1853 530 530 2098 2200 530 530 528 528 2098 2200 528 528 529 529 2098 2200 529 529 2097 2199 2099 2202 2103 2209 535 535 2099 2202 535 535 539 539 2099 2202 539 539 2100 2203 2099 2202 2100 2203 575 575 2099 2202 575 575 574 574 2101 2204 2102 2205 319 2206 2101 2204 319 2206 2013 2207 2101 2204 2013 2207 435 2208 2101 2204 435 2208 2103 2209 2101 2204 2103 2209 2099 2202 2101 2204 2099 2202 574 574 2101 2204 574 574 2102 2205 2104 2210 2103 2209 435 2208 2104 2210 435 2208 434 2211 2104 2210 434 2211 433 2137 2104 2210 433 2137 2062 2136 2104 2210 2062 2136 536 536 2104 2210 536 536 2103 2209 2105 2212 580 580 2108 2215 2105 2212 2108 2215 540 540 2105 2212 540 540 544 544 2105 2212 544 544 2106 2213 2105 2212 2106 2213 581 581 2105 2212 581 581 580 580 2107 2214 2108 2215 345 2216 2107 2214 345 2216 2037 2217 2107 2214 2037 2217 470 2218 2107 2214 470 2218 2109 2219 2107 2214 2109 2219 540 540 2107 2214 540 540 2108 2215 2110 2220 2109 2219 470 2218 2110 2220 470 2218 469 2221 2110 2220 469 2221 468 2149 2110 2220 468 2149 2069 2148 2110 2220 2069 2148 541 541 2110 2220 540 540 2109 2219 2111 2222 588 588 2114 2225 2111 2222 2114 2225 545 545 2111 2222 545 545 549 549 2111 2222 549 549 2112 2223 2111 2222 2112 2223 589 589 2111 2222 589 589 588 588 2113 2224 2114 2225 372 2226 2113 2224 372 2226 1814 2227 2113 2224 1814 2227 199 2228 2113 2224 199 2228 2115 2229 2113 2224 2115 2229 545 545 2113 2224 545 545 2114 2225 2116 2230 2115 2229 199 2228 2116 2230 199 2228 198 2231 2116 2230 198 2231 197 2161 2116 2230 197 2161 2076 2160 2116 2230 2076 2160 545 545 2116 2230 545 545 2115 2229 2117 2232 551 551 555 555 2117 2232 555 555 2118 2233 2117 2232 2118 2233 595 595 2117 2232 595 595 594 594 2119 2234 2120 2235 399 2236 2119 2234 399 2236 2031 2237 2119 2234 2031 2237 461 2238 2119 2234 461 2238 2121 2239 2119 2234 2121 2239 551 551 2119 2234 551 551 2117 2232 2119 2234 2117 2232 594 594 2119 2234 594 594 2120 2235 2122 2240 2121 2239 461 2238 2122 2240 461 2238 460 2241 2122 2240 460 2241 459 2242 2122 2240 459 2242 2123 2243 2122 2240 2123 2243 552 552 2122 2240 552 552 550 550 2122 2240 550 550 551 551 2122 2240 551 551 2121 2239 2124 2244 552 552 2127 2249 2124 2244 2127 2249 557 557 2124 2244 557 557 561 561 2124 2244 561 561 2125 2245 2124 2244 2125 2245 553 553 2124 2244 553 553 552 552 2126 2246 2123 2243 459 2242 2126 2246 459 2242 1857 2247 2126 2246 1857 2247 242 2248 2126 2246 242 2248 2127 2249 2126 2246 2127 2249 552 552 2126 2246 552 552 2123 2243 2128 2250 2127 2249 242 2248 2128 2250 242 2248 241 2251 2128 2250 241 2251 240 2173 2128 2250 240 2173 2083 2172 2128 2250 2083 2172 558 558 2128 2250 558 558 2127 2249 2129 2252 601 601 2133 2259 2129 2252 2133 2259 562 562 2129 2252 562 562 566 566 2129 2252 566 566 2130 2253 2129 2252 2130 2253 602 602 2129 2252 602 602 601 601 2131 2254 2132 2255 425 2256 2131 2254 425 2256 1880 2257 2131 2254 1880 2257 268 2258 2131 2254 268 2258 2133 2259 2131 2254 2133 2259 601 601 2131 2254 601 601 2132 2255 2133 2259 268 2258 267 2260 2133 2259 267 2260 266 2185 2133 2259 266 2185 2090 2184 2133 2259 2090 2184 563 563 2134 2261 608 608 2137 2264 2134 2261 2137 2264 567 567 2134 2261 567 567 571 571 2134 2261 571 571 2135 2262 2134 2261 2135 2262 609 609 2134 2261 609 609 608 608 2136 2263 2137 2264 451 2265 2136 2263 451 2265 1903 2266 2136 2263 1903 2266 295 2267 2136 2263 295 2267 2138 2268 2136 2263 2138 2268 567 567 2136 2263 567 567 2137 2264 2139 2269 2138 2268 295 2267 2139 2269 295 2267 294 2270 2139 2269 294 2270 293 2196 2139 2269 293 2196 2096 2195 2139 2269 567 567 2138 2268 2140 2271 614 614 2143 2274 2140 2271 573 573 577 577 2140 2271 577 577 2141 2272 2140 2271 2141 2272 615 615 2140 2271 615 615 614 614 2142 2273 2143 2274 486 2275 2142 2273 486 2275 1927 2276 2142 2273 1927 2276 321 2277 2142 2273 321 2277 2144 2278 2142 2273 2144 2278 573 573 2142 2273 573 573 2140 2271 2142 2273 2140 2271 2143 2274 2145 2279 2144 2278 321 2277 2145 2279 321 2277 320 2280 2145 2279 320 2280 319 2206 2145 2279 319 2206 2102 2205 2145 2279 2102 2205 574 574 2145 2279 574 574 572 572 2145 2279 572 572 573 573 2145 2279 573 573 2144 2278 2146 2281 620 620 2148 2283 2146 2281 2148 2283 579 579 2146 2281 579 579 583 583 2146 2281 583 583 2147 2282 2146 2281 2147 2282 621 621 2146 2281 621 621 620 620 2148 2283 2149 2284 232 2285 2148 2283 232 2285 1949 2286 2148 2283 1949 2286 347 2287 2148 2283 347 2287 2150 2288 2148 2283 2150 2288 579 579 2148 2283 620 620 2149 2284 2151 2289 2150 2288 347 2287 2151 2289 347 2287 346 2290 2151 2289 346 2290 345 2216 2151 2289 345 2216 2108 2215 2151 2289 2108 2215 578 578 2151 2289 578 578 579 579 2151 2289 579 579 2150 2288 2152 2291 626 626 586 586 2152 2291 586 586 585 585 2152 2291 585 585 591 591 2152 2291 591 591 2153 2292 2152 2291 2153 2292 627 627 2152 2291 627 627 626 626 2154 2293 2155 2294 257 2295 2154 2293 257 2295 1970 2296 2154 2293 1970 2296 374 2297 2154 2293 374 2297 586 586 2154 2293 586 586 626 626 2154 2293 626 626 2155 2294 587 587 586 586 374 2297 587 587 374 2297 373 2298 587 587 373 2298 372 2226 587 587 372 2226 2114 2225 2156 2299 631 631 2157 2300 2156 2299 2157 2300 2160 2306 2156 2299 2160 2306 593 593 2156 2299 593 593 597 597 2156 2299 597 597 2158 2301 2156 2299 2158 2301 632 632 2156 2299 632 632 631 631 2157 2300 2159 2302 284 2303 2157 2300 284 2303 1988 2304 2157 2300 1988 2304 401 2305 2157 2300 401 2305 2160 2306 2157 2300 631 631 2159 2302 2161 2307 2160 2306 401 2305 2161 2307 401 2305 400 2308 2161 2307 400 2308 399 2236 2161 2307 399 2236 2120 2235 2161 2307 2120 2235 594 594 2161 2307 594 594 2160 2306 2162 2309 638 638 2163 2310 2162 2309 2163 2310 600 600 2162 2309 600 600 599 599 2162 2309 599 599 604 604 2162 2309 604 604 2164 2311 2162 2309 2164 2311 639 639 2162 2309 639 639 638 638 2163 2310 2165 2312 311 2313 2163 2310 311 2313 2007 2314 2163 2310 2007 2314 427 2315 2163 2310 427 2315 600 600 2163 2310 638 638 2165 2312 2166 2316 600 600 427 2315 2166 2316 427 2315 426 2317 2166 2316 426 2317 425 2256 2166 2316 425 2256 2132 2255 2166 2316 2132 2255 601 601 2166 2316 601 601 598 598 2166 2316 598 598 600 600 2167 2318 644 644 607 607 2167 2318 607 607 606 606 2167 2318 606 606 611 611 2167 2318 611 611 2056 2319 2167 2318 2056 2319 645 645 2167 2318 645 645 644 644 2168 2320 2169 2321 336 2322 2168 2320 336 2322 2025 2323 2168 2320 2025 2323 453 2324 2168 2320 453 2324 2170 2325 2168 2320 2170 2325 607 607 2168 2320 607 607 644 644 2168 2320 644 644 2169 2321 2171 2326 2170 2325 453 2324 2171 2326 453 2324 452 2327 2171 2326 452 2327 451 2265 2171 2326 451 2265 2137 2264 2171 2326 2137 2264 607 607 2171 2326 607 607 2170 2325 2172 2328 613 613 617 617 2172 2328 617 617 2173 2329 2172 2328 2173 2329 650 650 2172 2328 650 650 649 649 2174 2330 2175 2331 363 2332 2174 2330 363 2332 2048 2333 2174 2330 2048 2333 488 2334 2174 2330 613 613 2172 2328 2174 2330 2172 2328 649 649 2174 2330 649 649 2175 2331 2176 2335 2174 2330 488 2334 2176 2335 488 2334 487 2336 2176 2335 487 2336 486 2275 2176 2335 486 2275 2143 2274 2176 2335 2143 2274 613 613 2176 2335 613 613 2174 2330 2177 2337 655 655 2180 2340 2177 2337 619 619 623 623 2177 2337 623 623 2178 2338 2177 2337 2178 2338 656 656 2177 2337 656 656 655 655 2179 2339 2180 2340 390 2341 2179 2339 390 2341 1849 2342 2179 2339 1849 2342 234 2343 2179 2339 234 2343 2181 2344 2179 2339 2181 2344 619 619 2179 2339 619 619 2177 2337 2179 2339 2177 2337 2180 2340 2182 2345 2181 2344 234 2343 2182 2345 234 2343 233 2346 2182 2345 233 2346 232 2285 2182 2345 232 2285 2149 2284 2182 2345 2149 2284 620 620 2182 2345 619 619 2181 2344 2183 2347 661 661 2187 2354 2183 2347 2187 2354 625 625 2183 2347 625 625 629 629 2183 2347 629 629 2184 2348 2183 2347 2184 2348 662 662 2183 2347 662 662 661 661 2185 2349 2186 2350 416 2351 2185 2349 416 2351 1872 2352 2185 2349 1872 2352 259 2353 2185 2349 259 2353 2187 2354 2185 2349 2187 2354 661 661 2185 2349 661 661 2186 2350 2188 2355 2187 2354 259 2353 2188 2355 259 2353 258 2356 2188 2355 258 2356 257 2295 2188 2355 257 2295 2155 2294 2188 2355 2155 2294 626 626 2188 2355 626 626 2187 2354 2189 2357 667 667 2192 2360 2189 2357 2192 2360 630 630 2189 2357 630 630 634 634 2189 2357 634 634 2190 2358 2189 2357 2190 2358 668 668 2189 2357 668 668 667 667 2191 2359 2192 2360 442 2361 2191 2359 442 2361 1896 2362 2191 2359 1896 2362 286 2363 2191 2359 286 2363 2193 2364 2191 2359 2193 2364 630 630 2191 2359 630 630 2192 2360 2194 2365 2193 2364 286 2363 2194 2365 286 2363 285 2366 2194 2365 285 2366 284 2303 2194 2365 284 2303 2159 2302 2194 2365 2159 2302 631 631 2194 2365 630 630 2193 2364 2195 2367 637 637 636 636 2195 2367 636 636 641 641 2195 2367 641 641 2196 2368 2195 2367 2196 2368 675 675 2195 2367 675 675 674 674 2197 2369 2198 2370 477 2371 2197 2369 477 2371 1919 2372 2197 2369 1919 2372 313 2373 2197 2369 313 2373 637 637 2197 2369 637 637 2195 2367 2197 2369 2195 2367 674 674 2197 2369 674 674 2198 2370 2199 2374 637 637 313 2373 2199 2374 313 2373 312 2375 2199 2374 312 2375 311 2313 2199 2374 311 2313 2165 2312 2199 2374 2165 2312 638 638 2199 2374 638 638 637 637 2200 2376 2204 2383 643 643 2200 2376 643 643 647 647 2200 2376 647 647 2201 2377 2200 2376 2201 2377 681 681 2200 2376 681 681 680 680 2202 2378 2203 2379 223 2380 2202 2378 223 2380 1942 2381 2202 2378 1942 2381 338 2382 2202 2378 338 2382 2204 2383 2202 2378 2204 2383 2200 2376 2202 2378 2200 2376 680 680 2202 2378 680 680 2203 2379 2205 2384 2204 2383 338 2382 2205 2384 338 2382 337 2385 2205 2384 337 2385 336 2322 2205 2384 336 2322 2169 2321 2205 2384 2169 2321 644 644 2205 2384 644 644 2204 2383 2206 2386 214 214 2209 2391 2206 2386 2209 2391 648 648 2206 2386 648 648 652 652 2206 2386 652 652 2207 2387 2206 2386 2207 2387 215 215 2206 2386 215 215 214 214 2208 2388 1838 1861 249 1860 2208 2388 249 1860 1963 2389 2208 2388 1963 2389 365 2390 2208 2388 365 2390 2209 2391 2208 2388 2209 2391 214 214 2208 2388 214 214 1838 1861 2209 2391 365 2390 364 2392 2209 2391 364 2392 363 2332 2209 2391 363 2332 2175 2331 2209 2391 2175 2331 649 649 654 654 499 499 2065 2144 654 654 658 658 2210 2393 654 654 2210 2393 500 500 654 654 500 500 499 499 2211 2394 2065 2144 275 2143 2211 2394 275 2143 1982 2395 2211 2394 1982 2395 392 2396 2211 2394 392 2396 2212 2397 2211 2394 2212 2397 654 654 2211 2394 654 654 2065 2144 2213 2398 2212 2397 392 2396 2213 2398 392 2396 391 2399 2213 2398 391 2399 390 2341 2213 2398 390 2341 2180 2340 2213 2398 2180 2340 654 654 2213 2398 654 654 2212 2397 2214 2400 660 660 664 664 2214 2400 664 664 2215 2401 2214 2400 2215 2401 506 506 2214 2400 506 506 505 505 2216 2402 2072 2156 302 2155 2216 2402 302 2155 2001 2403 2216 2402 2001 2403 418 2404 2216 2402 418 2404 2217 2405 2216 2402 2217 2405 660 660 2216 2402 660 660 2214 2400 2216 2402 2214 2400 505 505 2216 2402 505 505 2072 2156 2218 2406 2217 2405 418 2404 2218 2406 418 2404 417 2407 2218 2406 417 2407 416 2351 2218 2406 416 2351 2186 2350 2218 2406 2186 2350 661 661 2218 2406 661 661 659 659 2218 2406 659 659 660 660 2218 2406 660 660 2217 2405 2219 2408 511 511 2079 2168 2219 2408 666 666 670 670 2219 2408 670 670 2220 2409 2219 2408 2220 2409 512 512 2219 2408 512 512 511 511 2221 2410 2079 2168 328 2167 2221 2410 328 2167 2019 2411 2221 2410 2019 2411 444 2412 2221 2410 444 2412 2222 2413 2221 2410 2222 2413 666 666 2221 2410 666 666 2219 2408 2221 2410 2219 2408 2079 2168 2223 2414 2222 2413 444 2412 2223 2414 444 2412 443 2415 2223 2414 443 2415 442 2361 2223 2414 442 2361 2192 2360 2223 2414 2192 2360 665 665 2223 2414 665 665 666 666 2223 2414 666 666 2222 2413 672 672 518 518 2086 2180 672 672 677 677 2224 2416 672 672 2224 2416 519 519 672 672 519 519 518 518 2225 2417 2086 2180 354 2179 2225 2417 354 2179 2042 2418 2225 2417 2042 2418 479 2419 2225 2417 479 2419 2226 2420 2225 2417 2226 2420 672 672 2225 2417 672 672 2086 2180 673 673 2226 2420 479 2419 673 673 479 2419 478 2421 673 673 478 2421 477 2371 673 673 477 2371 2198 2370 673 673 2198 2370 674 674 673 673 672 672 2226 2420 2227 2422 524 524 2092 2191 2227 2422 2092 2191 679 679 2227 2422 679 679 683 683 2227 2422 683 683 2228 2423 2227 2422 2228 2423 525 525 2227 2422 525 525 524 524 2229 2424 2092 2191 381 2190 2229 2424 381 2190 1841 2425 2229 2424 1841 2425 225 2426 2229 2424 225 2426 2230 2427 2229 2424 2230 2427 679 679 2229 2424 679 679 2092 2191 2231 2428 2230 2427 225 2426 2231 2428 225 2426 224 2429 2231 2428 224 2429 223 2380 2231 2428 223 2380 2203 2379 2231 2428 2203 2379 680 680 2231 2428 680 680 678 678 2231 2428 678 678 679 679 2231 2428 679 679 2230 2427 2232 2430 947 947 946 946 2232 2430 946 946 686 686 2232 2430 686 686 685 685 2232 2430 685 685 690 690 2232 2430 690 690 2233 2431 2232 2430 2233 2431 948 948 2232 2430 948 948 947 947 2234 2432 2235 2433 852 2434 2234 2432 852 2434 2236 2435 2234 2432 2236 2435 808 2436 2234 2432 686 686 946 946 2234 2432 946 946 2235 2433 686 686 2234 2432 808 2436 686 686 808 2436 807 2437 686 686 807 2437 806 2438 686 686 806 2438 2237 2439 2238 2440 730 730 2241 2443 2238 2440 693 693 692 692 2238 2440 692 692 697 697 2238 2440 697 697 2239 2441 2238 2440 2239 2441 731 731 2238 2440 731 731 730 730 2240 2442 2241 2443 650 2444 2240 2442 650 2444 2173 2445 2240 2442 2173 2445 617 2446 2240 2442 617 2446 693 693 2240 2442 693 693 2238 2440 2240 2442 2238 2440 2241 2443 2242 2447 693 693 617 2446 2242 2447 617 2446 616 2448 2242 2447 616 2448 615 2449 2242 2447 615 2449 2243 2450 2242 2447 2243 2450 694 694 2242 2447 694 694 691 691 2242 2447 691 691 693 693 2244 2451 2248 2458 699 699 2244 2451 699 699 704 704 2244 2451 704 704 2245 2452 2244 2451 2245 2452 738 738 2244 2451 738 738 737 737 2246 2453 2247 2454 656 2455 2246 2453 656 2455 2178 2456 2246 2453 2178 2456 623 2457 2246 2453 623 2457 2248 2458 2246 2453 2248 2458 2244 2451 2246 2453 2244 2451 737 737 2246 2453 737 737 2247 2454 2249 2459 2248 2458 623 2457 2249 2459 623 2457 622 2460 2249 2459 622 2460 621 2461 2249 2459 621 2461 2250 2462 2249 2459 2250 2462 700 700 2249 2459 700 700 698 698 2249 2459 698 698 2248 2458 2251 2463 743 743 2253 2465 2251 2463 2253 2465 705 705 2251 2463 705 705 709 709 2251 2463 709 709 2252 2464 2251 2463 2252 2464 744 744 2251 2463 744 744 743 743 2253 2465 2254 2466 662 2467 2253 2465 662 2467 2184 2468 2253 2465 2184 2468 629 2469 2253 2465 743 743 2254 2466 2255 2470 2253 2465 629 2469 2255 2470 629 2469 628 2471 2255 2470 628 2471 627 2472 2255 2470 627 2472 2256 2473 2255 2470 2256 2473 706 706 2255 2470 706 706 705 705 2255 2470 705 705 2253 2465 2257 2474 711 711 715 715 2257 2474 715 715 2258 2475 2257 2474 2258 2475 751 751 2257 2474 751 751 750 750 2259 2476 2260 2477 668 2478 2259 2476 668 2478 2190 2479 2259 2476 2190 2479 634 2480 2259 2476 634 2480 2261 2481 2259 2476 2261 2481 711 711 2259 2476 711 711 2257 2474 2259 2476 2257 2474 750 750 2259 2476 750 750 2260 2477 2262 2482 2261 2481 634 2480 2262 2482 634 2480 633 2483 2262 2482 633 2483 632 2484 2262 2482 632 2484 2263 2485 2262 2482 2263 2485 710 710 2262 2482 710 710 711 711 2262 2482 711 711 2261 2481 2264 2486 756 756 2265 2487 2264 2486 2265 2487 717 717 2264 2486 717 717 721 721 2264 2486 721 721 2266 2488 2264 2486 2266 2488 757 757 2264 2486 757 757 756 756 2265 2487 2267 2489 675 2490 2265 2487 675 2490 2196 2491 2265 2487 2196 2491 641 2492 2265 2487 641 2492 2268 2493 2265 2487 2268 2493 717 717 2265 2487 756 756 2267 2489 2269 2494 2268 2493 641 2492 2269 2494 641 2492 640 2495 2269 2494 640 2495 639 2496 2269 2494 639 2496 2270 2497 2269 2494 2270 2497 718 718 2269 2494 718 718 716 716 2269 2494 716 716 717 717 2269 2494 717 717 2268 2493 2271 2498 723 723 727 727 2271 2498 727 727 2272 2499 2271 2498 2272 2499 763 763 2271 2498 763 763 762 762 2273 2500 2274 2501 681 2502 2273 2500 681 2502 2201 2503 2273 2500 2201 2503 647 2504 2273 2500 647 2504 2275 2505 2273 2500 2275 2505 723 723 2273 2500 723 723 2271 2498 2273 2500 2271 2498 762 762 2273 2500 762 762 2274 2501 2276 2506 2275 2505 647 2504 2276 2506 647 2504 646 2507 2276 2506 646 2507 645 2126 2276 2506 645 2126 2055 2125 2276 2506 2055 2125 724 724 2276 2506 724 724 722 722 2276 2506 722 722 723 723 2276 2506 723 723 2275 2505 2277 2508 769 2509 2280 2513 2277 2508 729 729 733 733 2277 2508 733 733 2278 2510 2277 2508 2278 2510 770 2511 2277 2508 770 2511 769 2509 2279 2512 2280 2513 215 2514 2279 2512 215 2514 2207 2515 2279 2512 2207 2515 652 2516 2279 2512 652 2516 2281 2517 2279 2512 2281 2517 729 729 2279 2512 729 729 2277 2508 2279 2512 2277 2508 2280 2513 2282 2518 2281 2517 652 2516 2282 2518 652 2516 651 2519 2282 2518 651 2519 650 2444 2282 2518 650 2444 2241 2443 2282 2518 2241 2443 728 728 2282 2518 728 728 729 729 2282 2518 729 729 2281 2517 2283 2520 777 777 2286 2523 2283 2520 735 735 740 740 2283 2520 740 740 2284 2521 2283 2520 2284 2521 778 778 2283 2520 778 778 777 777 2285 2522 2286 2523 500 2524 2285 2522 500 2524 2210 2525 2285 2522 2210 2525 658 2526 2285 2522 658 2526 2287 2527 2285 2522 2287 2527 735 735 2285 2522 735 735 2283 2520 2285 2522 2283 2520 2286 2523 736 736 2287 2527 658 2526 736 736 658 2526 657 2528 736 736 657 2528 656 2455 736 736 656 2455 2247 2454 736 736 2247 2454 737 737 736 736 735 735 2287 2527 2288 2529 785 785 784 784 2288 2529 742 742 746 746 2288 2529 746 746 2289 2530 2288 2529 2289 2530 786 786 2288 2529 786 786 785 785 2290 2531 784 784 506 2532 2290 2531 506 2532 2215 2533 2290 2531 2215 2533 664 2534 2290 2531 664 2534 2291 2535 2290 2531 2291 2535 742 742 2290 2531 742 742 2288 2529 2290 2531 2288 2529 784 784 2292 2536 2291 2535 664 2534 2292 2536 664 2534 663 2537 2292 2536 663 2537 662 2467 2292 2536 662 2467 2254 2466 2292 2536 2254 2466 743 743 2292 2536 743 743 741 741 2292 2536 741 741 742 742 2292 2536 742 742 2291 2535 2293 2538 791 2539 2295 2542 2293 2538 2295 2542 2297 2547 2293 2538 2297 2547 748 748 2293 2538 748 748 753 753 2293 2538 753 753 2294 2540 2293 2538 2294 2540 792 2541 2293 2538 792 2541 791 2539 2295 2542 2296 2543 512 2544 2295 2542 512 2544 2220 2545 2295 2542 2220 2545 670 2546 2295 2542 670 2546 2297 2547 2295 2542 791 2539 2296 2543 749 749 2297 2547 670 2546 749 749 670 2546 669 2548 749 749 669 2548 668 2478 749 749 668 2478 2260 2477 749 749 2260 2477 750 750 2298 2549 798 798 2301 2552 2298 2549 755 755 759 759 2298 2549 759 759 2299 2550 2298 2549 2299 2550 799 799 2298 2549 799 799 798 798 2300 2551 2301 2552 519 2553 2300 2551 519 2553 2224 2554 2300 2551 2224 2554 677 2555 2300 2551 677 2555 2302 2556 2300 2551 2302 2556 755 755 2300 2551 755 755 2298 2549 2300 2551 2298 2549 2301 2552 2303 2557 2302 2556 677 2555 2303 2557 677 2555 676 2558 2303 2557 676 2558 675 2490 2303 2557 675 2490 2267 2489 2303 2557 2267 2489 756 756 2303 2557 756 756 754 754 2303 2557 754 754 755 755 2303 2557 755 755 2302 2556 2304 2559 761 761 760 760 2304 2559 760 760 765 765 2304 2559 765 765 2305 2560 2304 2559 2305 2560 806 806 2304 2559 806 806 805 805 2306 2561 2307 2562 525 2563 2306 2561 525 2563 2228 2564 2306 2561 2228 2564 683 2565 2306 2561 683 2565 761 761 2306 2561 761 761 2304 2559 2306 2561 2304 2559 805 805 2306 2561 805 805 2307 2562 2308 2566 761 761 683 2565 2308 2566 683 2565 682 2567 2308 2566 682 2567 681 2502 2308 2566 681 2502 2274 2501 2308 2566 2274 2501 762 762 2308 2566 762 762 760 760 2308 2566 760 760 761 761 2309 2568 767 2570 772 2571 2309 2568 772 2571 2310 2572 2309 2568 2310 2572 812 2573 2309 2568 812 2573 811 2569 2311 2574 2312 2575 531 2576 2311 2574 531 2576 1833 2577 2311 2574 1833 2577 217 2578 2311 2574 217 2578 2313 2579 2311 2574 2313 2579 767 2570 2311 2574 767 2570 2309 2568 2311 2574 2309 2568 811 2569 2311 2574 811 2569 2312 2575 768 768 2313 2580 217 2581 768 768 217 2581 216 2582 768 768 216 2582 215 2583 768 768 215 2583 2280 2584 768 768 767 767 2313 2580 2314 2585 775 775 774 774 2314 2585 774 774 780 780 2314 2585 780 780 2315 2586 2314 2585 2315 2586 819 819 2314 2585 819 819 818 818 2316 2587 2317 2588 537 2589 2316 2587 537 2589 2060 2590 2316 2587 2060 2590 502 2591 2316 2587 502 2591 775 775 2316 2587 775 775 2314 2585 2316 2587 2314 2585 818 818 2316 2587 818 818 2317 2588 776 776 775 775 502 2591 776 776 502 2591 501 2592 776 776 501 2592 500 2524 776 776 500 2524 2286 2523 2318 2593 783 783 782 782 2318 2593 782 782 788 788 2318 2593 788 788 2319 2594 2318 2593 2319 2594 826 826 2318 2593 826 826 825 825 2320 2595 2321 2596 542 2597 2320 2595 542 2597 2068 2598 2320 2595 2068 2598 508 2599 2320 2595 508 2599 783 783 2320 2595 783 783 2318 2593 2320 2595 2318 2593 825 825 2320 2595 825 825 2321 2596 2322 2600 783 783 508 2599 2322 2600 508 2599 507 2601 2322 2600 507 2601 506 2532 2322 2600 506 2532 784 784 2323 2602 832 832 2324 2603 2323 2602 2324 2603 2327 2609 2323 2602 2327 2609 790 790 2323 2602 790 790 794 794 2323 2602 794 794 2325 2604 2323 2602 2325 2604 833 833 2323 2602 833 833 832 832 2324 2603 2326 2605 547 2606 2324 2603 547 2606 2074 2607 2324 2603 2074 2607 514 2608 2324 2603 514 2608 2327 2609 2324 2603 832 832 2326 2605 2328 2610 2327 2609 514 2608 2328 2610 514 2608 513 2611 2328 2610 513 2611 512 2612 2328 2610 512 2612 2296 2613 2328 2610 2296 2613 791 791 2328 2610 791 791 789 789 2328 2610 789 789 2327 2609 2329 2614 796 796 801 801 2329 2614 801 801 2330 2615 2329 2614 2330 2615 845 845 2329 2614 845 845 844 844 2331 2616 2332 2617 559 2618 2331 2616 559 2618 2081 2619 2331 2616 2081 2619 521 2620 2331 2616 521 2620 2333 2621 2331 2616 2333 2621 796 796 2331 2616 796 796 2329 2614 2331 2616 2329 2614 844 844 2331 2616 844 844 2332 2617 797 797 2333 2621 521 2620 797 797 521 2620 520 2622 797 797 520 2622 519 2553 797 797 519 2553 2301 2552 797 797 796 796 2333 2621 2334 2623 804 804 803 803 2334 2623 803 803 808 808 2334 2623 808 808 2236 2624 2334 2623 2236 2624 852 852 2334 2623 852 852 851 851 2335 2625 2336 2626 564 2627 2335 2625 564 2627 2088 2628 2335 2625 2088 2628 527 2629 2335 2625 527 2629 804 804 2335 2625 804 804 2334 2623 2335 2625 2334 2623 851 851 2335 2625 851 851 2336 2626 2337 2630 804 804 527 2629 2337 2630 527 2629 526 2631 2337 2630 526 2631 525 2563 2337 2630 525 2563 2307 2562 2337 2630 2307 2562 805 805 2338 2632 2342 2639 810 810 2338 2632 810 810 814 814 2338 2632 814 814 2339 2633 2338 2632 2339 2633 859 859 2338 2632 859 859 858 858 2340 2634 2341 2635 569 2636 2340 2634 569 2636 2094 2637 2340 2634 2094 2637 533 2638 2340 2634 533 2638 2342 2639 2340 2634 2342 2639 2338 2632 2340 2634 2338 2632 858 858 2340 2634 858 858 2341 2635 2343 2640 2342 2639 533 2638 2343 2640 533 2638 532 2641 2343 2640 532 2641 531 2642 2343 2640 531 2642 2312 2643 2343 2640 2312 2643 811 811 2343 2640 811 811 809 809 2343 2640 809 809 2342 2639 2344 2644 864 864 2345 2645 2344 2644 2345 2645 816 816 2344 2644 816 816 821 821 2344 2644 821 821 2346 2646 2344 2644 2346 2646 865 865 2344 2644 865 865 864 864 2345 2645 2347 2647 575 2648 2345 2645 575 2648 2100 2649 2345 2645 2100 2649 539 2650 2345 2645 539 2650 2348 2651 2345 2645 2348 2651 816 816 2345 2645 864 864 2347 2647 817 817 2348 2651 539 2650 817 817 539 2650 538 2652 817 817 538 2652 537 2589 817 817 537 2589 2317 2588 817 817 2317 2588 818 818 817 817 816 816 2348 2651 2349 2653 871 2654 2352 2658 2349 2653 2353 2662 823 823 2349 2653 823 823 828 828 2349 2653 828 828 2350 2655 2349 2653 2350 2655 872 2656 2349 2653 872 2656 871 2654 2351 2657 2352 2658 581 2659 2351 2657 581 2659 2106 2660 2351 2657 2106 2660 544 2661 2351 2657 544 2661 2353 2662 2351 2657 2353 2662 2349 2653 2351 2657 2349 2653 2352 2658 824 824 2353 2662 544 2661 824 824 544 2661 543 2663 824 824 543 2663 542 2597 824 824 542 2597 2321 2596 824 824 2321 2596 825 825 2354 2664 879 879 2356 2666 2354 2664 2356 2666 830 830 2354 2664 830 830 835 835 2354 2664 835 835 2355 2665 2354 2664 2355 2665 880 880 2354 2664 880 880 879 879 2356 2666 2357 2667 589 2668 2356 2666 589 2668 2112 2669 2356 2666 2112 2669 549 2670 2356 2666 549 2670 2358 2671 2356 2666 2358 2671 830 830 2356 2666 879 879 2357 2667 831 831 2358 2671 549 2670 831 831 549 2670 548 2672 831 831 548 2672 547 2606 831 831 547 2606 2326 2605 831 831 2326 2605 832 832 831 831 830 830 2358 2671 2359 2673 837 837 836 836 2359 2673 836 836 841 841 2359 2673 841 841 2360 2674 2359 2673 2360 2674 887 887 2359 2673 887 887 886 886 2361 2675 2362 2676 595 2677 2361 2675 595 2677 2118 2678 2361 2675 2118 2678 555 2679 2361 2675 555 2679 837 837 2361 2675 837 837 2359 2673 2361 2675 2359 2673 886 886 2361 2675 886 886 2362 2676 837 837 555 2679 554 2680 837 837 554 2680 553 2681 837 837 553 2681 2363 2682 837 837 2363 2682 838 838 837 837 838 838 836 836 2364 2683 838 838 2365 2684 2364 2683 2365 2684 843 843 2364 2683 843 843 847 847 2364 2683 847 847 2366 2685 2364 2683 2366 2685 839 839 2364 2683 839 839 838 838 2365 2684 2363 2682 553 2681 2365 2684 553 2681 2125 2686 2365 2684 2125 2686 561 2687 2365 2684 561 2687 2367 2688 2365 2684 2367 2688 843 843 2365 2684 838 838 2363 2682 2368 2689 2367 2688 561 2687 2368 2689 561 2687 560 2690 2368 2689 560 2690 559 2618 2368 2689 559 2618 2332 2617 2368 2689 2332 2617 844 844 2368 2689 844 844 842 842 2368 2689 842 842 843 843 2368 2689 843 843 2367 2688 2369 2691 893 2692 2372 2696 2369 2691 2372 2696 2371 2695 2369 2691 2371 2695 2373 2700 2369 2691 2373 2700 849 849 2369 2691 849 849 854 854 2369 2691 854 854 2370 2693 2369 2691 2370 2693 894 2694 2369 2691 894 2694 893 2692 2371 2695 2372 2696 602 2697 2371 2695 602 2697 2130 2698 2371 2695 2130 2698 566 2699 2371 2695 566 2699 2373 2700 850 850 2373 2700 566 2699 850 850 566 2699 565 2701 850 850 565 2701 564 2627 850 850 564 2627 2336 2626 850 850 2336 2626 851 851 2374 2702 492 492 2376 2704 2374 2702 2376 2704 856 856 2374 2702 856 856 861 861 2374 2702 861 861 2375 2703 2374 2702 2375 2703 493 493 2374 2702 493 493 492 492 2376 2704 2058 2132 609 2131 2376 2704 609 2131 2135 2705 2376 2704 2135 2705 571 2706 2376 2704 571 2706 2377 2707 2376 2704 2377 2707 856 856 2376 2704 492 492 2058 2132 857 857 2377 2707 571 2706 857 857 571 2706 570 2708 857 857 570 2708 569 2636 857 857 569 2636 2341 2635 857 857 2341 2635 858 858 857 857 856 856 2377 2707 2378 2709 863 863 862 862 2378 2709 862 862 867 867 2378 2709 867 867 2379 2710 2378 2709 2379 2710 695 695 2378 2709 695 695 694 694 2380 2711 2243 2450 615 2449 2380 2711 615 2449 2141 2712 2380 2711 2141 2712 577 2713 2380 2711 577 2713 863 863 2380 2711 863 863 2378 2709 2380 2711 2378 2709 694 694 2380 2711 694 694 2243 2450 863 863 577 2713 576 2714 863 863 576 2714 575 2648 863 863 575 2648 2347 2647 863 863 2347 2647 864 864 863 863 864 864 862 862 2381 2715 701 2716 700 2717 2381 2715 700 2717 2382 2718 2381 2715 2382 2718 2384 2726 2381 2715 2384 2726 869 869 2381 2715 869 869 874 874 2381 2715 874 874 2383 2719 2381 2715 2383 2719 702 2720 2381 2715 702 2720 701 2716 2382 2718 2250 2721 621 2722 2382 2718 621 2722 2147 2723 2382 2718 2147 2723 583 2724 2382 2718 583 2724 2384 2725 2382 2718 700 2717 2250 2721 870 870 2384 2726 583 2727 870 870 583 2727 582 2728 870 870 582 2728 581 2729 870 870 581 2729 2352 2730 2385 2731 877 877 876 876 2385 2731 876 876 882 882 2385 2731 882 882 2386 2732 2385 2731 2386 2732 707 707 2385 2731 707 707 706 706 2387 2733 2256 2473 627 2472 2387 2733 627 2472 2153 2734 2387 2733 2153 2734 591 2735 2387 2733 591 2735 877 877 2387 2733 877 877 2385 2731 2387 2733 2385 2731 706 706 2387 2733 706 706 2256 2473 878 878 877 877 591 2735 878 878 591 2735 590 2736 878 878 590 2736 589 2668 878 878 589 2668 2357 2667 878 878 2357 2667 879 879 2388 2737 712 712 2263 2485 2388 2737 885 885 884 884 2388 2737 884 884 889 889 2388 2737 889 889 2389 2738 2388 2737 2389 2738 713 713 2388 2737 713 713 712 712 2390 2739 2263 2485 632 2484 2390 2739 632 2484 2158 2740 2390 2739 2158 2740 597 2741 2390 2739 597 2741 885 885 2390 2739 885 885 2388 2737 2390 2739 2388 2737 2263 2485 2391 2742 885 885 597 2741 2391 2742 597 2741 596 2743 2391 2742 596 2743 595 2677 2391 2742 595 2677 2362 2676 2391 2742 2362 2676 886 886 2391 2742 886 886 883 883 2391 2742 883 883 885 885 2392 2744 2395 2749 891 891 2392 2744 891 891 896 896 2392 2744 896 896 2393 2745 2392 2744 2393 2745 719 719 2392 2744 719 719 718 718 2394 2746 2270 2497 639 2496 2394 2746 639 2496 2164 2747 2394 2746 2164 2747 604 2748 2394 2746 604 2748 2395 2749 2394 2746 2395 2749 2392 2744 2394 2746 2392 2744 718 718 2394 2746 718 718 2270 2497 892 892 2395 2749 604 2748 892 892 604 2748 603 2750 892 892 603 2750 602 2751 892 892 602 2751 2372 2752 2396 2753 898 898 903 903 2396 2753 903 903 2397 2754 2396 2753 2397 2754 1150 1150 2396 2753 1150 1150 1149 1149 2398 2755 2399 2756 1067 2757 2398 2755 1067 2757 2400 2758 2398 2755 2400 2758 1029 2759 2398 2755 1029 2759 2401 2760 2398 2755 2401 2760 898 898 2398 2755 898 898 2396 2753 2398 2755 2396 2753 1149 1149 2398 2755 1149 1149 2399 2756 899 899 2401 2760 1029 2759 899 899 1029 2759 1028 2761 899 899 1028 2761 1027 2762 899 899 1027 2762 2402 2763 899 899 2402 2763 900 900 899 899 898 898 2401 2760 2403 2764 954 954 2404 2765 2403 2764 2404 2765 905 905 2403 2764 905 905 909 909 2403 2764 909 909 2405 2766 2403 2764 2405 2766 955 955 2403 2764 955 955 954 954 2404 2765 2406 2767 859 2768 2404 2765 859 2768 2339 2769 2404 2765 2339 2769 814 2770 2404 2765 954 954 2406 2767 2407 2771 2404 2765 814 2770 2407 2771 814 2770 813 2772 2407 2771 813 2772 812 2773 2407 2771 812 2773 2408 2774 2407 2771 2408 2774 906 906 2407 2771 906 906 2404 2765 2409 2775 961 961 2412 2778 2409 2775 2412 2778 911 911 2409 2775 911 911 916 916 2409 2775 916 916 2410 2776 2409 2775 2410 2776 962 962 2409 2775 962 962 961 961 2411 2777 2412 2778 865 2779 2411 2777 865 2779 2346 2780 2411 2777 2346 2780 821 2781 2411 2777 821 2781 2413 2782 2411 2777 2413 2782 911 911 2411 2777 911 911 2412 2778 2414 2783 2413 2782 821 2781 2414 2783 821 2781 820 2784 2414 2783 820 2784 819 2785 2414 2783 819 2785 912 912 2414 2783 911 911 2413 2782 2415 2786 968 968 967 967 2415 2786 967 967 918 918 2415 2786 918 918 923 923 2415 2786 923 923 2416 2787 2415 2786 2416 2787 969 969 2415 2786 969 969 968 968 2417 2788 967 967 872 2789 2417 2788 872 2789 2350 2790 2417 2788 2350 2790 828 2791 2417 2788 918 918 967 967 2418 2792 2417 2788 828 2791 2418 2792 828 2791 827 2793 2418 2792 827 2793 826 2794 2418 2792 826 2794 919 919 2418 2792 919 919 918 918 2418 2792 918 918 2417 2788 2419 2795 975 975 974 974 2419 2795 974 974 925 925 2419 2795 925 925 930 930 2419 2795 930 930 2420 2796 2419 2795 2420 2796 976 976 2419 2795 976 976 975 975 2421 2797 974 974 880 2798 2421 2797 880 2798 2355 2799 2421 2797 2355 2799 835 2800 2421 2797 835 2800 2422 2801 2421 2797 2422 2801 925 925 2421 2797 925 925 974 974 2422 2801 835 2800 834 2802 2422 2801 834 2802 833 2803 2422 2801 833 2803 2423 2804 2422 2801 2423 2804 926 926 2422 2801 926 926 925 925 2424 2805 981 981 2427 2808 2424 2805 932 932 937 937 2424 2805 937 937 2425 2806 2424 2805 2425 2806 982 982 2424 2805 982 982 981 981 2426 2807 2427 2808 887 2809 2426 2807 887 2809 2360 2810 2426 2807 2360 2810 841 2811 2426 2807 841 2811 2428 2812 2426 2807 2428 2812 932 932 2426 2807 932 932 2424 2805 2426 2807 2424 2805 2427 2808 2429 2813 2428 2812 841 2811 2429 2813 841 2811 840 2814 2429 2813 840 2814 839 2815 2429 2813 839 2815 933 933 2429 2813 933 933 932 932 2429 2813 932 932 2428 2812 2430 2816 934 934 933 933 2430 2816 939 939 943 943 2430 2816 943 943 2431 2817 2430 2816 2431 2817 935 935 2430 2816 935 935 934 934 2432 2818 933 933 839 2815 2432 2818 839 2815 2366 2819 2432 2818 2366 2819 847 2820 2432 2818 847 2820 2433 2821 2432 2818 2433 2821 939 939 2432 2818 939 939 2430 2816 2432 2818 2430 2816 933 933 2434 2822 2433 2821 847 2820 2434 2822 847 2820 846 2823 2434 2822 846 2823 845 2824 2434 2822 845 2824 2435 2825 2434 2822 2435 2825 939 939 2434 2822 939 939 2433 2821 2436 2826 988 988 987 987 2436 2826 987 987 945 945 2436 2826 945 945 950 950 2436 2826 950 950 2437 2827 2436 2826 2437 2827 989 989 2436 2826 989 989 988 988 2438 2828 2439 2829 894 2830 2438 2828 894 2830 2370 2831 2438 2828 2370 2831 854 2832 2438 2828 945 945 987 987 2438 2828 987 987 2439 2829 2440 2833 2438 2828 854 2832 2440 2833 854 2832 853 2834 2440 2833 853 2834 852 2434 2440 2833 852 2434 2235 2433 2440 2833 2235 2433 946 946 2440 2833 946 946 945 945 2440 2833 945 945 2438 2828 2441 2835 994 994 953 953 2441 2835 953 953 952 952 2441 2835 952 952 957 957 2441 2835 957 957 2442 2836 2441 2835 2442 2836 995 995 2441 2835 995 995 994 994 2443 2837 2444 2838 493 2839 2443 2837 493 2839 2375 2840 2443 2837 2375 2840 861 2841 2443 2837 861 2841 953 953 2443 2837 953 953 994 994 2443 2837 994 994 2444 2838 953 953 861 2841 860 2842 953 953 860 2842 859 2768 953 953 859 2768 2406 2767 953 953 2406 2767 954 954 953 953 954 954 951 951 2445 2843 1001 1001 1000 1000 2445 2843 960 960 959 959 2445 2843 959 959 964 964 2445 2843 964 964 2446 2844 2445 2843 2446 2844 1002 1002 2445 2843 1002 1002 1001 1001 2447 2845 1000 1000 695 2846 2447 2845 695 2846 2379 2847 2447 2845 2379 2847 867 2848 2447 2845 867 2848 960 960 2447 2845 960 960 2445 2843 2447 2845 2445 2843 1000 1000 960 960 867 2848 866 2849 960 960 866 2849 865 2779 960 960 865 2779 2412 2778 2448 2850 1007 1007 2450 2852 2448 2850 2450 2852 966 966 2448 2850 966 966 971 971 2448 2850 971 971 2449 2851 2448 2850 2449 2851 1008 1008 2448 2850 1008 1008 1007 1007 2450 2852 2451 2853 702 2854 2450 2852 702 2854 2383 2855 2450 2852 2383 2855 874 2856 2450 2852 1007 1007 2451 2853 2452 2857 2450 2852 874 2856 2452 2857 874 2856 873 2858 2452 2857 873 2858 872 2789 2452 2857 872 2789 967 967 2452 2857 967 967 965 965 2452 2857 965 965 2450 2852 2453 2859 1013 1013 2456 2862 2453 2859 2455 2861 973 973 2453 2859 973 973 978 978 2453 2859 978 978 2454 2860 2453 2859 2454 2860 1014 1014 2453 2859 1014 1014 1013 1013 2455 2861 2456 2862 707 2863 2455 2861 707 2863 2386 2864 2455 2861 2386 2864 882 2865 2455 2861 2453 2859 2456 2862 2457 2866 2455 2861 882 2865 2457 2866 882 2865 881 2867 2457 2866 881 2867 880 2798 2457 2866 880 2798 974 974 2457 2866 974 974 972 972 2457 2866 972 972 2455 2861 2458 2868 1020 1020 2460 2870 2458 2868 2460 2870 980 980 2458 2868 980 980 984 984 2458 2868 984 984 2459 2869 2458 2868 2459 2869 1021 1021 2458 2868 1021 1021 1020 1020 2460 2870 2461 2871 713 2872 2460 2870 713 2872 2389 2873 2460 2870 2389 2873 889 2874 2460 2870 1020 1020 2461 2871 2462 2875 2460 2870 889 2874 2462 2875 889 2874 888 2876 2462 2875 888 2876 887 2809 2462 2875 887 2809 2427 2808 2462 2875 2427 2808 979 979 2462 2875 979 979 2460 2870 2463 2877 987 987 986 986 2463 2877 986 986 991 991 2463 2877 991 991 2464 2878 2463 2877 2464 2878 1027 1027 2463 2877 1027 1027 1026 1026 2465 2879 2466 2880 719 2881 2465 2879 719 2881 2393 2882 2465 2879 2393 2882 896 2883 2465 2879 896 2883 2467 2884 2465 2879 2467 2884 987 987 2465 2879 987 987 2463 2877 2465 2879 2463 2877 1026 1026 2465 2879 1026 1026 2466 2880 2468 2885 2467 2884 896 2883 2468 2885 896 2883 895 2886 2468 2885 895 2886 894 2830 2468 2885 894 2830 2439 2829 2468 2885 2439 2829 987 987 2468 2885 987 987 2467 2884 2469 2887 1032 1032 2472 2890 2469 2887 2471 2889 993 993 2469 2887 993 993 997 997 2469 2887 997 997 2470 2888 2469 2887 2470 2888 1033 1033 2469 2887 1033 1033 1032 1032 2471 2889 2472 2890 725 2891 2471 2889 725 2891 2053 2892 2471 2889 2053 2892 495 2893 2471 2889 2469 2887 2472 2890 2473 2894 2471 2889 495 2893 2473 2894 495 2893 494 2895 2473 2894 494 2895 493 2839 2473 2894 493 2839 2444 2838 2473 2894 2444 2838 994 994 2473 2894 994 994 2471 2889 2474 2896 1039 1039 2476 2898 2474 2896 2476 2898 999 999 2474 2896 999 999 1004 1004 2474 2896 1004 1004 2475 2897 2474 2896 2475 2897 1040 1040 2474 2896 1040 1040 1039 1039 2476 2898 2477 2899 731 2900 2476 2898 731 2900 2239 2901 2476 2898 2239 2901 697 2902 2476 2898 1039 1039 2477 2899 2478 2903 2476 2898 697 2902 2478 2903 697 2902 696 2904 2478 2903 696 2904 695 2846 2478 2903 695 2846 1000 1000 2478 2903 1000 1000 998 998 2478 2903 998 998 2476 2898 2479 2905 1046 1046 2481 2907 2479 2905 2481 2907 1006 1006 2479 2905 1006 1006 1010 1010 2479 2905 1010 1010 2480 2906 2479 2905 2480 2906 1047 1047 2479 2905 1047 1047 1046 1046 2481 2907 2482 2908 738 2909 2481 2907 738 2909 2245 2910 2481 2907 2245 2910 704 2911 2481 2907 1046 1046 2482 2908 2483 2912 2481 2907 704 2911 2483 2912 704 2911 703 2913 2483 2912 703 2913 702 2854 2483 2912 702 2854 2451 2853 2483 2912 2451 2853 1007 1007 2483 2912 1007 1007 2481 2907 2484 2914 1053 1053 1052 1052 2484 2914 1052 1052 1012 1012 2484 2914 1012 1012 1016 1016 2484 2914 1016 1016 2485 2915 2484 2914 2485 2915 1054 1054 2484 2914 1054 1054 1053 1053 2486 2916 1052 1052 744 2917 2486 2916 744 2917 2252 2918 2486 2916 2252 2918 709 2919 2486 2916 709 2919 2487 2920 2486 2916 2487 2920 1012 1012 2486 2916 1012 1012 1052 1052 2488 2921 2487 2920 709 2919 2488 2921 709 2919 708 2922 2488 2921 708 2922 707 2863 2488 2921 707 2863 2456 2862 2488 2921 2456 2862 1011 1011 2488 2921 1011 1011 1012 1012 2488 2921 1012 1012 2487 2920 2489 2923 1059 1059 1019 1019 2489 2923 1019 1019 1018 1018 2489 2923 1018 1018 1023 1023 2489 2923 1023 1023 2490 2924 2489 2923 2490 2924 1060 1060 2489 2923 1060 1060 1059 1059 2491 2925 2492 2926 751 2927 2491 2925 751 2927 2258 2928 2491 2925 2258 2928 715 2929 2491 2925 1019 1019 2492 2926 2493 2930 2491 2925 715 2929 2493 2930 715 2929 714 2931 2493 2930 714 2931 713 2872 2493 2930 713 2872 2461 2871 2493 2930 2461 2871 1020 1020 2493 2930 1020 1020 1019 1019 2493 2930 1019 1019 2491 2925 2494 2932 1066 1066 2497 2939 2494 2932 2497 2939 1025 1025 2494 2932 1025 1025 1029 1029 2494 2932 1029 1029 2400 2933 2494 2932 2400 2933 1067 1067 2494 2932 1067 1067 1066 1066 2495 2934 2496 2935 757 2936 2495 2934 757 2936 2266 2937 2495 2934 2266 2937 721 2938 2495 2934 721 2938 2497 2939 2495 2934 2497 2939 1066 1066 2495 2934 1066 1066 2496 2935 2497 2939 721 2938 720 2940 2497 2939 720 2940 719 2881 2497 2939 719 2881 2466 2880 2497 2939 2466 2880 1026 1026 2498 2941 1073 1073 2501 2944 2498 2941 2501 2944 1031 1031 2498 2941 1031 1031 1035 1035 2498 2941 1035 1035 2499 2942 2498 2941 2499 2942 1074 1074 2498 2941 1074 1074 1073 1073 2500 2943 2501 2944 763 2945 2500 2943 763 2945 2272 2946 2500 2943 2272 2946 727 2947 2500 2943 727 2947 2502 2948 2500 2943 2502 2948 1031 1031 2500 2943 1031 1031 2501 2944 2503 2949 2502 2948 727 2947 2503 2949 727 2947 726 2950 2503 2949 726 2950 725 2891 2503 2949 725 2891 2472 2890 2503 2949 2472 2890 1031 1031 2503 2949 1031 1031 2502 2948 2504 2951 1080 1080 1079 1079 2504 2951 1079 1079 1038 1038 2504 2951 1038 1038 1037 1037 2504 2951 1037 1037 1042 1042 2504 2951 1042 1042 2505 2952 2504 2951 2505 2952 1081 1081 2504 2951 1081 1081 1080 1080 1038 1038 1079 1079 770 2953 1038 1038 770 2953 2278 2954 1038 1038 2278 2954 733 2955 2506 2956 1038 1038 733 2955 2506 2956 733 2955 732 2957 2506 2956 732 2957 731 2900 2506 2956 731 2900 2477 2899 2506 2956 2477 2899 1039 1039 2506 2956 1039 1039 1038 1038 2507 2958 1086 1086 1045 1045 2507 2958 1045 1045 1044 1044 2507 2958 1044 1044 1049 1049 2507 2958 1049 1049 2508 2959 2507 2958 2508 2959 1087 1087 2507 2958 1087 1087 1086 1086 2509 2960 2510 2961 778 2962 2509 2960 778 2962 2284 2963 2509 2960 2284 2963 740 2964 2509 2960 740 2964 1045 1045 2509 2960 1045 1045 1086 1086 2509 2960 1086 1086 2510 2961 1045 1045 740 2964 739 2965 1045 1045 739 2965 738 2909 1045 1045 738 2909 2482 2908 1045 1045 2482 2908 1046 1046 1045 1045 1046 1046 1043 1043 2511 2966 1092 1092 2514 2969 2511 2966 2514 2969 2512 2967 2511 2966 2512 2967 1051 1051 2511 2966 1051 1051 1056 1056 2511 2966 1056 1056 2513 2968 2511 2966 2513 2968 1093 1093 2511 2966 1093 1093 1092 1092 2512 2967 2514 2969 786 2970 2512 2967 786 2970 2289 2971 2512 2967 2289 2971 746 2972 2512 2967 746 2972 2515 2973 2512 2967 2515 2973 1051 1051 2516 2974 2515 2973 746 2972 2516 2974 746 2972 745 2975 2516 2974 745 2975 744 2917 2516 2974 744 2917 1052 1052 2516 2974 1052 1052 1051 1051 2516 2974 1051 1051 2515 2973 2517 2976 1098 1098 2519 2978 2517 2976 2519 2978 1058 1058 2517 2976 1058 1058 1062 1062 2517 2976 1062 1062 2518 2977 2517 2976 2518 2977 1099 1099 2517 2976 1099 1099 1098 1098 2519 2978 2520 2979 792 2980 2519 2978 792 2980 2294 2981 2519 2978 2294 2981 753 2982 2519 2978 1098 1098 2520 2979 2521 2983 2519 2978 753 2982 2521 2983 753 2982 752 2984 2521 2983 752 2984 751 2927 2521 2983 751 2927 2492 2926 2521 2983 2492 2926 1019 1019 2521 2983 1019 1019 2519 2978 2522 2985 1104 1104 1065 1065 2522 2985 1065 1065 1064 1064 2522 2985 1064 1064 1069 1069 2522 2985 1069 1069 2523 2986 2522 2985 2523 2986 1105 1105 2522 2985 1105 1105 1104 1104 2524 2987 2525 2988 799 2989 2524 2987 799 2989 2299 2990 2524 2987 2299 2990 759 2991 2524 2987 759 2991 1065 1065 2524 2987 1065 1065 1104 1104 2524 2987 1104 1104 2525 2988 1065 1065 759 2991 758 2992 1065 1065 758 2992 757 2936 1065 1065 757 2936 2496 2935 1065 1065 2496 2935 1066 1066 1065 1065 1066 1066 1063 1063 2526 2993 687 687 2237 2439 2526 2993 1072 1072 1071 1071 2526 2993 1071 1071 1076 1076 2526 2993 1076 1076 2527 2994 2526 2993 2527 2994 688 688 2526 2993 688 688 687 687 2528 2995 2237 2439 806 2438 2528 2995 806 2438 2305 2996 2528 2995 2305 2996 765 2997 2528 2995 765 2997 1072 1072 2528 2995 1072 1072 2526 2993 2528 2995 2526 2993 2237 2439 2529 2998 1072 1072 765 2997 2529 2998 765 2997 764 2999 2529 2998 764 2999 763 2945 2529 2998 763 2945 2501 2944 2530 3000 906 906 2532 3002 2530 3000 2532 3002 1078 1078 2530 3000 1078 1078 1083 1083 2530 3000 1083 1083 2531 3001 2530 3000 2531 3001 907 907 2530 3000 907 907 906 906 2532 3002 2408 2774 812 2773 2532 3002 812 2773 2310 3003 2532 3002 2310 3003 772 3004 2532 3002 772 3004 2533 3005 2532 3002 2533 3005 1078 1078 2532 3002 906 906 2408 2774 2534 3006 2533 3005 772 3004 2534 3006 772 3004 771 3007 2534 3006 771 3007 770 2953 2534 3006 770 2953 1079 1079 2534 3006 1079 1079 1078 1078 2534 3006 1078 1078 2533 3005 2535 3008 913 913 912 912 2535 3008 1085 1085 1089 1089 2535 3008 1089 1089 2536 3009 2535 3008 2536 3009 914 914 2535 3008 914 914 913 913 2537 3010 912 912 819 2785 2537 3010 819 2785 2315 3011 2537 3010 2315 3011 780 3012 2537 3010 1085 1085 2535 3008 2537 3010 2535 3008 912 912 2538 3013 2537 3010 780 3012 2538 3013 780 3012 779 3014 2538 3013 779 3014 778 2962 2538 3013 778 2962 2510 2961 2538 3013 2510 2961 1086 1086 2538 3013 1086 1086 1084 1084 2538 3013 1084 1084 1085 1085 2538 3013 1085 1085 2537 3010 2539 3015 920 920 919 919 2539 3015 1091 1091 1095 1095 2539 3015 1095 1095 2540 3016 2539 3015 2540 3016 921 921 2539 3015 921 921 920 920 2541 3017 919 919 826 2794 2541 3017 826 2794 2319 3018 2541 3017 2319 3018 788 3019 2541 3017 1091 1091 2539 3015 2541 3017 2539 3015 919 919 2542 3020 2541 3017 788 3019 2542 3020 788 3019 787 3021 2542 3020 787 3021 786 2970 2542 3020 786 2970 2514 2969 2542 3020 2514 2969 1090 1090 2542 3020 1090 1090 1091 1091 2542 3020 1091 1091 2541 3017 2543 3022 927 927 926 926 2543 3022 926 926 2546 3027 2543 3022 2546 3027 1097 1097 2543 3022 1097 1097 1101 1101 2543 3022 1101 1101 2544 3023 2543 3022 2544 3023 928 928 2543 3022 928 928 927 927 2545 3024 2423 2804 833 2803 2545 3024 833 2803 2325 3025 2545 3024 2325 3025 794 3026 2545 3024 794 3026 2546 3027 2545 3024 2546 3027 926 926 2545 3024 926 926 2423 2804 2546 3027 794 3026 793 3028 2546 3027 793 3028 792 2980 2546 3027 792 2980 2520 2979 2546 3027 2520 2979 1098 1098 2547 3029 940 940 2435 2825 2547 3029 2549 3031 1103 1103 2547 3029 1103 1103 1107 1107 2547 3029 1107 1107 2548 3030 2547 3029 2548 3030 941 941 2547 3029 941 941 940 940 2549 3031 2435 2825 845 2824 2549 3031 845 2824 2330 3032 2549 3031 2330 3032 801 3033 2549 3031 2547 3029 2435 2825 2550 3034 2549 3031 801 3033 2550 3034 801 3033 800 3035 2550 3034 800 3035 799 2989 2550 3034 799 2989 2525 2988 2550 3034 2525 2988 1104 1104 2550 3034 1104 1104 2549 3031 2551 3036 1357 1357 2554 3039 2551 3036 1109 1109 1114 1114 2551 3036 1114 1114 2552 3037 2551 3036 2552 3037 1358 1358 2551 3036 1358 1358 1357 1357 2553 3038 2554 3039 1271 3040 2553 3038 1271 3040 2555 3041 2553 3038 2555 3041 1229 3042 2553 3038 1229 3042 2556 3043 2553 3038 2556 3043 1109 1109 2553 3038 1109 1109 2551 3036 2553 3038 2551 3036 2554 3039 2557 3044 2556 3043 1229 3042 2557 3044 1229 3042 1228 3045 2557 3044 1228 3045 1227 3046 2557 3044 1227 3046 1110 1110 2557 3044 1110 1110 1108 1108 2557 3044 1108 1108 1109 1109 2557 3044 1109 1109 2556 3043 2558 3047 1117 1117 1116 1116 2558 3047 1116 1116 1122 1122 2558 3047 1122 1122 2559 3048 2558 3047 2559 3048 1156 1156 2558 3047 1156 1156 1155 1155 2560 3049 2561 3050 1074 3051 2560 3049 1074 3051 2499 3052 2560 3049 2499 3052 1035 3053 2560 3049 1035 3053 1117 1117 2560 3049 1117 1117 2558 3047 2560 3049 2558 3047 1155 1155 2560 3049 1155 1155 2561 3050 1118 1118 1117 1117 1035 3053 1118 1118 1035 3053 1034 3054 1118 1118 1034 3054 1033 3055 1118 1118 1033 3055 2562 3056 2563 3057 1123 1123 1127 1127 2563 3057 1127 1127 2564 3058 2563 3057 2564 3058 1163 1163 2563 3057 1163 1163 1162 1162 2565 3059 2566 3060 1081 3061 2565 3059 1081 3061 2505 3062 2565 3059 2505 3062 1042 3063 2565 3059 2563 3057 1162 1162 2565 3059 1162 1162 2566 3060 2567 3064 2565 3059 1042 3063 2567 3064 1042 3063 1041 3065 2567 3064 1041 3065 1040 3066 2567 3064 1040 3066 2568 3067 2567 3064 2568 3067 1124 1124 2567 3064 1124 1124 1123 1123 2567 3064 1123 1123 2563 3057 2567 3064 2563 3057 2565 3059 2569 3068 1169 1169 1168 1168 2569 3068 1168 1168 2571 3070 2569 3068 2571 3070 1128 1128 2569 3068 1128 1128 1132 1132 2569 3068 1132 1132 2570 3069 2569 3068 2570 3069 1170 1170 2569 3068 1170 1170 1169 1169 2571 3070 1168 1168 1087 3071 2571 3070 1087 3071 2508 3072 2571 3070 2508 3072 1049 3073 2572 3074 2571 3070 1049 3073 2572 3074 1049 3073 1048 3075 2572 3074 1048 3075 1047 3076 2572 3074 1047 3076 2573 3077 2572 3074 2573 3077 1129 1129 2572 3074 1129 1129 1128 1128 2572 3074 1128 1128 2571 3070 2574 3078 1135 1135 1134 1134 2574 3078 1134 1134 1140 1140 2574 3078 1140 1140 2575 3079 2574 3078 2575 3079 1176 1176 2574 3078 1176 1176 1175 1175 2576 3080 2577 3081 1093 3082 2576 3080 1093 3082 2513 3083 2576 3080 2513 3083 1056 3084 2576 3080 1056 3084 1135 1135 2576 3080 1135 1135 2574 3078 2576 3080 2574 3078 1175 1175 2576 3080 1175 1175 2577 3081 2578 3085 1135 1135 1056 3084 2578 3085 1056 3084 1055 3086 2578 3085 1055 3086 1054 3087 2578 3085 1054 3087 1136 1136 2578 3085 1136 1136 1133 1133 2578 3085 1133 1133 1135 1135 2579 3088 1182 3089 2580 3090 2579 3088 2580 3090 1142 1142 2579 3088 1142 1142 1146 1146 2579 3088 1146 1146 2581 3091 2579 3088 2581 3091 1183 3092 2579 3088 1183 3092 1182 3089 2580 3090 2582 3093 1099 3094 2580 3090 1099 3094 2518 3095 2580 3090 2518 3095 1062 3096 2580 3090 1062 3096 2583 3097 2580 3090 2583 3097 1142 1142 2580 3090 1182 3089 2582 3093 2584 3098 2583 3097 1062 3096 2584 3098 1062 3096 1061 3099 2584 3098 1061 3099 1060 3100 2584 3098 1060 3100 2585 3101 2584 3098 2585 3101 1143 1143 2584 3098 1143 1143 1141 1141 2584 3098 1141 1141 1142 1142 2584 3098 1142 1142 2583 3097 2586 3102 1189 1189 1188 1188 2586 3102 1188 1188 2588 3104 2586 3102 2588 3104 1148 1148 2586 3102 1152 1152 2587 3103 2586 3102 2587 3103 1190 1190 2586 3102 1190 1190 1189 1189 2588 3104 1188 1188 1105 3105 2588 3104 1105 3105 2523 3106 2588 3104 2523 3106 1069 3107 2588 3104 1069 3107 1148 1148 1148 1148 1069 3107 1068 3108 1148 1148 1068 3108 1067 2757 1148 1148 1067 2757 2399 2756 1148 1148 2399 2756 1149 1149 2589 3109 1195 1195 2591 3111 2589 3109 2591 3111 1154 1154 2589 3109 1154 1154 1158 1158 2589 3109 1158 1158 2590 3110 2589 3109 2590 3110 1196 1196 2589 3109 1196 1196 1195 1195 2591 3111 2592 3112 688 3113 2591 3111 688 3113 2527 3114 2591 3111 2527 3114 1076 3115 2591 3111 1076 3115 2593 3116 2591 3111 2593 3116 1154 1154 2591 3111 1195 1195 2592 3112 2594 3117 2593 3116 1076 3115 2594 3117 1076 3115 1075 3118 2594 3117 1075 3118 1074 3051 2594 3117 1074 3051 2561 3050 2594 3117 2561 3050 1155 1155 2594 3117 1155 1155 1153 1153 2594 3117 1153 1153 1154 1154 2594 3117 1154 1154 2593 3116 2595 3119 1161 1161 1160 1160 2595 3119 1160 1160 1165 1165 2595 3119 1165 1165 2596 3121 2595 3119 2596 3121 1203 3122 2595 3119 1203 3122 1202 3120 2597 3123 2598 3124 907 3125 2597 3123 907 3125 2531 3126 2597 3123 2531 3126 1083 3127 2597 3123 1083 3127 1161 1161 2597 3123 1161 1161 2595 3119 2597 3123 2595 3119 1202 3120 2597 3123 1202 3120 2598 3124 2599 3128 1161 1161 1083 3127 2599 3128 1083 3127 1082 3129 2599 3128 1082 3129 1081 3061 2599 3128 1081 3061 2566 3060 2599 3128 2566 3060 1162 1162 2599 3128 1162 1162 1159 1159 2599 3128 1159 1159 1161 1161 2600 3130 1167 1167 1172 1172 2600 3130 1172 1172 2601 3131 2600 3130 2601 3131 1210 1210 2600 3130 1210 1210 1209 1209 2602 3132 2603 3133 914 3134 2602 3132 914 3134 2536 3135 2602 3132 2536 3135 1089 3136 2602 3132 1089 3136 2604 3137 2602 3132 2604 3137 1167 1167 2602 3132 1167 1167 2600 3130 2602 3132 2600 3130 1209 1209 2602 3132 1209 1209 2603 3133 2605 3138 2604 3137 1089 3136 2605 3138 1089 3136 1088 3139 2605 3138 1088 3139 1087 3071 2605 3138 1087 3071 1168 1168 2605 3138 1168 1168 1166 1166 2605 3138 1166 1166 1167 1167 2605 3138 1167 1167 2604 3137 2606 3140 1214 1214 2608 3142 2606 3140 2608 3142 1174 1174 2606 3140 1174 1174 1178 1178 2606 3140 1178 1178 2607 3141 2606 3140 2607 3141 1215 1215 2606 3140 1215 1215 1214 1214 2608 3142 2609 3143 921 3144 2608 3142 921 3144 2540 3145 2608 3142 2540 3145 1095 3146 2608 3142 1095 3146 2610 3147 2608 3142 2610 3147 1174 1174 2608 3142 1214 1214 2609 3143 2611 3148 2610 3147 1095 3146 2611 3148 1095 3146 1094 3149 2611 3148 1094 3149 1093 3082 2611 3148 1093 3082 2577 3081 2611 3148 2577 3081 1175 1175 2611 3148 1174 1174 2610 3147 2612 3150 1219 1219 2615 3153 2612 3150 1180 1180 1185 1185 2612 3150 1185 1185 2613 3151 2612 3150 2613 3151 1220 1220 2612 3150 1220 1220 1219 1219 2614 3152 2615 3153 928 3154 2614 3152 928 3154 2544 3155 2614 3152 2544 3155 1101 3156 2614 3152 1101 3156 2616 3157 2614 3152 2616 3157 1180 1180 2614 3152 1180 1180 2612 3150 2614 3152 2612 3150 2615 3153 1181 1181 2616 3157 1101 3156 1181 1181 1101 3156 1100 3158 1181 1181 1100 3158 1099 3159 1181 1181 1099 3159 2582 3160 1181 1181 2582 3160 1182 1182 1181 1181 1180 1180 2616 3157 2617 3161 1187 1187 1192 1192 2617 3161 1192 1192 2618 3162 2617 3161 2618 3162 1234 1234 2617 3161 1234 1234 1233 1233 2619 3163 2620 3164 941 3165 2619 3163 941 3165 2548 3166 2619 3163 2548 3166 1107 3167 2619 3163 1107 3167 2621 3168 2619 3163 2621 3168 1187 1187 2619 3163 1187 1187 2617 3161 2619 3163 2617 3161 1233 1233 2619 3163 1233 1233 2620 3164 2622 3169 2621 3168 1107 3167 2622 3169 1107 3167 1106 3170 2622 3169 1106 3170 1105 3105 2622 3169 1105 3105 1188 1188 2622 3169 1188 1188 1186 1186 2622 3169 1186 1186 1187 1187 2622 3169 1187 1187 2621 3168 2623 3171 1239 1239 1238 1238 2623 3171 1238 1238 2625 3173 2623 3171 2625 3173 1194 1194 2623 3171 1194 1194 1198 1198 2623 3171 1198 1198 2624 3172 2623 3171 2624 3172 1240 1240 2623 3171 1240 1240 1239 1239 2625 3173 1238 1238 948 3174 2625 3173 948 3174 2233 3175 2625 3173 2233 3175 690 3176 2625 3173 690 3176 2626 3177 2625 3173 2626 3177 1194 1194 2627 3178 2626 3177 690 3176 2627 3178 690 3176 689 3179 2627 3178 689 3179 688 3113 2627 3178 688 3113 2592 3112 2627 3178 2592 3112 1195 1195 2627 3178 1194 1194 2626 3177 2628 3180 1200 1200 1205 1205 2628 3180 1205 1205 2629 3181 2628 3180 2629 3181 1245 1245 2628 3180 1245 1245 1244 1244 2630 3182 2631 3183 955 3184 2630 3182 955 3184 2405 3185 2630 3182 2405 3185 909 3186 2630 3182 909 3186 2632 3187 2630 3182 2632 3187 1200 1200 2630 3182 1200 1200 2628 3180 2630 3182 2628 3180 1244 1244 2630 3182 1244 1244 2631 3183 1201 1201 2632 3187 909 3186 1201 1201 909 3186 908 3188 1201 1201 908 3188 907 3189 1201 1201 907 3189 2598 3190 1201 1201 2598 3190 1202 1202 1201 1201 1200 1200 2632 3187 2633 3191 1251 1251 1250 1250 2633 3191 1208 1208 1207 1207 2633 3191 1207 1207 1212 1212 2633 3191 1212 1212 2634 3192 2633 3191 2634 3192 1252 1252 2633 3191 1252 1252 1251 1251 2635 3193 1250 1250 962 3194 2635 3193 962 3194 2410 3195 2635 3193 2410 3195 916 3196 2635 3193 916 3196 1208 1208 2635 3193 1208 1208 2633 3191 2635 3193 2633 3191 1250 1250 2636 3197 1208 1208 916 3196 2636 3197 916 3196 915 3198 2636 3197 915 3198 914 3134 2636 3197 914 3134 2603 3133 2636 3197 2603 3133 1209 1209 2636 3197 1209 1209 1206 1206 2636 3197 1206 1206 1208 1208 2637 3199 1257 1257 2640 3202 2637 3199 1213 1213 1217 1217 2637 3199 1217 1217 2638 3200 2637 3199 2638 3200 1258 1258 2637 3199 1258 1258 1257 1257 2639 3201 2640 3202 969 3203 2639 3201 969 3203 2416 3204 2639 3201 2416 3204 923 3205 2639 3201 1213 1213 2637 3199 2639 3201 2637 3199 2640 3202 2641 3206 2639 3201 923 3205 2641 3206 923 3205 922 3207 2641 3206 922 3207 921 3144 2641 3206 921 3144 2609 3143 2641 3206 2609 3143 1214 1214 2641 3206 1214 1214 1213 1213 2641 3206 1213 1213 2639 3201 2642 3208 1264 1264 1263 1263 2642 3208 1263 1263 2644 3210 2642 3208 1222 1222 2643 3209 2642 3208 2643 3209 1265 1265 2642 3208 1265 1265 1264 1264 2644 3210 1263 1263 976 3211 2644 3210 976 3211 2420 3212 2644 3210 2420 3212 930 3213 2644 3210 930 3213 2645 3214 2644 3210 2645 3214 2642 3208 2645 3214 930 3213 929 3215 2645 3214 929 3215 928 3154 2645 3214 928 3154 2615 3153 2645 3214 2615 3153 1218 1218 2645 3214 1218 1218 2642 3208 2646 3216 1270 1270 2648 3219 2646 3216 2649 3223 1224 1224 2646 3216 1224 1224 1229 1229 2646 3216 1229 1229 2555 3217 2646 3216 2555 3217 1271 1271 2646 3216 1271 1271 1270 1270 2647 3218 2648 3219 982 3220 2647 3218 982 3220 2425 3221 2647 3218 2425 3221 937 3222 2647 3218 937 3222 2649 3223 2647 3218 2649 3223 2646 3216 2647 3218 2646 3216 2648 3219 2650 3224 2649 3223 937 3222 2650 3224 937 3222 936 3225 2650 3224 936 3225 935 3226 2650 3224 935 3226 1225 1225 2650 3224 1225 1225 1223 1223 2650 3224 1223 1223 2649 3223 2651 3227 1226 1226 1225 1225 2651 3227 1232 1232 1231 1231 2651 3227 1231 1231 1236 1236 2651 3227 1236 1236 2652 3228 2651 3227 2652 3228 1227 1227 2651 3227 1227 1227 1226 1226 2653 3229 1225 1225 935 3226 2653 3229 935 3226 2431 3230 2653 3229 2431 3230 943 3231 2653 3229 943 3231 1232 1232 2653 3229 1232 1232 2651 3227 2653 3229 2651 3227 1225 1225 2654 3232 1232 1232 943 3231 2654 3232 943 3231 942 3233 2654 3232 942 3233 941 3165 2654 3232 941 3165 2620 3164 2654 3232 2620 3164 1233 1233 2654 3232 1233 1233 1230 1230 2654 3232 1230 1230 1232 1232 2655 3234 1278 3235 1277 3236 2655 3234 1237 1237 1242 1242 2655 3234 1242 1242 2656 3237 2655 3234 2656 3237 1279 3238 2655 3234 1279 3238 1278 3235 2657 3239 1277 3236 989 3240 2657 3239 989 3240 2437 3241 2657 3239 2437 3241 950 3242 2657 3239 2655 3234 1277 3236 2658 3243 2657 3239 950 3242 2658 3243 950 3242 949 3244 2658 3243 949 3244 948 3174 2658 3243 948 3174 1238 1238 2658 3243 1238 1238 1237 1237 2658 3243 1237 1237 2655 3234 2658 3243 2655 3234 2657 3239 2659 3245 1285 1285 1284 1284 2659 3245 1284 1284 2661 3247 2659 3245 2661 3247 1243 1243 2659 3245 1247 1247 2660 3246 2659 3245 2660 3246 1286 1286 2659 3245 1286 1286 1285 1285 2661 3247 1284 1284 995 3248 2661 3247 995 3248 2442 3249 2661 3247 2442 3249 957 3250 2661 3247 957 3250 2662 3251 2661 3247 2662 3251 1243 1243 2662 3251 957 3250 956 3252 2662 3251 956 3252 955 3184 2662 3251 955 3184 2631 3183 2662 3251 2631 3183 1244 1244 2663 3253 1291 1291 2666 3256 2663 3253 2667 3260 1249 1249 2663 3253 1249 1249 1254 1254 2663 3253 1254 1254 2664 3254 2663 3253 2664 3254 1292 1292 2663 3253 1292 1292 1291 1291 2665 3255 2666 3256 1002 3257 2665 3255 1002 3257 2446 3258 2665 3255 2446 3258 964 3259 2665 3255 964 3259 2667 3260 2665 3255 2667 3260 2663 3253 2665 3255 2663 3253 2666 3256 2668 3261 2667 3260 964 3259 2668 3261 964 3259 963 3262 2668 3261 963 3262 962 3194 2668 3261 962 3194 1250 1250 2668 3261 1250 1250 1248 1248 2668 3261 1248 1248 2667 3260 2669 3263 1298 3264 2670 3265 2669 3263 2670 3265 1256 1256 2669 3263 1256 1256 1260 1260 2669 3263 1260 1260 2671 3266 2669 3263 2671 3266 1299 3267 2669 3263 1299 3267 1298 3264 2670 3265 2672 3268 1008 3269 2670 3265 1008 3269 2449 3270 2670 3265 2449 3270 971 3271 2670 3265 971 3271 2673 3272 2670 3265 2673 3272 1256 1256 2670 3265 1298 3264 2672 3268 2674 3273 2673 3272 971 3271 2674 3273 971 3271 970 3274 2674 3273 970 3274 969 3203 2674 3273 969 3203 2640 3202 2674 3273 2640 3202 1255 1255 2674 3273 1255 1255 1256 1256 2674 3273 1256 1256 2673 3272 2675 3275 1304 1304 2677 3277 2675 3275 2677 3277 1262 1262 2675 3275 1262 1262 1267 1267 2675 3275 1267 1267 2676 3276 2675 3275 2676 3276 1305 1305 2675 3275 1305 1305 1304 1304 2677 3277 2678 3278 1014 3279 2677 3277 1014 3279 2454 3280 2677 3277 2454 3280 978 3281 2677 3277 978 3281 2679 3282 2677 3277 2679 3282 1262 1262 2677 3277 1304 1304 2678 3278 2680 3283 2679 3282 978 3281 2680 3283 978 3281 977 3284 2680 3283 977 3284 976 3211 2680 3283 976 3211 1263 1263 2680 3283 1263 1263 1261 1261 2680 3283 1261 1261 1262 1262 2680 3283 1262 1262 2679 3282 2681 3285 1309 1309 2683 3287 2681 3285 2683 3287 1269 1269 2681 3285 1269 1269 1273 1273 2681 3285 1273 1273 2682 3286 2681 3285 2682 3286 1310 1310 2681 3285 1310 1310 1309 1309 2683 3287 2684 3288 1021 3289 2683 3287 1021 3289 2459 3290 2683 3287 2459 3290 984 3291 2683 3287 984 3291 2685 3292 2683 3287 2685 3292 1269 1269 2683 3287 1309 1309 2684 3288 2686 3293 2685 3292 984 3291 2686 3293 984 3291 983 3294 2686 3293 983 3294 982 3220 2686 3293 982 3220 2648 3219 2686 3293 2648 3219 1268 1268 2686 3293 1268 1268 1269 1269 2686 3293 1269 1269 2685 3292 2687 3295 900 900 2689 3297 2687 3295 2689 3297 1276 1276 2687 3295 1276 1276 1275 1275 2687 3295 1275 1275 1281 1281 2687 3295 1281 1281 2688 3296 2687 3295 2688 3296 901 901 2687 3295 901 901 900 900 2689 3297 2402 2763 1027 2762 2689 3297 1027 2762 2464 3298 2689 3297 2464 3298 991 3299 2689 3297 991 3299 1276 1276 2689 3297 900 900 2402 2763 2690 3300 1276 1276 991 3299 2690 3300 991 3299 990 3301 2690 3300 990 3301 989 3302 2690 3300 989 3302 1277 1277 2691 3303 1119 1119 2562 3056 2691 3303 2562 3056 2693 3305 2691 3303 2693 3305 1283 1283 2691 3303 1283 1283 1288 1288 2691 3303 1288 1288 2692 3304 2691 3303 2692 3304 1120 1120 2691 3303 1120 1120 1119 1119 2693 3305 2562 3056 1033 3055 2693 3305 1033 3055 2470 3306 2693 3305 2470 3306 997 3307 2693 3305 997 3307 2694 3308 2693 3305 2694 3308 1283 1283 2695 3309 2694 3308 997 3307 2695 3309 997 3307 996 3310 2695 3309 996 3310 995 3248 2695 3309 995 3248 1284 1284 2695 3309 1284 1284 1282 1282 2695 3309 1282 1282 1283 1283 2695 3309 1283 1283 2694 3308 2696 3311 1290 1290 1294 1294 2696 3311 1294 1294 2697 3312 2696 3311 2697 3312 1125 1125 2696 3311 1125 1125 1124 1124 2698 3313 2568 3067 1040 3066 2698 3313 1040 3066 2475 3314 2698 3313 2475 3314 1004 3315 2698 3313 1004 3315 2699 3316 2698 3313 2699 3316 1290 1290 2698 3313 1290 1290 2696 3311 2698 3313 2696 3311 1124 1124 2698 3313 1124 1124 2568 3067 2700 3317 2699 3316 1004 3315 2700 3317 1004 3315 1003 3318 2700 3317 1003 3318 1002 3257 2700 3317 1002 3257 2666 3256 2700 3317 2666 3256 1289 1289 2700 3317 1289 1289 1290 1290 2700 3317 1290 1290 2699 3316 2701 3319 1129 1129 2703 3321 2701 3319 2703 3321 1296 1296 2701 3319 1296 1296 1301 1301 2701 3319 1301 1301 2702 3320 2701 3319 2702 3320 1130 1130 2701 3319 1130 1130 1129 1129 2703 3321 2573 3077 1047 3076 2703 3321 1047 3076 2480 3322 2703 3321 2480 3322 1010 3323 2703 3321 1010 3323 2704 3324 2703 3321 2704 3324 1296 1296 2703 3321 1129 1129 2573 3077 1297 1297 2704 3324 1010 3323 1297 1297 1010 3323 1009 3325 1297 1297 1009 3325 1008 3326 1297 1297 1008 3326 2672 3327 1297 1297 2672 3327 1298 1298 1297 1297 1296 1296 2704 3324 2705 3328 1137 1137 1136 1136 2705 3328 2708 3333 1303 1303 2705 3328 1303 1303 1307 1307 2705 3328 1307 1307 2706 3329 2705 3328 2706 3329 1138 1138 2705 3328 1138 1138 1137 1137 2707 3330 1136 1136 1054 3087 2707 3330 1054 3087 2485 3331 2707 3330 2485 3331 1016 3332 2707 3330 1016 3332 2708 3333 2707 3330 2708 3333 2705 3328 2707 3330 2705 3328 1136 1136 2709 3334 2708 3333 1016 3332 2709 3334 1016 3332 1015 3335 2709 3334 1015 3335 1014 3279 2709 3334 1014 3279 2678 3278 2709 3334 2678 3278 1304 1304 2710 3336 1308 1308 1312 1312 2710 3336 1312 1312 2711 3337 2710 3336 2711 3337 1144 1144 2710 3336 1144 1144 1143 1143 2712 3338 2585 3101 1060 3100 2712 3338 1060 3100 2490 3339 2712 3338 2490 3339 1023 3340 2712 3338 2710 3336 1143 1143 2712 3338 1143 1143 2585 3101 2713 3341 2712 3338 1023 3340 2713 3341 1023 3340 1022 3342 2713 3341 1022 3342 1021 3289 2713 3341 1021 3289 2684 3288 2713 3341 2684 3288 1309 1309 2713 3341 1309 1309 1308 1308 2713 3341 1308 1308 2710 3336 2713 3341 2710 3336 2712 3338 2714 3343 1315 1315 2715 3344 2714 3343 2715 3344 1527 3345 2714 3343 2716 3346 1470 3347 2714 3343 1470 3347 2717 3348 2714 3343 2717 3348 1435 3349 2714 3343 1435 3349 2718 3350 2714 3343 2718 3350 1315 1315 2714 3343 1527 3345 2716 3346 2719 3351 2718 3350 1435 3349 2719 3351 1435 3349 1434 3352 2719 3351 1434 3352 1433 3353 2719 3351 1433 3353 2720 3354 2719 3351 2720 3354 1313 1313 2719 3351 1315 1315 2718 3350 2721 3355 1111 1111 1110 1110 2721 3355 1110 1110 2723 3357 2721 3355 2723 3357 1317 1317 2721 3355 1317 1317 1321 1321 2721 3355 1321 1321 2722 3356 2721 3355 2722 3356 1112 1112 2721 3355 1112 1112 1111 1111 2723 3357 1110 1110 1227 3046 2723 3357 1227 3046 2652 3358 2723 3357 2652 3358 1236 3359 2723 3357 1236 3359 2724 3360 2723 3357 2724 3360 1317 1317 2725 3361 2724 3360 1236 3359 2725 3361 1236 3359 1235 3362 2725 3361 1235 3362 1234 3363 2725 3361 1234 3363 2726 3364 2725 3361 1317 1317 2724 3360 2727 3365 1362 1362 2729 3367 2727 3365 2729 3367 1323 1323 2727 3365 1323 1323 1328 1328 2727 3365 1328 1328 2728 3366 2727 3365 2728 3366 1363 1363 2727 3365 1363 1363 1362 1362 2729 3367 2730 3368 1279 3369 2729 3367 1279 3369 2656 3370 2729 3367 2656 3370 1242 3371 2729 3367 1242 3371 2731 3372 2729 3367 2731 3372 1323 1323 2729 3367 1362 1362 2730 3368 2732 3373 2731 3372 1242 3371 2732 3373 1242 3371 1241 3374 2732 3373 1241 3374 1240 3375 2732 3373 1240 3375 1324 1324 2732 3373 1324 1324 1322 1322 2732 3373 1322 1322 1323 1323 2732 3373 1323 1323 2731 3372 2733 3376 1369 1369 1368 1368 2733 3376 1330 1330 1334 1334 2733 3376 1334 1334 2734 3377 2733 3376 2734 3377 1370 1370 2733 3376 1370 1370 1369 1369 2735 3378 2736 3379 1286 3380 2735 3378 1286 3380 2660 3381 2735 3378 2660 3381 1247 3382 2735 3378 1330 1330 2733 3376 2735 3378 2733 3376 1368 1368 2735 3378 1368 1368 2736 3379 2737 3383 2735 3378 1247 3382 2737 3383 1247 3382 1246 3384 2737 3383 1246 3384 1245 3385 2737 3383 1245 3385 2738 3386 2737 3383 1330 1330 2735 3378 2739 3387 1376 1376 2742 3390 2739 3387 2742 3390 2741 3389 2739 3387 2741 3389 1336 1336 2739 3387 1336 1336 1341 1341 2739 3387 1341 1341 2740 3388 2739 3387 2740 3388 1377 1377 2739 3387 1377 1377 1376 1376 2741 3389 2742 3390 1292 3391 2741 3389 1292 3391 2664 3392 2741 3389 2664 3392 1254 3393 2741 3389 1254 3393 2743 3394 2741 3389 2743 3394 1336 1336 2744 3395 2743 3394 1254 3393 2744 3395 1254 3393 1253 3396 2744 3395 1253 3396 1252 3397 2744 3395 1252 3397 1337 1337 2744 3395 1336 1336 2743 3394 1343 1343 1382 1382 2745 3398 1343 1343 1347 1347 2746 3399 1343 1343 2746 3399 1383 1383 1343 1343 1383 1383 1382 1382 2745 3398 2747 3400 1299 3401 2745 3398 1299 3401 2671 3402 2745 3398 2671 3402 1260 3403 2745 3398 1382 1382 2747 3400 2748 3404 2745 3398 1260 3403 2748 3404 1260 3403 1259 3405 2748 3404 1259 3405 1258 3406 2748 3404 1258 3406 2749 3407 2748 3404 2749 3407 1344 1344 2748 3404 1343 1343 2745 3398 2750 3408 1388 1388 2752 3410 2750 3408 2752 3410 1349 1349 2750 3408 1349 1349 1354 1354 2750 3408 1354 1354 2751 3409 2750 3408 2751 3409 1389 1389 2750 3408 1389 1389 1388 1388 2752 3410 2753 3411 1305 3412 2752 3410 1305 3412 2676 3413 2752 3410 2676 3413 1267 3414 2752 3410 1267 3414 1350 1350 2752 3410 1350 1350 1349 1349 2752 3410 1388 1388 2753 3411 1350 1350 1267 3414 1266 3415 1350 1350 1266 3415 1265 3416 1350 1350 1265 3416 2754 3417 2755 3418 1395 1395 1394 1394 2755 3418 1394 1394 2756 3419 2755 3418 2756 3419 1356 1356 2755 3418 1356 1356 1360 1360 2755 3418 1360 1360 2757 3420 2755 3418 2757 3420 1396 1396 2755 3418 1396 1396 1395 1395 2756 3419 1394 1394 1310 3421 2756 3419 1310 3421 2682 3422 2756 3419 2682 3422 1273 3423 2758 3424 2756 3419 1273 3423 2758 3424 1273 3423 1272 3425 2758 3424 1272 3425 1271 3040 2758 3424 1271 3040 2554 3039 2758 3424 1356 1356 2756 3419 2759 3426 1401 1401 2762 3429 2759 3426 2762 3429 2760 3427 2759 3426 2760 3427 1361 1361 2759 3426 1361 1361 1365 1365 2759 3426 1365 1365 2761 3428 2759 3426 2761 3428 1402 1402 2759 3426 1402 1402 1401 1401 2760 3427 2762 3429 901 3430 2760 3427 901 3430 2688 3431 2760 3427 2688 3431 1281 3432 2760 3427 1281 3432 2763 3433 2760 3427 2763 3433 1361 1361 2763 3433 1281 3432 1280 3434 2763 3433 1280 3434 1279 3369 2763 3433 1279 3369 2730 3368 2763 3433 2730 3368 1362 1362 2764 3435 1407 1407 2766 3437 2764 3435 2766 3437 1367 1367 2764 3435 1367 1367 1372 1372 2764 3435 1372 1372 2765 3436 2764 3435 2765 3436 1408 1408 2764 3435 1408 1408 1407 1407 2766 3437 2767 3438 1120 3439 2766 3437 1120 3439 2692 3440 2766 3437 2692 3440 1288 3441 2766 3437 1288 3441 1368 1368 2766 3437 1368 1368 1367 1367 2766 3437 1407 1407 2767 3438 1368 1368 1288 3441 1287 3442 1368 1368 1287 3442 1286 3380 1368 1368 1286 3380 2736 3379 2768 3443 1413 1413 2771 3446 2768 3443 2771 3446 2769 3444 2768 3443 2769 3444 1374 1374 2768 3443 1374 1374 1379 1379 2768 3443 1379 1379 2770 3445 2768 3443 2770 3445 1414 1414 2768 3443 1414 1414 1413 1413 2769 3444 2771 3446 1125 3447 2769 3444 1125 3447 2697 3448 2769 3444 2697 3448 1294 3449 2769 3444 1294 3449 1375 1375 2769 3444 1375 1375 1374 1374 1375 1375 1294 3449 1293 3450 1375 1375 1293 3450 1292 3391 1375 1375 1292 3391 2742 3390 2772 3451 1380 1380 1385 1385 2772 3451 1385 1385 2773 3452 2772 3451 2773 3452 1420 1420 2772 3451 1420 1420 1419 1419 2774 3453 2775 3454 1130 3455 2774 3453 1130 3455 2702 3456 2774 3453 2702 3456 1301 3457 2774 3453 1380 1380 2772 3451 2774 3453 2772 3451 1419 1419 2774 3453 1419 1419 2775 3454 1381 1381 2774 3453 1301 3457 1381 1381 1301 3457 1300 3458 1381 1381 1300 3458 1299 3401 1381 1381 1299 3401 2747 3400 1381 1381 2747 3400 1382 1382 1381 1381 1380 1380 2774 3453 2776 3459 1426 1426 1425 1425 2776 3459 1425 1425 2779 3465 2776 3459 2779 3465 1387 1387 2776 3459 1387 1387 1391 1391 2776 3459 1391 1391 2777 3460 2776 3459 2777 3460 1427 1427 2776 3459 1427 1427 1426 1426 2778 3461 1425 1425 1138 3462 2778 3461 1138 3462 2706 3463 2778 3461 2706 3463 1307 3464 2778 3461 1307 3464 2779 3465 2778 3461 2779 3465 1425 1425 2780 3466 2779 3465 1307 3464 2780 3466 1307 3464 1306 3467 2780 3466 1306 3467 1305 3412 2780 3466 1305 3412 2753 3411 2780 3466 2753 3411 1388 1388 2780 3466 1388 1388 2779 3465 2781 3468 1393 1393 1398 1398 2781 3468 1398 1398 2782 3469 2781 3468 2782 3469 1433 1433 2781 3468 1433 1433 1432 1432 2783 3470 2784 3471 1144 3472 2783 3470 1144 3472 2711 3473 2783 3470 2711 3473 1312 3474 2783 3470 1393 1393 2781 3468 2783 3470 2781 3468 1432 1432 2783 3470 1432 1432 2784 3471 2785 3475 2783 3470 1312 3474 2785 3475 1312 3474 1311 3476 2785 3475 1311 3476 1310 3421 2785 3475 1310 3421 1394 1394 2785 3475 1393 1393 2783 3470 2786 3477 1438 1438 2821 3540 2786 3477 1400 1400 1404 1404 2786 3477 1404 1404 2787 3478 2786 3477 2787 3478 1439 1439 2786 3477 1439 1439 1438 1438 2788 3479 2789 3480 1150 3481 2788 3479 1150 3481 2397 3482 2788 3479 2397 3482 903 3483 2788 3479 903 3483 2790 3484 2788 3479 2790 3484 1400 1400 2788 3479 1400 1400 2786 3477 2788 3479 2786 3477 2821 3540 2788 3479 2821 3540 2789 3480 2790 3484 903 3483 902 3485 2790 3484 902 3485 901 3430 2790 3484 901 3430 2762 3429 2790 3484 2762 3429 1399 1399 2790 3484 1399 1399 1400 1400 2791 3486 1445 1445 1444 1444 2791 3486 1444 1444 1406 1406 2791 3486 1406 1406 1410 1410 2791 3486 1410 1410 2792 3487 2791 3486 2792 3487 1446 1446 2791 3486 1446 1446 1445 1445 2793 3488 1444 1444 1156 3489 2793 3488 1156 3489 2559 3490 2793 3488 2559 3490 1122 3491 2793 3488 1122 3491 2794 3492 2793 3488 2794 3492 1406 1406 2793 3488 1406 1406 1444 1444 2795 3493 2794 3492 1122 3491 2795 3493 1122 3491 1121 3494 2795 3493 1121 3494 1120 3439 2795 3493 1120 3439 2767 3438 2795 3493 2767 3438 1407 1407 2795 3493 1407 1407 1405 1405 2795 3493 1405 1405 1406 1406 2795 3493 1406 1406 2794 3492 2796 3495 1412 1412 1416 1416 2796 3495 1416 1416 2797 3496 2796 3495 2797 3496 1452 1452 2796 3495 1452 1452 1451 1451 2798 3497 2799 3498 1163 3499 2798 3497 1163 3499 2564 3500 2798 3497 2564 3500 1127 3501 2798 3497 1127 3501 2800 3502 2798 3497 2800 3502 1412 1412 2798 3497 1412 1412 2796 3495 2798 3497 2796 3495 1451 1451 2798 3497 1451 1451 2799 3498 2801 3503 2800 3502 1127 3501 2801 3503 1127 3501 1126 3504 2801 3503 1126 3504 1125 3447 2801 3503 1125 3447 2771 3446 2801 3503 2771 3446 1412 1412 2801 3503 1412 1412 2800 3502 2802 3505 1458 1458 1457 1457 2802 3505 1418 1418 1422 1422 2802 3505 1422 1422 2803 3506 2802 3505 2803 3506 1459 1459 2802 3505 1459 1459 1458 1458 2804 3507 2805 3508 1170 3509 2804 3507 1170 3509 2570 3510 2804 3507 2570 3510 1132 3511 2804 3507 1418 1418 2802 3505 2804 3507 2802 3505 1457 1457 2804 3507 1457 1457 2805 3508 2806 3512 2804 3507 1132 3511 2806 3512 1132 3511 1131 3513 2806 3512 1131 3513 1130 3455 2806 3512 1130 3455 2775 3454 2806 3512 2775 3454 1419 1419 2806 3512 1418 1418 2804 3507 2807 3514 2811 3521 1424 1424 2807 3514 1424 1424 1429 1429 2807 3514 1429 1429 2808 3515 2807 3514 2808 3515 1465 1465 2807 3514 1465 1465 1464 1464 2809 3516 2810 3517 1176 3518 2809 3516 1176 3518 2575 3519 2809 3516 2575 3519 1140 3520 2809 3516 1140 3520 2811 3521 2809 3516 2811 3521 2807 3514 2809 3516 2807 3514 1464 1464 2809 3516 1464 1464 2810 3517 2812 3522 2811 3521 1140 3520 2812 3522 1140 3520 1139 3523 2812 3522 1139 3523 1138 3462 2812 3522 1138 3462 1425 1425 2812 3522 1425 1425 1423 1423 2812 3522 1423 1423 2811 3521 1431 1431 1469 1469 2814 3526 1431 1431 2814 3526 2813 3524 1431 1431 1435 1435 2717 3525 1431 1431 2717 3525 1470 1470 1431 1431 1470 1470 1469 1469 2813 3524 2814 3526 1183 3527 2813 3524 1183 3527 2581 3528 2813 3524 2581 3528 1146 3529 2813 3524 1146 3529 2815 3530 2813 3524 2815 3530 1431 1431 2815 3530 1146 3529 1145 3531 2815 3530 1145 3531 1144 3472 2815 3530 1144 3472 2784 3471 2815 3530 2784 3471 1432 1432 2815 3530 1432 1432 1430 1430 2815 3530 1430 1430 1431 1431 2816 3532 1437 1437 1441 1441 2816 3532 1441 1441 2817 3533 2816 3532 2817 3533 1476 1476 2816 3532 1476 1476 1475 1475 2818 3534 2819 3535 1190 3536 2818 3534 1190 3536 2587 3537 2818 3534 2587 3537 1152 3538 2818 3534 1152 3538 2820 3539 2818 3534 2820 3539 1437 1437 2818 3534 1437 1437 2816 3532 2818 3534 2816 3532 1475 1475 2818 3534 1475 1475 2819 3535 2821 3540 2820 3539 1152 3538 2821 3540 1152 3538 1151 3541 2821 3540 1151 3541 1150 3481 2821 3540 1150 3481 2789 3480 2821 3540 1437 1437 2820 3539 2822 3542 1481 1481 2824 3544 2822 3542 2824 3544 1443 1443 2822 3542 1443 1443 1448 1448 2822 3542 1448 1448 2823 3543 2822 3542 2823 3543 1482 1482 2822 3542 1482 1482 1481 1481 2824 3544 2825 3545 1196 3546 2824 3544 1196 3546 2590 3547 2824 3544 2590 3547 1158 3548 2824 3544 1158 3548 2826 3549 2824 3544 2826 3549 1443 1443 2824 3544 1481 1481 2825 3545 2827 3550 2826 3549 1158 3548 2827 3550 1158 3548 1157 3551 2827 3550 1157 3551 1156 3489 2827 3550 1156 3489 1444 1444 2827 3550 1443 1443 2826 3549 1450 1450 1487 1487 2828 3552 1450 1450 1454 1454 2829 3553 1450 1450 2829 3553 1488 1488 1450 1450 1488 1488 1487 1487 2828 3552 2830 3554 1203 3555 2828 3552 1203 3555 2596 3556 2828 3552 2596 3556 1165 3557 2828 3552 1165 3557 2831 3558 2828 3552 2831 3558 1450 1450 2828 3552 1487 1487 2830 3554 2831 3558 1165 3557 1164 3559 2831 3558 1164 3559 1163 3499 2831 3558 1163 3499 2799 3498 2831 3558 2799 3498 1451 1451 2831 3558 1451 1451 1449 1449 2831 3558 1449 1449 1450 1450 2832 3560 1493 1493 2835 3563 2832 3560 2835 3563 1456 1456 2832 3560 1456 1456 1461 1461 2832 3560 1461 1461 2833 3561 2832 3560 2833 3561 1494 1494 2832 3560 1494 1494 1493 1493 2834 3562 2835 3563 1210 3564 2834 3562 1210 3564 2601 3565 2834 3562 2601 3565 1172 3566 2834 3562 1172 3566 1457 1457 2834 3562 1457 1457 1456 1456 2834 3562 1456 1456 2835 3563 1457 1457 1172 3566 1171 3567 1457 1457 1171 3567 1170 3509 1457 1457 1170 3509 2805 3508 2836 3568 1499 1499 2839 3571 2836 3568 2839 3571 2837 3569 2836 3568 2837 3569 1463 1463 2836 3568 1463 1463 1467 1467 2836 3568 1467 1467 2838 3570 2836 3568 2838 3570 1500 1500 2836 3568 1500 1500 1499 1499 2837 3569 2839 3571 1215 3572 2837 3569 1215 3572 2607 3573 2837 3569 2607 3573 1178 3574 2840 3575 2837 3569 1178 3574 2840 3575 1178 3574 1177 3576 2840 3575 1177 3576 1176 3518 2840 3575 1176 3518 2810 3517 2840 3575 2810 3517 1464 1464 2840 3575 1463 1463 2837 3569 2841 3577 1505 1505 2843 3579 2841 3577 2843 3579 1468 1468 2841 3577 1468 1468 1472 1472 2841 3577 1472 1472 2842 3578 2841 3577 2842 3578 1506 1506 2841 3577 1506 1506 1505 1505 2843 3579 2844 3580 1220 3581 2843 3579 1220 3581 2613 3582 2843 3579 2613 3582 1185 3583 2843 3579 1505 1505 2844 3580 2845 3584 2843 3579 1185 3583 2845 3584 1185 3583 1184 3585 2845 3584 1184 3585 1183 3527 2845 3584 1183 3527 2814 3526 2845 3584 2814 3526 1468 1468 2845 3584 1468 1468 2843 3579 2846 3586 1318 1318 2726 3364 2846 3586 2726 3364 1474 1474 2846 3586 1474 1474 1478 1478 2846 3586 1478 1478 2847 3587 2846 3586 2847 3587 1319 1319 2846 3586 1319 1319 1318 1318 2848 3588 2726 3364 1234 3363 2848 3588 1234 3363 2618 3589 2848 3588 2618 3589 1192 3590 2848 3588 1192 3590 2849 3591 2848 3588 2849 3591 1474 1474 2848 3588 1474 1474 2726 3364 2849 3591 1192 3590 1191 3592 2849 3591 1191 3592 1190 3536 2849 3591 1190 3536 2819 3535 2849 3591 2819 3535 1475 1475 2849 3591 1475 1475 1473 1473 2849 3591 1473 1473 1474 1474 2850 3593 1325 1325 1324 1324 2850 3593 1324 1324 2851 3594 2850 3593 2851 3594 1480 1480 2850 3593 1480 1480 1484 1484 2850 3593 1484 1484 2852 3595 2850 3593 2852 3595 1326 1326 2850 3593 1326 1326 1325 1325 2851 3594 1324 1324 1240 3375 2851 3594 1240 3375 2624 3596 2851 3594 2624 3596 1198 3597 2851 3594 1198 3597 2853 3598 2851 3594 2853 3598 1480 1480 2854 3599 2853 3598 1198 3597 2854 3599 1198 3597 1197 3600 2854 3599 1197 3600 1196 3546 2854 3599 1196 3546 2825 3545 2854 3599 2825 3545 1481 1481 2854 3599 1481 1481 1479 1479 2854 3599 1479 1479 1480 1480 2854 3599 1480 1480 2853 3598 2855 3601 1331 1331 2738 3386 2855 3601 2858 3606 1486 1486 2855 3601 1486 1486 1490 1490 2855 3601 1490 1490 2856 3602 2855 3601 2856 3602 1332 1332 2855 3601 1332 1332 1331 1331 2857 3603 2738 3386 1245 3385 2857 3603 1245 3385 2629 3604 2857 3603 2629 3604 1205 3605 2857 3603 2858 3606 2855 3601 2857 3603 2855 3601 2738 3386 2858 3606 2857 3603 1205 3605 2858 3606 1205 3605 1204 3607 2858 3606 1204 3607 1203 3555 2858 3606 1203 3555 2830 3554 2858 3606 2830 3554 1487 1487 2859 3608 1338 1338 1337 1337 2859 3608 1337 1337 2861 3610 2859 3608 2861 3610 1492 1492 2859 3608 1492 1492 1496 1496 2859 3608 1496 1496 2860 3609 2859 3608 2860 3609 1339 1339 2859 3608 1339 1339 1338 1338 2861 3610 1337 1337 1252 3397 2861 3610 1252 3397 2634 3611 2861 3610 2634 3611 1212 3612 2861 3610 1212 3612 2862 3613 2861 3610 2862 3613 1492 1492 2863 3614 2862 3613 1212 3612 2863 3614 1212 3612 1211 3615 2863 3614 1211 3615 1210 3564 2863 3614 1210 3564 2835 3563 2863 3614 2835 3563 1491 1491 2863 3614 1491 1491 1492 1492 2863 3614 1492 1492 2862 3613 2864 3616 1498 1498 1502 1502 2864 3616 1502 1502 2865 3617 2864 3616 2865 3617 1345 1345 2864 3616 1345 1345 1344 1344 2866 3618 2749 3407 1258 3406 2866 3618 1258 3406 2638 3619 2866 3618 2638 3619 1217 3620 2866 3618 1498 1498 2864 3616 2866 3618 2864 3616 1344 1344 2866 3618 1344 1344 2749 3407 2867 3621 2866 3618 1217 3620 2867 3621 1217 3620 1216 3622 2867 3621 1216 3622 1215 3572 2867 3621 1215 3572 2839 3571 2867 3621 2839 3571 1498 1498 2867 3621 1498 1498 2866 3618 2868 3623 1351 1351 1350 1350 2868 3623 1504 1504 1508 1508 2868 3623 1508 1508 2869 3624 2868 3623 2869 3624 1352 1352 2868 3623 1352 1352 1351 1351 2870 3625 2754 3417 1265 3416 2870 3625 1265 3416 2643 3626 2870 3625 2643 3626 1222 3627 2870 3625 1222 3627 2871 3628 2870 3625 2871 3628 1504 1504 2870 3625 1504 1504 2868 3623 2870 3625 2868 3623 1350 1350 2870 3625 1350 1350 2754 3417 2871 3628 1222 3627 1221 3629 2871 3628 1221 3629 1220 3581 2871 3628 1220 3581 2844 3580 2871 3628 2844 3580 1505 1505 1509 1509 1511 1511 2872 3630 1509 1509 2872 3630 1530 1530 1509 1509 2873 3631 1476 3632 1509 1509 1476 3632 2817 3633 1509 1509 2817 3633 1441 3634 1509 1509 1441 3634 2874 3635 1509 1509 1530 1530 2873 3631 2874 3635 1441 3634 1440 3636 2874 3635 1440 3636 1439 3637 2874 3635 1439 3637 2875 3638 2876 3639 2879 3645 1515 1515 2876 3639 1515 1515 2877 3640 2876 3639 2877 3640 1534 1534 2876 3639 1534 1534 2878 3641 2876 3639 2878 3641 1482 3642 2876 3639 1482 3642 2823 3643 2876 3639 2823 3643 1448 3644 2876 3639 1448 3644 2879 3645 1512 1512 2879 3645 1448 3644 1512 1512 1448 3644 1447 3646 1512 1512 1447 3646 1446 3647 1512 1512 1446 3647 2880 3648 2882 3651 2883 3652 1488 3653 2882 3651 1488 3653 2829 3654 2882 3651 2829 3654 1454 3655 2882 3651 1454 3655 2884 3656 2882 3651 2884 3656 1518 1518 2882 3651 1518 1518 2881 3649 2882 3651 2881 3649 1537 3650 2882 3651 1537 3650 2883 3652 2884 3656 1454 3655 1453 3657 2884 3656 1453 3657 1452 3658 2884 3656 1452 3658 2885 3659 2886 3660 1521 1521 2887 3661 2886 3660 2887 3661 1541 1541 2886 3660 2888 3662 1494 3663 2886 3660 1494 3663 2833 3664 2886 3660 2833 3664 1461 3665 2886 3660 1461 3665 2889 3666 2886 3660 2889 3666 1521 1521 2886 3660 1541 1541 2888 3662 2890 3667 2889 3666 1461 3665 2890 3667 1461 3665 1460 3668 2890 3667 1460 3668 1459 3669 2890 3667 1459 3669 2891 3670 2890 3667 2891 3670 1520 1520 2890 3667 1520 1520 1521 1521 2890 3667 1521 1521 2889 3666 2892 3671 1522 1522 1525 1525 2892 3671 1525 1525 2893 3672 2892 3671 2893 3672 1545 1545 2892 3671 2894 3673 1500 3674 2892 3671 1500 3674 2838 3675 2892 3671 2838 3675 1467 3676 2892 3671 1467 3676 1522 1522 2892 3671 1545 1545 2894 3673 2895 3677 1522 1522 1467 3676 2895 3677 1467 3676 1466 3678 2895 3677 1466 3678 1465 3679 2895 3677 1465 3679 2896 3680 2895 3677 2896 3680 1524 1524 2895 3677 1524 1524 1522 1522 2897 3681 1548 1548 2899 3683 2898 3682 2899 3683 1506 3684 2898 3682 1506 3684 2842 3685 2898 3682 2842 3685 1472 3686 2898 3682 1472 3686 2900 3687 2898 3682 2900 3687 1529 1529 2898 3682 1529 1529 2897 3681 2898 3682 2897 3681 2899 3683 1526 1526 2900 3687 1472 3686 1526 1526 1472 3686 1471 3688 1526 1526 1471 3688 1470 3689 1526 1526 1470 3689 2716 3690 1526 1526 2716 3690 1527 1527 1526 1526 1529 1529 2900 3687 2901 3691 1532 1532 2902 3692 2901 3691 2902 3692 1554 1554 2901 3691 1554 1554 2903 3693 2901 3691 2903 3693 1319 3694 2901 3691 1319 3694 2847 3695 2901 3691 2847 3695 1478 3696 2901 3691 1478 3696 2904 3697 2901 3691 2904 3697 1532 1532 2905 3698 2904 3697 1478 3696 2905 3698 1478 3696 1477 3699 2905 3698 1477 3699 1476 3632 2905 3698 1476 3632 2873 3631 2905 3698 2873 3631 1530 1530 2905 3698 1530 1530 1531 1531 2905 3698 1531 1531 1532 1532 2905 3698 1532 1532 2904 3697 2906 3700 1533 1533 1536 1536 2906 3700 1536 1536 2907 3701 2906 3700 2907 3701 1558 1558 2906 3700 2908 3702 1326 3703 2906 3700 1326 3703 2852 3704 2906 3700 2852 3704 1484 3705 2906 3700 1484 3705 1533 1533 2906 3700 1558 1558 2908 3702 2909 3706 1533 1533 1484 3705 2909 3706 1484 3705 1483 3707 2909 3706 1483 3707 1482 3642 2909 3706 1482 3642 2878 3641 2909 3706 2878 3641 1535 1535 2909 3706 1535 1535 1533 1533 2911 3709 2912 3710 2910 3708 2911 3709 2910 3708 1539 1539 2911 3709 1560 1560 2912 3710 2910 3708 2912 3710 1332 3711 2910 3708 1332 3711 2856 3712 2910 3708 2856 3712 1490 3713 2910 3708 1490 3713 2913 3714 2910 3708 2913 3714 1539 1539 2914 3715 2913 3714 1490 3713 2914 3715 1490 3713 1489 3716 2914 3715 1489 3716 1488 3717 2914 3715 1488 3717 2883 3718 2914 3715 2883 3718 1537 1537 2914 3715 1537 1537 1538 1538 2914 3715 1538 1538 1539 1539 2914 3715 1539 1539 2913 3714 2915 3719 1563 1563 2917 3721 2916 3720 2917 3721 1339 3722 2916 3720 1339 3722 2860 3723 2916 3720 2860 3723 1496 3724 2916 3720 1496 3724 2918 3725 2916 3720 2918 3725 1543 1543 2916 3720 1543 1543 2915 3719 2916 3720 2915 3719 2917 3721 1540 1540 2918 3725 1496 3724 1540 1540 1496 3724 1495 3726 1540 1540 1495 3726 1494 3663 1540 1540 1494 3663 2888 3662 1540 1540 2888 3662 1541 1541 1540 1540 1543 1543 2918 3725 2920 3728 1567 1567 2919 3727 2920 3728 2919 3727 1544 1544 2920 3728 1544 1544 1546 1546 2919 3727 2921 3729 1345 3730 2919 3727 1345 3730 2865 3731 2919 3727 2865 3731 1502 3732 2919 3727 1502 3732 1544 1544 2919 3727 1567 1567 2921 3729 1544 1544 1502 3732 1501 3733 1544 1544 1501 3733 1500 3674 1544 1544 1500 3674 2894 3673 1544 1544 2894 3673 1545 1545 2923 3735 1547 1547 1549 1549 2923 3735 1549 1549 2922 3734 2923 3735 2922 3734 1570 1570 2923 3735 2924 3736 1352 3737 2923 3735 1352 3737 2869 3738 2923 3735 2869 3738 1508 3739 2923 3735 1508 3739 1547 1547 2923 3735 1570 1570 2924 3736 1547 1547 1508 3739 1507 3740 1547 1547 1507 3740 1506 3684 1547 1547 1506 3684 2899 3683 2926 3742 2927 3743 2925 3741 2926 3742 2925 3741 1553 1553 2926 3742 1576 1576 2927 3743 2925 3741 2927 3743 1358 3744 2925 3741 1358 3744 2552 3745 2925 3741 2552 3745 1114 3746 2925 3741 1114 3746 2928 3747 2925 3741 2928 3747 1553 1553 1550 1550 2928 3747 1114 3746 1550 1550 1114 3746 1113 3748 1550 1550 1113 3748 1112 3749 1550 1550 1112 3749 2929 3750 1550 1550 2929 3750 1551 1551 1550 1550 1553 1553 2928 3747 2931 3752 1551 1551 2930 3751 2931 3752 2930 3751 1556 1556 2930 3751 2929 3750 1112 3749 2930 3751 1112 3749 2722 3753 2930 3751 2722 3753 1321 3754 2930 3751 1321 3754 2932 3755 2930 3751 2932 3755 1556 1556 2930 3751 1551 1551 2929 3750 2933 3756 2932 3755 1321 3754 2933 3756 1321 3754 1320 3757 2933 3756 1320 3757 1319 3694 2933 3756 1319 3694 2903 3693 2933 3756 2903 3693 1555 1555 2933 3756 1555 1555 1556 1556 2933 3756 1556 1556 2932 3755 2934 3759 1557 1557 1559 1559 2934 3759 1581 3760 1580 3758 2935 3761 1580 3758 1363 3762 2935 3761 1363 3762 2728 3763 2935 3761 2728 3763 1328 3764 2935 3761 1328 3764 1557 1557 2935 3761 1557 1557 2934 3759 2935 3761 2934 3759 1580 3758 1557 1557 1328 3764 1327 3765 1557 1557 1327 3765 1326 3703 1557 1557 1326 3703 2908 3702 1557 1557 2908 3702 1558 1558 2936 3766 2937 3767 1370 3768 2936 3766 1370 3768 2734 3769 2936 3766 2734 3769 1334 3770 2936 3766 1334 3770 2938 3771 2936 3766 2938 3771 1562 1562 2936 3766 1562 1562 1584 1584 2936 3766 1584 1584 2937 3767 2938 3771 1334 3770 1333 3772 2938 3771 1333 3772 1332 3711 2938 3771 1332 3711 2912 3710 2940 3774 1589 1589 2939 3773 2940 3774 2939 3773 1565 1565 2939 3773 2941 3775 1377 3776 2939 3773 1377 3776 2740 3777 2939 3773 2740 3777 1341 3778 2939 3773 1341 3778 2942 3779 2939 3773 2942 3779 1565 1565 2939 3773 1589 1589 2941 3775 2943 3780 2942 3779 1341 3778 2943 3780 1341 3778 1340 3781 2943 3780 1340 3781 1339 3722 2943 3780 1339 3722 2917 3721 2943 3780 2917 3721 1564 1564 2943 3780 1564 1564 1565 1565 2943 3780 1565 1565 2942 3779 2944 3782 1566 1566 1569 1569 2944 3782 1569 1569 2945 3783 2944 3782 2945 3783 1594 3784 2944 3782 1594 3784 2946 3785 2944 3782 2946 3785 1383 3786 2944 3782 1383 3786 2746 3787 2944 3782 2746 3787 1347 3788 2944 3782 1347 3788 1566 1566 2947 3789 1566 1566 1347 3788 2947 3789 1347 3788 1346 3790 2947 3789 1346 3790 1345 3730 2947 3789 1345 3730 2921 3729 2947 3789 2921 3729 1567 1567 2947 3789 1567 1567 1568 1568 2947 3789 1568 1568 1566 1566 2948 3791 1572 1572 2949 3792 2948 3791 2949 3792 1598 1598 2948 3791 2950 3793 1389 3794 2948 3791 1389 3794 2751 3795 2948 3791 2751 3795 1354 3796 2948 3791 1354 3796 2951 3797 2948 3791 2951 3797 1572 1572 2948 3791 1598 1598 2950 3793 2952 3798 2951 3797 1354 3796 2952 3798 1354 3796 1353 3799 2952 3798 1353 3799 1352 3737 2952 3798 1352 3737 2924 3736 2952 3798 2924 3736 1570 1570 2952 3798 1572 1572 2951 3797 2953 3800 1601 1601 2955 3802 2953 3800 1575 1575 1574 1574 2953 3800 1574 1574 1578 1578 2953 3800 1578 1578 2954 3801 2953 3800 2954 3801 1601 1601 2953 3800 2955 3802 1396 3803 2953 3800 1396 3803 2757 3804 2953 3800 2757 3804 1360 3805 2953 3800 1360 3805 2956 3806 2953 3800 2956 3806 1575 1575 1573 1573 2956 3806 1360 3805 1573 1573 1360 3805 1359 3807 1573 1573 1359 3807 1358 3744 1573 1573 1358 3744 2927 3743 1573 1573 1575 1575 2956 3806 2957 3808 1603 1603 2959 3810 2957 3808 1583 1583 2958 3809 2957 3808 2958 3809 1603 1603 2957 3808 2959 3810 1402 3811 2957 3808 1402 3811 2761 3812 2957 3808 2761 3812 1365 3813 2957 3808 1365 3813 2960 3814 2957 3808 2960 3814 1583 1583 2960 3814 1365 3813 1364 3815 2960 3814 1364 3815 1363 3816 2960 3814 1363 3816 1580 1580 2961 3817 1586 1586 2962 3818 2961 3817 2962 3818 1607 1607 2961 3817 2963 3819 1408 3820 2961 3817 1408 3820 2765 3821 2961 3817 2765 3821 1372 3822 2961 3817 1372 3822 2964 3823 2961 3817 2964 3823 1586 1586 2961 3817 1607 1607 2963 3819 2965 3824 2964 3823 1372 3822 2965 3824 1372 3822 1371 3825 2965 3824 1371 3825 1370 3768 2965 3824 1370 3768 2937 3767 2965 3824 2937 3767 1584 1584 2965 3824 1586 1586 2964 3823 2966 3826 1588 1588 1587 1587 2966 3826 1587 1587 1591 1591 2966 3826 1591 1591 2967 3827 2966 3826 2967 3827 1611 1611 2966 3826 1611 1611 2968 3828 2966 3826 2968 3828 1414 3829 2966 3826 1414 3829 2770 3830 2966 3826 2770 3830 1379 3831 2966 3826 1379 3831 2969 3832 2966 3826 2969 3832 1588 1588 2970 3833 2969 3832 1379 3831 2970 3833 1379 3831 1378 3834 2970 3833 1378 3834 1377 3776 2970 3833 1377 3776 2941 3775 2970 3833 2941 3775 1589 1589 2970 3833 1588 1588 2969 3832 2971 3835 1593 1593 1596 1596 2972 3836 2973 3837 1420 3838 2972 3836 1420 3838 2773 3839 2972 3836 2773 3839 1385 3840 2972 3836 1385 3840 1593 1593 2972 3836 1593 1593 2971 3835 2972 3836 2971 3835 1614 1614 2972 3836 1614 1614 2973 3837 1592 1592 1593 1593 1385 3840 1592 1592 1385 3840 1384 3841 1592 1592 1384 3841 1383 3842 1592 1592 1383 3842 2946 3843 2975 3845 2976 3846 2974 3844 2975 3845 2974 3844 2977 3850 2975 3845 2977 3850 1600 1600 2975 3845 1618 1618 2976 3846 2974 3844 2976 3846 1427 3847 2974 3844 1427 3847 2777 3848 2974 3844 2777 3848 1391 3849 2974 3844 1391 3849 2977 3850 1597 1597 2977 3850 1391 3849 1597 1597 1391 3849 1390 3851 1597 1597 1390 3851 1389 3794 1597 1597 1389 3794 2950 3793 1597 1597 2950 3793 1598 1598 2978 3852 1602 1602 2979 3853 2978 3852 2979 3853 1313 1313 2978 3852 2720 3354 1433 3353 2978 3852 1433 3353 2782 3854 2978 3852 2782 3854 1398 3855 2978 3852 1398 3855 2980 3856 2978 3852 2980 3856 1602 1602 2978 3852 1313 1313 2720 3354 2980 3856 1398 3855 1397 3857 2980 3856 1397 3857 1396 3803 2980 3856 1396 3803 2955 3802 2980 3856 2955 3802 1602 1602 2981 3858 2983 3862 1605 1605 2981 3858 1605 1605 2982 3859 2981 3858 2982 3859 1510 1510 2981 3858 1510 1510 2875 3638 2981 3858 2875 3638 1439 3637 2981 3858 1439 3637 2787 3860 2981 3858 2787 3860 1404 3861 2981 3858 1404 3861 2983 3862 2984 3863 2983 3862 1404 3861 2984 3863 1404 3861 1403 3864 2984 3863 1403 3864 1402 3811 2984 3863 1402 3811 2959 3810 2984 3863 2959 3810 1604 1604 2984 3863 1604 1604 2983 3862 2986 3866 2880 3648 2985 3865 2986 3866 2985 3865 2987 3869 2986 3866 2987 3869 1609 1609 2986 3866 1513 1513 2880 3648 2985 3865 2880 3648 1446 3647 2985 3865 1446 3647 2792 3867 2985 3865 2792 3867 1410 3868 2985 3865 1410 3868 2987 3869 1606 1606 2987 3869 1410 3868 1606 1606 1410 3868 1409 3870 1606 1606 1409 3870 1408 3820 1606 1606 1408 3820 2963 3819 1606 1606 2963 3819 1607 1607 2988 3871 1516 1516 2885 3659 2988 3871 1610 1610 1612 1612 2988 3871 1612 1612 2989 3872 2988 3871 2989 3872 1516 1516 2988 3871 2885 3659 1452 3658 2988 3871 1452 3658 2797 3873 2988 3871 2797 3873 1416 3874 2988 3871 1416 3874 1610 1610 1610 1610 1416 3874 1415 3875 1610 1610 1415 3875 1414 3829 1610 1610 1414 3829 2968 3828 1610 1610 2968 3828 1612 1612 1616 1616 1519 1519 2891 3670 2990 3876 2891 3670 1459 3669 2990 3876 1459 3669 2803 3877 2990 3876 2803 3877 1422 3878 2990 3876 1422 3878 1613 1613 2990 3876 1613 1613 1616 1616 2990 3876 1616 1616 2891 3670 1613 1613 1422 3878 1421 3879 1613 1613 1421 3879 1420 3838 1613 1613 1420 3838 2973 3837 1613 1613 2973 3837 1614 1614 2991 3880 2993 3884 1620 1620 2991 3880 1620 1620 2992 3881 2991 3880 2992 3881 1523 1523 2991 3880 1523 1523 2896 3680 2991 3880 2896 3680 1465 3679 2991 3880 1465 3679 2808 3882 2991 3880 2808 3882 1429 3883 2991 3880 1429 3883 2993 3884 1617 1617 2993 3884 1429 3883 1617 1617 1429 3883 1428 3885 1617 1617 1428 3885 1427 3847 1617 1617 1427 3847 2976 3846 2994 3886 2996 3888 2997 3889 2994 3886 2997 3889 2998 3890 2994 3886 2998 3890 2999 3891 2994 3886 2999 3891 2995 3887 3000 3892 3001 3893 4512 5404 3000 3892 3002 3894 3003 3895 3000 3892 3003 3895 3004 3896 3000 3892 3004 3896 3005 3897 3000 3892 3005 3897 3001 3893 3006 3898 3008 3900 3009 3901 3006 3898 3009 3901 3010 3902 3006 3898 3010 3902 3011 3903 3006 3898 3011 3903 3007 3899 3012 3904 3013 3905 3014 3906 3012 3904 3014 3906 3015 3907 3012 3904 3015 3907 3016 3908 3012 3904 3016 3908 3017 3909 3012 3904 3017 3909 3018 3910 3012 3904 3018 3910 3019 3911 3012 3904 3019 3911 3013 3905 3020 3912 3021 3913 4533 5425 3020 3912 4533 5425 3022 3914 3020 3912 3022 3914 3023 3915 3020 3912 3023 3915 3024 3916 3020 3912 3024 3916 3025 3917 3020 3912 3025 3917 3021 3913 3026 3918 3027 3919 4538 5434 3026 3918 3028 3920 3029 3921 3026 3918 3029 3921 3030 3922 3026 3918 3030 3922 3031 3923 3026 3918 3031 3923 3027 3919 3032 3924 3033 3925 4545 5441 3032 3924 4545 5441 4546 5442 3032 3924 4546 5442 3034 3926 3032 3924 3034 3926 3035 3927 3032 3924 3035 3927 3036 3928 3032 3924 3036 3928 3037 3929 3032 3924 3037 3929 3033 3925 3038 3930 3040 3932 3041 3933 3038 3930 3041 3933 3042 3934 3038 3930 3042 3934 3043 3935 3038 3930 3043 3935 3044 3936 3038 3930 3044 3936 3039 3931 3045 3937 4559 5455 3047 3939 3045 3937 3047 3939 3048 3940 3045 3937 3048 3940 3049 3941 3045 3937 3049 3941 3050 3942 3045 3937 3050 3942 3046 3938 3051 3943 3052 3944 3053 3945 3051 3943 3053 3945 3054 3946 3051 3943 3054 3946 3055 3947 3051 3943 3055 3947 3056 3948 3051 3943 3056 3948 3057 3949 3051 3943 3057 3949 3058 3950 3051 3943 3058 3950 3059 3951 3051 3943 3059 3951 3052 3944 3060 3952 3061 3953 3062 3954 3060 3952 3063 3955 3064 3956 3060 3952 3064 3956 3065 3957 3060 3952 3065 3957 3066 3958 3060 3952 3066 3958 3061 3953 3067 3959 3069 3961 3070 3962 3067 3959 3070 3962 3071 3963 3067 3959 3071 3963 3072 3964 3067 3959 3072 3964 3068 3960 3073 3965 3074 3966 3075 3967 3073 3965 3076 3968 3077 3969 3073 3965 3077 3969 3078 3970 3073 3965 3078 3970 3079 3971 3073 3965 3079 3971 3074 3966 3080 3972 3081 3973 4591 5490 3080 3972 4591 5490 3082 3974 3080 3972 3082 3974 3083 3975 3080 3972 3083 3975 3084 3976 3080 3972 3084 3976 3085 3977 3080 3972 3085 3977 3081 3973 3086 3978 3087 3979 4596 5495 3086 3978 4596 5495 4597 5496 3086 3978 4597 5496 3088 3980 3086 3978 3088 3980 3089 3981 3086 3978 3089 3981 3090 3982 3086 3978 3090 3982 3091 3983 3086 3978 3091 3983 3087 3979 3092 3984 3093 3985 4603 5502 3092 3984 4603 5502 3094 3986 3092 3984 3094 3986 3095 3987 3092 3984 3095 3987 3096 3988 3092 3984 3096 3988 3097 3989 3092 3984 3097 3989 3098 3990 3092 3984 3098 3990 3093 3985 3099 3991 3101 3993 3102 3994 3099 3991 3102 3994 3103 3995 3099 3991 3103 3995 3104 3996 3099 3991 3104 3996 3100 3992 3105 3997 3106 3998 4614 5513 3105 3997 3107 3999 3108 4000 3105 3997 3108 4000 3109 4001 3105 3997 3109 4001 3110 4002 3105 3997 3110 4002 3106 3998 3111 4003 3113 4005 3114 4006 3111 4003 3114 4006 3115 4007 3111 4003 3115 4007 3116 4008 3111 4003 3116 4008 3112 4004 3117 4009 3119 4011 3120 4012 3117 4009 3120 4012 3121 4013 3117 4009 3121 4013 3122 4014 3117 4009 3122 4014 3118 4010 3123 4015 3124 4016 4634 5539 3123 4015 4634 5539 3125 4017 3123 4015 3125 4017 3126 4018 3123 4015 3126 4018 3127 4019 3123 4015 3127 4019 3128 4020 3123 4015 3128 4020 3124 4016 3129 4021 3130 4022 4640 5548 3129 4021 4640 5548 3131 4023 3129 4021 3131 4023 3132 4024 3129 4021 3132 4024 3133 4025 3129 4021 3133 4025 3134 4026 3129 4021 3134 4026 3130 4022 3135 4027 3136 4028 4646 5554 3135 4027 4646 5554 4647 5555 3135 4027 4647 5555 3137 4029 3135 4027 3137 4029 3138 4030 3135 4027 3138 4030 3139 4031 3135 4027 3139 4031 3140 4032 3135 4027 3140 4032 3136 4028 3141 4033 3142 4034 4651 5559 3141 4033 3143 4035 3144 4036 3141 4033 3144 4036 3145 4037 3141 4033 3145 4037 3146 4038 3141 4033 3146 4038 3147 4039 3141 4033 3147 4039 3142 4034 3148 4040 4659 5567 3150 4042 3148 4040 3150 4042 3151 4043 3148 4040 3151 4043 3152 4044 3148 4040 3152 4044 3153 4045 3148 4040 3153 4045 3149 4041 3154 4046 3156 4048 3157 4049 3154 4046 3157 4049 3158 4050 3154 4046 3158 4050 3159 4051 3154 4046 3159 4051 3155 4047 3160 4052 3162 4054 3163 4055 3160 4052 3163 4055 3164 4056 3160 4052 3164 4056 3165 4057 3160 4052 3165 4057 3161 4053 3166 4058 3168 4060 3169 4061 3166 4058 3169 4061 3170 4062 3166 4058 3170 4062 3171 4063 3166 4058 3171 4063 3167 4059 3172 4064 3173 4065 3174 4066 3172 4064 3175 4067 3176 4068 3172 4064 3176 4068 3177 4069 3172 4064 3177 4069 3178 4070 3172 4064 3178 4070 3173 4065 3179 4071 4688 5599 3181 4073 3179 4071 3181 4073 3182 4074 3179 4071 3182 4074 3183 4075 3179 4071 3183 4075 3184 4076 3179 4071 3184 4076 3180 4072 3185 4077 3186 4078 3187 4079 3185 4077 3187 4079 3188 4080 3185 4077 3188 4080 3189 4081 3185 4077 3189 4081 3190 4082 3185 4077 3190 4082 3191 4083 3185 4077 3191 4083 3192 4084 3185 4077 3192 4084 3193 4085 3185 4077 3193 4085 3186 4078 3194 4086 3195 4087 4701 5612 3194 4086 4701 5612 3196 4088 3194 4086 3196 4088 3197 4089 3194 4086 3197 4089 3198 4090 3194 4086 3198 4090 3199 4091 3194 4086 3199 4091 3195 4087 3200 4092 3201 4093 4706 5617 3200 4092 4706 5617 4707 5618 3200 4092 4707 5618 4702 5613 3200 4092 4702 5613 3202 4094 3200 4092 3202 4094 3203 4095 3200 4092 3203 4095 3204 4096 3200 4092 3204 4096 3205 4097 3200 4092 3205 4097 3201 4093 3206 4098 3207 4099 3208 4100 3206 4098 3208 4100 3209 4101 3206 4098 3209 4101 3210 4102 3206 4098 3210 4102 3211 4103 3206 4098 3211 4103 3212 4104 3206 4098 3212 4104 4717 5631 3213 4105 3214 4106 3215 4107 3213 4105 3215 4107 4718 5633 3213 4105 4718 5633 3216 4108 3213 4105 3216 4108 3217 4109 3213 4105 3217 4109 3218 4110 3213 4105 3218 4110 3219 4111 3213 4105 3219 4111 3220 4112 3213 4105 3220 4112 3214 4106 3221 4113 3222 4114 3223 4115 3221 4113 3223 4115 3224 4116 3221 4113 3224 4116 3225 4117 3221 4113 3225 4117 3226 4118 3221 4113 3226 4118 3227 4119 3221 4113 3227 4119 3228 4120 3221 4113 3228 4120 3229 4121 3221 4113 3229 4121 3222 4114 3230 4122 3231 4123 3232 4124 3230 4122 3233 4125 3234 4126 3230 4122 3234 4126 3235 4127 3230 4122 3235 4127 3236 4128 3230 4122 3236 4128 3237 4129 3230 4122 3237 4129 3231 4123 3238 4130 3239 4131 3240 4132 3238 4130 3240 4132 3241 4133 3238 4130 3241 4133 3242 4134 3238 4130 3242 4134 3243 4135 3238 4130 3243 4135 3244 4136 3238 4130 3244 4136 3245 4137 3238 4130 3245 4137 3246 4138 3238 4130 3246 4138 3239 4131 3247 4139 3248 4140 3249 4141 3247 4139 3249 4141 4749 5672 3247 4139 4749 5672 3250 4142 3247 4139 3250 4142 3251 4143 3247 4139 3251 4143 3252 4144 3247 4139 3252 4144 3253 4145 3247 4139 3253 4145 3254 4146 3247 4139 3254 4146 3248 4140 3255 4147 3256 4148 3257 4149 3255 4147 3257 4149 3258 4150 3255 4147 3258 4150 3259 4151 3255 4147 3259 4151 3260 4152 3255 4147 3260 4152 3261 4153 3255 4147 3261 4153 3262 4154 3255 4147 3262 4154 3263 4155 3255 4147 3263 4155 3256 4148 3264 4156 3265 4157 3266 4158 3264 4156 3266 4158 3267 4159 3264 4156 3267 4159 3268 4160 3264 4156 3268 4160 3269 4161 3264 4156 3269 4161 3270 4162 3264 4156 3270 4162 3271 4163 3264 4156 3271 4163 3272 4164 3264 4156 3272 4164 3265 4157 3273 4165 3274 4166 3275 4167 3273 4165 3275 4167 3276 4168 3273 4165 3276 4168 3277 4169 3273 4165 3277 4169 3278 4170 3273 4165 3278 4170 3279 4171 3273 4165 3279 4171 3280 4172 3273 4165 3280 4172 3281 4173 3273 4165 3281 4173 3274 4166 3282 4174 3283 4175 3284 4176 3282 4174 3285 4177 3286 4178 3282 4174 3286 4178 3287 4179 3282 4174 3287 4179 3288 4180 3282 4174 3288 4180 3289 4181 3282 4174 3289 4181 3283 4175 3290 4182 3291 4183 3292 4184 3290 4182 3292 4184 3293 4185 3290 4182 3293 4185 3294 4186 3290 4182 3294 4186 3295 4187 3290 4182 3295 4187 3296 4188 3290 4182 3296 4188 3297 4189 3290 4182 3297 4189 3298 4190 3290 4182 3298 4190 3291 4183 3299 4191 3300 4192 3301 4193 3299 4191 3301 4193 3302 4194 3299 4191 3302 4194 3303 4195 3299 4191 3303 4195 3304 4196 3299 4191 3304 4196 3305 4197 3299 4191 3305 4197 3306 4198 3299 4191 3306 4198 3307 4199 3299 4191 3307 4199 3300 4192 3308 4200 3309 4201 3310 4202 3308 4200 3310 4202 4805 5734 3308 4200 4805 5734 3311 4203 3308 4200 3311 4203 3312 4204 3308 4200 3312 4204 3313 4205 3308 4200 3313 4205 3314 4206 3308 4200 3314 4206 3315 4207 3308 4200 3315 4207 3309 4201 3316 4208 3317 4209 3318 4210 3316 4208 3318 4210 3319 4211 3316 4208 3319 4211 3320 4212 3316 4208 3320 4212 3321 4213 3316 4208 3321 4213 3322 4214 3316 4208 3322 4214 3323 4215 3316 4208 3323 4215 3324 4216 3316 4208 3324 4216 3317 4209 3325 4217 3326 4218 3327 4219 3325 4217 3328 4220 3329 4221 3325 4217 3329 4221 3330 4222 3325 4217 3330 4222 3331 4223 3325 4217 3331 4223 3332 4224 3325 4217 3332 4224 3326 4218 3333 4225 3334 4226 3335 4227 3333 4225 3335 4227 3336 4228 3333 4225 3336 4228 3337 4229 3333 4225 3337 4229 3338 4230 3333 4225 3338 4230 3339 4231 3333 4225 3339 4231 3340 4232 3333 4225 3340 4232 3341 4233 3333 4225 3341 4233 3334 4226 3342 4234 3343 4235 3344 4236 3342 4234 3344 4236 3345 4237 3342 4234 3345 4237 3346 4238 3342 4234 3346 4238 3347 4239 3342 4234 3347 4239 3348 4240 3342 4234 3348 4240 3349 4241 3342 4234 3349 4241 3350 4242 3342 4234 3350 4242 3343 4235 3351 4243 3352 4244 3353 4245 3351 4243 3353 4245 3354 4246 3351 4243 3354 4246 3355 4247 3351 4243 3355 4247 3356 4248 3351 4243 3356 4248 3357 4249 3351 4243 3357 4249 3358 4250 3351 4243 3358 4250 3359 4251 3351 4243 3359 4251 3352 4244 3360 4252 3361 4253 3362 4254 3360 4252 3362 4254 3363 4255 3360 4252 3363 4255 3364 4256 3360 4252 3364 4256 3365 4257 3360 4252 3365 4257 3366 4258 3360 4252 3366 4258 3367 4259 3360 4252 3367 4259 3368 4260 3360 4252 3368 4260 3361 4253 3369 4261 3370 4262 3371 4263 3369 4261 3371 4263 3372 4264 3369 4261 3372 4264 3373 4265 3369 4261 3373 4265 3374 4266 3369 4261 3374 4266 3375 4267 3369 4261 3375 4267 3376 4268 3369 4261 3376 4268 3377 4269 3369 4261 3377 4269 3370 4262 3378 4270 3379 4271 3380 4272 3378 4270 3380 4272 3381 4273 3378 4270 3381 4273 3382 4274 3378 4270 3382 4274 3383 4275 3378 4270 3383 4275 3384 4276 3378 4270 3384 4276 3385 4277 3378 4270 3385 4277 3386 4278 3378 4270 3386 4278 3379 4271 3387 4279 3388 4280 3389 4281 3387 4279 3389 4281 3390 4282 3387 4279 3390 4282 3391 4283 3387 4279 3391 4283 3392 4284 3387 4279 3392 4284 3393 4285 3387 4279 3393 4285 3394 4286 3387 4279 3394 4286 3395 4287 3387 4279 3395 4287 3388 4280 3396 4288 3397 4289 3398 4290 3396 4288 3398 4290 3399 4291 3396 4288 3399 4291 3400 4292 3396 4288 3400 4292 3401 4293 3396 4288 3401 4293 3402 4294 3396 4288 3402 4294 3403 4295 3396 4288 3403 4295 3404 4296 3396 4288 3404 4296 3397 4289 3405 4297 3406 4298 3407 4299 3405 4297 3407 4299 4879 5824 3405 4297 4879 5824 3408 4300 3405 4297 3408 4300 3409 4301 3405 4297 3409 4301 3410 4302 3405 4297 3410 4302 3411 4303 3405 4297 3411 4303 3412 4304 3405 4297 3412 4304 3406 4298 3413 4305 3414 4306 3415 4307 3413 4305 3415 4307 3416 4308 3413 4305 3416 4308 3417 4309 3413 4305 3417 4309 3418 4310 3413 4305 3418 4310 3419 4311 3413 4305 3419 4311 3420 4312 3413 4305 3420 4312 3421 4313 3413 4305 3421 4313 3414 4306 3422 4314 3423 4315 3424 4316 3422 4314 3425 4317 3426 4318 3422 4314 3426 4318 3427 4319 3422 4314 3427 4319 3428 4320 3422 4314 3428 4320 3429 4321 3422 4314 3429 4321 3423 4315 3430 4322 3431 4323 3432 4324 3430 4322 3432 4324 3433 4325 3430 4322 3433 4325 3434 4326 3430 4322 3434 4326 3435 4327 3430 4322 3435 4327 3436 4328 3430 4322 3436 4328 3437 4329 3430 4322 3437 4329 3438 4330 3430 4322 3438 4330 3431 4323 3439 4331 3440 4332 3441 4333 3439 4331 3441 4333 3442 4334 3439 4331 3442 4334 3443 4335 3439 4331 3443 4335 3444 4336 3439 4331 3444 4336 3445 4337 3439 4331 3445 4337 3446 4338 3439 4331 3446 4338 3447 4339 3439 4331 3447 4339 3440 4332 3448 4340 3449 4341 3450 4342 3448 4340 3450 4342 4909 5867 3448 4340 4909 5867 3451 4343 3448 4340 3451 4343 3452 4344 3448 4340 3452 4344 3453 4345 3448 4340 3453 4345 3454 4346 3448 4340 3454 4346 3455 4347 3448 4340 3455 4347 3449 4341 3456 4348 3457 4349 3458 4350 3456 4348 3458 4350 3459 4351 3456 4348 3459 4351 3460 4352 3456 4348 3460 4352 3461 4353 3456 4348 3461 4353 3462 4354 3456 4348 3462 4354 3463 4355 3456 4348 3463 4355 3464 4356 3456 4348 3464 4356 3457 4349 3465 4357 3466 4358 3467 4359 3465 4357 3467 4359 3468 4360 3465 4357 3468 4360 3469 4361 3465 4357 3469 4361 3470 4362 3465 4357 3470 4362 3471 4363 3465 4357 3471 4363 3472 4364 3465 4357 3472 4364 3473 4365 3465 4357 3473 4365 3466 4358 3474 4366 3475 4367 3476 4368 3474 4366 3476 4368 3477 4369 3474 4366 3477 4369 3478 4370 3474 4366 3478 4370 3479 4371 3474 4366 3479 4371 3480 4372 3474 4366 3480 4372 3481 4373 3474 4366 3481 4373 3482 4374 3474 4366 3482 4374 3475 4367 3483 4375 3484 4376 3485 4377 3483 4375 3485 4377 3486 4378 3483 4375 3486 4378 3487 4379 3483 4375 3487 4379 3488 4380 3489 4381 3490 4382 3491 4383 3489 4381 3491 4383 3492 4384 3489 4381 3492 4384 3493 4385 3489 4381 3493 4385 3494 4386 3489 4381 3494 4386 3495 4387 3489 4381 3495 4387 3496 4388 3489 4381 3496 4388 4944 5914 3489 4381 4944 5914 3490 4382 3497 4389 3498 4390 3499 4391 3497 4389 3499 4391 3500 4392 3497 4389 3500 4392 3501 4393 3497 4389 3501 4393 3502 4394 3497 4389 3502 4394 3503 4395 3504 4396 3505 4397 3506 4398 3504 4396 3506 4398 3507 4399 3504 4396 3507 4399 3508 4400 3504 4396 3508 4400 3509 4401 3510 4402 3511 4403 3512 4404 3510 4402 3512 4404 3513 4405 3510 4402 3513 4405 3514 4406 3510 4402 3514 4406 3515 4407 3510 4402 3515 4407 3516 4408 3510 4402 3516 4408 4964 5949 3510 4402 4964 5949 3511 4403 3517 4409 3518 4410 3519 4411 3517 4409 3519 4411 3520 4412 3517 4409 3520 4412 3521 4413 3517 4409 3521 4413 3522 4414 3517 4409 3522 4414 3523 4415 3517 4409 3523 4415 3518 4410 3524 4416 4974 5967 3525 4417 3524 4416 3525 4417 3526 4418 3524 4416 3526 4418 3527 4419 3524 4416 3527 4419 3528 4420 3524 4416 3528 4420 3529 4421 3530 4422 4980 5977 3531 4423 3530 4422 3531 4423 3532 4424 3530 4422 3532 4424 3533 4425 3530 4422 3533 4425 3534 4426 3530 4422 3534 4426 3535 4427 3536 4428 3537 4429 3538 4430 3536 4428 3538 4430 3539 4431 3536 4428 3539 4431 3540 4432 3536 4428 3540 4432 4987 5989 3541 4433 3542 4434 3543 4435 3541 4433 3543 4435 3544 4436 3541 4433 3544 4436 3545 4437 3541 4433 3545 4437 4954 5932 3546 4438 3547 4439 3548 4440 3546 4438 3548 4440 3549 4441 3546 4438 3549 4441 3550 4442 3546 4438 3550 4442 3551 4443 3546 4438 3551 4443 3552 4444 3553 4445 3554 4446 5003 6016 3553 4445 5003 6016 3555 4447 3553 4445 3555 4447 3556 4448 3553 4445 3556 4448 3557 4449 3553 4445 3557 4449 3558 4450 3553 4445 3558 4450 3554 4446 3559 4451 3560 4452 3561 4453 3559 4451 3561 4453 3562 4454 3559 4451 3562 4454 3563 4455 3559 4451 3563 4455 5009 6027 3564 4456 3565 4457 3566 4458 3564 4456 3566 4458 3567 4459 3564 4456 3567 4459 3568 4460 3564 4456 3568 4460 5015 6037 3569 4461 3570 4462 3571 4463 3569 4461 3571 4463 3572 4464 3569 4461 3572 4464 3573 4465 3569 4461 3573 4465 3574 4466 3575 4467 5027 6057 3576 4468 3575 4467 3576 4468 3577 4469 3575 4467 3577 4469 3578 4470 3575 4467 3578 4470 3579 4471 3575 4467 3579 4471 3580 4472 3575 4467 3580 4472 4985 5986 3575 4467 4985 5986 5027 6057 3581 4473 3582 4474 3583 4475 3581 4473 3583 4475 3584 4476 3581 4473 3584 4476 3585 4477 3581 4473 3585 4477 3586 4478 3581 4473 3586 4478 3587 4479 3581 4473 3587 4479 4991 5996 3581 4473 4991 5996 3582 4474 3588 4480 3589 4481 3590 4482 3588 4480 3590 4482 3591 4483 3588 4480 3591 4483 3592 4484 3588 4480 3592 4484 3593 4485 3588 4480 3593 4485 3594 4486 3595 4487 3596 4488 3597 4489 3595 4487 3597 4489 3598 4490 3595 4487 3598 4490 3599 4491 3595 4487 3599 4491 3600 4492 3595 4487 3600 4492 3601 4493 3602 4494 3603 4495 3604 4496 3602 4494 3604 4496 3605 4497 3602 4494 3605 4497 3606 4498 3602 4494 3606 4498 3607 4499 3602 4494 3607 4499 3608 4500 3602 4494 3608 4500 5013 6034 3602 4494 5013 6034 3603 4495 3609 4501 3610 4502 3611 4503 3609 4501 3611 4503 3612 4504 3609 4501 3612 4504 3613 4505 3609 4501 3613 4505 3614 4506 3609 4501 3614 4506 3615 4507 3609 4501 3615 4507 3610 4502 3616 4508 3617 4509 3618 4510 3616 4508 3618 4510 3619 4511 3616 4508 3619 4511 3620 4512 3616 4508 3620 4512 3621 4513 3616 4508 3621 4513 3622 4514 3616 4508 3622 4514 3617 4509 3623 4515 5062 6120 3624 4516 3623 4515 3624 4516 3625 4517 3623 4515 3625 4517 3626 4518 3623 4515 3626 4518 3627 4519 3623 4515 3627 4519 3628 4520 3629 4521 3630 4522 3631 4523 3629 4521 3631 4523 3632 4524 3629 4521 3632 4524 3633 4525 3629 4521 3633 4525 5069 6132 3634 4526 5074 6140 3635 4527 3634 4526 3635 4527 3636 4528 3634 4526 3636 4528 3637 4529 3634 4526 3637 4529 3638 4530 3634 4526 3638 4530 3639 4531 3640 4532 3641 4533 5080 6150 3640 4532 5080 6150 3642 4534 3640 4532 3642 4534 3643 4535 3640 4532 3643 4535 3644 4536 3640 4532 3644 4536 3645 4537 3640 4532 3645 4537 3641 4533 3646 4538 3647 4539 3648 4540 3646 4538 3648 4540 3649 4541 3646 4538 3649 4541 3650 4542 3646 4538 3650 4542 5085 6159 3651 4543 3652 4544 3653 4545 3651 4543 3653 4545 3654 4546 3651 4543 3654 4546 3655 4547 3651 4543 3655 4547 3656 4548 3651 4543 3656 4548 5056 6110 3651 4543 5056 6110 3652 4544 3657 4549 5093 6172 3658 4550 3657 4549 3658 4550 3659 4551 3657 4549 3659 4551 3660 4552 3657 4549 3660 4552 3661 4553 3657 4549 3661 4553 3662 4554 3663 4555 5099 6182 3664 4556 3663 4555 3664 4556 3665 4557 3663 4555 3665 4557 3666 4558 3663 4555 3666 4558 3667 4559 3663 4555 3667 4559 3668 4560 3663 4555 3668 4560 5067 6129 3663 4555 5067 6129 5099 6182 3669 4561 5103 6189 3670 4562 3669 4561 3670 4562 3671 4563 3669 4561 3671 4563 3672 4564 3669 4561 3672 4564 3673 4565 3669 4561 3673 4565 3674 4566 3669 4561 3674 4566 5103 6189 3675 4567 3676 4568 3677 4569 3675 4567 3677 4569 3678 4570 3675 4567 3678 4570 3679 4571 3675 4567 3679 4571 3680 4572 3681 4573 3682 4574 3683 4575 3681 4573 3683 4575 3684 4576 3681 4573 3684 4576 3685 4577 3681 4573 3685 4577 3686 4578 3681 4573 3686 4578 3687 4579 3681 4573 3687 4579 5113 6206 3681 4573 5113 6206 3682 4574 3688 4580 3689 4581 3690 4582 3688 4580 3690 4582 3691 4583 3688 4580 3691 4583 3692 4584 3688 4580 3692 4584 3693 4585 3688 4580 3693 4585 3694 4586 3695 4587 3696 4588 3697 4589 3695 4587 3697 4589 3698 4590 3695 4587 3698 4590 3699 4591 3695 4587 3699 4591 3700 4592 3695 4587 3700 4592 3701 4593 3702 4594 5128 6232 3703 4595 3702 4594 3703 4595 3704 4596 3702 4594 3704 4596 3705 4597 3702 4594 3705 4597 3706 4598 3702 4594 3706 4598 3707 4599 3708 4600 5137 6249 3709 4601 3708 4600 3709 4601 3710 4602 3708 4600 3710 4602 3711 4603 3708 4600 3711 4603 3712 4604 3708 4600 3712 4604 3713 4605 3708 4600 3713 4605 5138 6251 3708 4600 5138 6251 5137 6249 3714 4606 3715 4607 3716 4608 3714 4606 3716 4608 3717 4609 3714 4606 3717 4609 3718 4610 3714 4606 3718 4610 3719 4611 3720 4612 3721 4613 3722 4614 3720 4612 3722 4614 3723 4615 3720 4612 3723 4615 3724 4616 3720 4612 3724 4616 3725 4617 3726 4618 5157 6285 3727 4619 3726 4618 3727 4619 3728 4620 3726 4618 3728 4620 3729 4621 3726 4618 3729 4621 3730 4622 3726 4618 3730 4622 3731 4623 3726 4618 3731 4623 5117 6213 3726 4618 5117 6213 5157 6285 3732 4624 5163 6295 3733 4625 3732 4624 3733 4625 3734 4626 3732 4624 3734 4626 3735 4627 3732 4624 3735 4627 3736 4628 3732 4624 3736 4628 3737 4629 3732 4624 3737 4629 5163 6295 3738 4630 5167 6302 3739 4631 3738 4630 3739 4631 3740 4632 3738 4630 3740 4632 3741 4633 3738 4630 3741 4633 3742 4634 3738 4630 3742 4634 3743 4635 3744 4636 5174 6316 3745 4637 3744 4636 3745 4637 3746 4638 3744 4636 3746 4638 3747 4639 3744 4636 3747 4639 3748 4640 3744 4636 3748 4640 3749 4641 3744 4636 3749 4641 5174 6316 3750 4642 3751 4643 3752 4644 3750 4642 3752 4644 3753 4645 3750 4642 3753 4645 3754 4646 3750 4642 3754 4646 3755 4647 3756 4648 3757 4649 3758 4650 3756 4648 3758 4650 3759 4651 3756 4648 3759 4651 3760 4652 3761 4653 5191 6349 3762 4654 3761 4653 3762 4654 3763 4655 3761 4653 3763 4655 3764 4656 3761 4653 3764 4656 3765 4657 3761 4653 3765 4657 3766 4658 3761 4653 3766 4658 5155 6353 3761 4653 5155 6353 5191 6349 3767 4659 3768 4660 3769 4661 3767 4659 3769 4661 3770 4662 3767 4659 3770 4662 3771 4663 3767 4659 3771 4663 3772 4664 3767 4659 3772 4664 5161 6292 3773 4665 3774 4666 3775 4667 3773 4665 3775 4667 3776 4668 3773 4665 3776 4668 3777 4669 3773 4665 3777 4669 3778 4670 3773 4665 3778 4670 3779 4671 3773 4665 3779 4671 3780 4672 3781 4673 3782 4674 3783 4675 3781 4673 3783 4675 3784 4676 3781 4673 3784 4676 3785 4677 3781 4673 3785 4677 3786 4678 3787 4679 3788 4680 3789 4681 3787 4679 3789 4681 3790 4682 3787 4679 3790 4682 3791 4683 3787 4679 3791 4683 3792 4684 3787 4679 3792 4684 5178 6323 3793 4685 3794 4686 3795 4687 3793 4685 3795 4687 3796 4688 3793 4685 3796 4688 3797 4689 3793 4685 3797 4689 3798 4690 3793 4685 3798 4690 3799 4691 3800 4692 3801 4693 3802 4694 3800 4692 3802 4694 3803 4695 3800 4692 3803 4695 3804 4696 3800 4692 3804 4696 3805 4697 3806 4698 3807 4699 3808 4700 3806 4698 3808 4700 3809 4701 3806 4698 3809 4701 3810 4702 3806 4698 3810 4702 3811 4703 3812 4704 5236 6437 5235 6435 3812 4704 5235 6435 3813 4705 3812 4704 3813 4705 3814 4706 3812 4704 3814 4706 3815 4707 3812 4704 3815 4707 3816 4708 3812 4704 3816 4708 3817 4709 3812 4704 3817 4709 5236 6437 3818 4710 5242 6447 3819 4711 3818 4710 3819 4711 3820 4712 3818 4710 3820 4712 3821 4713 3818 4710 3821 4713 3822 4714 3818 4710 3822 4714 3823 4715 3818 4710 3823 4715 5242 6447 3824 4716 3826 4718 3827 4719 3824 4716 3827 4719 3828 4720 3824 4716 3828 4720 3829 4721 3830 4722 3831 4723 3832 4724 3830 4722 3832 4724 3833 4725 3830 4722 3833 4725 3834 4726 3830 4722 3834 4726 3835 4727 3836 4728 5257 6476 5256 6474 3836 4728 5256 6474 3837 4729 3836 4728 3837 4729 3838 4730 3836 4728 3838 4730 3839 4731 3836 4728 3839 4731 3840 4732 3836 4728 3840 4732 3841 4733 3836 4728 3841 4733 5257 6476 3842 4734 5262 6484 3843 4735 3842 4734 3843 4735 3844 4736 3842 4734 3844 4736 3845 4737 3842 4734 3845 4737 3846 4738 3842 4734 3846 4738 3847 4739 3842 4734 3847 4739 5262 6484 3848 4740 3850 4742 3851 4743 3848 4740 3851 4743 3852 4744 3848 4740 3852 4744 3853 4745 3854 4746 5270 6503 5269 6501 3854 4746 5269 6501 3855 4747 3854 4746 3855 4747 3856 4748 3854 4746 3856 4748 3857 4749 3854 4746 3857 4749 3858 4750 3854 4746 3858 4750 3859 4751 3854 4746 3859 4751 5234 6507 3854 4746 5234 6507 5270 6503 3860 4752 3861 4753 3862 4754 3860 4752 3862 4754 3863 4755 3860 4752 3863 4755 3864 4756 3860 4752 3864 4756 3865 4757 3866 4758 3867 4759 3868 4760 3866 4758 3868 4760 3869 4761 3866 4758 3869 4761 3870 4762 3866 4758 3870 4762 3871 4763 3866 4758 3871 4763 3872 4764 3866 4758 3872 4764 3873 4765 3874 4766 5284 6530 5283 6528 3874 4766 5283 6528 3875 4767 3874 4766 3875 4767 3876 4768 3874 4766 3876 4768 3877 4769 3874 4766 3877 4769 3878 4770 3874 4766 3878 4770 3879 4771 3874 4766 3879 4771 5255 6532 3874 4766 5255 6532 5284 6530 3880 4772 3881 4773 3882 4774 3880 4772 3882 4774 3883 4775 3880 4772 3883 4775 3884 4776 3880 4772 3884 4776 3885 4777 3886 4778 3891 4783 5295 6548 3886 4778 5295 6548 3887 4779 3886 4778 3887 4779 3888 4780 3886 4778 3888 4780 3889 4781 3886 4778 3889 4781 3890 4782 3886 4778 3890 4782 3891 4783 3892 4784 3893 4785 3894 4786 3892 4784 3894 4786 3895 4787 3892 4784 3895 4787 3896 4788 3892 4784 3896 4788 3897 4789 3892 4784 3897 4789 3898 4790 3899 4791 3900 4792 3901 4793 3899 4791 3901 4793 3902 4794 3899 4791 3902 4794 3903 4795 3899 4791 3903 4795 3904 4796 3899 4791 3904 4796 3905 4797 3899 4791 3905 4797 3900 4792 3906 4798 3907 4799 3908 4800 3906 4798 3908 4800 3909 4801 3906 4798 3909 4801 3910 4802 3906 4798 3910 4802 3911 4803 3906 4798 3911 4803 3912 4804 3906 4798 3912 4804 3907 4799 3913 4805 3914 4806 3915 4807 3913 4805 3915 4807 3916 4808 3913 4805 3916 4808 3917 4809 3913 4805 3917 4809 3918 4810 3913 4805 3918 4810 3919 4811 3913 4805 3919 4811 3914 4806 3920 4812 3921 4813 3922 4814 3920 4812 3922 4814 3923 4815 3920 4812 3923 4815 3924 4816 3920 4812 3924 4816 3925 4817 3920 4812 3925 4817 5326 6607 3926 4818 3927 4819 3928 4820 3926 4818 3928 4820 3929 4821 3926 4818 3929 4821 3930 4822 3926 4818 3930 4822 3931 4823 3926 4818 3931 4823 3932 4824 3926 4818 3932 4824 3927 4819 3933 4825 3934 4826 3935 4827 3933 4825 3935 4827 3936 4828 3933 4825 3936 4828 3937 4829 3933 4825 3937 4829 3938 4830 3933 4825 3938 4830 3939 4831 3933 4825 3939 4831 3934 4826 3940 4832 3941 4833 3942 4834 3940 4832 3942 4834 3943 4835 3940 4832 3943 4835 3944 4836 3940 4832 3944 4836 3945 4837 3940 4832 3945 4837 3946 4838 3940 4832 3946 4838 5302 6562 3940 4832 5302 6562 3941 4833 3947 4839 3948 4840 5340 6634 3947 4839 5340 6634 3949 4841 3947 4839 3949 4841 3950 4842 3947 4839 3950 4842 3951 4843 3947 4839 3951 4843 3952 4844 3947 4839 3952 4844 3953 4845 3947 4839 3953 4845 3948 4840 3954 4846 3955 4847 3956 4848 3954 4846 3956 4848 3957 4849 3954 4846 3957 4849 3958 4850 3954 4846 3958 4850 3959 4851 3954 4846 3959 4851 3960 4852 3954 4846 3960 4852 3955 4847 3961 4853 3962 4854 3963 4855 3961 4853 3963 4855 3964 4856 3961 4853 3964 4856 3965 4857 3961 4853 3965 4857 3966 4858 3961 4853 3966 4858 5318 6593 3967 4859 3968 4860 3969 4861 3967 4859 3969 4861 3970 4862 3967 4859 3970 4862 3971 4863 3967 4859 3971 4863 3972 4864 3967 4859 3972 4864 3973 4865 3967 4859 3973 4865 3968 4860 3974 4866 3979 4871 5362 6672 3974 4866 5362 6672 3975 4867 3974 4866 3975 4867 3976 4868 3974 4866 3976 4868 3977 4869 3974 4866 3977 4869 3978 4870 3974 4866 3978 4870 3979 4871 3980 4872 3981 4873 3982 4874 3980 4872 3982 4874 3983 4875 3980 4872 3983 4875 3984 4876 3980 4872 3984 4876 3985 4877 3980 4872 3985 4877 3986 4878 3987 4879 5372 6690 3988 4880 3987 4879 3988 4880 3989 4881 3987 4879 3989 4881 3990 4882 3987 4879 3990 4882 3991 4883 3987 4879 3991 4883 3992 4884 3987 4879 3992 4884 5372 6690 3993 4885 3994 4886 3995 4887 3993 4885 3995 4887 3996 4888 3993 4885 3996 4888 3997 4889 3993 4885 3997 4889 3998 4890 3993 4885 3998 4890 5347 6647 3999 4891 4000 4892 4001 4893 3999 4891 4001 4893 4002 4894 3999 4891 4002 4894 4003 4895 3999 4891 4003 4895 4004 4896 3999 4891 4004 4896 4005 4897 3999 4891 4005 4897 4000 4892 4006 4898 5386 6719 4007 4899 4006 4898 4007 4899 4008 4900 4006 4898 4008 4900 4009 4901 4006 4898 4009 4901 4010 4902 4006 4898 4010 4902 4011 4903 4006 4898 4011 4903 5386 6719 4012 4904 4013 4905 4014 4906 4012 4904 4014 4906 4015 4907 4012 4904 4015 4907 4016 4908 4012 4904 4016 4908 4017 4909 4012 4904 4017 4909 5363 6675 4012 4904 5363 6675 4013 4905 4018 4910 4019 4911 4020 4912 4018 4910 4020 4912 4021 4913 4018 4910 4021 4913 4022 4914 4018 4910 4022 4914 4023 4915 4018 4910 4023 4915 4024 4916 4018 4910 4024 4916 4019 4911 4025 4917 4026 4918 4027 4919 4025 4917 4027 4919 4028 4920 4025 4917 4028 4920 4029 4921 4025 4917 4029 4921 4030 4922 4025 4917 4030 4922 4031 4923 4025 4917 4031 4923 4026 4918 4032 4924 4033 4925 4034 4926 4032 4924 4034 4926 4035 4927 4032 4924 4035 4927 4036 4928 4032 4924 4036 4928 4037 4929 4032 4924 4037 4929 4038 4930 4032 4924 4038 4930 4033 4925 4039 4931 5410 6763 4040 4932 4039 4931 4040 4932 4041 4933 4039 4931 4041 4933 4042 4934 4039 4931 4042 4934 4043 4935 4039 4931 4043 4935 4044 4936 4039 4931 4044 4936 5410 6763 4045 4937 4046 4938 4047 4939 4045 4937 4047 4939 4048 4940 4045 4937 4048 4940 4049 4941 4045 4937 4049 4941 4050 4942 4045 4937 4050 4942 4051 4943 4045 4937 4051 4943 4052 4944 4053 4945 5419 6780 4054 4946 4053 4945 4054 4946 4055 4947 4053 4945 4055 4947 4056 4948 4053 4945 4056 4948 4057 4949 4053 4945 4057 4949 4058 4950 4053 4945 4058 4950 5390 6727 4053 4945 5390 6727 5419 6780 4059 4951 4060 4952 4061 4953 4059 4951 4061 4953 4062 4954 4059 4951 4062 4954 4063 4955 4059 4951 4063 4955 4064 4956 4059 4951 4064 4956 4065 4957 4059 4951 4065 4957 4060 4952 4066 4958 4071 4963 5428 6795 4066 4958 5428 6795 4067 4959 4066 4958 4067 4959 4068 4960 4066 4958 4068 4960 4069 4961 4066 4958 4069 4961 4070 4962 4066 4958 4070 4962 4071 4963 4072 4964 4073 4965 4074 4966 4072 4964 4074 4966 4075 4967 4072 4964 4075 4967 4076 4968 4072 4964 4076 4968 4077 4969 4072 4964 4077 4969 5403 6752 4078 4970 4083 4975 5435 6806 4078 4970 5435 6806 4079 4971 4078 4970 4079 4971 4080 4972 4078 4970 4080 4972 4081 4973 4078 4970 4081 4973 4082 4974 4078 4970 4082 4974 4083 4975 4084 4976 4089 4981 5440 6816 4084 4976 5440 6816 4085 4977 4084 4976 4085 4977 4086 4978 4084 4976 4086 4978 4087 4979 4084 4976 4087 4979 4088 4980 4084 4976 4088 4980 4089 4981 4090 4982 4091 4983 4092 4984 4090 4982 4092 4984 4093 4985 4090 4982 4093 4985 4094 4986 4090 4982 4094 4986 4095 4987 4090 4982 4095 4987 4096 4988 4090 4982 4096 4988 4091 4983 4097 4989 5452 6836 4098 4990 4097 4989 4098 4990 4099 4991 4097 4989 4099 4991 4100 4992 4097 4989 4100 4992 4101 4993 4097 4989 4101 4993 4102 4994 4097 4989 4102 4994 4103 4995 4097 4989 4103 4995 5453 6838 4097 4989 5453 6838 5452 6836 4104 4996 4105 4997 4106 4998 4104 4996 4106 4998 4107 4999 4104 4996 4107 4999 4108 5000 4104 4996 4108 5000 4109 5001 4110 5002 4111 5003 4112 5004 4110 5002 4112 5004 4113 5005 4110 5002 4113 5005 4114 5006 4115 5007 4116 5008 4117 5009 4115 5007 4117 5009 4118 5010 4115 5007 4118 5010 4119 5011 4115 5007 4119 5011 4120 5012 4115 5007 4120 5012 4121 5013 4115 5007 4121 5013 4122 5014 4123 5015 4124 5016 4125 5017 4123 5015 4125 5017 4126 5018 4123 5015 4126 5018 4127 5019 4123 5015 4127 5019 4128 5020 4129 5021 4131 5023 4132 5024 4129 5021 4132 5024 4133 5025 4129 5021 4133 5025 4134 5026 4129 5021 4134 5026 4130 5022 4135 5027 4136 5028 4137 5029 4135 5027 4137 5029 4138 5030 4135 5027 4138 5030 4139 5031 4135 5027 4139 5031 4140 5032 4141 5033 4142 5034 4143 5035 4141 5033 4143 5035 4144 5036 4141 5033 4144 5036 4145 5037 4141 5033 4145 5037 4146 5038 4141 5033 4146 5038 4147 5039 4141 5033 4147 5039 4142 5034 4148 5040 5495 6920 4149 5041 4148 5040 4149 5041 4150 5042 4148 5040 4150 5042 4151 5043 4148 5040 4151 5043 4152 5044 4148 5040 4152 5044 4153 5045 4148 5040 4153 5045 4154 5046 4148 5040 4154 5046 5495 6920 4155 5047 4156 5048 4157 5049 4155 5047 4157 5049 4158 5050 4155 5047 4158 5050 4159 5051 4155 5047 4159 5051 4160 5052 4161 5053 4162 5054 4163 5055 4161 5053 4163 5055 4164 5056 4161 5053 4164 5056 4165 5057 4161 5053 4165 5057 4166 5058 4161 5053 4166 5058 4167 5059 4161 5053 4167 5059 4162 5054 4168 5060 5512 6951 4169 5061 4168 5060 4169 5061 4170 5062 4168 5060 4170 5062 4171 5063 4168 5060 4171 5063 4172 5064 4168 5060 4172 5064 4173 5065 4168 5060 4173 5065 4174 5066 4168 5060 4174 5066 5512 6951 4175 5067 4176 5068 4177 5069 4175 5067 4177 5069 4178 5070 4175 5067 4178 5070 4179 5071 4175 5067 4179 5071 4180 5072 4181 5073 4182 5074 4183 5075 4181 5073 4183 5075 4184 5076 4181 5073 4184 5076 4185 5077 4181 5073 4185 5077 4186 5078 4181 5073 4186 5078 4187 5079 4181 5073 4187 5079 4182 5074 4188 5080 5526 6979 4189 5081 4188 5080 4189 5081 4190 5082 4188 5080 4190 5082 4191 5083 4188 5080 4191 5083 4192 5084 4188 5080 4192 5084 4193 5085 4188 5080 4193 5085 4194 5086 4188 5080 4194 5086 5526 6979 4195 5087 5531 6988 5527 6981 4195 5087 5527 6981 4196 5088 4195 5087 4196 5088 4197 5089 4195 5087 4197 5089 4198 5090 4195 5087 4198 5090 4199 5091 4200 5092 4201 5093 4202 5094 4200 5092 4202 5094 4203 5095 4200 5092 4203 5095 4204 5096 4200 5092 4204 5096 5505 6937 4205 5097 5540 7006 5539 7004 4205 5097 5539 7004 4206 5098 4205 5097 4206 5098 4207 5099 4205 5097 4207 5099 4208 5100 4205 5097 4208 5100 4209 5101 4205 5097 4209 5101 4210 5102 4205 5097 4210 5102 4211 5103 4205 5097 4211 5103 5540 7006 4212 5104 5544 7014 4213 5105 4212 5104 4213 5105 4214 5106 4212 5104 4214 5106 4215 5107 4212 5104 4215 5107 4216 5108 4212 5104 4216 5108 4217 5109 4212 5104 4217 5109 4218 5110 4212 5104 4218 5110 5544 7014 4219 5111 4220 5112 4221 5113 4219 5111 4221 5113 4222 5114 4219 5111 4222 5114 4223 5115 4219 5111 4223 5115 4224 5116 4219 5111 4224 5116 4225 5117 4226 5118 4227 5119 4228 5120 4226 5118 4228 5120 4229 5121 4226 5118 4229 5121 4230 5122 4226 5118 4230 5122 5551 7031 4231 5123 5557 7042 5556 7040 4231 5123 5556 7040 4232 5124 4231 5123 4232 5124 4233 5125 4231 5123 4233 5125 4234 5126 4231 5123 4234 5126 4235 5127 4231 5123 4235 5127 4236 5128 4231 5123 4236 5128 4237 5129 4231 5123 4237 5129 5557 7042 4238 5130 4239 5131 4240 5132 4238 5130 4240 5132 4241 5133 4238 5130 4241 5133 4242 5134 4238 5130 4242 5134 4243 5135 4238 5130 4243 5135 5530 6986 4244 5136 4245 5137 4246 5138 4244 5136 4246 5138 4247 5139 4244 5136 4247 5139 4248 5140 4244 5136 4248 5140 4249 5141 4244 5136 4249 5141 4250 5142 4251 5143 4252 5144 4253 5145 4251 5143 4253 5145 4254 5146 4251 5143 4254 5146 4255 5147 4251 5143 4255 5147 4256 5148 4251 5143 4256 5148 5538 7003 4257 5149 4258 5150 4259 5151 4257 5149 4259 5151 4260 5152 4257 5149 4260 5152 4261 5153 4257 5149 4261 5153 4262 5154 4257 5149 4262 5154 4263 5155 4257 5149 4263 5155 4264 5156 4257 5149 4264 5156 4265 5157 4257 5149 4265 5157 4258 5150 4266 5158 4267 5159 4268 5160 4266 5158 4268 5160 4269 5161 4266 5158 4269 5161 4270 5162 4266 5158 4270 5162 4271 5163 4266 5158 4271 5163 4272 5164 4273 5165 4274 5166 4275 5167 4273 5165 4275 5167 4276 5168 4273 5165 4276 5168 4277 5169 4273 5165 4277 5169 4278 5170 4273 5165 4278 5170 5555 7039 4279 5171 4280 5172 4281 5173 4279 5171 4281 5173 4282 5174 4279 5171 4282 5174 4283 5175 4279 5171 4283 5175 4284 5176 4279 5171 4284 5176 4285 5177 4279 5171 4285 5177 4280 5172 4286 5178 5596 7112 4287 5179 4286 5178 4287 5179 4288 5180 4286 5178 4288 5180 4289 5181 4286 5178 4289 5181 4290 5182 4286 5178 4290 5182 4291 5183 4292 5184 4293 5185 4294 5186 4292 5184 4294 5186 4295 5187 4292 5184 4295 5187 4296 5188 4292 5184 4296 5188 4297 5189 1314 1314 5605 7128 1315 1315 1314 1314 1313 1313 5605 7128 4298 5190 4299 5191 4300 5192 4298 5190 4300 5192 4301 5193 4298 5190 4301 5193 4302 5194 4298 5190 4302 5194 4303 5195 4298 5190 4303 5195 5612 7140 4304 5196 4305 5197 4306 5198 4304 5196 4306 5198 4307 5199 4304 5196 4307 5199 4308 5200 4304 5196 4308 5200 4309 5201 4304 5196 4309 5201 4310 5202 4311 5203 4312 5204 4313 5205 4311 5203 4313 5205 4314 5206 4311 5203 4314 5206 4315 5207 4311 5203 4315 5207 4316 5208 4311 5203 4316 5208 5624 7162 4317 5209 4318 5210 4319 5211 4317 5209 4319 5211 4320 5212 4317 5209 4320 5212 4321 5213 4317 5209 4321 5213 4322 5214 4317 5209 4322 5214 4323 5215 4317 5209 4323 5215 4318 5210 4324 5216 4326 5218 4327 5219 4324 5216 4327 5219 4328 5220 4324 5216 4328 5220 4329 5221 4330 5222 4331 5223 4332 5224 4330 5222 4332 5224 4333 5225 4330 5222 4333 5225 4334 5226 4330 5222 4334 5226 4335 5227 4330 5222 4335 5227 4336 5228 4330 5222 4336 5228 4331 5223 4337 5229 5645 7202 4338 5230 4337 5229 4338 5230 4339 5231 4337 5229 4339 5231 4340 5232 4337 5229 4340 5232 4341 5233 4337 5229 4341 5233 4342 5234 4337 5229 4342 5234 5445 6823 4337 5229 5445 6823 5645 7202 4343 5235 4344 5236 4345 5237 4343 5235 4345 5237 4346 5238 4343 5235 4346 5238 4347 5239 4348 5240 4349 5241 4350 5242 4348 5240 4350 5242 4351 5243 4348 5240 4351 5243 4352 5244 4348 5240 4352 5244 4353 5245 4348 5240 4353 5245 4354 5246 4348 5240 4354 5246 4349 5241 4355 5247 5659 7228 4356 5248 4355 5247 4356 5248 4357 5249 4355 5247 4357 5249 4358 5250 4355 5247 4358 5250 4359 5251 4355 5247 4359 5251 4360 5252 4355 5247 4360 5252 5628 7169 4355 5247 5628 7169 5659 7228 4361 5253 4362 5254 4363 5255 4361 5253 4363 5255 4364 5256 4361 5253 4364 5256 4365 5257 4361 5253 4365 5257 5662 7232 4366 5258 5668 7244 4367 5259 4366 5258 4367 5259 4368 5260 4366 5258 4368 5260 4369 5261 4366 5258 4369 5261 4370 5262 4366 5258 4370 5262 4371 5263 4372 5264 4373 5265 4374 5266 4372 5264 4374 5266 4375 5267 4372 5264 4375 5267 4376 5268 4372 5264 4376 5268 4377 5269 4378 5270 4379 5271 4380 5272 4378 5270 4380 5272 4381 5273 4378 5270 4381 5273 4382 5274 4378 5270 4382 5274 4383 5275 4378 5270 4383 5275 5649 7209 4384 5276 5684 7273 4385 5277 4384 5276 4385 5277 4386 5278 4384 5276 4386 5278 4387 5279 4384 5276 4387 5279 4388 5280 4384 5276 4388 5280 4389 5281 4384 5276 4389 5281 5684 7273 4390 5282 4391 5283 4392 5284 4390 5282 4392 5284 4393 5285 4390 5282 4393 5285 4394 5286 4390 5282 4394 5286 4395 5287 4396 5288 4397 5289 4398 5290 4396 5288 4398 5290 4399 5291 4396 5288 4399 5291 4400 5292 4396 5288 4400 5292 4401 5293 4402 5294 5701 7302 5700 7300 4402 5294 5700 7300 4403 5295 4402 5294 4403 5295 4404 5296 4402 5294 4404 5296 4405 5297 4402 5294 4405 5297 4406 5298 4402 5294 4406 5298 4407 5299 4402 5294 4407 5299 4408 5300 4402 5294 4408 5300 5701 7302 4409 5301 4410 5302 4411 5303 4409 5301 4411 5303 4412 5304 4409 5301 4412 5304 4413 5305 4414 5306 4415 5307 4416 5308 4414 5306 4416 5308 4417 5309 4414 5306 4417 5309 4418 5310 4414 5306 4418 5310 4419 5311 4414 5306 4419 5311 5678 7262 4420 5312 4421 5313 4422 5314 4420 5312 4422 5314 4423 5315 4420 5312 4423 5315 4424 5316 4420 5312 4424 5316 4425 5317 4420 5312 4425 5317 4426 5318 4420 5312 4426 5318 4421 5313 4427 5319 4428 5320 4429 5321 4427 5319 4429 5321 4430 5322 4427 5319 4430 5322 4431 5323 4432 5324 4433 5325 4434 5326 4432 5324 4434 5326 4435 5327 4432 5324 4435 5327 4436 5328 4432 5324 4436 5328 4437 5329 4432 5324 4437 5329 4438 5330 4432 5324 4438 5330 4433 5325 4439 5331 4440 5332 4441 5333 4439 5331 4441 5333 4442 5334 4439 5331 4442 5334 4443 5335 4439 5331 4443 5335 4444 5336 4445 5337 4446 5338 4447 5339 4445 5337 4447 5339 4448 5340 4445 5337 4448 5340 4449 5341 4445 5337 4449 5341 4450 5342 4445 5337 4450 5342 4451 5343 4445 5337 4451 5343 4446 5338 4452 5344 4453 5345 4454 5346 4452 5344 4454 5346 4455 5347 4452 5344 4455 5347 4456 5348 4452 5344 4456 5348 4457 5349 4452 5344 4457 5349 5709 7318 4458 5350 4459 5351 4460 5352 4458 5350 4460 5352 4461 5353 4458 5350 4461 5353 4462 5354 4458 5350 4462 5354 4463 5355 4464 5356 5746 7384 4465 5357 4464 5356 4465 5357 4466 5358 4464 5356 4466 5358 4467 5359 4464 5356 4467 5359 4468 5360 4464 5356 4468 5360 4469 5361 4464 5356 4469 5361 5746 7384 4470 5362 5751 7393 4471 5363 4470 5362 4471 5363 4472 5364 4470 5362 4472 5364 4473 5365 4470 5362 4473 5365 4474 5366 4470 5362 4474 5366 4475 5367 4470 5362 4475 5367 5726 7347 4470 5362 5726 7347 5751 7393 4476 5368 4477 5369 4478 5370 4476 5368 4478 5370 4479 5371 4476 5368 4479 5371 4480 5372 4476 5368 4480 5372 4481 5373 4476 5368 4481 5373 4482 5374 4483 5375 4484 5376 4485 5377 4483 5375 4485 5377 4486 5378 4483 5375 4486 5378 4487 5379 4483 5375 4487 5379 4488 5380 5761 7413 4489 5381 1511 1511 5761 7413 1511 1511 1510 1510 5761 7413 1510 1510 5762 7415 1514 1514 5766 7423 5765 7421 1514 1514 5765 7421 1515 1515 1514 1514 1513 1513 5767 7425 1514 1514 5767 7425 5766 7423 1517 1517 5770 7431 1518 1518 1517 1517 1516 1516 5771 7434 1517 1517 5771 7434 5770 7431 1520 1520 1519 1519 5776 7444 5779 7451 4490 5382 1525 1525 5779 7451 1525 1525 1524 1524 5779 7451 1524 1524 1523 1523 4491 5383 1529 1529 1528 1528 4491 5383 1528 1528 1527 1527 5790 7477 4492 5384 1536 1536 5790 7477 1536 1536 1535 1535 5790 7477 1535 1535 1534 1534 1542 1542 1541 1541 5773 7439 1546 1546 4493 5385 2920 3728 1549 1549 1548 1548 5801 7506 5805 7514 1553 1553 1552 1552 5805 7514 1552 1552 1551 1551 1555 1555 1554 1554 5785 7467 5814 7536 1562 1562 1561 1561 5814 7536 1561 1561 1560 1560 5814 7536 1560 1560 4495 5387 5814 7536 4495 5387 5792 7482 1564 1564 5818 7544 1565 1565 1564 1564 1563 1563 4496 5388 1564 1564 4496 5388 5818 7544 5821 7551 4497 5389 1569 1569 5821 7551 1569 1569 1568 1568 5821 7551 1568 1568 1567 1567 5821 7551 1567 1567 4498 5390 5825 7559 1572 1572 1571 1571 5825 7559 1571 1571 1570 1570 5829 7567 1578 1578 1577 1577 5829 7567 1577 1577 1576 1576 5829 7567 1576 1576 5803 7511 1582 1582 5833 7575 1583 1583 1582 1582 1581 1581 4499 5391 1582 1582 4499 5391 5833 7575 5837 7584 1586 1586 1585 1585 5837 7584 1585 1585 1584 1584 5841 7592 1591 1591 1590 1590 5841 7592 1590 1590 1589 1589 5841 7592 1589 1589 5816 7541 4500 5392 4501 5393 1596 1596 4500 5392 1596 1596 1595 1595 4500 5392 1595 1595 1594 1594 4500 5392 1594 1594 5820 7600 1602 1602 1601 1601 5827 7564 5852 7619 1605 1605 1604 1604 5852 7619 1604 1604 1603 1603 5852 7619 1603 1603 5831 7572 1612 1612 1611 1611 5839 7589 4503 5395 1616 1616 1615 1615 4503 5395 1615 1615 1614 1614 4503 5395 1614 1614 5843 7597 1619 1619 5860 7639 5859 7637 1619 1619 5859 7637 1620 1620 1619 1619 1618 1618 4504 5396 1619 1619 4504 5396 5860 7639 2994 3886 4505 5397 4506 5398 2994 3886 4506 5398 4507 5399 2994 3886 4507 5399 2996 3888 2994 3886 2995 3887 4505 5397 4509 5401 3196 4088 4508 5400 4509 5401 4505 5397 2995 3887 4510 5402 3196 4088 4509 5401 4510 5402 4509 5401 2995 3887 4510 5402 2995 3887 2999 3891 4510 5402 2999 3891 4511 5403 4510 5402 4511 5403 3197 4089 4510 5402 3197 4089 3196 4088 3000 3892 4512 5404 4513 5405 3000 3892 4513 5405 4514 5406 3000 3892 4514 5406 3002 3894 4515 5407 2996 3888 4507 5399 4516 5408 2996 3888 4515 5407 4516 5408 4515 5407 4512 5404 4516 5408 4512 5404 3001 3893 4516 5408 3001 3893 3005 3897 4516 5408 3005 3897 4517 5409 4516 5408 4517 5409 2997 3889 4516 5408 2997 3889 2996 3888 3006 3898 3007 3899 4518 5410 3006 3898 4518 5410 4519 5411 3006 3898 4519 5411 4520 5412 3006 3898 4520 5412 3008 3900 4521 5413 3002 3894 4514 5406 4521 5413 4518 5410 3007 3899 4522 5414 3002 3894 4521 5413 4522 5414 4521 5413 3007 3899 4522 5414 3007 3899 3011 3903 4522 5414 3011 3903 4523 5415 4522 5414 4523 5415 3003 3895 4522 5414 3003 3895 3002 3894 4524 5416 4525 5417 4526 5418 4524 5416 4526 5418 4527 5419 4524 5416 4527 5419 4528 5420 4524 5416 4528 5420 3016 3908 4524 5416 3016 3908 3015 3907 4524 5416 3015 3907 3014 3906 4524 5416 3014 3906 4525 5417 4529 5421 4520 5412 4530 5422 4529 5421 4530 5422 4525 5417 4529 5421 4525 5417 3014 3906 4529 5421 3008 3900 4520 5412 4529 5421 3014 3906 3013 3905 4529 5421 3013 3905 3019 3911 4529 5421 3019 3911 4531 5423 4529 5421 4531 5423 3009 3901 4529 5421 3009 3901 3008 3900 4533 5425 4534 5426 3022 3914 4533 5425 3021 3913 4532 5424 4536 5430 4528 5427 4527 5428 4536 5430 4527 5428 4535 5429 4536 5430 4535 5429 4532 5424 4536 5430 4532 5424 3021 3913 4536 5430 3016 5431 4528 5427 4536 5430 3021 3913 3025 3917 4536 5430 3025 3917 4537 5432 4536 5430 4537 5432 3017 5433 4536 5430 3017 5433 3016 5431 4539 5435 4540 5436 3028 3920 4539 5435 3028 3920 3026 3918 4539 5435 3026 3918 4538 5434 4542 5438 3022 3914 4534 5426 4542 5438 4534 5426 4541 5437 4542 5438 4541 5437 4538 5434 4542 5438 4538 5434 3027 3919 4542 5438 3027 3919 3031 3923 4542 5438 3031 3923 4543 5439 4542 5438 4543 5439 3023 3915 4542 5438 3023 3915 3022 3914 4545 5441 3033 3925 4544 5440 4548 5444 3028 3920 4540 5436 4548 5444 4540 5436 4547 5443 4548 5444 4547 5443 4544 5440 4548 5444 4544 5440 3033 3925 4548 5444 3033 3925 3037 3929 4548 5444 3037 3929 4549 5445 4548 5444 4549 5445 3029 3921 4548 5444 3029 3921 3028 3920 4550 5446 3039 3931 4551 5447 4550 5446 4551 5447 4552 5448 4550 5446 4552 5448 4553 5449 4550 5446 4553 5449 3040 3932 4550 5446 3040 3932 3038 3930 4550 5446 3038 3930 3039 3931 4554 5450 4551 5447 3039 3931 4555 5451 3034 3926 4546 5442 4555 5451 4546 5442 4554 5450 4555 5451 4554 5450 3039 3931 4555 5451 3039 3931 3044 3936 4555 5451 3044 3936 4556 5452 4555 5451 4556 5452 3035 3927 4555 5451 3035 3927 3034 3926 3045 3937 4557 5453 4558 5454 3045 3937 4558 5454 4559 5455 3045 3937 3046 3938 4557 5453 4560 5456 4557 5453 3046 3938 4560 5456 3040 3932 4553 5449 4561 5457 3041 3933 3040 3932 4561 5457 3040 3932 4560 5456 4561 5457 4560 5456 3046 3938 4561 5457 3046 3938 3050 3942 4561 5457 3050 3942 4562 5458 4561 5457 4562 5458 3042 3934 4561 5457 3042 3934 3041 3933 3054 3946 3053 3945 4563 5459 3054 3946 4563 5459 4564 5460 3054 3946 4564 5460 4565 5461 3054 3946 4565 5461 3055 3947 4566 5462 4563 5459 3053 3945 4567 5463 3047 3939 4559 5455 4567 5463 4559 5455 4566 5462 4567 5463 4566 5462 3053 3945 4567 5463 3053 3945 3052 3944 4567 5463 3052 3944 3059 3951 4567 5463 3059 3951 4568 5464 4567 5463 4568 5464 3048 3940 4567 5463 3048 3940 3047 3939 3060 3952 4569 5465 4570 5466 3060 3952 4570 5466 4571 5467 3060 3952 4571 5467 3063 3955 3060 3952 3062 3954 4569 5465 4572 5468 3055 3947 4565 5461 4572 5468 4565 5461 4573 5469 4572 5468 4573 5469 4569 5465 4572 5468 4569 5465 3062 3954 4572 5468 3062 3954 4574 5470 4572 5468 4574 5470 3055 3947 4575 5471 3056 3948 3055 3947 4575 5471 3055 3947 4574 5470 4575 5471 4574 5470 3062 3954 4575 5471 3062 3954 3061 3953 4575 5471 3061 3953 3066 3958 4575 5471 3066 3958 4576 5472 4575 5471 4576 5472 3057 3949 4575 5471 3057 3949 3056 3948 4577 5473 4578 5474 4579 5475 4577 5473 4579 5475 4580 5476 4577 5473 4580 5476 3069 3961 4577 5473 3069 3961 3067 3959 4577 5473 3067 3959 3068 3960 4577 5473 3068 3960 4578 5474 4581 5477 4571 5467 4582 5478 4581 5477 4582 5478 4578 5474 4581 5477 4578 5474 3068 3960 4581 5477 3063 3955 4571 5467 4581 5477 3068 3960 3072 3964 4581 5477 3072 3964 4583 5479 4581 5477 4583 5479 3064 3956 4581 5477 3064 3956 3063 3955 3073 3965 4584 5480 4585 5481 3073 3965 4585 5481 4586 5482 3073 3965 4586 5482 3076 3968 3073 3965 3075 3967 4584 5480 4588 5485 3069 5486 4580 5483 4588 5485 4580 5483 4587 5484 4588 5485 4587 5484 4584 5480 4588 5485 4584 5480 3075 3967 4588 5485 3075 3967 3074 3966 4588 5485 3074 3966 3079 3971 4588 5485 3079 3971 4589 5487 4588 5485 4589 5487 3070 5488 4588 5485 3070 5488 3069 5486 4591 5490 4592 5491 3082 3974 4591 5490 3081 3973 4590 5489 4593 5492 3076 3968 4586 5482 4593 5492 4590 5489 3081 3973 4594 5493 3076 3968 4593 5492 4594 5493 4593 5492 3081 3973 4594 5493 3081 3973 3085 3977 4594 5493 3085 3977 4595 5494 4594 5493 4595 5494 3077 3969 4594 5493 3077 3969 3076 3968 4597 5496 4598 5497 3088 3980 4599 5498 3082 3974 4592 5491 4599 5498 4596 5495 4600 5499 4599 5498 4600 5499 3082 3974 4600 5499 4596 5495 3087 3979 4600 5499 3087 3979 3091 3983 4600 5499 3091 3983 4601 5500 4600 5499 4601 5500 3083 3975 4600 5499 3083 3975 3082 3974 4603 5502 3093 3985 4602 5501 4603 5502 4604 5503 3094 3986 4605 5504 3088 3980 4598 5497 4605 5504 4602 5501 3093 3985 4606 5505 3088 3980 4605 5504 4606 5505 4605 5504 3093 3985 4606 5505 3093 3985 3098 3990 4606 5505 3098 3990 4607 5506 4606 5505 4607 5506 3089 3981 4606 5505 3089 3981 3088 3980 3099 3991 4608 5507 4609 5508 3099 3991 4609 5508 4610 5509 3099 3991 4610 5509 3101 3993 3099 3991 3100 3992 4608 5507 4611 5510 4608 5507 3100 3992 4611 5510 3094 3986 4604 5503 4612 5511 3095 3987 3094 3986 4612 5511 3094 3986 4611 5510 4612 5511 4611 5510 3100 3992 4612 5511 3100 3992 3104 3996 4612 5511 3104 3996 4613 5512 4612 5511 4613 5512 3096 3988 4612 5511 3096 3988 3095 3987 3105 3997 4614 5513 4615 5514 3105 3997 4615 5514 4616 5515 3105 3997 4616 5515 3107 3999 4617 5516 3101 3993 4610 5509 4617 5516 4614 5513 4618 5517 4617 5516 4618 5517 3101 3993 4618 5517 4614 5513 3106 3998 4618 5517 3106 3998 3110 4002 4618 5517 3110 4002 4619 5518 4618 5517 4619 5518 3102 3994 4618 5517 3102 3994 3101 3993 3111 4003 3112 4004 4620 5519 3111 4003 4620 5519 4621 5520 3111 4003 4621 5520 4622 5521 3111 4003 4622 5521 3113 4005 4623 5522 3107 3999 4616 5515 4623 5522 4620 5519 3112 4004 4624 5523 3107 3999 4623 5522 4624 5523 4623 5522 3112 4004 4624 5523 3112 4004 3116 4008 4624 5523 3116 4008 4625 5524 4624 5523 4625 5524 3108 4000 4624 5523 3108 4000 3107 3999 4626 5525 3118 4010 4627 5526 4626 5525 4627 5526 4628 5527 4626 5525 4628 5527 4629 5528 4626 5525 4629 5528 3119 4011 4626 5525 3119 4011 3117 4009 4626 5525 3117 4009 3118 4010 4630 5529 3113 5533 4622 5530 4630 5529 4622 5530 4631 5531 4630 5529 4631 5531 4627 5532 4630 5529 4627 5532 3118 5534 4630 5529 3118 5534 3122 5535 4630 5529 3122 5535 4632 5536 4630 5529 4632 5536 3114 5537 4630 5529 3114 5537 3113 5533 4634 5539 4635 5540 3125 4017 4634 5539 3124 4016 4633 5538 4636 5541 3119 5544 4629 5542 4636 5541 4629 5542 4637 5543 4636 5541 4637 5543 4633 5538 4636 5541 4633 5538 3124 4016 4636 5541 3124 4016 3128 4020 4636 5541 3128 4020 4638 5545 4636 5541 4638 5545 3120 5546 4636 5541 3120 5546 3119 5544 4640 5548 3130 4022 4639 5547 4640 5548 4641 5549 3131 4023 4642 5550 3125 4017 4635 5540 4642 5550 4639 5547 3130 4022 4643 5551 3125 4017 4642 5550 4643 5551 4642 5550 3130 4022 4643 5551 3130 4022 3134 4026 4643 5551 3134 4026 4644 5552 4643 5551 4644 5552 3126 4018 4643 5551 3126 4018 3125 4017 4646 5554 3136 4028 4645 5553 4648 5556 3131 4023 4641 5549 4648 5556 4645 5553 3136 4028 4648 5556 3136 4028 4649 5557 4648 5556 4649 5557 3131 4023 4649 5557 3136 4028 3140 4032 4649 5557 3140 4032 4650 5558 4649 5557 4650 5558 3132 4024 4649 5557 3132 4024 3131 4023 4652 5560 4653 5561 3143 4035 4652 5560 3143 4035 3141 4033 4652 5560 3141 4033 4651 5559 4655 5563 4647 5555 4654 5562 4655 5563 4654 5562 4651 5559 4655 5563 3137 4029 4647 5555 4655 5563 4651 5559 3142 4034 4655 5563 3142 4034 3147 4039 4655 5563 3147 4039 4656 5564 4655 5563 4656 5564 3138 4030 4655 5563 3138 4030 3137 4029 3148 4040 4657 5565 4658 5566 3148 4040 4658 5566 4659 5567 3148 4040 3149 4041 4657 5565 4660 5568 4657 5565 3149 4041 4660 5568 3143 4035 4653 5561 4661 5569 3144 4036 3143 4035 4661 5569 3143 4035 4660 5568 4661 5569 4660 5568 3149 4041 4661 5569 3149 4041 3153 4045 4661 5569 3153 4045 4662 5570 4661 5569 4662 5570 3145 4037 4661 5569 3145 4037 3144 4036 3154 4046 3155 4047 4663 5571 3154 4046 4663 5571 4664 5572 3154 4046 4664 5572 4665 5573 3154 4046 4665 5573 3156 4048 4666 5574 4659 5567 4667 5575 4666 5574 4667 5575 4663 5571 4666 5574 4663 5571 3155 4047 4666 5574 3150 4042 4659 5567 4666 5574 3155 4047 3159 4051 4666 5574 3159 4051 4668 5576 4666 5574 4668 5576 3151 4043 4666 5574 3151 4043 3150 4042 3160 4052 3161 4053 4669 5577 3160 4052 4669 5577 4670 5578 3160 4052 4670 5578 4671 5579 3160 4052 4671 5579 3162 4054 4672 5580 4669 5577 3161 4053 4672 5580 3161 4053 4673 5581 4672 5580 4673 5581 3156 4048 4672 5580 3156 4048 4665 5573 4673 5581 3161 4053 3165 4057 4673 5581 3165 4057 4674 5582 4673 5581 4674 5582 3157 4049 4673 5581 3157 4049 3156 4048 4675 5583 3167 4059 4676 5584 4675 5583 4676 5584 4677 5585 4675 5583 4677 5585 3168 4060 4675 5583 3168 4060 3166 4058 4675 5583 3166 4058 3167 4059 3167 4059 3162 5588 4671 5586 3167 4059 4671 5586 4678 5587 3167 4059 4678 5587 4676 5584 3167 4059 3171 4063 4679 5589 3167 4059 4679 5589 3163 5590 3167 4059 3163 5590 3162 5588 3172 4064 4680 5591 4681 5592 3172 4064 4681 5592 4682 5593 3172 4064 4682 5593 3175 4067 3172 4064 3174 4066 4680 5591 4683 5594 4680 5591 3174 4066 4683 5594 3174 4066 4684 5595 4683 5594 4684 5595 3168 4060 4683 5594 3168 4060 4677 5585 4684 5595 3174 4066 3173 4065 4684 5595 3173 4065 3178 4070 4684 5595 3178 4070 4685 5596 4684 5595 4685 5596 3169 4061 4684 5595 3169 4061 3168 4060 4687 5598 3180 4072 4686 5597 4687 5598 4688 5599 3179 4071 4687 5598 3179 4071 3180 4072 4689 5600 4686 5597 3180 4072 4689 5600 3175 4067 4682 5593 4690 5601 3175 4067 4689 5600 4690 5601 4689 5600 3180 4072 4690 5601 3180 4072 3184 4076 4690 5601 3184 4076 4691 5602 4690 5601 4691 5602 3176 4068 4690 5601 3176 4068 3175 4067 4692 5603 4693 5604 3368 4260 4692 5603 3368 4260 3367 4259 4692 5603 3367 4259 3366 4258 4692 5603 3366 4258 4694 5605 4692 5603 4694 5605 3189 4081 4692 5603 3189 4081 3188 4080 4692 5603 3188 4080 3187 4079 4692 5603 3187 4079 4693 5604 4695 5606 3030 3922 3029 3921 4695 5606 3029 3921 4696 5607 4695 5606 4696 5607 3368 4260 4695 5606 3368 4260 4693 5604 4695 5606 4693 5604 3187 4079 4695 5606 3187 4079 4697 5608 4695 5606 4697 5608 3031 3923 4695 5606 3031 3923 3030 3922 4698 5609 4543 5439 3031 3923 4698 5609 3031 3923 4697 5608 4698 5609 4697 5608 3187 4079 4698 5609 3187 4079 3186 4078 4698 5609 3186 4078 3193 4085 4698 5609 3193 4085 4699 5610 4698 5609 4699 5610 3023 3915 4698 5609 3023 3915 4543 5439 4701 5612 3195 4087 4700 5611 4701 5612 4508 5400 3196 4088 4703 5614 4700 5611 3195 4087 4704 5615 3202 4094 4702 5613 4704 5615 4702 5613 4703 5614 4704 5615 4703 5614 3195 4087 4704 5615 3195 4087 3199 4091 4704 5615 3199 4091 4705 5616 4704 5615 4705 5616 3203 4095 4704 5615 3203 4095 3202 4094 4709 5620 3181 4073 4688 5599 4709 5620 4688 5599 4708 5619 4709 5620 4708 5619 4706 5617 4709 5620 4706 5617 3201 4093 4709 5620 3201 4093 3205 4097 4709 5620 3205 4097 4710 5621 4709 5620 4710 5621 3182 4074 4709 5620 3182 4074 3181 4073 4711 5622 3529 4421 3528 4420 4711 5622 3528 4420 4712 5623 4711 5622 4712 5623 3209 4101 4711 5622 3209 4101 3208 4100 4711 5622 3208 4100 3207 4099 4713 5624 4714 5625 3402 5626 4713 5624 3402 5626 4715 5627 4713 5624 4715 5627 3529 4421 4713 5624 3529 4421 4711 5622 4713 5624 4711 5622 3207 4099 4713 5624 3207 4099 3242 5628 4713 5624 3242 5628 4714 5625 4716 5629 3243 5630 3242 5628 4716 5629 3242 5628 3207 4099 4716 5629 3207 4099 3206 4098 4716 5629 3206 4098 4717 5631 4716 5629 4717 5631 3244 5632 4716 5629 3244 5632 3243 5630 4718 5633 4719 5634 3377 4269 4718 5633 3377 4269 3376 4268 4718 5633 3376 4268 3375 4267 4718 5633 3375 4267 4720 5635 4718 5633 4720 5635 3216 4108 4718 5633 3215 4107 4719 5634 4721 5636 3152 4044 3151 4043 4721 5636 3151 4043 4722 5637 4721 5636 4722 5637 3377 4269 4721 5636 3377 4269 4719 5634 4721 5636 4719 5634 3215 4107 4721 5636 3215 4107 4723 5638 4721 5636 4723 5638 3153 4045 4721 5636 3153 4045 3152 4044 4724 5639 4662 5570 3153 4045 4724 5639 3153 4045 4723 5638 4724 5639 4723 5638 3215 4107 4724 5639 3215 4107 3214 4106 4724 5639 3214 4106 3220 4112 4724 5639 3220 4112 4725 5640 4724 5639 4725 5640 3145 4037 4724 5639 3145 4037 4662 5570 4726 5641 4727 5642 3386 4278 4726 5641 3386 4278 3385 4277 4726 5641 3385 4277 3384 4276 4726 5641 3384 4276 4728 5643 4726 5641 4728 5643 3225 4117 4726 5641 3225 4117 3224 4116 4726 5641 3224 4116 3223 4115 4726 5641 3223 4115 4727 5642 4729 5644 3078 3970 3077 3969 4729 5644 3077 3969 4730 5645 4729 5644 4730 5645 3386 4278 4729 5644 3386 4278 4727 5642 4729 5644 4727 5642 3223 4115 4729 5644 3223 4115 4731 5646 4729 5644 4731 5646 3079 3971 4729 5644 3079 3971 3078 3970 4732 5647 4589 5487 3079 3971 4732 5647 3079 3971 4731 5646 4732 5647 4731 5646 3223 4115 4732 5647 3223 4115 3222 4114 4732 5647 3222 4114 3229 4121 4732 5647 3229 4121 4733 5648 4732 5647 4733 5648 3070 5488 4732 5647 3070 5488 4589 5487 4734 5649 4735 5650 3455 4347 4734 5649 3455 4347 3454 4346 4734 5649 3454 4346 3453 4345 4734 5649 3453 4345 4736 5651 4734 5649 4736 5651 3233 4125 4734 5649 3233 4125 3230 4122 4734 5649 3230 4122 3232 4124 4734 5649 3232 4124 4735 5650 4737 5652 3198 4090 3197 4089 4737 5652 3197 4089 4738 5653 4737 5652 4738 5653 3455 4347 4737 5652 3455 4347 4735 5650 4737 5652 4735 5650 3232 4124 4737 5652 3232 4124 4739 5654 4737 5652 4739 5654 3199 4091 4737 5652 3199 4091 3198 4090 4740 5655 4705 5616 3199 4091 4740 5655 3199 4091 4739 5654 4740 5655 4739 5654 3232 4124 4740 5655 3232 4124 3231 4123 4740 5655 3231 4123 3237 4129 4740 5655 3237 4129 4741 5656 4740 5655 4741 5656 3203 4095 4740 5655 3203 4095 4705 5616 4742 5657 4743 5658 3404 5659 4742 5657 3404 5659 3403 5660 4742 5657 3403 5660 3402 5661 4742 5657 3402 5661 4714 5662 4742 5657 4714 5662 3242 5663 4742 5657 3242 5663 3241 5664 4742 5657 3241 5664 3240 5665 4742 5657 3240 5665 4743 5658 4744 5666 3121 4013 3120 4012 4744 5666 3120 4012 4745 5667 4744 5666 4745 5667 3404 5659 4744 5666 3404 5659 4743 5658 4744 5666 4743 5658 3240 5665 4744 5666 3240 5665 4746 5668 4744 5666 4746 5668 3122 4014 4744 5666 3122 4014 3121 4013 4747 5669 4632 5536 3122 5535 4747 5669 3122 5535 4746 5670 4747 5669 4746 5670 3240 4132 4747 5669 3240 4132 3239 4131 4747 5669 3239 4131 3246 4138 4747 5669 3246 4138 4748 5671 4747 5669 4748 5671 3114 5537 4747 5669 3114 5537 4632 5536 4749 5672 4750 5673 3412 4304 4749 5672 3412 4304 3411 4303 4749 5672 3411 4303 3410 4302 4749 5672 3410 4302 4751 5674 4749 5672 4751 5674 3250 4142 4749 5672 3249 4141 4750 5673 4752 5675 3043 3935 3042 3934 4752 5675 3042 3934 4753 5676 4752 5675 4753 5676 3412 4304 4752 5675 3412 4304 4750 5673 4752 5675 4750 5673 3249 4141 4752 5675 3249 4141 4754 5677 4752 5675 4754 5677 3044 3936 4752 5675 3044 3936 3043 3935 4755 5678 4556 5452 3044 3936 4755 5678 3044 3936 4754 5677 4755 5678 4754 5677 3249 4141 4755 5678 3249 4141 3248 4140 4755 5678 3248 4140 3254 4146 4755 5678 3254 4146 4756 5679 4755 5678 4756 5679 3035 3927 4755 5678 3035 3927 4556 5452 4757 5680 4758 5681 3421 5682 4757 5680 3421 5682 3420 5683 4757 5680 3420 5683 3419 5684 4757 5680 3419 5684 4759 5685 4757 5680 4759 5685 3259 4151 4757 5680 3259 4151 3258 4150 4757 5680 3258 4150 3257 4149 4757 5680 3257 4149 4758 5681 4760 5686 3164 4056 3163 4055 4760 5686 3163 4055 4761 5687 4760 5686 4761 5687 3421 5682 4760 5686 3421 5682 4758 5681 4760 5686 4758 5681 3257 4149 4760 5686 3257 4149 4762 5688 4760 5686 4762 5688 3165 4057 4760 5686 3165 4057 3164 4056 4763 5689 4674 5582 3165 4057 4763 5689 3165 4057 4762 5688 4763 5689 4762 5688 3257 4149 4763 5689 3257 4149 3256 4148 4763 5689 3256 4148 3263 4155 4763 5689 3263 4155 4764 5690 4763 5689 4764 5690 3157 4049 4763 5689 3157 4049 4674 5582 4765 5691 4766 5692 3429 4321 4765 5691 3429 4321 3428 4320 4765 5691 3428 4320 3427 4319 4765 5691 3427 4319 4767 5693 4765 5691 4767 5693 3268 4160 4765 5691 3268 4160 3267 4159 4765 5691 3267 4159 3266 4158 4765 5691 3266 4158 4766 5692 4768 5694 3090 3982 3089 3981 4768 5694 3089 3981 4769 5695 4768 5694 4769 5695 3429 4321 4768 5694 3429 4321 4766 5692 4768 5694 4766 5692 3266 4158 4768 5694 3266 4158 4770 5696 4768 5694 4770 5696 3091 3983 4768 5694 3091 3983 3090 3982 4771 5697 4601 5500 3091 3983 4771 5697 3091 3983 4770 5696 4771 5697 4770 5696 3266 4158 4771 5697 3266 4158 3265 4157 4771 5697 3265 4157 3272 4164 4771 5697 3272 4164 4772 5698 4771 5697 4772 5698 3083 3975 4771 5697 3083 3975 4601 5500 4773 5699 4774 5700 3438 5701 4773 5699 3438 5701 3437 5702 4773 5699 3437 5702 3436 5703 4773 5699 3436 5703 4775 5704 4773 5699 4775 5704 3277 4169 4773 5699 3277 4169 3276 4168 4773 5699 3276 4168 3275 4167 4773 5699 3275 4167 4774 5700 4776 5705 3010 3902 3009 3901 4776 5705 3009 3901 4777 5706 4776 5705 4777 5706 3438 5701 4776 5705 3438 5701 4774 5700 4776 5705 4774 5700 3275 4167 4776 5705 3275 4167 4778 5707 4776 5705 4778 5707 3011 3903 4776 5705 3011 3903 3010 3902 4779 5708 4523 5415 3011 3903 4779 5708 3011 3903 4778 5707 4779 5708 4778 5707 3275 4167 4779 5708 3275 4167 3274 4166 4779 5708 3274 4166 3281 4173 4779 5708 3281 4173 4780 5709 4779 5708 4780 5709 3003 3895 4779 5708 3003 3895 4523 5415 4781 5710 4782 5711 3447 4339 4781 5710 3447 4339 3446 4338 4781 5710 3446 4338 3445 4337 4781 5710 3445 4337 4783 5712 4781 5710 4783 5712 3285 4177 4781 5710 3285 4177 3282 4174 4781 5710 3282 4174 3284 4176 4781 5710 3284 4176 4782 5711 4784 5713 3133 4025 3132 4024 4784 5713 3132 4024 4785 5714 4784 5713 4785 5714 3447 4339 4784 5713 3447 4339 4782 5711 4784 5713 4782 5711 3284 4176 4784 5713 3284 4176 4786 5715 4784 5713 4786 5715 3134 4026 4784 5713 3134 4026 3133 4025 4787 5716 4644 5552 3134 4026 4787 5716 3134 4026 4786 5715 4787 5716 4786 5715 3284 4176 4787 5716 3284 4176 3283 4175 4787 5716 3283 4175 3289 4181 4787 5716 3289 4181 4788 5717 4787 5716 4788 5717 3126 4018 4787 5716 3126 4018 4644 5552 4789 5718 4790 5719 3464 4356 4789 5718 3464 4356 3463 4355 4789 5718 3463 4355 3462 4354 4789 5718 3462 4354 4791 5720 4789 5718 4791 5720 3294 4186 4789 5718 3294 4186 3293 4185 4789 5718 3293 4185 3292 4184 4789 5718 3292 4184 4790 5719 4792 5721 3058 3950 3057 3949 4792 5721 3057 3949 4793 5722 4792 5721 4793 5722 3464 4356 4792 5721 3464 4356 4790 5719 4792 5721 4790 5719 3292 4184 4792 5721 3292 4184 4794 5723 4792 5721 4794 5723 3059 3951 4792 5721 3059 3951 3058 3950 4795 5724 4568 5464 3059 3951 4795 5724 3059 3951 4794 5723 4795 5724 4794 5723 3292 4184 4795 5724 3292 4184 3291 4183 4795 5724 3291 4183 3298 4190 4795 5724 3298 4190 4796 5725 4795 5724 4796 5725 3048 3940 4795 5724 3048 3940 4568 5464 4797 5726 4798 5727 3473 4365 4797 5726 3473 4365 3472 4364 4797 5726 3472 4364 3471 4363 4797 5726 3471 4363 4799 5728 4797 5726 4799 5728 3303 4195 4797 5726 3303 4195 3302 4194 4797 5726 3302 4194 3301 4193 4797 5726 3301 4193 4798 5727 4800 5729 3177 4069 3176 4068 4800 5729 3176 4068 4801 5730 4800 5729 4801 5730 3473 4365 4800 5729 3473 4365 4798 5727 4800 5729 4798 5727 3301 4193 4800 5729 3301 4193 4802 5731 4800 5729 4802 5731 3178 4070 4800 5729 3178 4070 3177 4069 4803 5732 4685 5596 3178 4070 4803 5732 3178 4070 4802 5731 4803 5732 4802 5731 3301 4193 4803 5732 3301 4193 3300 4192 4803 5732 3300 4192 3307 4199 4803 5732 3307 4199 4804 5733 4803 5732 4804 5733 3169 4061 4803 5732 3169 4061 4685 5596 4805 5734 4806 5735 3482 4374 4805 5734 3482 4374 3481 4373 4805 5734 3481 4373 3480 4372 4805 5734 3480 4372 4807 5736 4805 5734 4807 5736 3311 4203 4805 5734 3310 4202 4806 5735 4808 5737 3103 3995 3102 3994 4808 5737 3102 3994 4809 5738 4808 5737 4809 5738 3482 4374 4808 5737 3482 4374 4806 5735 4808 5737 4806 5735 3310 4202 4808 5737 3310 4202 4810 5739 4808 5737 4810 5739 3104 3996 4808 5737 3104 3996 3103 3995 4811 5740 4613 5512 3104 3996 4811 5740 3104 3996 4810 5739 4811 5740 4810 5739 3310 4202 4811 5740 3310 4202 3309 4201 4811 5740 3309 4201 3315 4207 4811 5740 3315 4207 4812 5741 4811 5740 4812 5741 3096 3988 4811 5740 3096 3988 4613 5512 4813 5742 4814 5743 3193 4085 4813 5742 3193 4085 3192 4084 4813 5742 3192 4084 3191 4083 4813 5742 3191 4083 4815 5744 4813 5742 4815 5744 3320 4212 4813 5742 3320 4212 3319 4211 4813 5742 3319 4211 3318 4210 4813 5742 3318 4210 4814 5743 4816 5745 3024 3916 3023 3915 4816 5745 3023 3915 4699 5610 4816 5745 4699 5610 3193 4085 4816 5745 3193 4085 4814 5743 4816 5745 4814 5743 3318 4210 4816 5745 3318 4210 4817 5746 4816 5745 4817 5746 3025 3917 4816 5745 3025 3917 3024 3916 4818 5747 4537 5432 3025 3917 4818 5747 3025 3917 4817 5746 4818 5747 4817 5746 3318 4210 4818 5747 3318 4210 3317 4209 4818 5747 3317 4209 3324 4216 4818 5747 3324 4216 4819 5748 4818 5747 4819 5748 3017 5433 4818 5747 3017 5433 4537 5432 4820 5749 4821 5750 3220 4112 4820 5749 3220 4112 3219 4111 4820 5749 3219 4111 3218 4110 4820 5749 3218 4110 4822 5751 4820 5749 4822 5751 3328 4220 4820 5749 3328 4220 3325 4217 4820 5749 3325 4217 3327 4219 4820 5749 3327 4219 4821 5750 4823 5752 3146 4038 3145 4037 4823 5752 3145 4037 4725 5640 4823 5752 4725 5640 3220 4112 4823 5752 3220 4112 4821 5750 4823 5752 4821 5750 3327 4219 4823 5752 3327 4219 4824 5753 4823 5752 4824 5753 3147 4039 4823 5752 3147 4039 3146 4038 4825 5754 4656 5564 3147 4039 4825 5754 3147 4039 4824 5753 4825 5754 4824 5753 3327 4219 4825 5754 3327 4219 3326 4218 4825 5754 3326 4218 3332 4224 4825 5754 3332 4224 4826 5755 4825 5754 4826 5755 3138 4030 4825 5754 3138 4030 4656 5564 4827 5756 4828 5757 3229 5758 4827 5756 3229 5758 3228 5759 4827 5756 3228 5759 3227 5760 4827 5756 3227 5760 4829 5761 4827 5756 4829 5761 3337 5762 4827 5756 3337 5762 3336 5763 4827 5756 3336 5763 3335 5764 4827 5756 3335 5764 4828 5757 4830 5765 3071 3963 3070 3962 4830 5765 3070 3962 4733 5766 4830 5765 4733 5766 3229 5758 4830 5765 3229 5758 4828 5757 4830 5765 4828 5757 3335 5764 4830 5765 3335 5764 4831 5767 4830 5765 4831 5767 3072 3964 4830 5765 3072 3964 3071 3963 4832 5768 4583 5769 3072 5770 4832 5768 3072 5770 4831 5771 4832 5768 4831 5771 3335 4227 4832 5768 3335 4227 3334 4226 4832 5768 3334 4226 3341 4233 4832 5768 3341 4233 4833 5772 4832 5768 4833 5772 3064 5773 4832 5768 3064 5773 4583 5769 4834 5774 4835 5775 3237 4129 4834 5774 3237 4129 3236 4128 4834 5774 3236 4128 3235 4127 4834 5774 3235 4127 4836 5776 4834 5774 4836 5776 3346 4238 4834 5774 3346 4238 3345 4237 4834 5774 3345 4237 3344 4236 4834 5774 3344 4236 4835 5775 4837 5777 3204 4096 3203 4095 4837 5777 3203 4095 4741 5656 4837 5777 4741 5656 3237 4129 4837 5777 3237 4129 4835 5775 4837 5777 4835 5775 3344 4236 4837 5777 3344 4236 4838 5778 4837 5777 4838 5778 3205 4097 4837 5777 3205 4097 3204 4096 4839 5779 4710 5621 3205 4097 4839 5779 3205 4097 4838 5778 4839 5779 4838 5778 3344 4236 4839 5779 3344 4236 3343 4235 4839 5779 3343 4235 3350 4242 4839 5779 3350 4242 4840 5780 4839 5779 4840 5780 3182 4074 4839 5779 3182 4074 4710 5621 4841 5781 4842 5782 3246 5783 4841 5781 3246 5783 3245 5784 4841 5781 3245 5784 3244 5785 4841 5781 3244 5785 4843 5786 4841 5781 4843 5786 3355 4247 4841 5781 3355 4247 3354 4246 4841 5781 3354 4246 3353 4245 4841 5781 3353 4245 4842 5782 4844 5787 3115 4007 3114 4006 4844 5787 3114 4006 4748 5788 4844 5787 4748 5788 3246 5783 4844 5787 3246 5783 4842 5782 4844 5787 4842 5782 3353 4245 4844 5787 3353 4245 4845 5789 4844 5787 4845 5789 3116 4008 4844 5787 3116 4008 3115 4007 4846 5790 4625 5524 3116 4008 4846 5790 3116 4008 4845 5789 4846 5790 4845 5789 3353 4245 4846 5790 3353 4245 3352 4244 4846 5790 3352 4244 3359 4251 4846 5790 3359 4251 4847 5791 4846 5790 4847 5791 3108 4000 4846 5790 3108 4000 4625 5524 4848 5792 4849 5793 3254 4146 4848 5792 3254 4146 3253 4145 4848 5792 3253 4145 3252 4144 4848 5792 3252 4144 4850 5794 4848 5792 4850 5794 3364 4256 4848 5792 3364 4256 3363 4255 4848 5792 3363 4255 3362 4254 4848 5792 3362 4254 4849 5793 4851 5795 3036 3928 3035 3927 4851 5795 3035 3927 4756 5679 4851 5795 4756 5679 3254 4146 4851 5795 3254 4146 4849 5793 4851 5795 4849 5793 3362 4254 4851 5795 3362 4254 4852 5796 4851 5795 4852 5796 3037 3929 4851 5795 3037 3929 3036 3928 4853 5797 4549 5445 3037 3929 4853 5797 3037 3929 4852 5796 4853 5797 4852 5796 3362 4254 4853 5797 3362 4254 3361 4253 4853 5797 3361 4253 3368 4260 4853 5797 3368 4260 4696 5607 4853 5797 4696 5607 3029 3921 4853 5797 3029 3921 4549 5445 4854 5798 4855 5799 3263 4155 4854 5798 3263 4155 3262 4154 4854 5798 3262 4154 3261 4153 4854 5798 3261 4153 4856 5800 4854 5798 4856 5800 3373 4265 4854 5798 3373 4265 3372 4264 4854 5798 3372 4264 3371 4263 4854 5798 3371 4263 4855 5799 4857 5801 3158 4050 3157 4049 4857 5801 3157 4049 4764 5690 4857 5801 4764 5690 3263 4155 4857 5801 3263 4155 4855 5799 4857 5801 4855 5799 3371 4263 4857 5801 3371 4263 4858 5802 4857 5801 4858 5802 3159 4051 4857 5801 3159 4051 3158 4050 4859 5803 4668 5576 3159 4051 4859 5803 3159 4051 4858 5802 4859 5803 4858 5802 3371 4263 4859 5803 3371 4263 3370 4262 4859 5803 3370 4262 3377 4269 4859 5803 3377 4269 4722 5637 4859 5803 4722 5637 3151 4043 4859 5803 3151 4043 4668 5576 4860 5804 4861 5805 3272 4164 4860 5804 3272 4164 3271 4163 4860 5804 3271 4163 3270 4162 4860 5804 3270 4162 4862 5806 4860 5804 4862 5806 3382 4274 4860 5804 3382 4274 3381 4273 4860 5804 3381 4273 3380 4272 4860 5804 3380 4272 4861 5805 4863 5807 3084 3976 3083 3975 4863 5807 3083 3975 4772 5698 4863 5807 4772 5698 3272 4164 4863 5807 3272 4164 4861 5805 4863 5807 4861 5805 3380 4272 4863 5807 3380 4272 4864 5808 4863 5807 4864 5808 3085 3977 4863 5807 3085 3977 3084 3976 4865 5809 4595 5494 3085 3977 4865 5809 3085 3977 4864 5808 4865 5809 4864 5808 3380 4272 4865 5809 3380 4272 3379 4271 4865 5809 3379 4271 3386 4278 4865 5809 3386 4278 4730 5645 4865 5809 4730 5645 3077 3969 4865 5809 3077 3969 4595 5494 4866 5810 4867 5811 3281 4173 4866 5810 3281 4173 3280 4172 4866 5810 3280 4172 3279 4171 4866 5810 3279 4171 4868 5812 4866 5810 4868 5812 3391 4283 4866 5810 3391 4283 3390 4282 4866 5810 3390 4282 3389 4281 4866 5810 3389 4281 4867 5811 4869 5813 3004 3896 3003 3895 4869 5813 3003 3895 4780 5709 4869 5813 4780 5709 3281 4173 4869 5813 3281 4173 4867 5811 4869 5813 4867 5811 3389 4281 4869 5813 3389 4281 4870 5814 4869 5813 4870 5814 3005 3897 4869 5813 3005 3897 3004 3896 4871 5815 4517 5409 3005 3897 4871 5815 3005 3897 4870 5814 4871 5815 4870 5814 3389 4281 4871 5815 3389 4281 3388 4280 4871 5815 3388 4280 3395 4287 4871 5815 3395 4287 4872 5816 4871 5815 4872 5816 2997 3889 4871 5815 2997 3889 4517 5409 4873 5817 4874 5818 3289 4181 4873 5817 3289 4181 3288 4180 4873 5817 3288 4180 3287 4179 4873 5817 3287 4179 4875 5819 4873 5817 4875 5819 3400 4292 4873 5817 3400 4292 3399 4291 4873 5817 3399 4291 3398 4290 4873 5817 3398 4290 4874 5818 4876 5820 3127 4019 3126 4018 4876 5820 3126 4018 4788 5717 4876 5820 4788 5717 3289 4181 4876 5820 3289 4181 4874 5818 4876 5820 4874 5818 3398 4290 4876 5820 3398 4290 4877 5821 4876 5820 4877 5821 3128 4020 4876 5820 3128 4020 3127 4019 4878 5822 4638 5545 3128 4020 4878 5822 3128 4020 4877 5821 4878 5822 4877 5821 3398 4290 4878 5822 3398 4290 3397 4289 4878 5822 3397 4289 3404 4296 4878 5822 3404 4296 4745 5823 4878 5822 4745 5823 3120 5546 4878 5822 3120 5546 4638 5545 4879 5824 4880 5825 3298 4190 4879 5824 3298 4190 3297 4189 4879 5824 3297 4189 3296 4188 4879 5824 3296 4188 4881 5826 4879 5824 4881 5826 3408 4300 4879 5824 3407 4299 4880 5825 4882 5827 3049 3941 3048 3940 4882 5827 3048 3940 4796 5725 4882 5827 4796 5725 3298 4190 4882 5827 3298 4190 4880 5825 4882 5827 4880 5825 3407 4299 4882 5827 3407 4299 4883 5828 4882 5827 4883 5828 3050 3942 4882 5827 3050 3942 3049 3941 4884 5829 4562 5458 3050 3942 4884 5829 3050 3942 4883 5828 4884 5829 4883 5828 3407 4299 4884 5829 3407 4299 3406 4298 4884 5829 3406 4298 3412 4304 4884 5829 3412 4304 4753 5676 4884 5829 4753 5676 3042 3934 4884 5829 3042 3934 4562 5458 4885 5830 4886 5831 3307 4199 4885 5830 3307 4199 3306 4198 4885 5830 3306 4198 3305 4197 4885 5830 3305 4197 4887 5832 4885 5830 4887 5832 3417 4309 4885 5830 3417 4309 3416 4308 4885 5830 3416 4308 3415 4307 4885 5830 3415 4307 4886 5831 4888 5833 3170 4062 3169 4061 4888 5833 3169 4061 4804 5733 4888 5833 4804 5733 3307 4199 4888 5833 3307 4199 4886 5831 4888 5833 4886 5831 3415 4307 4888 5833 3415 4307 4889 5834 4888 5833 4889 5834 3171 4063 4888 5833 3171 4063 3170 4062 4890 5835 4679 5589 3171 4063 4890 5835 3171 4063 4889 5834 4890 5835 4889 5834 3415 4307 4890 5835 3415 4307 3414 4306 4890 5835 3414 4306 3421 4313 4890 5835 3421 4313 4761 5836 4890 5835 4761 5836 3163 5590 4890 5835 3163 5590 4679 5589 4891 5837 4892 5838 3315 4207 4891 5837 3315 4207 3314 4206 4891 5837 3314 4206 3313 4205 4891 5837 3313 4205 4893 5839 4891 5837 4893 5839 3425 4317 4891 5837 3425 4317 3422 4314 4891 5837 3422 4314 3424 4316 4891 5837 3424 4316 4892 5838 4894 5840 3097 3989 3096 3988 4894 5840 3096 3988 4812 5741 4894 5840 4812 5741 3315 4207 4894 5840 3315 4207 4892 5838 4894 5840 4892 5838 3424 4316 4894 5840 3424 4316 4895 5841 4894 5840 4895 5841 3098 3990 4894 5840 3098 3990 3097 3989 4896 5842 4607 5506 3098 3990 4896 5842 3098 3990 4895 5841 4896 5842 4895 5841 3424 4316 4896 5842 3424 4316 3423 4315 4896 5842 3423 4315 3429 4321 4896 5842 3429 4321 4769 5695 4896 5842 4769 5695 3089 3981 4896 5842 3089 3981 4607 5506 4897 5843 4898 5844 3324 5845 4897 5843 3324 5845 3323 5846 4897 5843 3323 5846 3322 5847 4897 5843 3322 5847 4899 5848 4897 5843 4899 5848 3434 5849 4897 5843 3434 5849 3433 5850 4897 5843 3433 5850 3432 5851 4897 5843 3432 5851 4898 5844 4900 5852 3018 3910 3017 3909 4900 5852 3017 3909 4819 5853 4900 5852 4819 5853 3324 5845 4900 5852 3324 5845 4898 5844 4900 5852 4898 5844 3432 5851 4900 5852 3432 5851 4901 5854 4900 5852 4901 5854 3019 3911 4900 5852 3019 3911 3018 3910 4902 5855 4531 5856 3019 5857 4902 5855 3019 5857 4901 5858 4902 5855 4901 5858 3432 4324 4902 5855 3432 4324 3431 4323 4902 5855 3431 4323 3438 4330 4902 5855 3438 4330 4777 5859 4902 5855 4777 5859 3009 5860 4902 5855 3009 5860 4531 5856 4903 5861 4904 5862 3332 4224 4903 5861 3332 4224 3331 4223 4903 5861 3331 4223 3330 4222 4903 5861 3330 4222 4905 5863 4903 5861 4905 5863 3443 4335 4903 5861 3443 4335 3442 4334 4903 5861 3442 4334 3441 4333 4903 5861 3441 4333 4904 5862 4906 5864 3139 4031 3138 4030 4906 5864 3138 4030 4826 5755 4906 5864 4826 5755 3332 4224 4906 5864 3332 4224 4904 5862 4906 5864 4904 5862 3441 4333 4906 5864 3441 4333 4907 5865 4906 5864 4907 5865 3140 4032 4906 5864 3140 4032 3139 4031 4908 5866 4650 5558 3140 4032 4908 5866 3140 4032 4907 5865 4908 5866 4907 5865 3441 4333 4908 5866 3441 4333 3440 4332 4908 5866 3440 4332 3447 4339 4908 5866 3447 4339 4785 5714 4908 5866 4785 5714 3132 4024 4908 5866 3132 4024 4650 5558 4909 5867 4910 5868 3395 4287 4909 5867 3395 4287 3394 4286 4909 5867 3394 4286 3393 4285 4909 5867 3393 4285 4911 5869 4909 5867 4911 5869 3451 4343 4909 5867 3450 4342 4910 5868 4912 5870 2998 3890 2997 3889 4912 5870 2997 3889 4872 5816 4912 5870 4872 5816 3395 4287 4912 5870 3395 4287 4910 5868 4912 5870 4910 5868 3450 4342 4912 5870 3450 4342 4913 5871 4912 5870 4913 5871 2999 3891 4912 5870 2999 3891 2998 3890 4914 5872 4511 5403 2999 3891 4914 5872 2999 3891 4913 5871 4914 5872 4913 5871 3450 4342 4914 5872 3450 4342 3449 4341 4914 5872 3449 4341 3455 4347 4914 5872 3455 4347 4738 5653 4914 5872 4738 5653 3197 4089 4914 5872 3197 4089 4511 5403 4915 5873 4916 5874 3341 5875 4915 5873 3341 5875 3340 5876 4915 5873 3340 5876 3339 5877 4915 5873 3339 5877 4917 5878 4915 5873 4917 5878 3460 4352 4915 5873 3460 4352 3459 4351 4915 5873 3459 4351 3458 4350 4915 5873 3458 4350 4916 5874 4918 5879 3065 3957 3064 3956 4918 5879 3064 3956 4833 5880 4918 5879 4833 5880 3341 5875 4918 5879 3341 5875 4916 5874 4918 5879 4916 5874 3458 4350 4918 5879 3458 4350 4919 5881 4918 5879 4919 5881 3066 3958 4918 5879 3066 3958 3065 3957 4920 5882 4576 5472 3066 3958 4920 5882 3066 3958 4919 5881 4920 5882 4919 5881 3458 4350 4920 5882 3458 4350 3457 4349 4920 5882 3457 4349 3464 4356 4920 5882 3464 4356 4793 5722 4920 5882 4793 5722 3057 3949 4920 5882 3057 3949 4576 5472 3468 4360 4921 5883 3350 4242 3468 4360 3350 4242 3349 4241 3468 4360 3349 4241 3348 4240 3468 4360 3348 4240 4922 5884 3468 4360 4922 5884 3469 4361 3468 4360 3467 4359 4921 5883 4923 5885 3183 4075 3182 4074 4923 5885 3182 4074 4840 5780 4923 5885 4840 5780 3350 4242 4923 5885 3350 4242 4921 5883 4923 5885 4921 5883 3467 4359 4923 5885 3467 4359 4924 5886 4923 5885 4924 5886 3184 4076 4923 5885 3184 4076 3183 4075 4925 5887 4691 5602 3184 4076 4925 5887 3184 4076 4924 5886 4925 5887 4924 5886 3467 4359 4925 5887 3467 4359 3466 4358 4925 5887 3466 4358 3473 4365 4925 5887 3473 4365 4801 5730 4925 5887 4801 5730 3176 4068 4925 5887 3176 4068 4691 5602 4926 5888 4927 5889 3359 4251 4926 5888 3359 4251 3358 4250 4926 5888 3358 4250 3357 4249 4926 5888 3357 4249 4928 5890 4926 5888 4928 5890 3478 4370 4926 5888 3478 4370 3477 4369 4926 5888 3477 4369 3476 4368 4926 5888 3476 4368 4927 5889 4929 5891 3109 4001 3108 4000 4929 5891 3108 4000 4847 5791 4929 5891 4847 5791 3359 4251 4929 5891 3359 4251 4927 5889 4929 5891 4927 5889 3476 4368 4929 5891 3476 4368 4930 5892 4929 5891 4930 5892 3110 4002 4929 5891 3110 4002 3109 4001 4931 5893 4619 5518 3110 4002 4931 5893 3110 4002 4930 5892 4931 5893 4930 5892 3476 4368 4931 5893 3476 4368 3475 4367 4931 5893 3475 4367 3482 4374 4931 5893 3482 4374 4809 5738 4931 5893 4809 5738 3102 3994 4931 5893 3102 3994 4619 5518 4932 5894 3725 4617 3724 4616 4932 5894 3724 4616 4933 5895 4932 5894 4933 5895 3485 4377 4932 5894 3485 4377 3484 4376 4934 5896 4935 5897 3645 5898 4934 5896 3645 5898 4936 5899 4934 5896 4936 5899 3725 4617 4934 5896 3725 4617 4932 5894 4934 5896 4932 5894 3484 4376 4934 5896 3484 4376 4937 5900 4934 5896 4937 5900 3605 5901 4934 5896 3605 5901 4935 5897 4938 5902 3606 5903 3605 5901 4938 5902 3605 5901 4937 5900 4938 5902 4937 5900 3484 4376 4938 5902 3484 4376 3483 4375 4938 5902 3483 4375 3488 4380 4938 5902 3488 4380 4939 5904 4938 5902 4939 5904 3607 5905 4938 5902 3607 5905 3606 5903 4940 5906 3535 4427 3534 4426 4940 5906 3534 4426 4941 5907 4940 5906 4941 5907 3493 4385 4940 5906 3493 4385 3492 4384 4940 5906 3492 4384 3491 4383 4940 5906 3491 4383 3535 4427 4942 5908 4767 5909 3427 5910 4942 5908 3427 5910 4943 5911 4942 5908 4943 5911 3535 4427 4942 5908 3535 4427 3491 4383 4942 5908 3491 4383 3268 5912 4942 5908 3268 5912 4767 5909 3490 4382 3269 5913 3268 5912 3490 4382 3268 5912 3491 4383 3490 4382 4944 5914 3270 5915 3490 4382 3270 5915 3269 5913 4945 5916 4946 5917 3540 4432 4945 5916 3540 4432 3539 4431 4945 5916 3539 4431 4947 5918 4945 5916 4947 5918 3500 4392 4945 5916 3500 4392 3499 4391 4945 5916 3499 4391 3498 4390 4945 5916 3498 4390 4946 5917 4946 5917 4791 5919 3462 5920 4946 5917 3462 5920 4948 5921 4946 5917 4948 5921 3540 4432 4946 5917 3498 4390 3294 5922 4946 5917 3294 5922 4791 5919 4949 5923 3295 5924 3294 5922 4949 5923 3294 5922 3498 4390 4949 5923 3498 4390 3497 4389 4949 5923 3497 4389 3503 4395 4949 5923 3503 4395 4950 5925 4949 5923 4950 5925 3296 5926 4949 5923 3296 5926 3295 5924 4951 5927 4954 5932 3545 4437 4951 5927 3545 4437 3544 4436 4951 5927 3544 4436 4952 5928 4951 5927 4952 5928 3506 4398 4951 5927 3506 4398 3505 4397 4953 5929 4815 5930 3191 5931 4953 5929 3191 5931 4954 5932 4953 5929 4954 5932 4951 5927 4953 5929 4951 5927 3505 4397 4953 5929 3505 4397 4955 5933 4953 5929 4955 5933 3320 5934 4953 5929 3320 5934 4815 5930 4956 5935 3321 5936 3320 5934 4956 5935 3320 5934 4955 5933 4956 5935 4955 5933 3505 4397 4956 5935 3505 4397 3504 4396 4956 5935 3504 4396 3509 4401 4956 5935 3509 4401 4957 5937 4956 5935 4957 5937 3322 5938 4956 5935 3322 5938 3321 5936 4958 5939 3554 4446 3558 4450 4958 5939 3558 4450 4959 5940 4958 5939 4959 5940 3513 4405 4958 5939 3513 4405 3512 4404 4958 5939 3512 4404 3511 4403 4958 5939 3511 4403 3554 4446 4960 5941 4836 5942 3235 5943 4960 5941 3235 5943 4961 5944 4960 5941 4961 5944 3554 4446 4960 5941 3554 4446 3511 4403 4960 5941 3511 4403 4962 5945 4960 5941 4962 5945 3346 5946 4960 5941 3346 5946 4836 5942 4963 5947 3347 5948 3346 5946 4963 5947 3346 5946 4962 5945 4963 5947 4962 5945 3511 4403 4963 5947 3511 4403 4964 5949 4963 5947 4964 5949 3348 5950 4963 5947 3348 5950 3347 5948 4965 5951 4967 5953 3563 4455 4965 5951 3563 4455 3562 4454 4965 5951 3562 4454 4966 5952 4965 5951 4966 5952 3520 4412 4965 5951 3520 4412 3519 4411 4965 5951 3519 4411 4967 5953 4967 5953 4856 5954 3261 5955 4967 5953 3261 5955 4968 5956 4967 5953 4968 5956 3563 4455 4967 5953 3519 4411 3518 4410 4967 5953 3518 4410 3373 5957 4967 5953 3373 5957 4856 5954 3518 4410 3374 5958 3373 5957 3518 4410 3523 4415 4969 5959 3518 4410 4969 5959 3375 5960 3518 4410 3375 5960 3374 5958 4970 5961 4974 5967 3568 4460 4970 5961 3568 4460 3567 4459 4970 5961 3567 4459 4971 5962 4970 5961 4971 5962 3526 4418 4970 5961 3526 4418 3525 4417 4970 5961 3525 4417 4974 5967 4972 5963 4875 5964 3287 5965 4972 5963 3287 5965 4973 5966 4972 5963 4973 5966 3568 4460 4972 5963 3568 4460 4974 5967 4972 5963 4974 5967 3400 5968 4972 5963 3400 5968 4875 5964 4975 5969 3401 5970 3400 5968 4975 5969 3400 5968 4974 5967 4975 5969 4974 5967 3524 4416 4975 5969 3524 4416 3529 4421 4975 5969 3529 4421 4715 5627 4975 5969 4715 5627 3402 5626 4975 5969 3402 5626 3401 5970 4976 5971 4977 5972 3574 4466 4976 5971 3574 4466 3573 4465 4976 5971 3573 4465 4978 5973 4976 5971 4978 5973 3532 4424 4976 5971 3532 4424 3531 4423 4976 5971 3531 4423 4980 5977 4976 5971 4980 5977 4977 5972 4977 5972 4893 5974 3313 5975 4977 5972 3313 5975 4979 5976 4977 5972 4979 5976 3574 4466 4977 5972 4980 5977 3425 5978 4977 5972 3425 5978 4893 5974 4981 5979 3426 5980 3425 5978 4981 5979 3425 5978 4980 5977 4981 5979 4980 5977 3530 4422 4981 5979 3530 4422 3535 4427 4981 5979 3535 4427 4943 5911 4981 5979 4943 5911 3427 5910 4981 5979 3427 5910 3426 5980 4982 5981 4985 5986 3580 4472 4982 5981 3580 4472 3579 4471 4982 5981 3579 4471 4983 5982 4982 5981 4983 5982 3537 4429 4982 5981 3537 4429 3536 4428 4982 5981 3536 4428 4985 5986 4984 5983 4917 5984 3339 5985 4984 5983 3339 5985 4985 5986 4984 5983 4985 5986 3536 4428 4984 5983 3536 4428 4986 5987 4984 5983 4986 5987 3460 5988 4984 5983 3460 5988 4917 5984 4987 5989 3461 5990 3460 5988 4987 5989 3460 5988 4986 5987 4987 5989 4986 5987 3536 4428 4987 5989 3540 4432 4948 5921 4987 5989 4948 5921 3462 5920 4987 5989 3462 5920 3461 5990 4988 5991 3541 4433 4991 5996 4988 5991 4991 5996 3587 4479 4988 5991 3587 4479 3586 4478 4988 5991 3586 4478 4989 5992 4988 5991 4989 5992 3542 4434 4988 5991 3542 4434 3541 4433 4990 5993 4694 5994 3366 5995 4990 5993 3366 5995 4991 5996 4990 5993 4991 5996 3541 4433 4990 5993 3541 4433 4992 5997 4990 5993 4992 5997 3189 5998 4990 5993 3189 5998 4694 5994 4993 5999 3190 6000 3189 5998 4993 5999 3189 5998 4992 5997 4993 5999 4992 5997 3541 4433 4993 5999 3541 4433 4954 5932 4993 5999 4954 5932 3191 5931 4993 5999 3191 5931 3190 6000 4994 6001 3547 4439 3594 4486 4994 6001 3594 4486 3593 4485 4994 6001 3593 4485 4995 6002 4994 6001 4995 6002 3549 4441 4994 6001 3549 4441 3548 4440 4994 6001 3548 4440 3547 4439 4996 6003 4911 6004 3393 6005 4996 6003 3393 6005 4997 6006 4996 6003 4997 6006 3594 4486 4996 6003 3594 4486 3547 4439 4996 6003 3547 4439 3451 6007 4996 6003 3451 6007 4911 6004 4998 6008 3452 6009 3451 6007 4998 6008 3451 6007 3547 4439 4998 6008 3547 4439 3546 4438 4998 6008 3546 4438 3552 4444 4998 6008 3552 4444 4999 6010 4998 6008 4999 6010 3453 6011 4998 6008 3453 6011 3452 6009 5000 6012 5001 6013 3552 4444 5000 6012 3552 4444 3551 4443 5000 6012 3551 4443 5002 6014 5000 6012 5002 6014 3556 4448 5000 6012 3556 4448 3555 4447 5000 6012 3555 4447 5003 6016 5000 6012 5003 6016 5001 6013 5001 6013 4736 6015 3453 6011 5001 6013 3453 6011 4999 6010 5001 6013 4999 6010 3552 4444 5001 6013 5003 6016 3233 6017 5001 6013 3233 6017 4736 6015 5004 6018 3234 6019 3233 6017 5004 6018 3233 6017 5003 6016 5004 6018 5003 6016 3554 4446 5004 6018 3554 4446 4961 5944 5004 6018 4961 5944 3235 5943 5004 6018 3235 5943 3234 6019 5005 6020 5009 6027 3601 4493 5005 6020 3601 4493 3600 4492 5005 6020 3600 4492 5006 6021 5005 6020 5006 6021 3560 4452 5005 6020 3560 4452 3559 4451 5005 6020 3559 4451 5009 6027 5007 6022 4759 6023 3419 6024 5007 6022 3419 6024 5008 6025 5007 6022 5008 6025 3601 4493 5007 6022 3601 4493 5009 6027 5007 6022 3259 6026 4759 6023 5009 6027 3260 6028 3259 6026 5009 6027 3259 6026 5007 6022 5009 6027 3563 4455 4968 5956 5009 6027 4968 5956 3261 5955 5009 6027 3261 5955 3260 6028 5010 6029 3564 4456 5013 6034 5010 6029 5013 6034 3608 4500 5010 6029 3608 4500 3607 4499 5010 6029 3607 4499 5011 6030 5010 6029 5011 6030 3565 4457 5010 6029 3565 4457 3564 4456 5012 6031 4783 6032 3445 6033 5012 6031 3445 6033 5013 6034 5012 6031 5013 6034 3564 4456 5012 6031 3564 4456 5014 6035 5012 6031 5014 6035 3285 6036 5012 6031 3285 6036 4783 6032 5015 6037 3286 6038 3285 6036 5015 6037 3285 6036 5014 6035 5015 6037 5014 6035 3564 4456 5015 6037 3568 4460 4973 5966 5015 6037 4973 5966 3287 5965 5015 6037 3287 5965 3286 6038 5016 6039 3615 4507 3614 4506 5016 6039 3614 4506 5017 6040 5016 6039 5017 6040 3571 4463 5016 6039 3571 4463 3570 4462 5018 6041 4807 6042 3480 6043 5018 6041 3480 6043 5019 6044 5018 6041 5019 6044 3615 4507 5018 6041 3615 4507 5016 6039 5018 6041 5016 6039 3570 4462 5018 6041 3570 4462 5020 6045 5018 6041 5020 6045 3311 6046 5018 6041 3311 6046 4807 6042 5021 6047 3312 6048 3311 6046 5021 6047 3311 6046 5020 6045 5021 6047 5020 6045 3570 4462 5021 6047 3570 4462 3569 4461 5021 6047 3569 4461 3574 4466 5021 6047 3574 4466 4979 5976 5021 6047 4979 5976 3313 5975 5021 6047 3313 5975 3312 6048 5022 6049 5024 6051 3622 4514 5022 6049 3622 4514 3621 4513 5022 6049 3621 4513 5023 6050 5022 6049 5023 6050 3577 4469 5022 6049 3577 4469 3576 4468 5022 6049 3576 4468 5024 6051 5024 6051 4829 6052 3227 6053 5024 6051 3227 6053 5025 6054 5024 6051 5025 6054 3622 4514 5024 6051 3576 4468 5026 6055 5024 6051 5026 6055 3337 6056 5024 6051 3337 6056 4829 6052 5027 6057 3338 6058 3337 6056 5027 6057 3337 6056 5026 6055 5027 6057 5026 6055 3576 4468 5027 6057 4985 5986 3339 5985 5027 6057 3339 5985 3338 6058 5028 6059 3628 4520 3627 4519 5028 6059 3627 4519 5029 6060 5028 6059 5029 6060 3584 4476 5028 6059 3584 4476 3583 4475 5028 6059 3583 4475 3582 4474 5028 6059 3582 4474 3628 4520 5030 6061 4850 6062 3252 6063 5030 6061 3252 6063 5031 6064 5030 6061 5031 6064 3628 4520 5030 6061 3628 4520 3582 4474 5030 6061 3582 4474 5032 6065 5030 6061 5032 6065 3364 6066 5030 6061 3364 6066 4850 6062 5033 6067 3365 6068 3364 6066 5033 6067 3364 6066 5032 6065 5033 6067 5032 6065 3582 4474 5033 6067 3582 4474 4991 5996 5033 6067 4991 5996 3366 5995 5033 6067 3366 5995 3365 6068 5034 6069 5035 6070 3633 4525 5034 6069 3633 4525 3632 4524 5034 6069 3632 4524 5036 6071 5034 6069 5036 6071 3591 4483 5034 6069 3591 4483 3590 4482 5034 6069 3590 4482 3589 4481 5034 6069 3589 4481 5035 6070 5035 6070 4868 6072 3279 6073 5035 6070 3279 6073 5037 6074 5035 6070 5037 6074 3633 4525 5035 6070 3589 4481 3391 6075 5035 6070 3391 6075 4868 6072 5038 6076 3392 6077 3391 6075 5038 6076 3391 6075 3589 4481 5038 6076 3589 4481 3588 4480 5038 6076 3588 4480 3594 4486 5038 6076 3594 4486 4997 6006 5038 6076 4997 6006 3393 6005 5038 6076 3393 6005 3392 6077 5039 6078 5041 6080 3639 4531 5039 6078 3639 4531 3638 4530 5039 6078 3638 4530 5040 6079 5039 6078 5040 6079 3598 4490 5039 6078 3598 4490 3597 4489 5039 6078 3597 4489 3596 4488 5039 6078 3596 4488 5041 6080 5041 6080 4887 6081 3305 6082 5041 6080 3305 6082 5042 6083 5041 6080 5042 6083 3639 4531 5041 6080 3596 4488 3417 6084 5041 6080 3417 6084 4887 6081 5043 6085 3418 6086 3417 6084 5043 6085 3417 6084 3596 4488 5043 6085 3596 4488 3595 4487 5043 6085 3595 4487 3601 4493 5043 6085 3601 4493 5008 6025 5043 6085 5008 6025 3419 6024 5043 6085 3419 6024 3418 6086 5044 6087 3641 4533 3645 4537 5044 6087 3645 4537 4935 6088 5044 6087 4935 6088 3605 4497 5044 6087 3605 4497 3604 4496 5044 6087 3604 4496 3603 4495 5044 6087 3603 4495 3641 4533 5045 6089 4905 6090 3330 6091 5045 6089 3330 6091 5046 6092 5045 6089 5046 6092 3641 4533 5045 6089 3641 4533 3603 4495 5045 6089 3603 4495 5047 6093 5045 6089 5047 6093 3443 6094 5045 6089 3443 6094 4905 6090 5048 6095 3444 6096 3443 6094 5048 6095 3443 6094 5047 6093 5048 6095 5047 6093 3603 4495 5048 6095 3603 4495 5013 6034 5048 6095 5013 6034 3445 6033 5048 6095 3445 6033 3444 6096 5049 6097 5051 6099 3650 4542 5049 6097 3650 4542 3649 4541 5049 6097 3649 4541 5050 6098 5049 6097 5050 6098 3612 4504 5049 6097 3612 4504 3611 4503 5049 6097 3611 4503 5051 6099 5051 6099 4928 6100 3357 6101 5051 6099 3357 6101 5052 6102 5051 6099 5052 6102 3650 4542 5051 6099 3611 4503 3610 4502 5051 6099 3610 4502 3478 6103 5051 6099 3478 6103 4928 6100 3610 4502 3479 6104 3478 6103 3610 4502 3615 4507 5019 6044 3610 4502 5019 6044 3480 6043 3610 4502 3480 6043 3479 6104 5053 6105 5056 6110 3656 4548 5053 6105 3656 4548 3655 4547 5053 6105 3655 4547 5054 6106 5053 6105 5054 6106 3619 4511 5053 6105 3619 4511 3618 4510 5053 6105 3618 4510 3617 4509 5055 6107 4728 6108 3384 6109 5055 6107 3384 6109 5056 6110 5055 6107 5056 6110 5053 6105 5055 6107 5053 6105 3617 4509 5055 6107 3617 4509 3225 6111 5055 6107 3225 6111 4728 6108 5057 6112 3226 6113 3225 6111 5057 6112 3225 6111 3617 4509 5057 6112 3617 4509 3622 4514 5057 6112 3622 4514 5025 6054 5057 6112 5025 6054 3227 6053 5057 6112 3227 6053 3226 6113 5058 6114 5062 6120 3662 4554 5058 6114 3662 4554 3661 4553 5058 6114 3661 4553 5059 6115 5058 6114 5059 6115 3625 4517 5058 6114 3625 4517 3624 4516 5058 6114 3624 4516 5062 6120 5060 6116 4751 6117 3410 6118 5060 6116 3410 6118 5061 6119 5060 6116 5061 6119 3662 4554 5060 6116 3662 4554 5062 6120 5060 6116 5062 6120 3250 6121 5060 6116 3250 6121 4751 6117 5063 6122 3251 6123 3250 6121 5063 6122 3250 6121 5062 6120 5063 6122 5062 6120 3623 4515 5063 6122 3623 4515 3628 4520 5063 6122 3628 4520 5031 6064 5063 6122 5031 6064 3252 6063 5063 6122 3252 6063 3251 6123 5064 6124 3629 4521 5067 6129 5064 6124 5067 6129 3668 4560 5064 6124 3668 4560 3667 4559 5064 6124 3667 4559 5065 6125 5064 6124 5065 6125 3630 4522 5064 6124 3630 4522 3629 4521 5066 6126 4775 6127 3436 6128 5066 6126 3436 6128 5067 6129 5066 6126 5067 6129 3629 4521 5066 6126 3629 4521 5068 6130 5066 6126 5068 6130 3277 6131 5066 6126 3277 6131 4775 6127 5069 6132 3278 6133 3277 6131 5069 6132 3277 6131 5068 6130 5069 6132 5068 6130 3629 4521 5069 6132 3633 4525 5037 6074 5069 6132 5037 6074 3279 6073 5069 6132 3279 6073 3278 6133 5070 6134 5074 6140 3674 4566 5070 6134 3674 4566 3673 4565 5070 6134 3673 4565 5071 6135 5070 6134 5071 6135 3636 4528 5070 6134 3636 4528 3635 4527 5070 6134 3635 4527 5074 6140 5072 6136 4799 6137 3471 6138 5072 6136 3471 6138 5073 6139 5072 6136 5073 6139 3674 4566 5072 6136 3674 4566 5074 6140 5072 6136 5074 6140 3303 6141 5072 6136 3303 6141 4799 6137 5075 6142 3304 6143 3303 6141 5075 6142 3303 6141 5074 6140 5075 6142 5074 6140 3634 4526 5075 6142 3634 4526 3639 4531 5075 6142 3639 4531 5042 6083 5075 6142 5042 6083 3305 6082 5075 6142 3305 6082 3304 6143 5076 6144 5080 6150 3680 4572 5076 6144 3680 4572 3679 4571 5076 6144 3679 4571 5077 6145 5076 6144 5077 6145 3643 4535 5076 6144 3643 4535 3642 4534 5076 6144 3642 4534 5080 6150 5078 6146 4822 6147 3218 6148 5078 6146 3218 6148 5079 6149 5078 6146 5079 6149 3680 4572 5078 6146 3680 4572 5080 6150 5078 6146 5080 6150 3328 6151 5078 6146 3328 6151 4822 6147 5081 6152 3329 6153 3328 6151 5081 6152 3328 6151 5080 6150 5081 6152 5080 6150 3641 4533 5081 6152 3641 4533 5046 6092 5081 6152 5046 6092 3330 6091 5081 6152 3330 6091 3329 6153 5082 6154 3646 4538 4717 5631 5082 6154 4717 5631 3212 4104 5082 6154 3212 4104 3211 4103 5082 6154 3211 4103 5083 6155 5082 6154 5083 6155 3647 4539 5082 6154 3647 4539 3646 4538 5084 6156 4843 6157 3244 5632 5084 6156 3244 5632 4717 5631 5084 6156 4717 5631 3646 4538 5084 6156 3355 6158 4843 6157 5085 6159 3356 6160 3355 6158 5085 6159 3355 6158 5084 6156 5085 6159 5084 6156 3646 4538 5085 6159 3650 4542 5052 6102 5085 6159 5052 6102 3357 6101 5085 6159 3357 6101 3356 6160 3652 4544 4944 5914 3496 4388 3652 4544 3496 4388 3495 4387 3652 4544 3495 4387 5086 6161 3652 4544 5086 6161 3653 4545 5087 6162 4862 6163 3270 5915 5087 6162 3270 5915 4944 5914 5087 6162 4944 5914 3652 4544 5087 6162 3652 4544 5088 6164 5087 6162 5088 6164 3382 6165 5087 6162 3382 6165 4862 6163 5089 6166 3383 6167 3382 6165 5089 6166 3382 6165 5088 6164 5089 6166 5088 6164 3652 4544 5089 6166 3652 4544 5056 6110 5089 6166 5056 6110 3384 6109 5089 6166 3384 6109 3383 6167 5090 6168 3503 4395 3502 4394 5090 6168 3502 4394 5091 6169 5090 6168 5091 6169 3659 4551 5090 6168 3659 4551 3658 4550 5090 6168 3658 4550 5093 6172 5090 6168 5093 6172 3503 4395 5092 6170 4881 6171 3296 5926 5092 6170 3296 5926 4950 5925 5092 6170 4950 5925 3503 4395 5092 6170 3503 4395 5093 6172 5092 6170 5093 6172 3408 6173 5092 6170 3408 6173 4881 6171 5094 6174 3409 6175 3408 6173 5094 6174 3408 6173 5093 6172 5094 6174 5093 6172 3657 4549 5094 6174 3657 4549 3662 4554 5094 6174 3662 4554 5061 6119 5094 6174 5061 6119 3410 6118 5094 6174 3410 6118 3409 6175 5095 6176 5097 6178 3509 4401 5095 6176 3509 4401 3508 4400 5095 6176 3508 4400 5096 6177 5095 6176 5096 6177 3665 4557 5095 6176 3665 4557 3664 4556 5095 6176 3664 4556 5097 6178 5097 6178 4899 6179 3322 5938 5097 6178 3322 5938 4957 5937 5097 6178 4957 5937 3509 4401 5097 6178 3664 4556 5098 6180 5097 6178 5098 6180 3434 6181 5097 6178 3434 6181 4899 6179 5099 6182 3435 6183 3434 6181 5099 6182 3434 6181 5098 6180 5099 6182 5098 6180 3664 4556 5099 6182 5067 6129 3436 6128 5099 6182 3436 6128 3435 6183 3670 4562 4964 5949 3516 4408 3670 4562 3516 4408 3515 4407 3670 4562 3515 4407 5100 6184 3670 4562 5100 6184 3671 4563 5101 6185 4922 6186 3348 5950 5101 6185 3348 5950 4964 5949 5101 6185 4964 5949 3670 4562 5101 6185 3670 4562 5102 6187 5101 6185 5102 6187 3469 6188 5101 6185 3469 6188 4922 6186 5103 6189 3470 6190 3469 6188 5103 6189 3469 6188 5102 6187 5103 6189 5102 6187 3670 4562 5103 6189 3674 4566 5073 6139 5103 6189 5073 6139 3471 6138 5103 6189 3471 6138 3470 6190 5104 6191 3523 4415 3522 4414 5104 6191 3522 4414 5105 6192 5104 6191 5105 6192 3677 4569 5104 6191 3677 4569 3676 4568 5106 6193 4720 6194 3375 5960 5106 6193 3375 5960 4969 5959 5106 6193 4969 5959 3523 4415 5106 6193 3523 4415 5104 6191 5106 6193 5104 6191 3676 4568 5106 6193 3676 4568 5107 6195 5106 6193 5107 6195 3216 6196 5106 6193 3216 6196 4720 6194 5108 6197 3217 6198 3216 6196 5108 6197 3216 6196 5107 6195 5108 6197 5107 6195 3676 4568 5108 6197 3676 4568 3675 4567 5108 6197 3675 4567 3680 4572 5108 6197 3680 4572 5079 6149 5108 6197 5079 6149 3218 6148 5108 6197 3218 6148 3217 6198 5109 6199 3932 4824 3931 4823 5109 6199 3931 4823 3930 4822 5109 6199 3930 4822 5110 6200 5109 6199 5110 6200 3684 4576 5109 6199 3684 4576 3683 4575 5111 6201 5112 6202 3840 6203 5111 6201 3840 6203 3932 4824 5111 6201 3932 4824 5109 6199 5111 6201 5109 6199 3683 4575 5111 6201 3796 6204 5112 6202 3682 4574 3797 6205 3796 6204 3682 4574 3796 6204 5111 6201 3682 4574 5111 6201 3683 4575 3682 4574 5113 6206 3798 6207 3682 4574 3798 6207 3797 6205 5114 6208 5117 6213 3731 4623 5114 6208 3731 4623 3730 4622 5114 6208 3730 4622 5115 6209 5114 6208 5115 6209 3691 4583 5114 6208 3691 4583 3690 4582 5114 6208 3690 4582 3689 4581 5116 6210 5050 6211 3649 6212 5116 6210 3649 6212 5117 6213 5116 6210 5117 6213 5114 6208 5116 6210 5114 6208 3689 4581 5116 6210 3689 4581 3612 6214 5116 6210 3612 6214 5050 6211 5118 6215 3613 6216 3612 6214 5118 6215 3612 6214 3689 4581 5118 6215 3689 4581 3688 4580 5118 6215 3688 4580 3694 4586 5118 6215 3694 4586 5119 6217 5118 6215 5119 6217 3614 6218 5118 6215 3614 6218 3613 6216 5120 6219 3737 4629 3736 4628 5120 6219 3736 4628 5121 6220 5120 6219 5121 6220 3697 4589 5120 6219 3697 4589 3696 4588 5122 6221 5054 6222 3655 6223 5122 6221 3655 6223 5123 6224 5122 6221 5123 6224 3737 4629 5122 6221 3737 4629 5120 6219 5122 6221 5120 6219 3696 4588 5122 6221 3696 4588 5124 6225 5122 6221 5124 6225 3619 6226 5122 6221 3619 6226 5054 6222 5125 6227 3620 6228 3619 6226 5125 6227 3619 6226 5124 6225 5125 6227 5124 6225 3696 4588 5125 6227 3696 4588 3695 4587 5125 6227 3695 4587 3701 4593 5125 6227 3701 4593 5126 6229 5125 6227 5126 6229 3621 6230 5125 6227 3621 6230 3620 6228 3703 4595 3743 4635 3742 4634 3703 4595 3742 4634 5127 6231 3703 4595 5127 6231 3704 4596 5128 6232 5059 6233 3661 6234 5128 6232 3661 6234 5129 6235 5128 6232 5129 6235 3743 4635 5128 6232 3743 4635 3703 4595 5128 6232 3625 6236 5059 6233 5130 6237 3626 6238 3625 6236 5130 6237 3625 6236 5128 6232 5130 6237 5128 6232 3702 4594 5130 6237 3702 4594 3707 4599 5130 6237 3707 4599 5131 6239 5130 6237 5131 6239 3627 6240 5130 6237 3627 6240 3626 6238 5132 6241 3749 4641 3748 4640 5132 6241 3748 4640 5133 6242 5132 6241 5133 6242 3710 4602 5132 6241 3710 4602 3709 4601 5134 6243 5065 6244 3667 6245 5134 6243 3667 6245 5135 6246 5134 6243 5135 6246 3749 4641 5134 6243 3749 4641 5132 6241 5134 6243 5132 6241 3709 4601 5134 6243 3709 4601 5136 6247 5134 6243 5136 6247 3630 6248 5134 6243 3630 6248 5065 6244 5137 6249 3631 6250 3630 6248 5137 6249 3630 6248 5136 6247 5137 6249 5136 6247 3709 4601 5137 6249 5138 6251 3632 6252 5137 6249 3632 6252 3631 6250 5139 6253 5140 6254 3755 4647 5139 6253 3755 4647 3754 4646 5139 6253 3754 4646 5141 6255 5139 6253 5141 6255 3716 4608 5139 6253 3716 4608 3715 4607 5139 6253 3715 4607 5140 6254 5140 6254 5071 6256 3673 6257 5140 6254 3673 6257 5142 6258 5140 6254 5142 6258 3755 4647 5140 6254 3715 4607 5143 6259 5140 6254 5143 6259 3636 6260 5140 6254 3636 6260 5071 6256 5144 6261 3637 6262 3636 6260 5144 6261 3636 6260 5143 6259 5144 6261 5143 6259 3715 4607 5144 6261 3715 4607 3714 4606 5144 6261 3714 4606 3719 4611 5144 6261 3719 4611 5145 6263 5144 6261 5145 6263 3638 6264 5144 6261 3638 6264 3637 6262 5146 6265 3760 4652 3759 4651 5146 6265 3759 4651 5147 6266 5146 6265 5147 6266 3722 4614 5146 6265 3722 4614 3721 4613 5148 6267 5077 6268 3679 6269 5148 6267 3679 6269 5149 6270 5148 6267 5149 6270 3760 4652 5148 6267 3760 4652 5146 6265 5148 6267 5146 6265 3721 4613 5148 6267 3721 4613 5150 6271 5148 6267 5150 6271 3643 6272 5148 6267 3643 6272 5077 6268 5151 6273 3644 6274 3643 6272 5151 6273 3643 6272 5150 6271 5151 6273 5150 6271 3721 4613 5151 6273 3721 4613 3720 4612 5151 6273 3720 4612 3725 4617 5151 6273 3725 4617 4936 5899 5151 6273 4936 5899 3645 5898 5151 6273 3645 5898 3644 6274 5152 6275 5155 6282 3766 6276 5152 6275 3766 6276 3765 6277 5152 6275 3765 6277 5153 6278 5152 6275 5153 6278 3728 4620 5152 6275 3728 4620 3727 4619 5154 6279 5083 6280 3211 6281 5154 6279 3211 6281 5155 6282 5154 6279 5155 6282 5152 6275 5154 6279 5152 6275 3727 4619 5154 6279 3727 4619 5156 6283 5154 6279 5156 6283 3647 6284 5154 6279 3647 6284 5083 6280 5157 6285 3648 6286 3647 6284 5157 6285 3647 6284 5156 6283 5157 6285 5156 6283 3727 4619 5157 6285 5117 6213 3649 6212 5157 6285 3649 6212 3648 6286 5158 6287 5159 6288 5161 6292 5158 6287 5161 6292 3772 4664 5158 6287 3772 4664 3771 4663 5158 6287 3771 4663 5160 6289 5158 6287 5160 6289 3734 4626 5158 6287 3734 4626 3733 4625 5158 6287 3733 4625 5159 6288 5159 6288 5086 6290 3495 6291 5159 6288 3495 6291 5161 6292 5159 6288 3733 4625 5162 6293 5159 6288 5162 6293 3653 6294 5159 6288 3653 6294 5086 6290 5163 6295 3654 6296 3653 6294 5163 6295 3653 6294 5162 6293 5163 6295 5162 6293 3733 4625 5163 6295 3737 4629 5123 6224 5163 6295 5123 6224 3655 6223 5163 6295 3655 6223 3654 6296 5164 6297 5165 6298 3780 4672 5164 6297 3780 4672 3779 4671 5164 6297 3779 4671 3778 4670 5164 6297 3778 4670 5166 6299 5164 6297 5166 6299 3740 4632 5164 6297 3740 4632 3739 4631 5164 6297 3739 4631 5167 6302 5164 6297 5167 6302 5165 6298 5165 6298 5091 6300 3502 6301 5165 6298 3502 6301 3780 4672 5165 6298 5167 6302 3659 6303 5165 6298 3659 6303 5091 6300 5168 6304 3660 6305 3659 6303 5168 6304 3659 6303 5167 6302 5168 6304 5167 6302 3738 4630 5168 6304 3738 4630 3743 4635 5168 6304 3743 4635 5129 6235 5168 6304 5129 6235 3661 6234 5168 6304 3661 6234 3660 6305 5169 6306 5171 6310 3786 6307 5169 6306 3786 6307 3785 6308 5169 6306 3785 6308 5170 6309 5169 6306 5170 6309 3746 4638 5169 6306 3746 4638 3745 4637 5169 6306 3745 4637 5171 6310 5171 6310 5096 6311 3508 6312 5171 6310 3508 6312 5172 6313 5171 6310 5172 6313 3786 6307 5171 6310 3745 4637 5173 6314 5171 6310 5173 6314 3665 6315 5171 6310 3665 6315 5096 6311 5174 6316 3666 6317 3665 6315 5174 6316 3665 6315 5173 6314 5174 6316 5173 6314 3745 4637 5174 6316 3749 4641 5135 6246 5174 6316 5135 6246 3667 6245 5174 6316 3667 6245 3666 6317 5175 6318 5176 6319 5178 6323 5175 6318 5178 6323 3792 4684 5175 6318 3792 4684 3791 4683 5175 6318 3791 4683 5177 6320 5175 6318 5177 6320 3752 4644 5175 6318 3752 4644 3751 4643 5175 6318 3751 4643 5176 6319 5176 6319 5100 6321 3515 6322 5176 6319 3515 6322 5178 6323 5176 6319 3751 4643 5179 6324 5176 6319 5179 6324 3671 6325 5176 6319 3671 6325 5100 6321 5180 6326 3672 6327 3671 6325 5180 6326 3671 6325 5179 6324 5180 6326 5179 6324 3751 4643 5180 6326 3751 4643 3750 4642 5180 6326 3750 4642 3755 4647 5180 6326 3755 4647 5142 6258 5180 6326 5142 6258 3673 6257 5180 6326 3673 6257 3672 6327 5181 6328 3799 4691 3798 4690 5181 6328 3798 4690 5182 6329 5181 6328 5182 6329 3757 4649 5181 6328 3757 4649 3756 4648 5181 6328 3756 4648 5185 6335 5183 6330 5105 6331 3522 6332 5183 6330 3522 6332 5184 6333 5183 6330 5184 6333 3799 4691 5183 6330 3799 4691 5181 6328 5183 6330 5181 6328 5185 6335 5183 6330 5185 6335 3677 6334 5183 6330 3677 6334 5105 6331 5185 6335 3678 6336 3677 6334 5185 6335 3756 4648 3760 4652 5185 6335 3760 4652 5149 6270 5185 6335 5149 6270 3679 6269 5185 6335 3679 6269 3678 6336 5186 6337 5187 6338 3805 6339 5186 6337 3805 6339 3804 6340 5186 6337 3804 6340 5188 6341 5186 6337 5188 6341 3763 6342 5186 6337 3763 6342 3762 6343 5186 6337 3762 6343 5187 6338 5187 6338 4712 6344 3528 6345 5187 6338 3528 6345 5189 6346 5187 6338 5189 6346 3805 6339 5187 6338 3762 6343 5190 6347 5187 6338 5190 6347 3209 6348 5187 6338 3209 6348 4712 6344 5191 6349 3210 6350 3209 6351 5191 6349 3209 6351 5190 6352 5191 6349 5190 6352 3762 4654 5191 6349 5155 6353 3211 6354 5191 6349 3211 6354 3210 6350 5192 6355 3811 4703 3810 4702 5192 6355 3810 4702 5193 6356 5192 6355 5193 6356 3769 4661 5192 6355 3769 4661 3768 4660 5194 6357 4941 6358 3534 6359 5194 6357 3534 6359 5195 6360 5194 6357 5195 6360 3811 4703 5194 6357 3811 4703 5192 6355 5194 6357 5192 6355 3768 4660 5194 6357 3768 4660 5196 6361 5194 6357 5196 6361 3493 6362 5194 6357 3493 6362 4941 6358 5197 6363 3494 6364 3493 6362 5197 6363 3493 6362 5196 6361 5197 6363 5196 6361 3768 4660 5197 6363 3768 4660 3767 4659 5197 6363 3767 4659 5161 6292 5197 6363 5161 6292 3495 6291 5197 6363 3495 6291 3494 6364 5198 6365 3817 4709 3816 4708 5198 6365 3816 4708 5199 6366 5198 6365 5199 6366 3776 4668 5198 6365 3776 4668 3775 4667 5198 6365 3775 4667 3774 4666 5200 6367 4947 6368 3539 6369 5200 6367 3539 6369 5201 6370 5200 6367 5201 6370 3817 4709 5200 6367 3817 4709 5198 6365 5200 6367 5198 6365 3774 4666 5200 6367 3774 4666 3500 6371 5200 6367 3500 6371 4947 6368 5202 6372 3501 6373 3500 6371 5202 6372 3500 6371 3774 4666 5202 6372 3774 4666 3773 4665 5202 6372 3773 4665 3780 4672 5202 6372 3780 4672 3502 6301 5202 6372 3502 6301 3501 6373 5203 6374 5205 6376 3823 4715 5203 6374 3823 4715 3822 4714 5203 6374 3822 4714 5204 6375 5203 6374 5204 6375 3783 4675 5203 6374 3783 4675 3782 4674 5203 6374 3782 4674 5205 6376 5205 6376 4952 6377 3544 6378 5205 6376 3544 6378 5206 6379 5205 6376 5206 6379 3823 4715 5205 6376 3782 4674 5207 6380 5205 6376 5207 6380 3506 6381 5205 6376 3506 6381 4952 6377 5208 6382 3507 6383 3506 6381 5208 6382 3506 6381 5207 6380 5208 6382 5207 6380 3782 4674 5208 6382 3782 4674 3781 4673 5208 6382 3781 4673 3786 4678 5208 6382 3786 4678 5172 6384 5208 6382 5172 6384 3508 6385 5208 6382 3508 6385 3507 6383 5209 6386 3835 4727 3834 4726 5209 6386 3834 4726 5210 6387 5209 6386 5210 6387 3789 4681 5209 6386 3789 4681 3788 4680 5211 6388 4959 6389 3558 6390 5211 6388 3558 6390 5212 6391 5211 6388 5212 6391 3835 4727 5211 6388 3835 4727 5209 6386 5211 6388 5209 6386 3788 4680 5211 6388 3788 4680 5213 6392 5211 6388 5213 6392 3513 6393 5211 6388 3513 6393 4959 6389 5214 6394 3514 6395 3513 6393 5214 6394 3513 6393 5213 6392 5214 6394 5213 6392 3788 4680 5214 6394 3788 4680 3787 4679 5214 6394 3787 4679 5178 6323 5214 6394 5178 6323 3515 6322 5214 6394 3515 6322 3514 6395 5215 6396 3841 4733 3840 4732 5215 6396 3840 4732 5112 6397 5215 6396 5112 6397 3796 4688 5215 6396 3796 4688 3795 4687 5215 6396 3795 4687 3794 4686 5216 6398 4966 6399 3562 6400 5216 6398 3562 6400 5217 6401 5216 6398 5217 6401 3841 4733 5216 6398 3841 4733 5215 6396 5216 6398 5215 6396 3794 4686 5216 6398 3794 4686 3520 6402 5216 6398 3520 6402 4966 6399 5218 6403 3521 6404 3520 6402 5218 6403 3520 6402 3794 4686 5218 6403 3794 4686 3793 4685 5218 6403 3793 4685 3799 4691 5218 6403 3799 4691 5184 6333 5218 6403 5184 6333 3522 6332 5218 6403 3522 6332 3521 6404 5219 6405 5221 6407 3847 4739 5219 6405 3847 4739 3846 4738 5219 6405 3846 4738 5220 6406 5219 6405 5220 6406 3802 4694 5219 6405 3802 4694 3801 4693 5219 6405 3801 4693 5221 6407 5221 6407 4971 6408 3567 6409 5221 6407 3567 6409 5222 6410 5221 6407 5222 6410 3847 4739 5221 6407 3801 4693 5223 6411 5221 6407 5223 6411 3526 6412 5221 6407 3526 6412 4971 6408 5224 6413 3527 6414 3526 6412 5224 6413 3526 6412 5223 6411 5224 6413 5223 6411 3801 4693 5224 6413 3801 4693 3800 4692 5224 6413 3800 4692 3805 4697 5224 6413 3805 4697 5189 6415 5224 6413 5189 6415 3528 6416 5224 6413 3528 6416 3527 6414 5225 6417 5227 6419 3853 4745 5225 6417 3853 4745 3852 4744 5225 6417 3852 4744 5226 6418 5225 6417 5226 6418 3808 4700 5225 6417 3808 4700 3807 4699 5225 6417 3807 4699 5227 6419 5227 6419 4978 6420 3573 6421 5227 6419 3573 6421 5228 6422 5227 6419 5228 6422 3853 4745 5227 6419 3807 4699 5229 6423 5227 6419 5229 6423 3532 6424 5227 6419 3532 6424 4978 6420 5230 6425 3533 6426 3532 6424 5230 6425 3532 6424 5229 6423 5230 6425 5229 6423 3807 4699 5230 6425 3807 4699 3806 4698 5230 6425 3806 4698 3811 4703 5230 6425 3811 4703 5195 6360 5230 6425 5195 6360 3534 6359 5230 6425 3534 6359 3533 6426 5231 6427 5234 6434 3859 6428 5231 6427 3859 6428 3858 6429 5231 6427 3858 6429 5232 6430 5231 6427 5232 6430 3814 4706 5231 6427 3814 4706 3813 4705 5231 6427 3813 4705 5235 6435 5233 6431 4983 6432 3579 6433 5233 6431 3579 6433 5234 6434 5233 6431 5234 6434 5231 6427 5233 6431 5231 6427 5235 6435 5233 6431 5235 6435 3537 6436 5233 6431 3537 6436 4983 6432 5236 6437 3538 6438 3537 6436 5236 6437 3537 6436 5235 6435 5236 6437 3817 4709 5201 6370 5236 6437 5201 6370 3539 6369 5236 6437 3539 6369 3538 6438 5237 6439 5238 6440 3865 4757 5237 6439 3865 4757 3864 4756 5237 6439 3864 4756 5239 6441 5237 6439 5239 6441 3820 4712 5237 6439 3820 4712 3819 4711 5237 6439 3819 4711 5238 6440 5238 6440 4989 6442 3586 6443 5238 6440 3586 6443 5240 6444 5238 6440 5240 6444 3865 4757 5238 6440 3819 4711 5241 6445 5238 6440 5241 6445 3542 6446 5238 6440 3542 6446 4989 6442 5242 6447 3543 6448 3542 6446 5242 6447 3542 6446 5241 6445 5242 6447 5241 6445 3819 4711 5242 6447 3823 4715 5206 6379 5242 6447 5206 6379 3544 6378 5242 6447 3544 6378 3543 6448 5243 6449 3873 4765 3872 4764 5243 6449 3872 4764 3871 4763 5243 6449 3871 4763 5244 6450 5243 6449 5244 6450 3826 4718 5243 6449 3826 4718 3824 4716 5243 6449 3824 4716 3825 4717 5245 6451 4995 6452 3593 6453 5245 6451 3593 6453 3873 4765 5245 6451 3873 4765 5243 6449 5245 6451 5243 6449 3825 4717 5245 6451 3825 4717 3549 6454 5245 6451 3549 6454 4995 6452 3825 4717 3550 6455 3549 6454 3825 4717 3824 4716 3829 4721 3825 4717 3829 4721 5246 6456 3825 4717 5246 6456 3551 6457 3825 4717 3551 6457 3550 6455 5247 6458 5249 6460 3829 4721 5247 6458 3829 4721 3828 4720 5247 6458 3828 4720 5248 6459 5247 6458 5248 6459 3832 4724 5247 6458 3832 4724 3831 4723 5247 6458 3831 4723 5249 6460 5249 6460 5002 6461 3551 6457 5249 6460 3551 6457 5246 6456 5249 6460 5246 6456 3829 4721 5249 6460 3831 4723 5250 6462 5249 6460 5250 6462 3556 6463 5249 6460 3556 6463 5002 6461 5251 6464 3557 6465 3556 6463 5251 6464 3556 6463 5250 6462 5251 6464 5250 6462 3831 4723 5251 6464 3831 4723 3830 4722 5251 6464 3830 4722 3835 4727 5251 6464 3835 4727 5212 6391 5251 6464 5212 6391 3558 6390 5251 6464 3558 6390 3557 6465 5252 6466 5255 6473 3879 6467 5252 6466 3879 6467 3878 6468 5252 6466 3878 6468 5253 6469 5252 6466 5253 6469 3838 4730 5252 6466 3838 4730 3837 4729 5252 6466 3837 4729 5256 6474 5254 6470 5006 6471 3600 6472 5254 6470 3600 6472 5255 6473 5254 6470 5255 6473 5252 6466 5254 6470 5252 6466 5256 6474 5254 6470 5256 6474 3560 6475 5254 6470 3560 6475 5006 6471 5257 6476 3561 6477 3560 6475 5257 6476 3560 6475 5256 6474 5257 6476 3841 4733 5217 6401 5257 6476 5217 6401 3562 6400 5257 6476 3562 6400 3561 6477 5258 6478 5259 6479 3488 4380 5258 6478 3488 4380 3487 4379 5258 6478 3487 4379 5260 6480 5258 6478 5260 6480 3844 4736 5258 6478 3844 4736 3843 4735 5258 6478 3843 4735 5259 6479 5259 6479 5011 6481 3607 5905 5259 6479 3607 5905 4939 5904 5259 6479 4939 5904 3488 4380 5259 6479 3843 4735 5261 6482 5259 6479 5261 6482 3565 6483 5259 6479 3565 6483 5011 6481 5262 6484 3566 6485 3565 6483 5262 6484 3565 6483 5261 6482 5262 6484 5261 6482 3843 4735 5262 6484 3847 4739 5222 6410 5262 6484 5222 6410 3567 6409 5262 6484 3567 6409 3566 6485 5263 6486 3694 4586 3693 4585 5263 6486 3693 4585 5264 6487 5263 6486 5264 6487 3850 4742 5263 6486 3850 4742 3848 4740 5263 6486 3848 4740 3849 4741 5265 6488 5017 6489 3614 6218 5265 6488 3614 6218 5119 6217 5265 6488 5119 6217 3694 4586 5265 6488 3694 4586 5263 6486 5265 6488 5263 6486 3849 4741 5265 6488 3849 4741 3571 6490 5265 6488 3571 6490 5017 6489 3849 4741 3572 6491 3571 6490 3849 4741 3848 4740 3853 4745 3849 4741 3853 4745 5228 6422 3849 4741 5228 6422 3573 6421 3849 4741 3573 6421 3572 6491 5266 6492 5267 6493 3701 6494 5266 6492 3701 6494 3700 6495 5266 6492 3700 6495 3699 6496 5266 6492 3699 6496 5268 6497 5266 6492 5268 6497 3856 4748 5266 6492 3856 4748 3855 4747 5266 6492 3855 4747 5269 6501 5266 6492 5269 6501 5267 6493 5267 6493 5023 6498 3621 6499 5267 6493 3621 6499 5126 6500 5267 6493 5126 6500 3701 6494 5267 6493 5269 6501 3577 6502 5267 6493 3577 6502 5023 6498 5270 6503 3578 6504 3577 6505 5270 6503 3577 6505 5269 6506 5270 6503 5234 6507 3579 6508 5270 6503 3579 6508 3578 6504 5271 6509 5273 6511 3707 4599 5271 6509 3707 4599 3706 4598 5271 6509 3706 4598 5272 6510 5271 6509 5272 6510 3862 4754 5271 6509 3862 4754 3861 4753 5271 6509 3861 4753 5273 6511 5273 6511 5029 6512 3627 6240 5273 6511 3627 6240 5131 6239 5273 6511 5131 6239 3707 4599 5273 6511 3861 4753 5274 6513 5273 6511 5274 6513 3584 6514 5273 6511 3584 6514 5029 6512 5275 6515 3585 6516 3584 6514 5275 6515 3584 6514 5274 6513 5275 6515 5274 6513 3861 4753 5275 6515 3861 4753 3860 4752 5275 6515 3860 4752 3865 4757 5275 6515 3865 4757 5240 6444 5275 6515 5240 6444 3586 6443 5275 6515 3586 6443 3585 6516 5276 6517 5138 6251 3713 4605 5276 6517 3713 4605 3712 4604 5276 6517 3712 4604 5277 6518 5276 6517 5277 6518 3869 4761 5276 6517 3869 4761 3868 4760 5276 6517 3868 4760 3867 4759 5278 6519 5036 6520 3632 6252 5278 6519 3632 6252 5138 6251 5278 6519 5138 6251 5276 6517 5278 6519 5276 6517 3867 4759 5278 6519 3867 4759 3591 6521 5278 6519 3591 6521 5036 6520 5279 6522 3592 6523 3591 6521 5279 6522 3591 6521 3867 4759 5279 6522 3867 4759 3866 4758 5279 6522 3866 4758 3873 4765 5279 6522 3873 4765 3593 6453 5279 6522 3593 6453 3592 6523 5280 6524 5281 6525 3719 4611 5280 6524 3719 4611 3718 4610 5280 6524 3718 4610 5282 6526 5280 6524 5282 6526 3876 4768 5280 6524 3876 4768 3875 4767 5280 6524 3875 4767 5283 6528 5280 6524 5283 6528 5281 6525 5281 6525 5040 6527 3638 6264 5281 6525 3638 6264 5145 6263 5281 6525 5145 6263 3719 4611 5281 6525 5283 6528 3598 6529 5281 6525 3598 6529 5040 6527 5284 6530 3599 6531 3598 6529 5284 6530 3598 6529 5283 6528 5284 6530 5255 6532 3600 6533 5284 6530 3600 6533 3599 6531 5285 6534 4134 5026 4133 5025 5285 6534 4133 5025 5286 6535 5285 6534 5286 6535 3882 4774 5285 6534 3882 4774 3881 4773 5287 6536 5288 6537 4050 6538 5287 6536 4050 6538 5289 6539 5287 6536 5289 6539 4134 5026 5287 6536 4134 5026 5285 6534 5287 6536 5285 6534 3881 4773 5287 6536 3881 4773 5290 6540 5287 6536 5290 6540 4008 6541 5287 6536 4008 6541 5288 6537 5291 6542 4009 6543 4008 6541 5291 6542 4008 6541 5290 6540 5291 6542 5290 6540 3881 4773 5291 6542 3881 4773 3880 4772 5291 6542 3880 4772 3885 4777 5291 6542 3885 4777 5292 6544 5291 6542 5292 6544 4010 6545 5291 6542 4010 6545 4009 6543 5293 6546 3939 4831 3938 4830 5293 6546 3938 4830 5294 6547 5293 6546 5294 6547 3888 4780 5293 6546 3888 4780 3887 4779 5293 6546 3887 4779 5295 6548 5293 6546 5295 6548 3939 4831 5295 6548 5220 6549 3846 6550 5295 6548 3846 6550 5296 6551 5295 6548 5296 6551 3939 4831 5295 6548 3802 6552 5220 6549 5297 6553 3803 6554 3802 6552 5297 6553 3802 6552 5295 6548 5297 6553 5295 6548 3891 4783 5297 6553 3891 4783 5298 6555 5297 6553 5298 6555 3804 6556 5297 6553 3804 6556 3803 6554 5299 6557 5302 6562 3946 4838 5299 6557 3946 4838 3945 4837 5299 6557 3945 4837 5300 6558 5299 6557 5300 6558 3894 4786 5299 6557 3894 4786 3893 4785 5299 6557 3893 4785 5302 6562 5301 6559 5226 6560 3852 6561 5301 6559 3852 6561 5302 6562 5301 6559 5302 6562 3893 4785 5301 6559 3893 4785 5303 6563 5301 6559 5303 6563 3808 6564 5301 6559 3808 6564 5226 6560 5304 6565 3809 6566 3808 6564 5304 6565 3808 6564 5303 6563 5304 6565 5303 6563 3893 4785 5304 6565 3893 4785 3892 4784 5304 6565 3892 4784 3898 4790 5304 6565 3898 4790 3810 6567 5304 6565 3810 6567 3809 6566 5305 6568 3900 4792 3948 4840 5305 6568 3948 4840 3953 4845 5305 6568 3953 4845 3952 4844 5305 6568 3952 4844 5306 6569 5305 6568 5306 6569 3901 4793 5305 6568 3901 4793 3900 4792 5307 6570 5232 6571 3858 6572 5307 6570 3858 6572 5308 6573 5307 6570 5308 6573 3948 4840 5307 6570 3948 4840 3900 4792 5307 6570 3814 6574 5232 6571 5309 6575 3815 6576 3814 6574 5309 6575 3814 6574 5307 6570 5309 6575 5307 6570 3900 4792 5309 6575 3900 4792 3905 4797 5309 6575 3905 4797 3816 6577 5309 6575 3816 6577 3815 6576 5310 6578 3907 4799 3960 4852 5310 6578 3960 4852 3959 4851 5310 6578 3959 4851 3958 4850 5310 6578 3958 4850 5311 6579 5310 6578 5311 6579 3908 4800 5310 6578 3908 4800 3907 4799 5312 6580 5239 6581 3864 6582 5312 6580 3864 6582 3960 4852 5312 6580 3960 4852 3907 4799 5312 6580 3907 4799 5313 6583 5312 6580 5313 6583 3820 6584 5312 6580 3820 6584 5239 6581 5313 6583 3821 6585 3820 6584 5313 6583 3907 4799 3912 4804 5313 6583 3912 4804 5314 6586 5313 6583 5314 6586 3822 6587 5313 6583 3822 6587 3821 6585 5315 6588 5318 6593 3966 4858 5315 6588 3966 4858 3965 4857 5315 6588 3965 4857 5316 6589 5315 6588 5316 6589 3916 4808 5315 6588 3916 4808 3915 4807 5317 6590 5244 6591 3871 6592 5317 6590 3871 6592 5318 6593 5317 6590 5318 6593 5315 6588 5317 6590 5315 6588 3915 4807 5317 6590 3915 4807 5319 6594 5317 6590 5319 6594 3826 6595 5317 6590 3826 6595 5244 6591 5320 6596 3827 6597 3826 6595 5320 6596 3826 6595 5319 6594 5320 6596 5319 6594 3915 4807 5320 6596 3915 4807 3914 4806 5320 6596 3914 4806 3828 6598 5320 6596 3828 6598 3827 6597 5321 6599 3914 4806 3919 4811 5321 6599 3919 4811 3918 4810 5321 6599 3918 4810 5322 6600 5321 6599 5322 6600 3922 4814 5321 6599 3922 4814 3921 4813 5323 6601 5248 6602 3828 6598 5323 6601 3828 6598 3914 4806 5323 6601 3914 4806 5321 6599 5323 6601 5321 6599 3921 4813 5323 6601 3921 4813 5324 6603 5323 6601 5324 6603 3832 6604 5323 6601 3832 6604 5248 6602 5325 6605 3833 6606 3832 6604 5325 6605 3832 6604 5324 6603 5325 6605 5324 6603 3921 4813 5325 6605 3921 4813 3920 4812 5325 6605 3920 4812 5326 6607 5325 6605 5326 6607 3834 6608 5325 6605 3834 6608 3833 6606 5327 6609 3927 4819 3968 4860 5327 6609 3968 4860 3973 4865 5327 6609 3973 4865 3972 4864 5327 6609 3972 4864 5328 6610 5327 6609 5328 6610 3928 4820 5327 6609 3928 4820 3927 4819 5329 6611 5253 6612 3878 6613 5329 6611 3878 6613 5330 6614 5329 6611 5330 6614 3968 4860 5329 6611 3968 4860 3927 4819 5329 6611 3927 4819 5331 6615 5329 6611 5331 6615 3838 6616 5329 6611 3838 6616 5253 6612 5331 6615 3839 6617 3838 6616 5331 6615 3927 4819 3932 4824 5331 6615 3932 4824 3840 6203 5331 6615 3840 6203 3839 6617 5332 6618 3979 4871 3978 4870 5332 6618 3978 4870 5333 6619 5332 6618 5333 6619 3936 4828 5332 6618 3936 4828 3935 4827 5332 6618 3935 4827 3934 4826 5332 6618 3934 4826 3979 4871 5334 6620 5260 6621 3487 6622 5334 6620 3487 6622 5335 6623 5334 6620 5335 6623 3979 4871 5334 6620 3979 4871 3934 4826 5334 6620 3934 4826 3844 6624 5334 6620 3844 6624 5260 6621 3934 4826 3845 6625 3844 6624 3934 4826 3939 4831 5296 6551 3934 4826 5296 6551 3846 6550 3934 4826 3846 6550 3845 6625 5336 6626 3986 4878 3985 4877 5336 6626 3985 4877 3984 4876 5336 6626 3984 4876 5337 6627 5336 6626 5337 6627 3943 4835 5336 6626 3943 4835 3942 4834 5336 6626 3942 4834 3941 4833 5338 6628 5264 6629 3693 6630 5338 6628 3693 6630 3986 4878 5338 6628 3986 4878 5336 6626 5338 6628 5336 6626 3941 4833 5338 6628 3941 4833 3850 6631 5338 6628 3850 6631 5264 6629 3941 4833 3851 6632 3850 6631 3941 4833 5302 6562 3852 6561 3941 4833 3852 6561 3851 6632 5339 6633 5340 6634 3992 4884 5339 6633 3992 4884 3991 4883 5339 6633 3991 4883 5341 6635 5339 6633 5341 6635 3950 4842 5339 6633 3950 4842 3949 4841 5339 6633 3949 4841 5340 6634 5340 6634 5268 6636 3699 6637 5340 6634 3699 6637 5342 6638 5340 6634 5342 6638 3992 4884 5340 6634 3856 6639 5268 6636 5343 6640 3857 6641 3856 6639 5343 6640 3856 6639 5340 6634 5343 6640 5340 6634 3948 4840 5343 6640 3948 4840 5308 6573 5343 6640 5308 6573 3858 6572 5343 6640 3858 6572 3857 6641 5344 6642 5347 6647 3998 4890 5344 6642 3998 4890 3997 4889 5344 6642 3997 4889 5345 6643 5344 6642 5345 6643 3956 4848 5344 6642 3956 4848 3955 4847 5346 6644 5272 6645 3706 6646 5346 6644 3706 6646 5347 6647 5346 6644 5347 6647 5344 6642 5346 6644 5344 6642 3955 4847 5346 6644 3862 6648 5272 6645 5348 6649 3863 6650 3862 6648 5348 6649 3862 6648 5346 6644 5348 6649 5346 6644 3955 4847 5348 6649 3955 4847 3960 4852 5348 6649 3960 4852 3864 6582 5348 6649 3864 6582 3863 6650 5349 6651 4000 4892 4005 4897 5349 6651 4005 4897 5350 6652 5349 6651 5350 6652 3963 4855 5349 6651 3963 4855 3962 4854 5351 6653 5277 6654 3712 6655 5351 6653 3712 6655 5352 6656 5351 6653 5352 6656 4000 4892 5351 6653 4000 4892 5349 6651 5351 6653 5349 6651 3962 4854 5351 6653 3869 6657 5277 6654 5353 6658 3870 6659 3869 6657 5353 6658 3869 6657 5351 6653 5353 6658 5351 6653 3962 4854 5353 6658 3962 4854 3961 4853 5353 6658 3961 4853 5318 6593 5353 6658 5318 6593 3871 6592 5353 6658 3871 6592 3870 6659 5354 6660 5355 6661 4011 4903 5354 6660 4011 4903 4010 4902 5354 6660 4010 4902 5356 6662 5354 6660 5356 6662 3970 4862 5354 6660 3970 4862 3969 4861 5354 6660 3969 4861 3968 4860 5354 6660 3968 4860 5355 6661 5355 6661 5282 6663 3718 6664 5355 6661 3718 6664 5357 6665 5355 6661 5357 6665 4011 4903 5355 6661 3968 4860 5358 6666 5355 6661 5358 6666 3876 6667 5355 6661 3876 6667 5282 6663 5359 6668 3877 6669 3876 6667 5359 6668 3876 6667 5358 6666 5359 6668 5358 6666 3968 4860 5359 6668 3968 4860 5330 6614 5359 6668 5330 6614 3878 6613 5359 6668 3878 6613 3877 6669 5360 6670 5363 6675 4017 4909 5360 6670 4017 4909 4016 4908 5360 6670 4016 4908 5361 6671 5360 6670 5361 6671 3976 4868 5360 6670 3976 4868 3975 4867 5360 6670 3975 4867 5362 6672 5362 6672 4933 6673 3724 6674 5362 6672 3724 6674 5363 6675 5362 6672 5363 6675 5360 6670 5362 6672 3485 6676 4933 6673 5364 6677 3486 6678 3485 6676 5364 6677 3485 6676 5362 6672 5364 6677 5362 6672 3979 4871 5364 6677 3979 4871 5335 6623 5364 6677 5335 6623 3487 6622 5364 6677 3487 6622 3486 6678 5365 6679 4019 4911 4024 4916 5365 6679 4024 4916 5366 6680 5365 6679 5366 6680 3982 4874 5365 6679 3982 4874 3981 4873 5367 6681 5115 6682 3730 6683 5367 6681 3730 6683 5368 6684 5367 6681 5368 6684 4019 4911 5367 6681 4019 4911 5365 6679 5367 6681 5365 6679 3981 4873 5367 6681 3691 6685 5115 6682 5369 6686 3692 6687 3691 6685 5369 6686 3691 6685 5367 6681 5369 6686 5367 6681 3981 4873 5369 6686 3981 4873 3980 4872 5369 6686 3980 4872 3986 4878 5369 6686 3986 4878 3693 6630 5369 6686 3693 6630 3692 6687 5370 6688 5372 6690 4031 4923 5370 6688 4031 4923 4030 4922 5370 6688 4030 4922 5371 6689 5370 6688 5371 6689 3989 4881 5370 6688 3989 4881 3988 4880 5370 6688 3988 4880 5372 6690 5372 6690 5121 6691 3736 6692 5372 6690 3736 6692 5373 6693 5372 6690 5373 6693 4031 4923 5372 6690 3697 6694 5121 6691 5374 6695 3698 6696 3697 6694 5374 6695 3697 6694 5372 6690 5374 6695 5372 6690 3992 4884 5374 6695 3992 4884 5342 6638 5374 6695 5342 6638 3699 6637 5374 6695 3699 6637 3698 6696 5375 6697 4033 4925 4038 4930 5375 6697 4038 4930 4037 4929 5375 6697 4037 4929 5376 6698 5375 6697 5376 6698 3995 4887 5375 6697 3995 4887 3994 4886 5375 6697 3994 4886 4033 4925 5377 6699 5127 6700 3742 6701 5377 6699 3742 6701 4033 4925 5377 6699 4033 4925 3994 4886 5377 6699 3994 4886 5378 6702 5377 6699 5378 6702 3704 6703 5377 6699 3704 6703 5127 6700 5379 6704 3705 6705 3704 6703 5379 6704 3704 6703 5378 6702 5379 6704 5378 6702 3994 4886 5379 6704 3994 4886 3993 4885 5379 6704 3993 4885 5347 6647 5379 6704 5347 6647 3706 6646 5379 6704 3706 6646 3705 6705 5380 6706 4044 4936 4043 4935 5380 6706 4043 4935 5381 6707 5380 6706 5381 6707 4003 4895 5380 6706 4003 4895 4002 4894 5380 6706 4002 4894 4001 4893 4001 4893 5133 6708 3748 6709 4001 4893 3748 6709 5382 6710 4001 4893 5382 6710 4044 4936 4001 4893 4044 4936 5380 6706 4001 4893 3710 6711 5133 6708 5383 6712 3711 6713 3710 6711 5383 6712 3710 6711 4001 4893 5383 6712 4001 4893 4000 4892 5383 6712 4000 4892 5352 6656 5383 6712 5352 6656 3712 6655 5383 6712 3712 6655 3711 6713 5384 6714 4052 4944 4051 4943 5384 6714 4051 4943 4050 4942 5384 6714 4050 4942 5288 6715 5384 6714 5288 6715 4008 4900 5384 6714 4008 4900 4007 4899 5384 6714 4007 4899 5386 6719 5385 6716 5141 6717 3754 6718 5385 6716 3754 6718 4052 4944 5385 6716 4052 4944 5384 6714 5385 6716 5384 6714 5386 6719 5385 6716 5386 6719 3716 6720 5385 6716 3716 6720 5141 6717 5386 6719 3717 6721 3716 6720 5386 6719 4011 4903 5357 6665 5386 6719 5357 6665 3718 6664 5386 6719 3718 6664 3717 6721 5387 6722 4013 4905 5390 6727 5387 6722 5390 6727 4058 4950 5387 6722 4058 4950 4057 4949 5387 6722 4057 4949 5388 6723 5387 6722 5388 6723 4014 4906 5387 6722 4014 4906 4013 4905 5389 6724 5147 6725 3759 6726 5389 6724 3759 6726 5390 6727 5389 6724 5390 6727 4013 4905 5389 6724 4013 4905 5391 6728 5389 6724 5391 6728 3722 6729 5389 6724 3722 6729 5147 6725 5392 6730 3723 6731 3722 6729 5392 6730 3722 6729 5391 6728 5392 6730 5391 6728 4013 4905 5392 6730 4013 4905 5363 6675 5392 6730 5363 6675 3724 6674 5392 6730 3724 6674 3723 6731 5393 6732 4065 4957 4064 4956 5393 6732 4064 4956 4063 4955 5393 6732 4063 4955 5394 6733 5393 6732 5394 6733 4022 4914 5393 6732 4022 4914 4021 4913 5393 6732 4021 4913 4020 4912 4020 4912 5153 6734 3765 6735 4020 4912 3765 6735 4065 4957 4020 4912 4065 4957 5393 6732 4020 4912 3728 6736 5153 6734 5395 6737 3729 6738 3728 6736 5395 6737 3728 6736 4020 4912 5395 6737 4020 4912 4019 4911 5395 6737 4019 4911 5368 6684 5395 6737 5368 6684 3730 6683 5395 6737 3730 6683 3729 6738 5396 6739 4071 4963 4070 4962 5396 6739 4070 4962 5397 6740 5396 6739 5397 6740 4028 4920 5396 6739 4028 4920 4027 4919 5396 6739 4027 4919 4026 4918 5396 6739 4026 4918 4071 4963 5398 6741 5160 6742 3771 6743 5398 6741 3771 6743 5399 6744 5398 6741 5399 6744 4071 4963 5398 6741 4071 4963 4026 4918 5398 6741 4026 4918 3734 6745 5398 6741 3734 6745 5160 6742 4026 4918 3735 6746 3734 6745 4026 4918 4031 4923 5373 6693 4026 4918 5373 6693 3736 6692 4026 4918 3736 6692 3735 6746 5400 6747 5401 6748 5403 6752 5400 6747 5403 6752 4077 4969 5400 6747 4077 4969 4076 4968 5400 6747 4076 4968 5402 6749 5400 6747 5402 6749 4035 4927 5400 6747 4035 4927 4034 4926 5400 6747 4034 4926 5401 6748 5401 6748 5166 6750 3778 6751 5401 6748 3778 6751 5403 6752 5401 6748 4034 4926 5404 6753 5401 6748 5404 6753 3740 6754 5401 6748 3740 6754 5166 6750 5405 6755 3741 6756 3740 6754 5405 6755 3740 6754 5404 6753 5405 6755 5404 6753 4034 4926 5405 6755 4034 4926 4033 4925 5405 6755 4033 4925 3742 6701 5405 6755 3742 6701 3741 6756 5406 6757 5410 6763 4083 4975 5406 6757 4083 4975 4082 4974 5406 6757 4082 4974 5407 6758 5406 6757 5407 6758 4041 4933 5406 6757 4041 4933 4040 4932 5406 6757 4040 4932 5410 6763 5408 6759 5170 6760 3785 6761 5408 6759 3785 6761 5409 6762 5408 6759 5409 6762 4083 4975 5408 6759 4083 4975 5410 6763 5408 6759 5410 6763 3746 6764 5408 6759 3746 6764 5170 6760 5410 6763 3747 6765 3746 6764 5410 6763 4044 4936 5382 6710 5410 6763 5382 6710 3748 6709 5410 6763 3748 6709 3747 6765 5411 6766 4089 4981 4088 4980 5411 6766 4088 4980 5412 6767 5411 6766 5412 6767 4048 4940 5411 6766 4048 4940 4047 4939 5411 6766 4047 4939 4046 4938 5411 6766 4046 4938 4089 4981 5413 6768 5177 6769 3791 6770 5413 6768 3791 6770 5414 6771 5413 6768 5414 6771 4089 4981 5413 6768 4089 4981 4046 4938 5413 6768 4046 4938 3752 6772 5413 6768 3752 6772 5177 6769 4046 4938 3753 6773 3752 6772 4046 4938 4045 4937 4052 4944 4046 4938 4052 4944 3754 6718 4046 4938 3754 6718 3753 6773 5415 6774 5113 6206 3687 4579 5415 6774 3687 4579 3686 4578 5415 6774 3686 4578 5416 6775 5415 6774 5416 6775 4055 4947 5415 6774 4055 4947 4054 4946 5415 6774 4054 4946 5113 6206 5417 6776 5182 6777 3798 6207 5417 6776 3798 6207 5113 6206 5417 6776 5113 6206 4054 4946 5417 6776 4054 4946 5418 6778 5417 6776 5418 6778 3757 6779 5417 6776 3757 6779 5182 6777 5419 6780 3758 6781 3757 6779 5419 6780 3757 6779 5418 6778 5419 6780 5418 6778 4054 4946 5419 6780 5390 6727 3759 6726 5419 6780 3759 6726 3758 6781 5420 6782 5421 6783 3891 4783 5420 6782 3891 4783 3890 4782 5420 6782 3890 4782 5422 6784 5420 6782 5422 6784 4061 4953 5420 6782 4061 4953 4060 4952 5420 6782 4060 4952 5421 6783 5421 6783 5188 6785 3804 6556 5421 6783 3804 6556 5298 6555 5421 6783 5298 6555 3891 4783 5421 6783 4060 4952 5423 6786 5421 6783 5423 6786 3763 6787 5421 6783 3763 6787 5188 6785 5424 6788 3764 6789 3763 6787 5424 6788 3763 6787 5423 6786 5424 6788 5423 6786 4060 4952 5424 6788 4060 4952 4065 4957 5424 6788 4065 4957 3765 6735 5424 6788 3765 6735 3764 6789 5425 6790 3898 4790 3897 4789 5425 6790 3897 4789 3896 4788 5425 6790 3896 4788 5426 6791 5425 6790 5426 6791 4068 4960 5425 6790 4068 4960 4067 4959 5425 6790 4067 4959 5428 6795 5427 6792 5193 6793 3810 6567 5427 6792 3810 6567 3898 4790 5427 6792 3898 4790 5425 6790 5427 6792 5425 6790 5428 6795 5427 6792 5428 6795 3769 6794 5427 6792 3769 6794 5193 6793 5428 6795 3770 6796 3769 6794 5428 6795 4071 4963 5399 6744 5428 6795 5399 6744 3771 6743 5428 6795 3771 6743 3770 6796 5429 6797 3905 4797 3904 4796 5429 6797 3904 4796 3903 4795 5429 6797 3903 4795 5430 6798 5429 6797 5430 6798 4074 4966 5429 6797 4074 4966 4073 4965 5431 6799 5199 6800 3816 6577 5431 6799 3816 6577 3905 4797 5431 6799 3905 4797 5429 6797 5431 6799 5429 6797 4073 4965 5431 6799 3776 6801 5199 6800 5432 6802 3777 6803 3776 6801 5432 6802 3776 6801 5431 6799 5432 6802 5431 6799 4073 4965 5432 6802 4073 4965 4072 4964 5432 6802 4072 4964 5403 6752 5432 6802 5403 6752 3778 6751 5432 6802 3778 6751 3777 6803 5433 6804 3912 4804 3911 4803 5433 6804 3911 4803 3910 4802 5433 6804 3910 4802 5434 6805 5433 6804 5434 6805 4080 4972 5433 6804 4080 4972 4079 4971 5433 6804 4079 4971 5435 6806 5433 6804 5435 6806 3912 4804 5435 6806 5204 6807 3822 6587 5435 6806 3822 6587 5314 6586 5435 6806 5314 6586 3912 4804 5435 6806 3783 6808 5204 6807 5436 6809 3784 6810 3783 6808 5436 6809 3783 6808 5435 6806 5436 6809 5435 6806 4083 4975 5436 6809 4083 4975 5409 6762 5436 6809 5409 6762 3785 6761 5436 6809 3785 6761 3784 6810 5437 6811 5326 6607 3925 4817 5437 6811 3925 4817 3924 4816 5437 6811 3924 4816 5438 6812 5437 6811 5438 6812 4086 4978 5437 6811 4086 4978 4085 4977 5437 6811 4085 4977 5440 6816 5439 6813 5210 6814 3834 6608 5439 6813 3834 6608 5326 6607 5439 6813 5326 6607 5437 6811 5439 6813 5437 6811 5440 6816 5439 6813 5440 6816 3789 6815 5439 6813 3789 6815 5210 6814 5440 6816 3790 6817 3789 6815 5440 6816 4089 4981 5414 6771 5440 6816 5414 6771 3791 6770 5440 6816 3791 6770 3790 6817 5441 6818 5443 6820 5445 6823 5441 6818 5445 6823 4342 5234 5441 6818 4342 5234 4341 5233 5441 6818 4341 5233 5442 6819 5441 6818 5442 6819 4092 4984 5441 6818 4092 4984 4091 4983 5441 6818 4091 4983 5443 6820 5443 6820 5444 6821 4255 6822 5443 6820 4255 6822 5445 6823 5443 6820 4091 4983 5446 6824 5443 6820 5446 6824 4207 6825 5443 6820 4207 6825 5444 6821 5447 6826 4208 6827 4207 6825 5447 6826 4207 6825 5446 6824 5447 6826 5446 6824 4091 4983 5447 6826 4091 4983 4096 4988 5447 6826 4096 4988 4209 6828 5447 6826 4209 6828 4208 6827 5448 6829 4140 5032 4139 5031 5448 6829 4139 5031 5449 6830 5448 6829 5449 6830 4100 4992 5448 6829 4100 4992 4099 4991 5448 6829 4099 4991 4098 4990 5450 6831 5388 6832 4057 6833 5450 6831 4057 6833 5451 6834 5450 6831 5451 6834 4140 5032 5450 6831 4140 5032 5448 6829 5450 6831 5448 6829 4098 4990 5450 6831 4098 4990 4014 6835 5450 6831 4014 6835 5388 6832 5452 6836 4015 6837 4014 6835 5452 6836 4014 6835 4098 4990 5452 6836 5453 6838 4016 6839 5452 6836 4016 6839 4015 6837 4105 4997 4147 5039 4146 5038 4105 4997 4146 5038 5454 6840 4105 4997 5454 6840 4106 4998 5455 6841 5394 6842 4063 6843 5455 6841 4063 6843 5456 6844 5455 6841 5456 6844 4147 5039 5455 6841 4147 5039 4105 4997 5455 6841 4105 4997 5457 6846 5455 6841 5457 6846 4022 6845 5455 6841 4022 6845 5394 6842 5457 6846 4023 6847 4022 6845 5457 6846 4105 4997 4104 4996 5457 6846 4104 4996 4109 5001 5457 6846 4109 5001 5458 6848 5457 6846 5458 6848 4024 6849 5457 6846 4024 6849 4023 6847 5459 6850 5460 6851 4154 5046 5459 6850 4154 5046 4153 5045 5459 6850 4153 5045 4152 5044 5459 6850 4152 5044 5461 6852 5459 6850 5461 6852 4111 5003 5459 6850 4111 5003 4110 5002 5459 6850 4110 5002 5460 6851 5460 6851 5397 6853 4070 6854 5460 6851 4070 6854 4154 5046 5460 6851 5462 6855 4028 6856 5460 6851 4028 6856 5397 6853 5462 6855 4029 6857 4028 6856 5462 6855 5460 6851 4110 5002 5462 6855 4110 5002 4114 5006 5462 6855 4114 5006 5463 6858 5462 6855 5463 6858 4030 6859 5462 6855 4030 6859 4029 6857 5464 6860 5466 6862 4160 5052 5464 6860 4160 5052 4159 5051 5464 6860 4159 5051 5465 6861 5464 6860 5465 6861 4118 5010 5464 6860 4118 5010 4117 5009 5464 6860 4117 5009 4116 5008 5464 6860 4116 5008 5466 6862 5466 6862 5402 6863 4076 6864 5466 6862 4076 6864 5467 6865 5466 6862 5467 6865 4160 5052 5466 6862 4116 5008 4035 6866 5466 6862 4035 6866 5402 6863 5468 6867 4036 6868 4035 6866 5468 6867 4035 6866 4116 5008 5468 6867 4116 5008 4115 5007 5468 6867 4115 5007 4122 5014 5468 6867 4122 5014 4037 6869 5468 6867 4037 6869 4036 6868 5469 6870 5470 6871 4167 6872 5469 6870 4167 6872 4166 6873 5469 6870 4166 6873 5471 6874 5469 6870 5471 6874 4125 5017 5469 6870 4125 5017 4124 5016 5469 6870 4124 5016 5470 6871 5470 6871 5407 6875 4082 6876 5470 6871 4082 6876 5472 6877 5470 6871 5472 6877 4167 6872 5470 6871 4124 5016 5473 6878 5470 6871 5473 6878 4041 6879 5470 6871 4041 6879 5407 6875 5474 6880 4042 6881 4041 6879 5474 6880 4041 6879 5473 6878 5474 6880 5473 6878 4124 5016 5474 6880 4124 5016 4123 5015 5474 6880 4123 5015 4128 5020 5474 6880 4128 5020 5475 6882 5474 6880 5475 6882 4043 6883 5474 6880 4043 6883 4042 6881 5476 6884 5477 6885 4174 5066 5476 6884 4174 5066 4173 5065 5476 6884 4173 5065 4172 5064 5476 6884 4172 5064 5478 6886 5476 6884 5478 6886 4131 5023 5476 6884 4131 5023 4129 5021 5476 6884 4129 5021 4130 5022 5476 6884 4130 5022 5477 6885 5477 6885 5412 6887 4088 6888 5477 6885 4088 6888 4174 5066 5477 6885 4130 5022 4048 6889 5477 6885 4048 6889 5412 6887 4130 5022 4049 6890 4048 6889 4130 5022 4134 5026 5289 6539 4130 5022 5289 6539 4050 6538 4130 5022 4050 6538 4049 6890 5479 6891 5481 6893 4180 5072 5479 6891 4180 5072 4179 5071 5479 6891 4179 5071 5480 6892 5479 6891 5480 6892 4137 5029 5479 6891 4137 5029 4136 5028 5479 6891 4136 5028 5481 6893 5481 6893 5416 6894 3686 6895 5481 6893 3686 6895 5482 6896 5481 6893 5482 6896 4180 5072 5481 6893 4136 5028 5483 6897 5481 6893 5483 6897 4055 6898 5481 6893 4055 6898 5416 6894 5484 6899 4056 6900 4055 6898 5484 6899 4055 6898 5483 6897 5484 6899 5483 6897 4136 5028 5484 6899 4136 5028 4135 5027 5484 6899 4135 5027 4140 5032 5484 6899 4140 5032 5451 6834 5484 6899 5451 6834 4057 6833 5484 6899 4057 6833 4056 6900 5485 6901 5487 6905 4187 6902 5485 6901 4187 6902 4186 6903 5485 6901 4186 6903 5486 6904 5485 6901 5486 6904 4144 5036 5485 6901 4144 5036 4143 5035 5485 6901 4143 5035 5487 6905 5487 6905 5422 6906 3890 6907 5487 6905 3890 6907 5488 6908 5487 6905 5488 6908 4187 6902 5487 6905 4143 5035 5489 6909 5487 6905 5489 6909 4061 6910 5487 6905 4061 6910 5422 6906 4142 5034 4062 6911 4061 6910 4142 5034 4061 6910 5489 6909 4142 5034 5489 6909 4143 5035 4142 5034 4147 5039 5456 6844 4142 5034 5456 6844 4063 6843 4142 5034 4063 6843 4062 6911 5490 6912 5492 6914 4194 5086 5490 6912 4194 5086 4193 5085 5490 6912 4193 5085 5491 6913 5490 6912 5491 6913 4150 5042 5490 6912 4150 5042 4149 5041 5490 6912 4149 5041 5492 6914 5492 6914 5426 6915 3896 6916 5492 6914 3896 6916 5493 6917 5492 6914 5493 6917 4194 5086 5492 6914 4149 5041 5494 6918 5492 6914 5494 6918 4068 6919 5492 6914 4068 6919 5426 6915 5495 6920 4069 6921 4068 6919 5495 6920 4068 6919 5494 6918 5495 6920 5494 6918 4149 5041 5495 6920 4154 5046 4070 6854 5495 6920 4070 6854 4069 6921 5496 6922 5498 6924 4199 5091 5496 6922 4199 5091 4198 5090 5496 6922 4198 5090 5497 6923 5496 6922 5497 6923 4157 5049 5496 6922 4157 5049 4156 5048 5496 6922 4156 5048 5498 6924 5498 6924 5430 6925 3903 6926 5498 6924 3903 6926 5499 6927 5498 6924 5499 6927 4199 5091 5498 6924 4156 5048 5500 6928 5498 6924 5500 6928 4074 6929 5498 6924 4074 6929 5430 6925 5501 6930 4075 6931 4074 6929 5501 6930 4074 6929 5500 6928 5501 6930 5500 6928 4156 5048 5501 6930 4156 5048 4155 5047 5501 6930 4155 5047 4160 5052 5501 6930 4160 5052 5467 6865 5501 6930 5467 6865 4076 6864 5501 6930 4076 6864 4075 6931 5502 6932 5504 6934 5505 6937 5502 6932 5505 6937 4204 5096 5502 6932 4204 5096 4203 5095 5502 6932 4203 5095 5503 6933 5502 6932 5503 6933 4164 5056 5502 6932 4164 5056 4163 5055 5502 6932 4163 5055 5504 6934 5504 6934 5434 6935 3910 6936 5504 6934 3910 6936 5505 6937 5504 6934 4163 5055 5506 6938 5504 6934 5506 6938 4080 6939 5504 6934 4080 6939 5434 6935 4162 5054 4081 6940 4080 6939 4162 5054 4080 6939 5506 6938 4162 5054 5506 6938 4163 5055 4162 5054 4167 5059 5472 6941 4162 5054 5472 6941 4082 6942 4162 5054 4082 6942 4081 6940 5507 6943 4218 5110 4217 5109 5507 6943 4217 5109 5508 6944 5507 6943 5508 6944 4170 5062 5507 6943 4170 5062 4169 5061 5509 6945 5438 6946 3924 6947 5509 6945 3924 6947 5510 6948 5509 6945 5510 6948 4218 5110 5509 6945 4218 5110 5507 6943 5509 6945 5507 6943 4169 5061 5509 6945 4169 5061 5511 6949 5509 6945 5511 6949 4086 6950 5509 6945 4086 6950 5438 6946 5512 6951 4087 6952 4086 6950 5512 6951 4086 6950 5511 6949 5512 6951 5511 6949 4169 5061 5512 6951 4174 5066 4088 6888 5512 6951 4088 6888 4087 6952 5513 6953 5515 6955 4225 5117 5513 6953 4225 5117 4224 5116 5513 6953 4224 5116 4223 5115 5513 6953 4223 5115 5514 6954 5513 6953 5514 6954 4177 5069 5513 6953 4177 5069 4176 5068 5513 6953 4176 5068 5515 6955 5515 6955 5110 6956 3930 6957 5515 6955 3930 6957 4225 5117 5515 6955 4176 5068 5516 6958 5515 6955 5516 6958 3684 6959 5515 6955 3684 6959 5110 6956 5517 6960 3685 6961 3684 6959 5517 6960 3684 6959 5516 6958 5517 6960 5516 6958 4176 5068 5517 6960 4176 5068 4175 5067 5517 6960 4175 5067 4180 5072 5517 6960 4180 5072 5482 6896 5517 6960 5482 6896 3686 6895 5517 6960 3686 6895 3685 6961 5518 6962 5520 6964 4230 5122 5518 6962 4230 5122 4229 5121 5518 6962 4229 5121 5519 6963 5518 6962 5519 6963 4184 5076 5518 6962 4184 5076 4183 5075 5518 6962 4183 5075 5520 6964 5520 6964 5294 6965 3938 6966 5520 6964 3938 6966 5521 6967 5520 6964 5521 6967 4230 5122 5520 6964 4183 5075 5522 6968 5520 6964 5522 6968 3888 6969 5520 6964 3888 6969 5294 6965 4182 5074 3889 6970 3888 6969 4182 5074 3888 6969 5522 6968 4182 5074 5522 6968 4183 5075 4182 5074 4187 5079 5488 6971 4182 5074 5488 6971 3890 6972 4182 5074 3890 6972 3889 6970 5523 6973 4237 5129 4236 5128 5523 6973 4236 5128 4235 5127 5523 6973 4235 5127 5524 6974 5523 6973 5524 6974 4191 5083 5523 6973 4191 5083 4190 5082 5523 6973 4190 5082 4189 5081 5525 6975 5300 6976 3945 6977 5525 6975 3945 6977 4237 5129 5525 6975 4237 5129 5523 6973 5525 6975 5523 6973 4189 5081 5525 6975 4189 5081 3894 6978 5525 6975 3894 6978 5300 6976 5526 6979 3895 6980 3894 6978 5526 6979 3894 6978 4189 5081 5526 6979 4194 5086 5493 6917 5526 6979 5493 6917 3896 6916 5526 6979 3896 6916 3895 6980 5527 6981 5530 6986 4243 5135 5527 6981 4243 5135 4242 5134 5527 6981 4242 5134 5528 6982 5527 6981 5528 6982 4196 5088 5529 6983 5306 6984 3952 6985 5529 6983 3952 6985 5530 6986 5529 6983 5530 6986 5527 6981 5529 6983 5527 6981 5531 6988 5529 6983 5531 6988 3901 6987 5529 6983 3901 6987 5306 6984 5531 6988 3902 6989 3901 6987 5531 6988 4195 5087 4199 5091 5531 6988 4199 5091 5499 6927 5531 6988 5499 6927 3903 6926 5531 6988 3903 6926 3902 6989 5532 6990 5533 6991 4250 5142 5532 6990 4250 5142 4249 5141 5532 6990 4249 5141 4248 5140 5532 6990 4248 5140 5534 6992 5532 6990 5534 6992 4201 5093 5532 6990 4201 5093 4200 5092 5532 6990 4200 5092 5535 6995 5532 6990 5535 6995 5533 6991 5533 6991 5311 6993 3958 6994 5533 6991 3958 6994 4250 5142 5533 6991 5535 6995 3908 6996 5533 6991 3908 6996 5311 6993 5535 6995 3909 6997 3908 6996 5535 6995 4200 5092 5505 6937 5535 6995 5505 6937 3910 6936 5535 6995 3910 6936 3909 6997 5536 6998 5537 7000 5538 7003 5536 6998 5538 7003 4256 5148 5536 6998 4256 5148 4255 5147 5536 6998 4255 5147 5444 6999 5536 6998 5444 6999 4207 5099 5536 6998 4207 5099 4206 5098 5536 6998 4206 5098 5539 7004 5536 6998 5539 7004 5537 7000 5537 7000 5316 7001 3965 7002 5537 7000 3965 7002 5538 7003 5537 7000 5539 7004 3916 7005 5537 7000 3916 7005 5316 7001 5540 7006 3917 7007 3916 7005 5540 7006 3916 7005 5539 7004 5540 7006 4211 5103 3918 7008 5540 7006 3918 7008 3917 7007 5541 7009 4211 5103 4210 5102 5541 7009 4210 5102 4209 5101 5541 7009 4209 5101 5542 7010 5541 7009 5542 7010 4215 5107 5541 7009 4215 5107 4214 5106 5541 7009 4214 5106 4213 5105 5543 7011 5322 7012 3918 7008 5543 7011 3918 7008 4211 5103 5543 7011 4211 5103 5541 7009 5543 7011 5541 7009 4213 5105 5543 7011 4213 5105 3922 7013 5543 7011 3922 7013 5322 7012 5544 7014 3923 7015 3922 7013 5544 7014 3922 7013 4213 5105 5544 7014 4218 5110 5510 6948 5544 7014 5510 6948 3924 6947 5544 7014 3924 6947 3923 7015 4220 5112 4265 7016 4264 7017 4220 5112 4264 7017 4263 7018 4220 5112 4263 7018 5545 7019 4220 5112 5545 7019 4221 5113 5546 7020 5328 7021 3972 7022 5546 7020 3972 7022 4265 7016 5546 7020 4265 7016 4220 5112 5546 7020 4220 5112 4219 5111 5546 7020 4219 5111 5547 7024 5546 7020 5547 7024 3928 7023 5546 7020 3928 7023 5328 7021 5547 7024 3929 7025 3928 7023 5547 7024 4219 5111 4225 5117 5547 7024 4225 5117 3930 6957 5547 7024 3930 6957 3929 7025 5548 7026 5549 7027 4272 5164 5548 7026 4272 5164 4271 5163 5548 7026 4271 5163 4270 5162 5548 7026 4270 5162 5550 7028 5548 7026 5550 7028 4227 5119 5548 7026 4227 5119 4226 5118 5548 7026 4226 5118 5551 7031 5548 7026 5551 7031 5549 7027 5549 7027 5333 7029 3978 7030 5549 7027 3978 7030 4272 5164 5549 7027 5551 7031 3936 7032 5549 7027 3936 7032 5333 7029 5551 7031 3937 7033 3936 7032 5551 7031 4230 5122 5521 6967 5551 7031 5521 6967 3938 6966 5551 7031 3938 6966 3937 7033 5552 7034 5554 7036 5555 7039 5552 7034 5555 7039 4278 5170 5552 7034 4278 5170 4277 5169 5552 7034 4277 5169 5553 7035 5552 7034 5553 7035 4233 5125 5552 7034 4233 5125 4232 5124 5552 7034 4232 5124 5556 7040 5552 7034 5556 7040 5554 7036 5554 7036 5337 7037 3984 7038 5554 7036 3984 7038 5555 7039 5554 7036 5556 7040 3943 7041 5554 7036 3943 7041 5337 7037 5557 7042 3944 7043 3943 7041 5557 7042 3943 7041 5556 7040 5557 7042 4237 5129 3945 6977 5557 7042 3945 6977 3944 7043 5558 7044 4285 7045 4284 7046 5558 7044 4284 7046 5559 7047 5558 7044 5559 7047 4240 5132 5558 7044 4240 5132 4239 5131 5560 7048 5341 7049 3991 7050 5560 7048 3991 7050 5561 7051 5560 7048 5561 7051 4285 7045 5560 7048 4285 7045 5558 7044 5560 7048 5558 7044 4239 5131 5560 7048 4239 5131 5562 7052 5560 7048 5562 7052 3950 7053 5560 7048 3950 7053 5341 7049 5563 7054 3951 7055 3950 7053 5563 7054 3950 7053 5562 7052 5563 7054 5562 7052 4239 5131 5563 7054 4239 5131 4238 5130 5563 7054 4238 5130 5530 6986 5563 7054 5530 6986 3952 6985 5563 7054 3952 6985 3951 7055 5564 7056 5566 7058 4291 5183 5564 7056 4291 5183 4290 5182 5564 7056 4290 5182 5565 7057 5564 7056 5565 7057 4246 5138 5564 7056 4246 5138 4245 5137 5564 7056 4245 5137 5566 7058 5566 7058 5345 7059 3997 7060 5566 7058 3997 7060 5567 7061 5566 7058 5567 7061 4291 5183 5566 7058 4245 5137 5568 7062 5566 7058 5568 7062 3956 7063 5566 7058 3956 7063 5345 7059 5569 7064 3957 7065 3956 7063 5569 7064 3956 7063 5568 7062 5569 7064 5568 7062 4245 5137 5569 7064 4245 5137 4244 5136 5569 7064 4244 5136 4250 5142 5569 7064 4250 5142 3958 6994 5569 7064 3958 6994 3957 7065 5570 7066 5572 7068 4297 5189 5570 7066 4297 5189 4296 5188 5570 7066 4296 5188 5571 7067 5570 7066 5571 7067 4253 5145 5570 7066 4253 5145 4252 5144 5570 7066 4252 5144 5572 7068 5572 7068 5350 7069 4005 7070 5572 7068 4005 7070 5573 7071 5572 7068 5573 7071 4297 5189 5572 7068 4252 5144 5574 7072 5572 7068 5574 7072 3963 7073 5572 7068 3963 7073 5350 7069 5575 7074 3964 7075 3963 7073 5575 7074 3963 7073 5574 7072 5575 7074 5574 7072 4252 5144 5575 7074 4252 5144 4251 5143 5575 7074 4251 5143 5538 7003 5575 7074 5538 7003 3965 7002 5575 7074 3965 7002 3964 7075 5576 7076 3885 4777 3884 4776 5576 7076 3884 4776 5577 7077 5576 7076 5577 7077 4261 5153 5576 7076 4261 5153 4260 5152 5576 7076 4260 5152 4259 5151 5578 7078 5356 7079 4010 6545 5578 7078 4010 6545 5292 6544 5578 7078 5292 6544 3885 4777 5578 7078 3885 4777 5576 7076 5578 7078 5576 7076 4259 5151 5578 7078 4259 5151 3970 7080 5578 7078 3970 7080 5356 7079 4258 5150 3971 7081 3970 7080 4258 5150 3970 7080 4259 5151 4258 5150 4265 5157 3972 7082 4258 5150 3972 7082 3971 7081 5579 7083 5581 7085 5453 6838 5579 7083 5453 6838 4103 4995 5579 7083 4103 4995 4102 4994 5579 7083 4102 4994 5580 7084 5579 7083 5580 7084 4268 5160 5579 7083 4268 5160 4267 5159 5579 7083 4267 5159 5581 7085 5581 7085 5361 7086 4016 6839 5581 7085 4016 6839 5453 6838 5581 7085 4267 5159 5582 7087 5581 7085 5582 7087 3976 7088 5581 7085 3976 7088 5361 7086 5583 7089 3977 7090 3976 7088 5583 7089 3976 7088 5582 7087 5583 7089 5582 7087 4267 5159 5583 7089 4267 5159 4266 5158 5583 7089 4266 5158 4272 5164 5583 7089 4272 5164 3978 7030 5583 7089 3978 7030 3977 7090 5584 7091 4109 5001 4108 5000 5584 7091 4108 5000 5585 7092 5584 7091 5585 7092 4275 5167 5584 7091 4275 5167 4274 5166 5586 7093 5366 7094 4024 6849 5586 7093 4024 6849 5458 6848 5586 7093 5458 6848 4109 5001 5586 7093 4109 5001 5584 7091 5586 7093 5584 7091 4274 5166 5586 7093 4274 5166 5587 7095 5586 7093 5587 7095 3982 7096 5586 7093 3982 7096 5366 7094 5588 7097 3983 7098 3982 7096 5588 7097 3982 7096 5587 7095 5588 7097 5587 7095 4274 5166 5588 7097 4274 5166 4273 5165 5588 7097 4273 5165 5555 7039 5588 7097 5555 7039 3984 7038 5588 7097 3984 7038 3983 7098 5589 7099 5591 7101 4114 5006 5589 7099 4114 5006 4113 5005 5589 7099 4113 5005 5590 7100 5589 7099 5590 7100 4282 5174 5589 7099 4282 5174 4281 5173 5589 7099 4281 5173 5591 7101 5591 7101 5371 7102 4030 6859 5591 7101 4030 6859 5463 6858 5591 7101 5463 6858 4114 5006 5591 7101 4281 5173 5592 7103 5591 7101 5592 7103 3989 7104 5591 7101 3989 7104 5371 7102 4280 5172 3990 7105 3989 7104 4280 5172 3989 7104 5592 7103 4280 5172 5592 7103 4281 5173 4280 5172 4285 5177 5561 7106 4280 5172 5561 7106 3991 7107 4280 5172 3991 7107 3990 7105 5593 7108 5595 7110 4122 5014 5593 7108 4122 5014 4121 5013 5593 7108 4121 5013 4120 5012 5593 7108 4120 5012 5594 7109 5593 7108 5594 7109 4288 5180 5593 7108 4288 5180 4287 5179 5593 7108 4287 5179 5596 7112 5593 7108 5596 7112 5595 7110 5595 7110 5376 7111 4037 6869 5595 7110 4037 6869 4122 5014 5595 7110 5596 7112 3995 7113 5595 7110 3995 7113 5376 7111 5597 7114 3996 7115 3995 7113 5597 7114 3995 7113 5596 7112 5597 7114 5596 7112 4286 5178 5597 7114 4286 5178 4291 5183 5597 7114 4291 5183 5567 7061 5597 7114 5567 7061 3997 7060 5597 7114 3997 7060 3996 7115 4293 5185 4128 5020 4127 5019 4293 5185 4127 5019 5598 7116 4293 5185 5598 7116 4294 5186 5599 7117 5381 7118 4043 6883 5599 7117 4043 6883 5475 6882 5599 7117 5475 6882 4128 5020 5599 7117 4128 5020 4293 5185 5599 7117 4293 5185 5600 7120 5599 7117 5600 7120 4003 7119 5599 7117 4003 7119 5381 7118 5600 7120 4004 7121 4003 7119 5600 7120 4293 5185 4292 5184 5600 7120 4292 5184 4297 5189 5600 7120 4297 5189 5573 7071 5600 7120 5573 7071 4005 7070 5600 7120 4005 7070 4004 7121 5601 7122 1527 3345 2715 3344 5601 7122 2715 3344 1315 1315 5601 7122 5602 7123 4450 7124 5601 7122 4450 7124 5603 7125 5601 7122 5603 7125 1527 3345 5601 7122 1315 1315 5604 7126 5601 7122 5604 7126 4410 7127 5601 7122 4410 7127 5602 7123 5605 7128 4411 7129 4410 7127 5605 7128 4410 7127 5604 7126 5605 7128 5604 7126 1315 1315 5605 7128 1313 1313 5606 7130 5605 7128 5606 7130 4412 7131 5605 7128 4412 7131 4411 7129 5607 7132 4096 4988 4095 4987 5607 7132 4095 4987 4094 4986 5607 7132 4094 4986 5608 7133 5607 7132 5608 7133 4300 5192 5607 7132 4300 5192 4299 5191 5609 7134 5542 7135 4209 6828 5609 7134 4209 6828 4096 4988 5609 7134 4096 4988 5607 7132 5609 7134 5607 7132 4299 5191 5609 7134 4299 5191 5610 7136 5609 7134 5610 7136 4215 7137 5609 7134 4215 7137 5542 7135 5611 7138 4216 7139 4215 7137 5611 7138 4215 7137 5610 7136 5611 7138 5610 7136 4299 5191 5611 7138 4299 5191 4298 5190 5611 7138 4298 5190 5612 7140 5611 7138 5612 7140 4217 7141 5611 7138 4217 7141 4216 7139 5613 7142 5615 7144 4347 5239 5613 7142 4347 5239 4346 5238 5613 7142 4346 5238 5614 7143 5613 7142 5614 7143 4306 5198 5613 7142 4306 5198 4305 5197 5613 7142 4305 5197 5615 7144 5615 7144 5545 7145 4263 7146 5615 7144 4263 7146 5616 7147 5615 7144 5616 7147 4347 5239 5615 7144 4305 5197 5617 7148 5615 7144 5617 7148 4221 7149 5615 7144 4221 7149 5545 7145 5618 7150 4222 7151 4221 7149 5618 7150 4221 7149 5617 7148 5618 7150 5617 7148 4305 5197 5618 7150 4305 5197 4304 5196 5618 7150 4304 5196 4310 5202 5618 7150 4310 5202 4223 7152 5618 7150 4223 7152 4222 7151 5619 7153 5621 7155 4349 5241 5619 7153 4349 5241 4354 5246 5619 7153 4354 5246 4353 5245 5619 7153 4353 5245 5620 7154 5619 7153 5620 7154 4313 5205 5619 7153 4313 5205 4312 5204 5619 7153 4312 5204 5621 7155 5621 7155 5550 7156 4270 7157 5621 7155 4270 7157 5622 7158 5621 7155 5622 7158 4349 5241 5621 7155 4227 7159 5550 7156 5623 7160 4228 7161 4227 7159 5623 7160 4227 7159 5621 7155 5623 7160 5621 7155 4312 5204 5623 7160 4312 5204 4311 5203 5623 7160 4311 5203 5624 7162 5623 7160 5624 7162 4229 7163 5623 7160 4229 7163 4228 7161 5625 7164 5628 7169 4360 5252 5625 7164 4360 5252 4359 5251 5625 7164 4359 5251 5626 7165 5625 7164 5626 7165 4320 5212 5625 7164 4320 5212 4319 5211 5627 7166 5553 7167 4277 7168 5627 7166 4277 7168 5628 7169 5627 7166 5628 7169 5625 7164 5627 7166 5625 7164 4319 5211 5627 7166 4319 5211 5629 7170 5627 7166 5629 7170 4233 7171 5627 7166 4233 7171 5553 7167 5630 7172 4234 7173 4233 7171 5630 7172 4233 7171 5629 7170 5630 7172 5629 7170 4319 5211 5630 7172 4319 5211 4318 5210 5630 7172 4318 5210 4235 7174 5630 7172 4235 7174 4234 7173 5631 7175 4325 5217 4365 5257 5631 7175 4365 5257 4364 5256 5631 7175 4364 5256 5632 7176 5631 7175 5632 7176 4326 5218 5631 7175 4326 5218 4324 5216 5631 7175 4324 5216 4325 5217 5633 7177 5559 7178 4284 7179 5633 7177 4284 7179 5634 7180 5633 7177 5634 7180 4365 5257 5633 7177 4365 5257 4325 5217 5633 7177 4240 7181 5559 7178 4325 5217 4241 7182 4240 7181 4325 5217 4240 7181 5633 7177 4325 5217 4324 5216 4329 5221 4325 5217 4329 5221 5635 7183 4325 5217 5635 7183 4242 7184 4325 5217 4242 7184 4241 7182 5636 7185 4371 5263 4370 5262 5636 7185 4370 5262 5637 7186 5636 7185 5637 7186 4333 5225 5636 7185 4333 5225 4332 5224 5638 7187 5565 7188 4290 7189 5638 7187 4290 7189 5639 7190 5638 7187 5639 7190 4371 5263 5638 7187 4371 5263 5636 7185 5638 7187 5636 7185 4332 5224 5638 7187 4332 5224 4331 5223 5638 7187 4331 5223 4246 7191 5638 7187 4246 7191 5565 7188 4331 5223 4247 7192 4246 7191 4331 5223 5640 7193 4248 7194 4331 5223 4248 7194 4247 7192 5641 7195 5642 7196 4377 5269 5641 7195 4377 5269 4376 5268 5641 7195 4376 5268 5643 7197 5641 7195 5643 7197 4339 5231 5641 7195 4339 5231 4338 5230 5641 7195 4338 5230 5642 7196 5642 7196 5571 7198 4296 7199 5642 7196 4296 7199 5644 7200 5642 7196 5644 7200 4377 5269 5642 7196 4253 7201 5571 7198 5645 7202 4254 7203 4253 7201 5645 7202 4253 7201 5642 7196 5645 7202 5642 7196 4338 5230 5645 7202 5445 6823 4255 6822 5645 7202 4255 6822 4254 7203 5646 7204 5647 7205 5649 7209 5646 7204 5649 7209 4383 5275 5646 7204 4383 5275 4382 5274 5646 7204 4382 5274 5648 7206 5646 7204 5648 7206 4344 5236 5646 7204 4344 5236 4343 5235 5647 7205 5577 7207 3884 7208 5647 7205 3884 7208 5649 7209 5647 7205 5646 7204 5650 7210 5647 7205 5650 7210 4261 7211 5647 7205 4261 7211 5577 7207 5650 7210 4262 7212 4261 7211 5650 7210 5646 7204 4343 5235 5650 7210 4343 5235 4347 5239 5650 7210 4347 5239 5616 7147 5650 7210 5616 7147 4263 7146 5650 7210 4263 7146 4262 7212 5651 7213 4389 5281 4388 5280 5651 7213 4388 5280 5652 7214 5651 7213 5652 7214 4351 5243 5651 7213 4351 5243 4350 5242 5653 7215 5580 7216 4102 7217 5653 7215 4102 7217 5654 7218 5653 7215 5654 7218 4389 5281 5653 7215 4389 5281 5651 7213 5653 7215 5651 7213 4350 5242 5653 7215 4350 5242 4349 5241 5653 7215 4349 5241 4268 7219 5653 7215 4268 7219 5580 7216 4349 5241 4269 7220 4268 7219 4349 5241 5622 7158 4270 7157 4349 5241 4270 7157 4269 7220 5655 7221 5656 7222 4395 5287 5655 7221 4395 5287 4394 5286 5655 7221 4394 5286 5657 7223 5655 7221 5657 7223 4357 5249 5655 7221 4357 5249 4356 5248 5655 7221 4356 5248 5656 7222 5656 7222 5585 7224 4108 7225 5656 7222 4108 7225 5658 7226 5656 7222 5658 7226 4395 5287 5656 7222 4275 7227 5585 7224 5659 7228 4276 7229 4275 7227 5659 7228 4275 7227 5656 7222 5659 7228 5656 7222 4356 5248 5659 7228 5628 7169 4277 7168 5659 7228 4277 7168 4276 7229 5660 7230 4401 5293 4400 5292 5660 7230 4400 5292 5661 7231 5660 7230 5661 7231 4362 5254 5660 7230 4362 5254 4361 5253 5660 7230 4361 5253 5662 7232 5662 7232 5590 7233 4113 7234 5662 7232 4113 7234 5663 7235 5662 7232 5663 7235 4401 5293 5662 7232 4401 5293 5660 7230 5662 7232 4282 7236 5590 7233 5664 7237 4283 7238 4282 7236 5664 7237 4282 7236 5662 7232 5664 7237 5662 7232 4365 5257 5664 7237 4365 5257 5634 7180 5664 7237 5634 7180 4284 7179 5664 7237 4284 7179 4283 7238 5665 7239 4408 5300 4407 5299 5665 7239 4407 5299 4406 5298 5665 7239 4406 5298 5666 7240 5665 7239 5666 7240 4368 5260 5665 7239 4368 5260 4367 5259 5665 7239 4367 5259 5668 7244 5667 7241 5594 7242 4120 7243 5667 7241 4120 7243 4408 5300 5667 7241 4408 5300 5665 7239 5667 7241 5665 7239 5668 7244 5667 7241 5668 7244 4288 7245 5667 7241 4288 7245 5594 7242 5669 7246 4289 7247 4288 7245 5669 7246 4288 7245 5668 7244 5669 7246 5668 7244 4366 5258 5669 7246 4366 5258 4371 5263 5669 7246 4371 5263 5639 7190 5669 7246 5639 7190 4290 7189 5669 7246 4290 7189 4289 7247 5670 7248 5672 7250 4413 5305 5670 7248 4413 5305 4412 5304 5670 7248 4412 5304 5671 7249 5670 7248 5671 7249 4374 5266 5670 7248 4374 5266 4373 5265 5670 7248 4373 5265 5672 7250 5672 7250 5598 7251 4127 7252 5672 7250 4127 7252 5673 7253 5672 7250 5673 7253 4413 5305 5672 7250 4294 7254 5598 7251 5674 7255 4295 7256 4294 7254 5674 7255 4294 7254 5672 7250 5674 7255 5672 7250 4373 5265 5674 7255 4373 5265 4372 5264 5674 7255 4372 5264 4377 5269 5674 7255 4377 5269 5644 7200 5674 7255 5644 7200 4296 7199 5674 7255 4296 7199 4295 7256 5675 7257 5678 7262 4419 5311 5675 7257 4419 5311 4418 5310 5675 7257 4418 5310 5676 7258 5675 7257 5676 7258 4380 5272 5675 7257 4380 5272 4379 5271 5677 7259 5286 7260 4133 7261 5677 7259 4133 7261 5678 7262 5677 7259 5678 7262 5675 7257 5677 7259 5675 7257 4379 5271 5677 7259 4379 5271 5679 7263 5677 7259 5679 7263 3882 7264 5677 7259 3882 7264 5286 7260 5679 7263 3883 7265 3882 7264 5679 7263 4379 5271 4378 5270 5679 7263 4378 5270 5649 7209 5679 7263 5649 7209 3884 7208 5679 7263 3884 7208 3883 7265 5680 7266 5682 7268 4421 5313 5680 7266 4421 5313 4426 5318 5680 7266 4426 5318 4425 5317 5680 7266 4425 5317 5681 7267 5680 7266 5681 7267 4386 5278 5680 7266 4386 5278 4385 5277 5680 7266 4385 5277 5682 7268 5682 7268 5449 7269 4139 7270 5682 7268 4139 7270 4421 5313 5682 7268 4385 5277 5683 7271 5682 7268 5683 7271 4100 7272 5682 7268 4100 7272 5449 7269 5684 7273 4101 7274 4100 7272 5684 7273 4100 7272 5683 7271 5684 7273 5683 7271 4385 5277 5684 7273 4389 5281 5654 7218 5684 7273 5654 7218 4102 7217 5684 7273 4102 7217 4101 7274 5685 7275 5687 7277 4431 5323 5685 7275 4431 5323 4430 5322 5685 7275 4430 5322 5686 7276 5685 7275 5686 7276 4392 5284 5685 7275 4392 5284 4391 5283 5685 7275 4391 5283 5687 7277 5687 7277 5454 7278 4146 7279 5687 7277 4146 7279 5688 7280 5687 7277 5688 7280 4431 5323 5687 7277 4391 5283 5689 7281 5687 7277 5689 7281 4106 7282 5687 7277 4106 7282 5454 7278 5690 7283 4107 7284 4106 7282 5690 7283 4106 7282 5689 7281 5690 7283 5689 7281 4391 5283 5690 7283 4391 5283 4390 5282 5690 7283 4390 5282 4395 5287 5690 7283 4395 5287 5658 7226 5690 7283 5658 7226 4108 7225 5690 7283 4108 7225 4107 7284 5691 7285 5693 7287 4433 5325 5691 7285 4433 5325 4438 5330 5691 7285 4438 5330 4437 5329 5691 7285 4437 5329 5692 7286 5691 7285 5692 7286 4398 5290 5691 7285 4398 5290 4397 5289 5691 7285 4397 5289 5693 7287 5693 7287 5461 7288 4152 7289 5693 7287 4152 7289 5694 7290 5693 7287 5694 7290 4433 5325 5693 7287 4111 7291 5461 7288 5695 7292 4112 7293 4111 7291 5695 7292 4111 7291 5693 7287 5695 7292 5693 7287 4397 5289 5695 7292 4397 5289 4396 5288 5695 7292 4396 5288 4401 5293 5695 7292 4401 5293 5663 7235 5695 7292 5663 7235 4113 7234 5695 7292 4113 7234 4112 7293 5696 7294 5700 7300 4444 5336 5696 7294 4444 5336 4443 5335 5696 7294 4443 5335 5697 7295 5696 7294 5697 7295 4404 5296 5696 7294 4404 5296 4403 5295 5696 7294 4403 5295 5700 7300 5698 7296 5465 7297 4159 7298 5698 7296 4159 7298 5699 7299 5698 7296 5699 7299 4444 5336 5698 7296 4444 5336 5700 7300 5698 7296 5700 7300 4118 7301 5698 7296 4118 7301 5465 7297 5701 7302 4119 7303 4118 7301 5701 7302 4118 7301 5700 7300 5701 7302 4408 5300 4120 7243 5701 7302 4120 7243 4119 7303 5702 7304 5703 7305 4451 5343 5702 7304 4451 5343 4450 5342 5702 7304 4450 5342 5602 7306 5702 7304 5602 7306 4410 5302 5702 7304 4410 5302 4409 5301 5702 7304 4409 5301 5703 7305 5703 7305 5471 7307 4166 7308 5703 7305 4166 7308 5704 7309 5703 7305 5704 7309 4451 5343 5703 7305 4409 5301 5705 7310 5703 7305 5705 7310 4125 7311 5703 7305 4125 7311 5471 7307 5705 7310 4126 7312 4125 7311 5705 7310 4409 5301 4413 5305 5705 7310 4413 5305 5673 7253 5705 7310 5673 7253 4127 7252 5705 7310 4127 7252 4126 7312 5706 7313 5709 7318 4457 5349 5706 7313 4457 5349 4456 5348 5706 7313 4456 5348 5707 7314 5706 7313 5707 7314 4416 5308 5706 7313 4416 5308 4415 5307 5706 7313 4415 5307 5709 7318 5708 7315 5478 7316 4172 7317 5708 7315 4172 7317 5709 7318 5708 7315 5709 7318 4415 5307 5708 7315 4415 5307 5710 7319 5708 7315 5710 7319 4131 7320 5708 7315 4131 7320 5478 7316 5711 7321 4132 7322 4131 7320 5711 7321 4131 7320 5710 7319 5711 7321 5710 7319 4415 5307 5711 7321 4415 5307 4414 5306 5711 7321 4414 5306 5678 7262 5711 7321 5678 7262 4133 7261 5711 7321 4133 7261 4132 7322 5712 7323 4463 5355 4462 5354 5712 7323 4462 5354 5713 7324 5712 7323 5713 7324 4423 5315 5712 7323 4423 5315 4422 5314 5714 7325 5480 7326 4179 7327 5714 7325 4179 7327 5715 7328 5714 7325 5715 7328 4463 5355 5714 7325 4463 5355 5712 7323 5714 7325 5712 7323 4422 5314 5714 7325 4422 5314 5716 7329 5714 7325 5716 7329 4137 7330 5714 7325 4137 7330 5480 7326 5717 7331 4138 7332 4137 7330 5717 7331 4137 7330 5716 7329 5717 7331 5716 7329 4422 5314 5717 7331 4422 5314 4421 5313 5717 7331 4421 5313 4139 7270 5717 7331 4139 7270 4138 7332 5718 7333 5719 7334 4469 5361 5718 7333 4469 5361 4468 5360 5718 7333 4468 5360 5720 7335 5718 7333 5720 7335 4428 5320 5718 7333 4428 5320 4427 5319 5718 7333 4427 5319 5719 7334 5719 7334 5486 7336 4186 7337 5719 7334 4186 7337 5721 7338 5719 7334 5721 7338 4469 5361 5719 7334 4427 5319 5722 7339 5719 7334 5722 7339 4144 7340 5719 7334 4144 7340 5486 7336 5722 7339 4145 7341 4144 7340 5722 7339 4427 5319 4431 5323 5722 7339 4431 5323 5688 7280 5722 7339 5688 7280 4146 7279 5722 7339 4146 7279 4145 7341 5723 7342 5726 7347 4475 5367 5723 7342 4475 5367 4474 5366 5723 7342 4474 5366 5724 7343 5723 7342 5724 7343 4435 5327 5723 7342 4435 5327 4434 5326 5723 7342 4434 5326 5726 7347 5725 7344 5491 7345 4193 7346 5725 7344 4193 7346 5726 7347 5725 7344 5726 7347 4434 5326 5725 7344 4434 5326 4433 5325 5725 7344 4433 5325 4150 7348 5725 7344 4150 7348 5491 7345 4433 5325 4151 7349 4150 7348 4433 5325 5694 7290 4152 7289 4433 5325 4152 7289 4151 7349 5727 7350 5728 7351 4482 5374 5727 7350 4482 5374 4481 5373 5727 7350 4481 5373 4480 5372 5727 7350 4480 5372 5729 7352 5727 7350 5729 7352 4441 5333 5727 7350 4441 5333 4440 5332 5727 7350 4440 5332 5728 7351 5728 7351 5497 7353 4198 7354 5728 7351 4198 7354 4482 5374 5728 7351 4157 7355 5497 7353 5730 7356 4158 7357 4157 7355 5730 7356 4157 7355 5728 7351 5730 7356 5728 7351 4440 5332 5730 7356 4440 5332 4439 5331 5730 7356 4439 5331 4444 5336 5730 7356 4444 5336 5699 7299 5730 7356 5699 7299 4159 7298 5730 7356 4159 7298 4158 7357 4447 5339 4446 5338 4488 5380 4447 5339 4488 5380 4487 5379 4447 5339 4487 5379 5731 7358 4447 5339 5731 7358 4448 5340 5732 7359 5503 7360 4203 7361 5732 7359 4203 7361 5733 7362 5732 7359 5733 7362 4488 5380 5732 7359 4488 5380 4446 5338 5732 7359 4446 5338 4164 7363 5732 7359 4164 7363 5503 7360 4446 5338 4165 7364 4164 7363 4446 5338 4451 5343 5704 7309 4446 5338 5704 7309 4166 7308 4446 5338 4166 7308 4165 7364 5734 7365 5612 7140 4303 5195 5734 7365 4303 5195 4302 5194 5734 7365 4302 5194 5735 7366 5734 7365 5735 7366 4454 5346 5734 7365 4454 5346 4453 5345 5734 7365 4453 5345 5612 7140 5736 7367 5508 7368 4217 7141 5736 7367 4217 7141 5612 7140 5736 7367 5612 7140 4453 5345 5736 7367 4453 5345 5737 7369 5736 7367 5737 7369 4170 7370 5736 7367 4170 7370 5508 7368 5737 7369 4171 7371 4170 7370 5737 7369 4453 5345 4452 5344 5737 7369 4452 5344 5709 7318 5737 7369 5709 7318 4172 7317 5737 7369 4172 7317 4171 7371 5738 7372 5739 7373 4310 5202 5738 7372 4310 5202 4309 5201 5738 7372 4309 5201 4308 5200 5738 7372 4308 5200 5740 7374 5738 7372 5740 7374 4460 5352 5738 7372 4460 5352 4459 5351 5738 7372 4459 5351 5739 7373 5739 7373 5514 7375 4223 7152 5739 7373 4223 7152 4310 5202 5739 7373 4459 5351 5741 7376 5739 7373 5741 7376 4177 7377 5739 7373 4177 7377 5514 7375 5742 7378 4178 7379 4177 7377 5742 7378 4177 7377 5741 7376 5742 7378 5741 7376 4459 5351 5742 7378 4459 5351 4458 5350 5742 7378 4458 5350 4463 5355 5742 7378 4463 5355 5715 7328 5742 7378 5715 7328 4179 7327 5742 7378 4179 7327 4178 7379 5743 7380 5624 7162 4316 5208 5743 7380 4316 5208 4315 5207 5743 7380 4315 5207 5744 7381 5743 7380 5744 7381 4466 5358 5743 7380 4466 5358 4465 5357 5743 7380 4465 5357 5746 7384 5745 7382 5519 7383 4229 7163 5745 7382 4229 7163 5624 7162 5745 7382 5624 7162 5743 7380 5745 7382 5743 7380 5746 7384 5745 7382 5746 7384 4184 7385 5745 7382 4184 7385 5519 7383 5746 7384 4185 7386 4184 7385 5746 7384 4469 5361 5721 7338 5746 7384 5721 7338 4186 7337 5746 7384 4186 7337 4185 7386 5747 7387 4318 5210 4323 5215 5747 7387 4323 5215 4322 5214 5747 7387 4322 5214 5748 7388 5747 7387 5748 7388 4472 5364 5747 7387 4472 5364 4471 5363 5749 7389 5524 7390 4235 7174 5749 7389 4235 7174 4318 5210 5749 7389 4318 5210 5747 7387 5749 7389 5747 7387 4471 5363 5749 7389 4471 5363 5750 7391 5749 7389 5750 7391 4191 7392 5749 7389 4191 7392 5524 7390 5751 7393 4192 7394 4191 7392 5751 7393 4191 7392 5750 7391 5751 7393 5750 7391 4471 5363 5751 7393 5726 7347 4193 7346 5751 7393 4193 7346 4192 7394 5752 7395 5754 7397 4329 5221 5752 7395 4329 5221 4328 5220 5752 7395 4328 5220 5753 7396 5752 7395 5753 7396 4478 5370 5752 7395 4478 5370 4477 5369 5752 7395 4477 5369 5754 7397 5754 7397 5528 7398 4242 7184 5754 7397 4242 7184 5635 7183 5754 7397 5635 7183 4329 5221 5754 7397 4196 7399 5528 7398 5755 7400 4197 7401 4196 7399 5755 7400 4196 7399 5754 7397 5755 7400 5754 7397 4477 5369 5755 7400 4477 5369 4476 5368 5755 7400 4476 5368 4482 5374 5755 7400 4482 5374 4198 7354 5755 7400 4198 7354 4197 7401 5756 7402 5758 7404 4331 5223 5756 7402 4331 5223 4336 5228 5756 7402 4336 5228 4335 5227 5756 7402 4335 5227 5757 7403 5756 7402 5757 7403 4485 5377 5756 7402 4485 5377 4484 5376 5756 7402 4484 5376 5758 7404 5758 7404 5534 7405 4248 7194 5758 7404 4248 7194 5640 7193 5758 7404 5640 7193 4331 5223 5758 7404 4484 5376 5759 7406 5758 7404 5759 7406 4201 7407 5758 7404 4201 7407 5534 7405 5759 7406 4202 7408 4201 7407 5759 7406 4484 5376 4483 5375 5759 7406 4483 5375 4488 5380 5759 7406 4488 5380 5733 7362 5759 7406 5733 7362 4203 7361 5759 7406 4203 7361 4202 7408 4489 5381 1530 1530 2872 3630 4489 5381 2872 3630 1511 1511 4489 5381 5707 7409 4456 7410 4489 5381 4456 7410 5760 7411 4489 5381 5760 7411 1530 1530 4489 5381 4416 7412 5707 7409 5761 7413 4417 7414 4416 7412 5761 7413 4416 7412 4489 5381 5761 7413 5762 7415 4418 7416 5761 7413 4418 7416 4417 7414 2877 3640 1515 1515 5765 7421 5763 7417 5713 7418 4462 7419 5763 7417 4462 7419 5764 7420 5763 7417 5764 7420 1534 1534 5763 7417 1534 1534 2877 3640 5763 7417 2877 3640 5765 7421 5763 7417 5765 7421 4423 7422 5763 7417 4423 7422 5713 7418 5766 7423 4424 7424 4423 7422 5766 7423 4423 7422 5765 7421 5766 7423 5767 7425 4425 7426 5766 7423 4425 7426 4424 7424 2881 3649 5768 7427 1537 3650 2881 3649 1518 1518 5768 7427 5768 7427 5720 7428 4468 7429 5768 7427 4468 7429 5769 7430 5768 7427 5769 7430 1537 3650 5768 7427 1518 1518 5770 7431 5768 7427 5770 7431 4428 7432 5768 7427 4428 7432 5720 7428 5770 7431 4429 7433 4428 7432 5770 7431 5771 7434 4430 7435 5770 7431 4430 7435 4429 7433 5772 7436 5773 7439 1541 1541 5772 7436 1541 1541 2887 3661 5772 7436 2887 3661 1521 1521 5772 7436 5724 7437 4474 7438 5772 7436 4474 7438 5773 7439 5772 7436 1521 1521 5774 7440 5772 7436 5774 7440 4435 7441 5772 7436 4435 7441 5724 7437 5775 7442 4436 7443 4435 7441 5775 7442 4435 7441 5774 7440 5775 7442 5774 7440 1521 1521 5775 7442 1521 1521 1520 1520 5775 7442 1520 1520 5776 7444 5775 7442 5776 7444 4437 7445 5775 7442 4437 7445 4436 7443 2893 3672 1525 1525 4490 5382 5777 7446 5729 7447 4480 7448 5777 7446 4480 7448 5778 7449 5777 7446 5778 7449 1545 1545 5777 7446 1545 1545 2893 3672 5777 7446 2893 3672 4490 5382 5777 7446 4490 5382 4441 7450 5777 7446 4441 7450 5729 7447 5779 7451 4442 7452 4441 7450 5779 7451 4441 7450 4490 5382 5779 7451 1523 1523 5780 7453 5779 7451 5780 7453 4443 7454 5779 7451 4443 7454 4442 7452 5781 7455 5731 7456 4487 7457 5781 7455 4487 7457 5782 7458 5781 7455 5782 7458 1548 1548 5781 7455 1548 1548 2897 3681 5781 7455 2897 3681 1529 1529 5781 7455 1529 1529 5783 7459 5781 7455 5783 7459 4448 7460 5781 7455 4448 7460 5731 7456 4491 5383 4449 7461 4448 7460 4491 5383 4448 7460 5783 7459 4491 5383 5783 7459 1529 1529 4491 5383 1527 1527 5603 7462 4491 5383 5603 7462 4450 7463 4491 5383 4450 7463 4449 7461 5784 7464 5785 7467 1554 1554 5784 7464 1554 1554 2902 3692 5784 7464 2902 3692 1532 1532 5784 7464 5735 7465 4302 7466 5784 7464 4302 7466 5785 7467 5784 7464 1532 1532 5786 7468 5784 7464 5786 7468 4454 7469 5784 7464 4454 7469 5735 7465 5787 7470 4455 7471 4454 7469 5787 7470 4454 7469 5786 7468 5787 7470 5786 7468 1532 1532 5787 7470 1532 1532 1531 1531 5787 7470 1531 1531 1530 1530 5787 7470 1530 1530 5760 7411 5787 7470 5760 7411 4456 7410 5787 7470 4456 7410 4455 7471 2907 3701 1536 1536 4492 5384 5788 7472 5740 7473 4308 7474 5788 7472 4308 7474 5789 7475 5788 7472 5789 7475 1558 1558 5788 7472 1558 1558 2907 3701 5788 7472 2907 3701 4492 5384 5788 7472 4492 5384 4460 7476 5788 7472 4460 7476 5740 7473 5790 7477 4461 7478 4460 7476 5790 7477 4460 7476 4492 5384 5790 7477 1534 1534 5764 7420 5790 7477 5764 7420 4462 7419 5790 7477 4462 7419 4461 7478 2911 3709 5792 7482 4495 5387 2911 3709 4495 5387 1560 1560 5791 7479 5744 7480 4315 7481 5791 7479 4315 7481 5792 7482 5791 7479 5792 7482 2911 3709 5791 7479 2911 3709 1539 1539 5791 7479 1539 1539 5793 7483 5791 7479 5793 7483 4466 7484 5791 7479 4466 7484 5744 7480 5794 7485 4467 7486 4466 7484 5794 7485 4466 7484 5793 7483 5794 7485 5793 7483 1539 1539 5794 7485 1539 1539 1538 1538 5794 7485 1538 1538 1537 1537 5794 7485 1537 1537 5769 7487 5794 7485 5769 7487 4468 7488 5794 7485 4468 7488 4467 7486 2915 3719 4496 5388 1563 1563 5795 7489 5748 7490 4322 7491 5795 7489 4322 7491 5796 7492 5795 7489 5796 7492 4496 5388 5795 7489 4496 5388 2915 3719 5795 7489 2915 3719 1543 1543 5795 7489 1543 1543 5797 7493 5795 7489 5797 7493 4472 7494 5795 7489 4472 7494 5748 7490 5798 7495 4473 7496 4472 7494 5798 7495 4472 7494 5797 7493 5798 7495 5797 7493 1543 1543 5798 7495 1543 1543 1542 1542 5798 7495 1542 1542 5773 7439 5798 7495 5773 7439 4474 7438 5798 7495 4474 7438 4473 7496 2920 3728 4493 5385 4498 5390 2920 3728 4498 5390 1567 1567 4493 5385 5753 7497 4328 7498 4493 5385 4328 7498 4498 5390 4493 5385 4478 7499 5753 7497 5799 7500 4479 7501 4478 7499 5799 7500 4478 7499 4493 5385 5799 7500 4493 5385 1546 1546 5799 7500 1546 1546 1545 1545 5799 7500 1545 1545 5778 7449 5799 7500 5778 7449 4480 7448 5799 7500 4480 7448 4479 7501 4494 5386 1570 1570 2922 3734 4494 5386 2922 3734 1549 1549 4494 5386 5757 7502 4335 7503 4494 5386 4335 7503 5800 7504 4494 5386 5800 7504 1570 1570 4494 5386 4485 7505 5757 7502 5801 7506 4486 7507 4485 7505 5801 7506 4485 7505 4494 5386 5801 7506 4494 5386 1549 1549 5801 7506 1548 1548 5782 7458 5801 7506 5782 7458 4487 7457 5801 7506 4487 7457 4486 7507 2926 3742 5803 7511 1576 1576 5802 7508 5442 7509 4341 7510 5802 7508 4341 7510 5803 7511 5802 7508 5803 7511 2926 3742 5802 7508 2926 3742 1553 1553 5802 7508 1553 1553 5804 7512 5802 7508 5804 7512 4092 7513 5802 7508 4092 7513 5442 7509 5805 7514 4093 7515 4092 7513 5805 7514 4092 7513 5804 7512 5805 7514 5804 7512 1553 1553 5805 7514 1551 1551 5806 7516 5805 7514 5806 7516 4094 7517 5805 7514 4094 7517 4093 7515 5807 7518 5608 7519 4094 7517 5807 7518 4094 7517 5806 7516 5807 7518 5806 7516 1551 1551 5807 7518 1551 1551 2931 3752 5807 7518 2931 3752 1556 1556 5807 7518 1556 1556 5808 7520 5807 7518 5808 7520 4300 7521 5807 7518 4300 7521 5608 7519 5809 7522 4301 7523 4300 7521 5809 7522 4300 7521 5808 7520 5809 7522 5808 7520 1556 1556 5809 7522 1556 1556 1555 1555 5809 7522 1555 1555 5785 7467 5809 7522 5785 7467 4302 7466 5809 7522 4302 7466 4301 7523 2934 3759 5810 7525 4499 7524 2934 3759 4499 7524 1581 3760 2934 3759 1559 1559 5810 7525 5810 7525 5614 7526 4346 7527 5810 7525 4346 7527 4499 7524 5810 7525 4306 7528 5614 7526 5811 7529 4307 7530 4306 7528 5811 7529 4306 7528 5810 7525 5811 7529 5810 7525 1559 1559 5811 7529 1559 1559 1558 1558 5811 7529 1558 1558 5789 7475 5811 7529 5789 7475 4308 7474 5811 7529 4308 7474 4307 7530 5812 7531 5620 7532 4353 7533 5812 7531 4353 7533 5813 7534 5812 7531 5813 7534 1584 1584 5812 7531 1584 1584 1562 1562 5812 7531 4313 7535 5620 7532 5814 7536 4314 7537 4313 7535 5814 7536 4313 7535 5812 7531 5814 7536 5812 7531 1562 1562 5814 7536 5792 7482 4315 7481 5814 7536 4315 7481 4314 7537 2940 3774 5815 7538 5816 7541 2940 3774 5816 7541 1589 1589 2940 3774 1565 1565 5815 7538 5815 7538 5626 7539 4359 7540 5815 7538 4359 7540 5816 7541 5815 7538 1565 1565 5817 7542 5815 7538 5817 7542 4320 7543 5815 7538 4320 7543 5626 7539 5818 7544 4321 7545 4320 7543 5818 7544 4320 7543 5817 7542 5818 7544 5817 7542 1565 1565 5818 7544 4496 5388 5796 7492 5818 7544 5796 7492 4322 7491 5818 7544 4322 7491 4321 7545 5819 7546 5820 7549 1594 3784 5819 7546 1594 3784 2945 3783 5819 7546 2945 3783 1569 1569 5819 7546 1569 1569 4497 5389 5819 7546 5632 7547 4364 7548 5819 7546 4364 7548 5820 7549 5819 7546 4497 5389 4326 7550 5819 7546 4326 7550 5632 7547 5821 7551 4327 7552 4326 7550 5821 7551 4326 7550 4497 5389 5821 7551 4498 5390 4328 7498 5821 7551 4328 7498 4327 7552 5822 7553 1598 1598 2949 3792 5822 7553 2949 3792 1572 1572 5822 7553 5637 7554 4370 7555 5822 7553 4370 7555 5823 7556 5822 7553 5823 7556 1598 1598 5822 7553 1572 1572 5824 7557 5822 7553 5824 7557 4333 7558 5822 7553 4333 7558 5637 7554 5825 7559 4334 7560 4333 7558 5825 7559 4333 7558 5824 7557 5825 7559 5824 7557 1572 1572 5825 7559 1570 1570 5800 7504 5825 7559 5800 7504 4335 7503 5825 7559 4335 7503 4334 7560 2954 3801 5827 7564 1601 1601 5826 7561 5643 7562 4376 7563 5826 7561 4376 7563 5827 7564 5826 7561 5827 7564 2954 3801 5826 7561 2954 3801 1578 1578 5826 7561 1578 1578 5828 7565 5826 7561 5828 7565 4339 7566 5826 7561 4339 7566 5643 7562 5829 7567 4340 7568 4339 7566 5829 7567 4339 7566 5828 7565 5829 7567 5828 7565 1578 1578 5829 7567 5803 7511 4341 7510 5829 7567 4341 7510 4340 7568 5830 7569 5831 7572 1603 1603 5830 7569 1603 1603 2958 3809 5830 7569 2958 3809 1583 1583 5830 7569 5648 7570 4382 7571 5830 7569 4382 7571 5831 7572 5830 7569 1583 1583 5832 7573 5830 7569 5832 7573 4344 7574 5830 7569 4344 7574 5648 7570 5833 7575 4345 7576 4344 7574 5833 7575 4344 7574 5832 7573 5833 7575 5832 7573 1583 1583 5833 7575 4499 5391 4346 7577 5833 7575 4346 7577 4345 7576 5834 7578 1607 1607 2962 3818 5834 7578 2962 3818 1586 1586 5834 7578 5652 7579 4388 7580 5834 7578 4388 7580 5835 7581 5834 7578 5835 7581 1607 1607 5834 7578 1586 1586 5836 7582 5834 7578 5836 7582 4351 7583 5834 7578 4351 7583 5652 7579 5837 7584 4352 7585 4351 7583 5837 7584 4351 7583 5836 7582 5837 7584 5836 7582 1586 1586 5837 7584 1584 1584 5813 7534 5837 7584 5813 7534 4353 7533 5837 7584 4353 7533 4352 7585 2967 3827 5839 7589 1611 1611 5838 7586 5657 7587 4394 7588 5838 7586 4394 7588 5839 7589 5838 7586 5839 7589 2967 3827 5838 7586 2967 3827 1591 1591 5838 7586 1591 1591 5840 7590 5838 7586 5840 7590 4357 7591 5838 7586 4357 7591 5657 7587 5841 7592 4358 7593 4357 7591 5841 7592 4357 7591 5840 7590 5841 7592 5840 7590 1591 1591 5841 7592 5816 7541 4359 7540 5841 7592 4359 7540 4358 7593 2971 3835 5843 7597 1614 1614 2971 3835 1596 1596 4501 5393 5842 7594 5661 7595 4400 7596 5842 7594 4400 7596 5843 7597 5842 7594 5843 7597 2971 3835 5842 7594 2971 3835 4501 5393 5842 7594 4501 5393 4362 7598 5842 7594 4362 7598 5661 7595 4500 5392 4363 7599 4362 7598 4500 5392 4362 7598 4501 5393 4500 5392 5820 7600 4364 7601 4500 5392 4364 7601 4363 7599 2975 3845 4504 5396 1618 1618 5844 7602 5666 7603 4406 7604 5844 7602 4406 7604 5845 7605 5844 7602 5845 7605 4504 5396 5844 7602 4504 5396 2975 3845 5844 7602 2975 3845 1600 1600 5844 7602 1600 1600 5846 7606 5844 7602 5846 7606 4368 7607 5844 7602 4368 7607 5666 7603 5847 7608 4369 7609 4368 7607 5847 7608 4368 7607 5846 7606 5847 7608 5846 7606 1600 1600 5847 7608 1600 1600 1599 1599 5847 7608 1599 1599 1598 1598 5847 7608 1598 1598 5823 7556 5847 7608 5823 7556 4370 7555 5847 7608 4370 7555 4369 7609 5848 7610 1313 1313 2979 3853 5848 7610 2979 3853 1602 1602 5848 7610 5671 7611 4412 7131 5848 7610 4412 7131 5606 7130 5848 7610 5606 7130 1313 1313 5848 7610 4374 7612 5671 7611 5849 7613 4375 7614 4374 7612 5849 7613 4374 7612 5848 7610 5849 7613 5848 7610 1602 1602 5849 7613 1602 1602 5827 7564 5849 7613 5827 7564 4376 7563 5849 7613 4376 7563 4375 7614 5850 7615 5762 7415 1510 1510 5850 7615 1510 1510 2982 3859 5850 7615 2982 3859 1605 1605 5850 7615 5676 7616 4418 7416 5850 7615 4418 7416 5762 7415 5850 7615 1605 1605 5851 7617 5850 7615 5851 7617 4380 7618 5850 7615 4380 7618 5676 7616 5852 7619 4381 7620 4380 7618 5852 7619 4380 7618 5851 7617 5852 7619 5851 7617 1605 1605 5852 7619 5831 7572 4382 7571 5852 7619 4382 7571 4381 7620 2986 3866 5767 7425 1513 1513 5853 7621 5681 7622 4425 7426 5853 7621 4425 7426 5767 7425 5853 7621 5767 7425 2986 3866 5853 7621 2986 3866 1609 1609 5853 7621 1609 1609 5854 7623 5853 7621 5854 7623 4386 7624 5853 7621 4386 7624 5681 7622 5855 7625 4387 7626 4386 7624 5855 7625 4386 7624 5854 7623 5855 7625 5854 7623 1609 1609 5855 7625 1609 1609 1608 1608 5855 7625 1608 1608 1607 1607 5855 7625 1607 1607 5835 7581 5855 7625 5835 7581 4388 7580 5855 7625 4388 7580 4387 7626 4502 5394 5771 7434 1516 1516 4502 5394 1516 1516 2989 3872 4502 5394 2989 3872 1612 1612 4502 5394 5686 7627 4430 7435 4502 5394 4430 7435 5771 7434 4502 5394 4392 7628 5686 7627 5856 7629 4393 7630 4392 7628 5856 7629 4392 7628 4502 5394 5856 7629 4502 5394 1612 1612 5856 7629 1612 1612 5839 7589 5856 7629 5839 7589 4394 7588 5856 7629 4394 7588 4393 7630 1616 1616 5776 7444 1519 1519 5857 7631 5692 7632 4437 7445 5857 7631 4437 7445 5776 7444 5857 7631 5776 7444 1616 1616 5857 7631 1616 1616 4503 5395 5857 7631 4503 5395 4398 7633 5857 7631 4398 7633 5692 7632 4503 5395 4399 7634 4398 7633 4503 5395 5843 7597 4400 7596 4503 5395 4400 7596 4399 7634 2992 3881 1620 1620 5859 7637 5858 7635 5697 7636 4443 7454 5858 7635 4443 7454 5780 7453 5858 7635 5780 7453 1523 1523 5858 7635 1523 1523 2992 3881 5858 7635 2992 3881 5859 7637 5858 7635 5859 7637 4404 7638 5858 7635 4404 7638 5697 7636 5860 7639 4405 7640 4404 7638 5860 7639 4404 7638 5859 7637 5860 7639 4504 5396 5845 7605 5860 7639 5845 7605 4406 7604 5860 7639 4406 7604 4405 7640</p>
                </triangles>
            </mesh>
        </geometry>
        <geometry id="NODE7-lib" name="NODE7Mesh">
            <mesh>
                <source id="NODE7-lib-positions">
                    <float_array id="NODE7-lib-positions-array" count="60">-0.08038 0.06209 0.06607 -0.05789 0.0695 0.05899 -0.00824 0.0695 -0.02642 -0.01424 0.06209 -0.05749 0.05789 0.0695 0.05899 0.00824 0.0695 -0.02642 0.08561 -0.06275 0.06519 0.05711 -0.06947 0.05841 0.00813 -0.06947 -0.02585 0.01424 -0.06275 -0.05749 -0.00813 -0.06947 -0.02585 -0.05711 -0.06947 0.05841 0.01424 0.06209 -0.05749 0.08561 0.06209 0.06519 -0.08038 -0.06275 0.06607 -0.08038 -0 0.06607 -0.01424 0 -0.05749 -0.01424 -0.06275 -0.05749 0.08561 -0 0.06519 0.01424 0 -0.05749</float_array>
                    <technique_common>
                        <accessor count="20" source="#NODE7-lib-positions-array" stride="3">
                            <param name="X" type="float" />
                            <param name="Y" type="float" />
                            <param name="Z" type="float" />
                        </accessor>
                    </technique_common>
                </source>
                <vertices id="NODE7-lib-vertices">
                    <input semantic="POSITION" source="#NODE7-lib-positions" />
                </vertices>
                <triangles count="36" material="MAT2">
                    <input offset="0" semantic="VERTEX" source="#NODE7-lib-vertices" set="0" />
                    <p>0 1 2 0 2 3 1 4 5 1 5 2 6 7 8 6 8 9 10 8 7 10 7 11 3 2 5 3 5 12 13 4 1 13 1 0 14 15 16 14 16 17 13 18 19 13 19 12 17 16 19 17 19 9 6 18 15 6 15 14 15 0 3 15 3 16 18 6 9 18 9 19 16 3 12 16 12 19 18 13 0 18 0 15 17 10 11 17 11 14 4 13 12 4 12 5 10 17 9 10 9 8 7 6 14 7 14 11</p>
                </triangles>
            </mesh>
        </geometry>
        <geometry id="NODE9-lib" name="NODE9Mesh">
            <mesh>
                <source id="NODE9-lib-positions">
                    <float_array id="NODE9-lib-positions-array" count="72">-0.0114 0.20325 -0.0169 -0.0114 0.05033 -0.0169 -0.08499 0.05033 0.09589 -0.08499 0.20325 0.09589 -0.05773 0.05033 0.09538 -0.05773 0.20325 0.09538 0.08587 0.20325 0.09589 0.08587 0.05033 0.09589 0.0114 0.05033 -0.0169 0.0114 0.20325 -0.0169 0.05861 0.20325 0.09538 0.05861 0.05033 0.09538 0.00752 0.05033 0.01102 -0.00752 0.05033 0.01102 0.00752 0.20325 0.01102 -0.00752 0.20325 0.01102 -0.00752 0.19775 0.01335 0.00752 0.19775 0.01335 -0.00752 0.05583 0.01335 -0.05283 0.05583 0.08722 0.00752 0.05583 0.01335 -0.05283 0.19775 0.08722 0.05283 0.19775 0.08722 0.05283 0.05583 0.08722</float_array>
                    <technique_common>
                        <accessor count="24" source="#NODE9-lib-positions-array" stride="3">
                            <param name="X" type="float" />
                            <param name="Y" type="float" />
                            <param name="Z" type="float" />
                        </accessor>
                    </technique_common>
                </source>
                <vertices id="NODE9-lib-vertices">
                    <input semantic="POSITION" source="#NODE9-lib-positions" />
                </vertices>
                <triangles count="44" material="MAT2">
                    <input offset="0" semantic="VERTEX" source="#NODE9-lib-vertices" set="0" />
                    <p>0 1 2 0 2 3 3 2 4 3 4 5 6 7 8 6 8 9 7 6 10 7 10 11 1 0 9 1 9 8 1 8 12 1 12 13 14 15 16 14 16 17 4 13 18 4 18 19 13 12 20 13 20 18 2 1 13 2 13 4 9 0 15 9 15 14 6 9 14 6 14 10 8 7 11 8 11 12 0 3 5 0 5 15 21 22 17 21 17 16 23 19 18 23 18 20 23 22 21 23 21 19 15 5 21 15 21 16 10 14 17 10 17 22 12 11 23 12 23 20 5 4 19 5 19 21 11 10 22 11 22 23</p>
                </triangles>
            </mesh>
        </geometry>
        <geometry id="NODE11-lib" name="NODE11Mesh">
            <mesh>
                <source id="NODE11-lib-positions">
                    <float_array id="NODE11-lib-positions-array" count="168">-0.05426 0.19775 0.09116 0.05426 0.19775 0.09116 0.00752 0.19775 0.01335 -0.00752 0.19775 0.01335 -0.00752 0.05583 0.01335 0.00752 0.05583 0.01335 0.05426 0.05583 0.09116 -0.05426 0.05583 0.09116 -0.10463 0.0573 0.05025 -0.10463 0.19507 0.05025 -0.09658 0.19507 0.04355 -0.09658 0.0573 0.04355 0.10463 0.19507 0.05025 0.09593 0.19507 0.04355 0.10463 0.0573 0.05025 0.09593 0.0573 0.04355 -0.09199 0.05665 0.03874 -0.09199 0.19572 0.03874 -0.08491 0.19572 0.03285 -0.08491 0.05665 0.03285 0.09195 0.19572 0.03874 0.0843 0.19572 0.03285 0.09195 0.05665 0.03874 0.0843 0.05665 0.03285 -0.07904 0.0573 0.02772 -0.07904 0.19507 0.02772 -0.07165 0.19507 0.02102 -0.07165 0.0573 0.02102 0.07896 0.19507 0.02772 0.07109 0.19507 0.02102 0.07896 0.0573 0.02772 0.07109 0.0573 0.02102 -0.06679 0.05665 0.01621 -0.06679 0.19572 0.01621 -0.05965 0.19572 0.01032 -0.05965 0.05665 0.01032 0.06784 0.19572 0.01621 0.06066 0.19572 0.01032 0.06784 0.05665 0.01621 0.06066 0.05665 0.01032 -0.05569 0.0573 0.00515 -0.05569 0.19507 0.00515 -0.04748 0.19507 -0.00154 -0.04748 0.0573 -0.00154 0.05631 0.19507 0.00515 0.04737 0.19507 -0.00154 0.05631 0.0573 0.00515 0.04737 0.0573 -0.00154 -0.04423 0.05665 -0.00636 -0.04423 0.19572 -0.00636 -0.03732 0.19572 -0.01225 -0.03732 0.05665 -0.01225 0.04329 0.19572 -0.00636 0.03569 0.19572 -0.01225 0.04329 0.05665 -0.00636 0.03569 0.05665 -0.01225</float_array>
                    <technique_common>
                        <accessor count="56" source="#NODE11-lib-positions-array" stride="3">
                            <param name="X" type="float" />
                            <param name="Y" type="float" />
                            <param name="Z" type="float" />
                        </accessor>
                    </technique_common>
                </source>
                <vertices id="NODE11-lib-vertices">
                    <input semantic="POSITION" source="#NODE11-lib-positions" />
                </vertices>
                <triangles count="78" material="MAT1">
                    <input offset="0" semantic="VERTEX" source="#NODE11-lib-vertices" set="0" />
                    <p>0 1 2 0 2 3 4 5 6 4 6 7 6 1 0 6 0 7 8 9 10 8 10 11 9 12 13 9 13 10 12 14 15 12 15 13 14 8 11 14 11 15 11 10 13 11 13 15 14 12 9 14 9 8 16 17 18 16 18 19 17 20 21 17 21 18 20 22 23 20 23 21 22 16 19 22 19 23 19 18 21 19 21 23 22 20 17 22 17 16 24 25 26 24 26 27 25 28 29 25 29 26 28 30 31 28 31 29 30 24 27 30 27 31 27 26 29 27 29 31 30 28 25 30 25 24 32 33 34 32 34 35 33 36 37 33 37 34 36 38 39 36 39 37 38 32 35 38 35 39 35 34 37 35 37 39 38 36 33 38 33 32 40 41 42 40 42 43 41 44 45 41 45 42 44 46 47 44 47 45 46 40 43 46 43 47 43 42 45 43 45 47 46 44 41 46 41 40 48 49 50 48 50 51 49 52 53 49 53 50 52 54 55 52 55 53 54 48 51 54 51 55 51 50 53 51 53 55 54 52 49 54 49 48</p>
                </triangles>
            </mesh>
        </geometry>
        <geometry id="NODE12-lib" name="NODE12Mesh">
            <mesh>
                <source id="NODE12-lib-positions">
                    <float_array id="NODE12-lib-positions-array" count="120">-0.20154 0.07112 0.98736 -0.20154 -0.07407 0.98736 -0.19274 -0.07407 0.99058 -0.19274 0.07112 0.99058 -0.07961 0.07112 1.02544 -0.0419 0.07112 1.03267 -0.03122 0.07112 0.99176 -0.0738 0.07112 0.99066 -0.0419 -0.07407 1.03267 -0.03122 -0.07407 0.99176 -0.15896 -0.07407 0.98846 -0.15503 -0.07407 1.00483 -0.0738 -0.07407 0.99066 -0.15503 0.07112 1.00483 -0.11732 0.07112 1.01558 -0.11638 0.07112 0.98956 -0.15896 0.07112 0.98846 -0.07961 -0.07407 1.02544 -0.11732 -0.07407 1.01558 -0.11638 -0.07407 0.98956 0.19274 -0.07407 0.99058 0.20154 -0.07407 0.98736 0.20154 0.07112 0.98736 0.19274 0.07112 0.99058 0.07961 0.07112 1.02544 0.0738 0.07112 0.99066 0.03122 0.07112 0.99176 0.0419 0.07112 1.03267 0.03122 -0.07407 0.99176 0.0419 -0.07407 1.03267 0.15503 -0.07407 1.00483 0.15896 -0.07407 0.98846 0.0738 -0.07407 0.99066 0.15503 0.07112 1.00483 0.15896 0.07112 0.98846 0.11638 0.07112 0.98956 0.11732 0.07112 1.01558 0.07961 -0.07407 1.02544 0.11638 -0.07407 0.98956 0.11732 -0.07407 1.01558</float_array>
                    <technique_common>
                        <accessor count="40" source="#NODE12-lib-positions-array" stride="3">
                            <param name="X" type="float" />
                            <param name="Y" type="float" />
                            <param name="Z" type="float" />
                        </accessor>
                    </technique_common>
                </source>
                <vertices id="NODE12-lib-vertices">
                    <input semantic="POSITION" source="#NODE12-lib-positions" />
                </vertices>
                <triangles count="72" material="MAT2">
                    <input offset="0" semantic="VERTEX" source="#NODE12-lib-vertices" set="0" />
                    <p>0 1 2 0 2 3 4 5 6 4 6 7 5 8 9 5 9 6 1 10 11 1 11 2 12 7 6 12 6 9 11 13 3 11 3 2 13 14 15 13 15 16 17 18 19 17 19 12 10 16 15 10 15 19 17 4 14 17 14 18 18 11 10 18 10 19 18 14 13 18 13 11 3 13 16 3 16 0 1 0 16 1 16 10 14 4 7 14 7 15 19 15 7 19 7 12 8 17 12 8 12 9 8 5 4 8 4 17 20 21 22 20 22 23 24 25 26 24 26 27 27 26 28 27 28 29 30 31 21 30 21 20 32 28 26 32 26 25 30 20 23 30 23 33 33 34 35 33 35 36 37 32 38 37 38 39 31 38 35 31 35 34 37 39 36 37 36 24 39 38 31 39 31 30 39 30 33 39 33 36 23 22 34 23 34 33 21 31 34 21 34 22 36 35 25 36 25 24 38 32 25 38 25 35 29 28 32 29 32 37 29 37 24 29 24 27</p>
                </triangles>
            </mesh>
        </geometry>
        <geometry id="NODE15-lib" name="NODE15Mesh">
            <mesh>
                <source id="NODE15-lib-positions">
                    <float_array id="NODE15-lib-positions-array" count="60">-0.08038 0.06209 0.06607 -0.05789 0.0695 0.05899 -0.00824 0.0695 -0.02642 -0.01424 0.06209 -0.05749 0.05789 0.0695 0.05899 0.00824 0.0695 -0.02642 0.08561 -0.06275 0.06519 0.05711 -0.06947 0.05841 0.00813 -0.06947 -0.02585 0.01424 -0.06275 -0.05749 -0.00813 -0.06947 -0.02585 -0.05711 -0.06947 0.05841 0.01424 0.06209 -0.05749 0.08561 0.06209 0.06519 -0.08038 -0.06275 0.06607 -0.08038 -0 0.06607 -0.01424 0 -0.05749 -0.01424 -0.06275 -0.05749 0.08561 -0 0.06519 0.01424 0 -0.05749</float_array>
                    <technique_common>
                        <accessor count="20" source="#NODE15-lib-positions-array" stride="3">
                            <param name="X" type="float" />
                            <param name="Y" type="float" />
                            <param name="Z" type="float" />
                        </accessor>
                    </technique_common>
                </source>
                <vertices id="NODE15-lib-vertices">
                    <input semantic="POSITION" source="#NODE15-lib-positions" />
                </vertices>
                <triangles count="36" material="MAT2">
                    <input offset="0" semantic="VERTEX" source="#NODE15-lib-vertices" set="0" />
                    <p>0 1 2 0 2 3 1 4 5 1 5 2 6 7 8 6 8 9 10 8 7 10 7 11 3 2 5 3 5 12 13 4 1 13 1 0 14 15 16 14 16 17 13 18 19 13 19 12 17 16 19 17 19 9 6 18 15 6 15 14 15 0 3 15 3 16 18 6 9 18 9 19 16 3 12 16 12 19 18 13 0 18 0 15 17 10 11 17 11 14 4 13 12 4 12 5 10 17 9 10 9 8 7 6 14 7 14 11</p>
                </triangles>
            </mesh>
        </geometry>
        <geometry id="NODE17-lib" name="NODE17Mesh">
            <mesh>
                <source id="NODE17-lib-positions">
                    <float_array id="NODE17-lib-positions-array" count="72">-0.0114 0.20325 -0.0169 -0.0114 0.05033 -0.0169 -0.08499 0.05033 0.09589 -0.08499 0.20325 0.09589 -0.05773 0.05033 0.09538 -0.05773 0.20325 0.09538 0.08587 0.20325 0.09589 0.08587 0.05033 0.09589 0.0114 0.05033 -0.0169 0.0114 0.20325 -0.0169 0.05861 0.20325 0.09538 0.05861 0.05033 0.09538 0.00752 0.05033 0.01102 -0.00752 0.05033 0.01102 0.00752 0.20325 0.01102 -0.00752 0.20325 0.01102 -0.00752 0.19775 0.01335 0.00752 0.19775 0.01335 -0.00752 0.05583 0.01335 -0.05283 0.05583 0.08722 0.00752 0.05583 0.01335 -0.05283 0.19775 0.08722 0.05283 0.19775 0.08722 0.05283 0.05583 0.08722</float_array>
                    <technique_common>
                        <accessor count="24" source="#NODE17-lib-positions-array" stride="3">
                            <param name="X" type="float" />
                            <param name="Y" type="float" />
                            <param name="Z" type="float" />
                        </accessor>
                    </technique_common>
                </source>
                <vertices id="NODE17-lib-vertices">
                    <input semantic="POSITION" source="#NODE17-lib-positions" />
                </vertices>
                <triangles count="44" material="MAT2">
                    <input offset="0" semantic="VERTEX" source="#NODE17-lib-vertices" set="0" />
                    <p>0 1 2 0 2 3 3 2 4 3 4 5 6 7 8 6 8 9 7 6 10 7 10 11 1 0 9 1 9 8 1 8 12 1 12 13 14 15 16 14 16 17 4 13 18 4 18 19 13 12 20 13 20 18 2 1 13 2 13 4 9 0 15 9 15 14 6 9 14 6 14 10 8 7 11 8 11 12 0 3 5 0 5 15 21 22 17 21 17 16 23 19 18 23 18 20 23 22 21 23 21 19 15 5 21 15 21 16 10 14 17 10 17 22 12 11 23 12 23 20 5 4 19 5 19 21 11 10 22 11 22 23</p>
                </triangles>
            </mesh>
        </geometry>
        <geometry id="NODE19-lib" name="NODE19Mesh">
            <mesh>
                <source id="NODE19-lib-positions">
                    <float_array id="NODE19-lib-positions-array" count="168">-0.05426 0.19775 0.09116 0.05426 0.19775 0.09116 0.00752 0.19775 0.01335 -0.00752 0.19775 0.01335 -0.00752 0.05583 0.01335 0.00752 0.05583 0.01335 0.05426 0.05583 0.09116 -0.05426 0.05583 0.09116 -0.10463 0.0573 0.05025 -0.10463 0.19507 0.05025 -0.09658 0.19507 0.04355 -0.09658 0.0573 0.04355 0.10463 0.19507 0.05025 0.09593 0.19507 0.04355 0.10463 0.0573 0.05025 0.09593 0.0573 0.04355 -0.09199 0.05665 0.03874 -0.09199 0.19572 0.03874 -0.08491 0.19572 0.03285 -0.08491 0.05665 0.03285 0.09195 0.19572 0.03874 0.0843 0.19572 0.03285 0.09195 0.05665 0.03874 0.0843 0.05665 0.03285 -0.07904 0.0573 0.02772 -0.07904 0.19507 0.02772 -0.07165 0.19507 0.02102 -0.07165 0.0573 0.02102 0.07896 0.19507 0.02772 0.07109 0.19507 0.02102 0.07896 0.0573 0.02772 0.07109 0.0573 0.02102 -0.06679 0.05665 0.01621 -0.06679 0.19572 0.01621 -0.05965 0.19572 0.01032 -0.05965 0.05665 0.01032 0.06784 0.19572 0.01621 0.06066 0.19572 0.01032 0.06784 0.05665 0.01621 0.06066 0.05665 0.01032 -0.05569 0.0573 0.00515 -0.05569 0.19507 0.00515 -0.04748 0.19507 -0.00154 -0.04748 0.0573 -0.00154 0.05631 0.19507 0.00515 0.04737 0.19507 -0.00154 0.05631 0.0573 0.00515 0.04737 0.0573 -0.00154 -0.04423 0.05665 -0.00636 -0.04423 0.19572 -0.00636 -0.03732 0.19572 -0.01225 -0.03732 0.05665 -0.01225 0.04329 0.19572 -0.00636 0.03569 0.19572 -0.01225 0.04329 0.05665 -0.00636 0.03569 0.05665 -0.01225</float_array>
                    <technique_common>
                        <accessor count="56" source="#NODE19-lib-positions-array" stride="3">
                            <param name="X" type="float" />
                            <param name="Y" type="float" />
                            <param name="Z" type="float" />
                        </accessor>
                    </technique_common>
                </source>
                <vertices id="NODE19-lib-vertices">
                    <input semantic="POSITION" source="#NODE19-lib-positions" />
                </vertices>
                <triangles count="78" material="MAT1">
                    <input offset="0" semantic="VERTEX" source="#NODE19-lib-vertices" set="0" />
                    <p>0 1 2 0 2 3 4 5 6 4 6 7 6 1 0 6 0 7 8 9 10 8 10 11 9 12 13 9 13 10 12 14 15 12 15 13 14 8 11 14 11 15 11 10 13 11 13 15 14 12 9 14 9 8 16 17 18 16 18 19 17 20 21 17 21 18 20 22 23 20 23 21 22 16 19 22 19 23 19 18 21 19 21 23 22 20 17 22 17 16 24 25 26 24 26 27 25 28 29 25 29 26 28 30 31 28 31 29 30 24 27 30 27 31 27 26 29 27 29 31 30 28 25 30 25 24 32 33 34 32 34 35 33 36 37 33 37 34 36 38 39 36 39 37 38 32 35 38 35 39 35 34 37 35 37 39 38 36 33 38 33 32 40 41 42 40 42 43 41 44 45 41 45 42 44 46 47 44 47 45 46 40 43 46 43 47 43 42 45 43 45 47 46 44 41 46 41 40 48 49 50 48 50 51 49 52 53 49 53 50 52 54 55 52 55 53 54 48 51 54 51 55 51 50 53 51 53 55 54 52 49 54 49 48</p>
                </triangles>
            </mesh>
        </geometry>
        <geometry id="NODE20-lib" name="NODE20Mesh">
            <mesh>
                <source id="NODE20-lib-positions">
                    <float_array id="NODE20-lib-positions-array" count="120">-0.20154 0.07112 0.98736 -0.20154 -0.07407 0.98736 -0.19274 -0.07407 0.99058 -0.19274 0.07112 0.99058 -0.07961 0.07112 1.02544 -0.0419 0.07112 1.03267 -0.03122 0.07112 0.99176 -0.0738 0.07112 0.99066 -0.0419 -0.07407 1.03267 -0.03122 -0.07407 0.99176 -0.15896 -0.07407 0.98846 -0.15503 -0.07407 1.00483 -0.0738 -0.07407 0.99066 -0.15503 0.07112 1.00483 -0.11732 0.07112 1.01558 -0.11638 0.07112 0.98956 -0.15896 0.07112 0.98846 -0.07961 -0.07407 1.02544 -0.11732 -0.07407 1.01558 -0.11638 -0.07407 0.98956 0.19274 -0.07407 0.99058 0.20154 -0.07407 0.98736 0.20154 0.07112 0.98736 0.19274 0.07112 0.99058 0.07961 0.07112 1.02544 0.0738 0.07112 0.99066 0.03122 0.07112 0.99176 0.0419 0.07112 1.03267 0.03122 -0.07407 0.99176 0.0419 -0.07407 1.03267 0.15503 -0.07407 1.00483 0.15896 -0.07407 0.98846 0.0738 -0.07407 0.99066 0.15503 0.07112 1.00483 0.15896 0.07112 0.98846 0.11638 0.07112 0.98956 0.11732 0.07112 1.01558 0.07961 -0.07407 1.02544 0.11638 -0.07407 0.98956 0.11732 -0.07407 1.01558</float_array>
                    <technique_common>
                        <accessor count="40" source="#NODE20-lib-positions-array" stride="3">
                            <param name="X" type="float" />
                            <param name="Y" type="float" />
                            <param name="Z" type="float" />
                        </accessor>
                    </technique_common>
                </source>
                <vertices id="NODE20-lib-vertices">
                    <input semantic="POSITION" source="#NODE20-lib-positions" />
                </vertices>
                <triangles count="72" material="MAT2">
                    <input offset="0" semantic="VERTEX" source="#NODE20-lib-vertices" set="0" />
                    <p>0 1 2 0 2 3 4 5 6 4 6 7 5 8 9 5 9 6 1 10 11 1 11 2 12 7 6 12 6 9 11 13 3 11 3 2 13 14 15 13 15 16 17 18 19 17 19 12 10 16 15 10 15 19 17 4 14 17 14 18 18 11 10 18 10 19 18 14 13 18 13 11 3 13 16 3 16 0 1 0 16 1 16 10 14 4 7 14 7 15 19 15 7 19 7 12 8 17 12 8 12 9 8 5 4 8 4 17 20 21 22 20 22 23 24 25 26 24 26 27 27 26 28 27 28 29 30 31 21 30 21 20 32 28 26 32 26 25 30 20 23 30 23 33 33 34 35 33 35 36 37 32 38 37 38 39 31 38 35 31 35 34 37 39 36 37 36 24 39 38 31 39 31 30 39 30 33 39 33 36 23 22 34 23 34 33 21 31 34 21 34 22 36 35 25 36 25 24 38 32 25 38 25 35 29 28 32 29 32 37 29 37 24 29 24 27</p>
                </triangles>
            </mesh>
        </geometry>
        <geometry id="NODE23-lib" name="NODE23Mesh">
            <mesh>
                <source id="NODE23-lib-positions">
                    <float_array id="NODE23-lib-positions-array" count="168">-0.05426 0.19775 0.09116 0.05426 0.19775 0.09116 0.00752 0.19775 0.01335 -0.00752 0.19775 0.01335 -0.00752 0.05583 0.01335 0.00752 0.05583 0.01335 0.05426 0.05583 0.09116 -0.05426 0.05583 0.09116 -0.10463 0.0573 0.05025 -0.10463 0.19507 0.05025 -0.09658 0.19507 0.04355 -0.09658 0.0573 0.04355 0.10463 0.19507 0.05025 0.09593 0.19507 0.04355 0.10463 0.0573 0.05025 0.09593 0.0573 0.04355 -0.09199 0.05665 0.03874 -0.09199 0.19572 0.03874 -0.08491 0.19572 0.03285 -0.08491 0.05665 0.03285 0.09195 0.19572 0.03874 0.0843 0.19572 0.03285 0.09195 0.05665 0.03874 0.0843 0.05665 0.03285 -0.07904 0.0573 0.02772 -0.07904 0.19507 0.02772 -0.07165 0.19507 0.02102 -0.07165 0.0573 0.02102 0.07896 0.19507 0.02772 0.07109 0.19507 0.02102 0.07896 0.0573 0.02772 0.07109 0.0573 0.02102 -0.06679 0.05665 0.01621 -0.06679 0.19572 0.01621 -0.05965 0.19572 0.01032 -0.05965 0.05665 0.01032 0.06784 0.19572 0.01621 0.06066 0.19572 0.01032 0.06784 0.05665 0.01621 0.06066 0.05665 0.01032 -0.05569 0.0573 0.00515 -0.05569 0.19507 0.00515 -0.04748 0.19507 -0.00154 -0.04748 0.0573 -0.00154 0.05631 0.19507 0.00515 0.04737 0.19507 -0.00154 0.05631 0.0573 0.00515 0.04737 0.0573 -0.00154 -0.04423 0.05665 -0.00636 -0.04423 0.19572 -0.00636 -0.03732 0.19572 -0.01225 -0.03732 0.05665 -0.01225 0.04329 0.19572 -0.00636 0.03569 0.19572 -0.01225 0.04329 0.05665 -0.00636 0.03569 0.05665 -0.01225</float_array>
                    <technique_common>
                        <accessor count="56" source="#NODE23-lib-positions-array" stride="3">
                            <param name="X" type="float" />
                            <param name="Y" type="float" />
                            <param name="Z" type="float" />
                        </accessor>
                    </technique_common>
                </source>
                <vertices id="NODE23-lib-vertices">
                    <input semantic="POSITION" source="#NODE23-lib-positions" />
                </vertices>
                <triangles count="78" material="MAT1">
                    <input offset="0" semantic="VERTEX" source="#NODE23-lib-vertices" set="0" />
                    <p>0 1 2 0 2 3 4 5 6 4 6 7 6 1 0 6 0 7 8 9 10 8 10 11 9 12 13 9 13 10 12 14 15 12 15 13 14 8 11 14 11 15 11 10 13 11 13 15 14 12 9 14 9 8 16 17 18 16 18 19 17 20 21 17 21 18 20 22 23 20 23 21 22 16 19 22 19 23 19 18 21 19 21 23 22 20 17 22 17 16 24 25 26 24 26 27 25 28 29 25 29 26 28 30 31 28 31 29 30 24 27 30 27 31 27 26 29 27 29 31 30 28 25 30 25 24 32 33 34 32 34 35 33 36 37 33 37 34 36 38 39 36 39 37 38 32 35 38 35 39 35 34 37 35 37 39 38 36 33 38 33 32 40 41 42 40 42 43 41 44 45 41 45 42 44 46 47 44 47 45 46 40 43 46 43 47 43 42 45 43 45 47 46 44 41 46 41 40 48 49 50 48 50 51 49 52 53 49 53 50 52 54 55 52 55 53 54 48 51 54 51 55 51 50 53 51 53 55 54 52 49 54 49 48</p>
                </triangles>
            </mesh>
        </geometry>
        <geometry id="NODE25-lib" name="NODE25Mesh">
            <mesh>
                <source id="NODE25-lib-positions">
                    <float_array id="NODE25-lib-positions-array" count="72">-0.0114 0.20325 -0.0169 -0.0114 0.05033 -0.0169 -0.08499 0.05033 0.09589 -0.08499 0.20325 0.09589 -0.05773 0.05033 0.09538 -0.05773 0.20325 0.09538 0.08587 0.20325 0.09589 0.08587 0.05033 0.09589 0.0114 0.05033 -0.0169 0.0114 0.20325 -0.0169 0.05861 0.20325 0.09538 0.05861 0.05033 0.09538 0.00752 0.05033 0.01102 -0.00752 0.05033 0.01102 0.00752 0.20325 0.01102 -0.00752 0.20325 0.01102 -0.00752 0.19775 0.01335 0.00752 0.19775 0.01335 -0.00752 0.05583 0.01335 -0.05283 0.05583 0.08722 0.00752 0.05583 0.01335 -0.05283 0.19775 0.08722 0.05283 0.19775 0.08722 0.05283 0.05583 0.08722</float_array>
                    <technique_common>
                        <accessor count="24" source="#NODE25-lib-positions-array" stride="3">
                            <param name="X" type="float" />
                            <param name="Y" type="float" />
                            <param name="Z" type="float" />
                        </accessor>
                    </technique_common>
                </source>
                <vertices id="NODE25-lib-vertices">
                    <input semantic="POSITION" source="#NODE25-lib-positions" />
                </vertices>
                <triangles count="44" material="MAT2">
                    <input offset="0" semantic="VERTEX" source="#NODE25-lib-vertices" set="0" />
                    <p>0 1 2 0 2 3 3 2 4 3 4 5 6 7 8 6 8 9 7 6 10 7 10 11 1 0 9 1 9 8 1 8 12 1 12 13 14 15 16 14 16 17 4 13 18 4 18 19 13 12 20 13 20 18 2 1 13 2 13 4 9 0 15 9 15 14 6 9 14 6 14 10 8 7 11 8 11 12 0 3 5 0 5 15 21 22 17 21 17 16 23 19 18 23 18 20 23 22 21 23 21 19 15 5 21 15 21 16 10 14 17 10 17 22 12 11 23 12 23 20 5 4 19 5 19 21 11 10 22 11 22 23</p>
                </triangles>
            </mesh>
        </geometry>
        <geometry id="NODE27-lib" name="NODE27Mesh">
            <mesh>
                <source id="NODE27-lib-positions">
                    <float_array id="NODE27-lib-positions-array" count="60">-0.08038 0.06209 0.06607 -0.05789 0.0695 0.05899 -0.00824 0.0695 -0.02642 -0.01424 0.06209 -0.05749 0.05789 0.0695 0.05899 0.00824 0.0695 -0.02642 0.08561 -0.06275 0.06519 0.05711 -0.06947 0.05841 0.00813 -0.06947 -0.02585 0.01424 -0.06275 -0.05749 -0.00813 -0.06947 -0.02585 -0.05711 -0.06947 0.05841 0.01424 0.06209 -0.05749 0.08561 0.06209 0.06519 -0.08038 -0.06275 0.06607 -0.08038 -0 0.06607 -0.01424 0 -0.05749 -0.01424 -0.06275 -0.05749 0.08561 -0 0.06519 0.01424 0 -0.05749</float_array>
                    <technique_common>
                        <accessor count="20" source="#NODE27-lib-positions-array" stride="3">
                            <param name="X" type="float" />
                            <param name="Y" type="float" />
                            <param name="Z" type="float" />
                        </accessor>
                    </technique_common>
                </source>
                <vertices id="NODE27-lib-vertices">
                    <input semantic="POSITION" source="#NODE27-lib-positions" />
                </vertices>
                <triangles count="36" material="MAT2">
                    <input offset="0" semantic="VERTEX" source="#NODE27-lib-vertices" set="0" />
                    <p>0 1 2 0 2 3 1 4 5 1 5 2 6 7 8 6 8 9 10 8 7 10 7 11 3 2 5 3 5 12 13 4 1 13 1 0 14 15 16 14 16 17 13 18 19 13 19 12 17 16 19 17 19 9 6 18 15 6 15 14 15 0 3 15 3 16 18 6 9 18 9 19 16 3 12 16 12 19 18 13 0 18 0 15 17 10 11 17 11 14 4 13 12 4 12 5 10 17 9 10 9 8 7 6 14 7 14 11</p>
                </triangles>
            </mesh>
        </geometry>
        <geometry id="NODE28-lib" name="NODE28Mesh">
            <mesh>
                <source id="NODE28-lib-positions">
                    <float_array id="NODE28-lib-positions-array" count="120">-0.20154 0.07112 0.98736 -0.20154 -0.07407 0.98736 -0.19274 -0.07407 0.99058 -0.19274 0.07112 0.99058 -0.07961 0.07112 1.02544 -0.0419 0.07112 1.03267 -0.03122 0.07112 0.99176 -0.0738 0.07112 0.99066 -0.0419 -0.07407 1.03267 -0.03122 -0.07407 0.99176 -0.15896 -0.07407 0.98846 -0.15503 -0.07407 1.00483 -0.0738 -0.07407 0.99066 -0.15503 0.07112 1.00483 -0.11732 0.07112 1.01558 -0.11638 0.07112 0.98956 -0.15896 0.07112 0.98846 -0.07961 -0.07407 1.02544 -0.11732 -0.07407 1.01558 -0.11638 -0.07407 0.98956 0.19274 -0.07407 0.99058 0.20154 -0.07407 0.98736 0.20154 0.07112 0.98736 0.19274 0.07112 0.99058 0.07961 0.07112 1.02544 0.0738 0.07112 0.99066 0.03122 0.07112 0.99176 0.0419 0.07112 1.03267 0.03122 -0.07407 0.99176 0.0419 -0.07407 1.03267 0.15503 -0.07407 1.00483 0.15896 -0.07407 0.98846 0.0738 -0.07407 0.99066 0.15503 0.07112 1.00483 0.15896 0.07112 0.98846 0.11638 0.07112 0.98956 0.11732 0.07112 1.01558 0.07961 -0.07407 1.02544 0.11638 -0.07407 0.98956 0.11732 -0.07407 1.01558</float_array>
                    <technique_common>
                        <accessor count="40" source="#NODE28-lib-positions-array" stride="3">
                            <param name="X" type="float" />
                            <param name="Y" type="float" />
                            <param name="Z" type="float" />
                        </accessor>
                    </technique_common>
                </source>
                <vertices id="NODE28-lib-vertices">
                    <input semantic="POSITION" source="#NODE28-lib-positions" />
                </vertices>
                <triangles count="72" material="MAT2">
                    <input offset="0" semantic="VERTEX" source="#NODE28-lib-vertices" set="0" />
                    <p>0 1 2 0 2 3 4 5 6 4 6 7 5 8 9 5 9 6 1 10 11 1 11 2 12 7 6 12 6 9 11 13 3 11 3 2 13 14 15 13 15 16 17 18 19 17 19 12 10 16 15 10 15 19 17 4 14 17 14 18 18 11 10 18 10 19 18 14 13 18 13 11 3 13 16 3 16 0 1 0 16 1 16 10 14 4 7 14 7 15 19 15 7 19 7 12 8 17 12 8 12 9 8 5 4 8 4 17 20 21 22 20 22 23 24 25 26 24 26 27 27 26 28 27 28 29 30 31 21 30 21 20 32 28 26 32 26 25 30 20 23 30 23 33 33 34 35 33 35 36 37 32 38 37 38 39 31 38 35 31 35 34 37 39 36 37 36 24 39 38 31 39 31 30 39 30 33 39 33 36 23 22 34 23 34 33 21 31 34 21 34 22 36 35 25 36 25 24 38 32 25 38 25 35 29 28 32 29 32 37 29 37 24 29 24 27</p>
                </triangles>
            </mesh>
        </geometry>
        <geometry id="NODE31-lib" name="NODE31Mesh">
            <mesh>
                <source id="NODE31-lib-positions">
                    <float_array id="NODE31-lib-positions-array" count="60">-0.08038 0.06209 0.06607 -0.05789 0.0695 0.05899 -0.00824 0.0695 -0.02642 -0.01424 0.06209 -0.05749 0.05789 0.0695 0.05899 0.00824 0.0695 -0.02642 0.08561 -0.06275 0.06519 0.05711 -0.06947 0.05841 0.00813 -0.06947 -0.02585 0.01424 -0.06275 -0.05749 -0.00813 -0.06947 -0.02585 -0.05711 -0.06947 0.05841 0.01424 0.06209 -0.05749 0.08561 0.06209 0.06519 -0.08038 -0.06275 0.06607 -0.08038 -0 0.06607 -0.01424 0 -0.05749 -0.01424 -0.06275 -0.05749 0.08561 -0 0.06519 0.01424 0 -0.05749</float_array>
                    <technique_common>
                        <accessor count="20" source="#NODE31-lib-positions-array" stride="3">
                            <param name="X" type="float" />
                            <param name="Y" type="float" />
                            <param name="Z" type="float" />
                        </accessor>
                    </technique_common>
                </source>
                <vertices id="NODE31-lib-vertices">
                    <input semantic="POSITION" source="#NODE31-lib-positions" />
                </vertices>
                <triangles count="36" material="MAT2">
                    <input offset="0" semantic="VERTEX" source="#NODE31-lib-vertices" set="0" />
                    <p>0 1 2 0 2 3 1 4 5 1 5 2 6 7 8 6 8 9 10 8 7 10 7 11 3 2 5 3 5 12 13 4 1 13 1 0 14 15 16 14 16 17 13 18 19 13 19 12 17 16 19 17 19 9 6 18 15 6 15 14 15 0 3 15 3 16 18 6 9 18 9 19 16 3 12 16 12 19 18 13 0 18 0 15 17 10 11 17 11 14 4 13 12 4 12 5 10 17 9 10 9 8 7 6 14 7 14 11</p>
                </triangles>
            </mesh>
        </geometry>
        <geometry id="NODE33-lib" name="NODE33Mesh">
            <mesh>
                <source id="NODE33-lib-positions">
                    <float_array id="NODE33-lib-positions-array" count="72">-0.0114 0.20325 -0.0169 -0.0114 0.05033 -0.0169 -0.08499 0.05033 0.09589 -0.08499 0.20325 0.09589 -0.05773 0.05033 0.09538 -0.05773 0.20325 0.09538 0.08587 0.20325 0.09589 0.08587 0.05033 0.09589 0.0114 0.05033 -0.0169 0.0114 0.20325 -0.0169 0.05861 0.20325 0.09538 0.05861 0.05033 0.09538 0.00752 0.05033 0.01102 -0.00752 0.05033 0.01102 0.00752 0.20325 0.01102 -0.00752 0.20325 0.01102 -0.00752 0.19775 0.01335 0.00752 0.19775 0.01335 -0.00752 0.05583 0.01335 -0.05283 0.05583 0.08722 0.00752 0.05583 0.01335 -0.05283 0.19775 0.08722 0.05283 0.19775 0.08722 0.05283 0.05583 0.08722</float_array>
                    <technique_common>
                        <accessor count="24" source="#NODE33-lib-positions-array" stride="3">
                            <param name="X" type="float" />
                            <param name="Y" type="float" />
                            <param name="Z" type="float" />
                        </accessor>
                    </technique_common>
                </source>
                <vertices id="NODE33-lib-vertices">
                    <input semantic="POSITION" source="#NODE33-lib-positions" />
                </vertices>
                <triangles count="44" material="MAT2">
                    <input offset="0" semantic="VERTEX" source="#NODE33-lib-vertices" set="0" />
                    <p>0 1 2 0 2 3 3 2 4 3 4 5 6 7 8 6 8 9 7 6 10 7 10 11 1 0 9 1 9 8 1 8 12 1 12 13 14 15 16 14 16 17 4 13 18 4 18 19 13 12 20 13 20 18 2 1 13 2 13 4 9 0 15 9 15 14 6 9 14 6 14 10 8 7 11 8 11 12 0 3 5 0 5 15 21 22 17 21 17 16 23 19 18 23 18 20 23 22 21 23 21 19 15 5 21 15 21 16 10 14 17 10 17 22 12 11 23 12 23 20 5 4 19 5 19 21 11 10 22 11 22 23</p>
                </triangles>
            </mesh>
        </geometry>
        <geometry id="NODE35-lib" name="NODE35Mesh">
            <mesh>
                <source id="NODE35-lib-positions">
                    <float_array id="NODE35-lib-positions-array" count="168">-0.05426 0.19775 0.09116 0.05426 0.19775 0.09116 0.00752 0.19775 0.01335 -0.00752 0.19775 0.01335 -0.00752 0.05583 0.01335 0.00752 0.05583 0.01335 0.05426 0.05583 0.09116 -0.05426 0.05583 0.09116 -0.10463 0.0573 0.05025 -0.10463 0.19507 0.05025 -0.09658 0.19507 0.04355 -0.09658 0.0573 0.04355 0.10463 0.19507 0.05025 0.09593 0.19507 0.04355 0.10463 0.0573 0.05025 0.09593 0.0573 0.04355 -0.09199 0.05665 0.03874 -0.09199 0.19572 0.03874 -0.08491 0.19572 0.03285 -0.08491 0.05665 0.03285 0.09195 0.19572 0.03874 0.0843 0.19572 0.03285 0.09195 0.05665 0.03874 0.0843 0.05665 0.03285 -0.07904 0.0573 0.02772 -0.07904 0.19507 0.02772 -0.07165 0.19507 0.02102 -0.07165 0.0573 0.02102 0.07896 0.19507 0.02772 0.07109 0.19507 0.02102 0.07896 0.0573 0.02772 0.07109 0.0573 0.02102 -0.06679 0.05665 0.01621 -0.06679 0.19572 0.01621 -0.05965 0.19572 0.01032 -0.05965 0.05665 0.01032 0.06784 0.19572 0.01621 0.06066 0.19572 0.01032 0.06784 0.05665 0.01621 0.06066 0.05665 0.01032 -0.05569 0.0573 0.00515 -0.05569 0.19507 0.00515 -0.04748 0.19507 -0.00154 -0.04748 0.0573 -0.00154 0.05631 0.19507 0.00515 0.04737 0.19507 -0.00154 0.05631 0.0573 0.00515 0.04737 0.0573 -0.00154 -0.04423 0.05665 -0.00636 -0.04423 0.19572 -0.00636 -0.03732 0.19572 -0.01225 -0.03732 0.05665 -0.01225 0.04329 0.19572 -0.00636 0.03569 0.19572 -0.01225 0.04329 0.05665 -0.00636 0.03569 0.05665 -0.01225</float_array>
                    <technique_common>
                        <accessor count="56" source="#NODE35-lib-positions-array" stride="3">
                            <param name="X" type="float" />
                            <param name="Y" type="float" />
                            <param name="Z" type="float" />
                        </accessor>
                    </technique_common>
                </source>
                <vertices id="NODE35-lib-vertices">
                    <input semantic="POSITION" source="#NODE35-lib-positions" />
                </vertices>
                <triangles count="78" material="MAT1">
                    <input offset="0" semantic="VERTEX" source="#NODE35-lib-vertices" set="0" />
                    <p>0 1 2 0 2 3 4 5 6 4 6 7 6 1 0 6 0 7 8 9 10 8 10 11 9 12 13 9 13 10 12 14 15 12 15 13 14 8 11 14 11 15 11 10 13 11 13 15 14 12 9 14 9 8 16 17 18 16 18 19 17 20 21 17 21 18 20 22 23 20 23 21 22 16 19 22 19 23 19 18 21 19 21 23 22 20 17 22 17 16 24 25 26 24 26 27 25 28 29 25 29 26 28 30 31 28 31 29 30 24 27 30 27 31 27 26 29 27 29 31 30 28 25 30 25 24 32 33 34 32 34 35 33 36 37 33 37 34 36 38 39 36 39 37 38 32 35 38 35 39 35 34 37 35 37 39 38 36 33 38 33 32 40 41 42 40 42 43 41 44 45 41 45 42 44 46 47 44 47 45 46 40 43 46 43 47 43 42 45 43 45 47 46 44 41 46 41 40 48 49 50 48 50 51 49 52 53 49 53 50 52 54 55 52 55 53 54 48 51 54 51 55 51 50 53 51 53 55 54 52 49 54 49 48</p>
                </triangles>
            </mesh>
        </geometry>
        <geometry id="NODE36-lib" name="NODE36Mesh">
            <mesh>
                <source id="NODE36-lib-positions">
                    <float_array id="NODE36-lib-positions-array" count="120">-0.20154 0.07112 0.98736 -0.20154 -0.07407 0.98736 -0.19274 -0.07407 0.99058 -0.19274 0.07112 0.99058 -0.07961 0.07112 1.02544 -0.0419 0.07112 1.03267 -0.03122 0.07112 0.99176 -0.0738 0.07112 0.99066 -0.0419 -0.07407 1.03267 -0.03122 -0.07407 0.99176 -0.15896 -0.07407 0.98846 -0.15503 -0.07407 1.00483 -0.0738 -0.07407 0.99066 -0.15503 0.07112 1.00483 -0.11732 0.07112 1.01558 -0.11638 0.07112 0.98956 -0.15896 0.07112 0.98846 -0.07961 -0.07407 1.02544 -0.11732 -0.07407 1.01558 -0.11638 -0.07407 0.98956 0.19274 -0.07407 0.99058 0.20154 -0.07407 0.98736 0.20154 0.07112 0.98736 0.19274 0.07112 0.99058 0.07961 0.07112 1.02544 0.0738 0.07112 0.99066 0.03122 0.07112 0.99176 0.0419 0.07112 1.03267 0.03122 -0.07407 0.99176 0.0419 -0.07407 1.03267 0.15503 -0.07407 1.00483 0.15896 -0.07407 0.98846 0.0738 -0.07407 0.99066 0.15503 0.07112 1.00483 0.15896 0.07112 0.98846 0.11638 0.07112 0.98956 0.11732 0.07112 1.01558 0.07961 -0.07407 1.02544 0.11638 -0.07407 0.98956 0.11732 -0.07407 1.01558</float_array>
                    <technique_common>
                        <accessor count="40" source="#NODE36-lib-positions-array" stride="3">
                            <param name="X" type="float" />
                            <param name="Y" type="float" />
                            <param name="Z" type="float" />
                        </accessor>
                    </technique_common>
                </source>
                <vertices id="NODE36-lib-vertices">
                    <input semantic="POSITION" source="#NODE36-lib-positions" />
                </vertices>
                <triangles count="72" material="MAT2">
                    <input offset="0" semantic="VERTEX" source="#NODE36-lib-vertices" set="0" />
                    <p>0 1 2 0 2 3 4 5 6 4 6 7 5 8 9 5 9 6 1 10 11 1 11 2 12 7 6 12 6 9 11 13 3 11 3 2 13 14 15 13 15 16 17 18 19 17 19 12 10 16 15 10 15 19 17 4 14 17 14 18 18 11 10 18 10 19 18 14 13 18 13 11 3 13 16 3 16 0 1 0 16 1 16 10 14 4 7 14 7 15 19 15 7 19 7 12 8 17 12 8 12 9 8 5 4 8 4 17 20 21 22 20 22 23 24 25 26 24 26 27 27 26 28 27 28 29 30 31 21 30 21 20 32 28 26 32 26 25 30 20 23 30 23 33 33 34 35 33 35 36 37 32 38 37 38 39 31 38 35 31 35 34 37 39 36 37 36 24 39 38 31 39 31 30 39 30 33 39 33 36 23 22 34 23 34 33 21 31 34 21 34 22 36 35 25 36 25 24 38 32 25 38 25 35 29 28 32 29 32 37 29 37 24 29 24 27</p>
                </triangles>
            </mesh>
        </geometry>
        <geometry id="NODE39-lib" name="NODE39Mesh">
            <mesh>
                <source id="NODE39-lib-positions">
                    <float_array id="NODE39-lib-positions-array" count="168">-0.05426 0.19775 0.09116 0.05426 0.19775 0.09116 0.00752 0.19775 0.01335 -0.00752 0.19775 0.01335 -0.00752 0.05583 0.01335 0.00752 0.05583 0.01335 0.05426 0.05583 0.09116 -0.05426 0.05583 0.09116 -0.10463 0.0573 0.05025 -0.10463 0.19507 0.05025 -0.09658 0.19507 0.04355 -0.09658 0.0573 0.04355 0.10463 0.19507 0.05025 0.09593 0.19507 0.04355 0.10463 0.0573 0.05025 0.09593 0.0573 0.04355 -0.09199 0.05665 0.03874 -0.09199 0.19572 0.03874 -0.08491 0.19572 0.03285 -0.08491 0.05665 0.03285 0.09195 0.19572 0.03874 0.0843 0.19572 0.03285 0.09195 0.05665 0.03874 0.0843 0.05665 0.03285 -0.07904 0.0573 0.02772 -0.07904 0.19507 0.02772 -0.07165 0.19507 0.02102 -0.07165 0.0573 0.02102 0.07896 0.19507 0.02772 0.07109 0.19507 0.02102 0.07896 0.0573 0.02772 0.07109 0.0573 0.02102 -0.06679 0.05665 0.01621 -0.06679 0.19572 0.01621 -0.05965 0.19572 0.01032 -0.05965 0.05665 0.01032 0.06784 0.19572 0.01621 0.06066 0.19572 0.01032 0.06784 0.05665 0.01621 0.06066 0.05665 0.01032 -0.05569 0.0573 0.00515 -0.05569 0.19507 0.00515 -0.04748 0.19507 -0.00154 -0.04748 0.0573 -0.00154 0.05631 0.19507 0.00515 0.04737 0.19507 -0.00154 0.05631 0.0573 0.00515 0.04737 0.0573 -0.00154 -0.04423 0.05665 -0.00636 -0.04423 0.19572 -0.00636 -0.03732 0.19572 -0.01225 -0.03732 0.05665 -0.01225 0.04329 0.19572 -0.00636 0.03569 0.19572 -0.01225 0.04329 0.05665 -0.00636 0.03569 0.05665 -0.01225</float_array>
                    <technique_common>
                        <accessor count="56" source="#NODE39-lib-positions-array" stride="3">
                            <param name="X" type="float" />
                            <param name="Y" type="float" />
                            <param name="Z" type="float" />
                        </accessor>
                    </technique_common>
                </source>
                <vertices id="NODE39-lib-vertices">
                    <input semantic="POSITION" source="#NODE39-lib-positions" />
                </vertices>
                <triangles count="78" material="MAT1">
                    <input offset="0" semantic="VERTEX" source="#NODE39-lib-vertices" set="0" />
                    <p>0 1 2 0 2 3 4 5 6 4 6 7 6 1 0 6 0 7 8 9 10 8 10 11 9 12 13 9 13 10 12 14 15 12 15 13 14 8 11 14 11 15 11 10 13 11 13 15 14 12 9 14 9 8 16 17 18 16 18 19 17 20 21 17 21 18 20 22 23 20 23 21 22 16 19 22 19 23 19 18 21 19 21 23 22 20 17 22 17 16 24 25 26 24 26 27 25 28 29 25 29 26 28 30 31 28 31 29 30 24 27 30 27 31 27 26 29 27 29 31 30 28 25 30 25 24 32 33 34 32 34 35 33 36 37 33 37 34 36 38 39 36 39 37 38 32 35 38 35 39 35 34 37 35 37 39 38 36 33 38 33 32 40 41 42 40 42 43 41 44 45 41 45 42 44 46 47 44 47 45 46 40 43 46 43 47 43 42 45 43 45 47 46 44 41 46 41 40 48 49 50 48 50 51 49 52 53 49 53 50 52 54 55 52 55 53 54 48 51 54 51 55 51 50 53 51 53 55 54 52 49 54 49 48</p>
                </triangles>
            </mesh>
        </geometry>
        <geometry id="NODE41-lib" name="NODE41Mesh">
            <mesh>
                <source id="NODE41-lib-positions">
                    <float_array id="NODE41-lib-positions-array" count="72">-0.0114 0.20325 -0.0169 -0.0114 0.05033 -0.0169 -0.08499 0.05033 0.09589 -0.08499 0.20325 0.09589 -0.05773 0.05033 0.09538 -0.05773 0.20325 0.09538 0.08587 0.20325 0.09589 0.08587 0.05033 0.09589 0.0114 0.05033 -0.0169 0.0114 0.20325 -0.0169 0.05861 0.20325 0.09538 0.05861 0.05033 0.09538 0.00752 0.05033 0.01102 -0.00752 0.05033 0.01102 0.00752 0.20325 0.01102 -0.00752 0.20325 0.01102 -0.00752 0.19775 0.01335 0.00752 0.19775 0.01335 -0.00752 0.05583 0.01335 -0.05283 0.05583 0.08722 0.00752 0.05583 0.01335 -0.05283 0.19775 0.08722 0.05283 0.19775 0.08722 0.05283 0.05583 0.08722</float_array>
                    <technique_common>
                        <accessor count="24" source="#NODE41-lib-positions-array" stride="3">
                            <param name="X" type="float" />
                            <param name="Y" type="float" />
                            <param name="Z" type="float" />
                        </accessor>
                    </technique_common>
                </source>
                <vertices id="NODE41-lib-vertices">
                    <input semantic="POSITION" source="#NODE41-lib-positions" />
                </vertices>
                <triangles count="44" material="MAT2">
                    <input offset="0" semantic="VERTEX" source="#NODE41-lib-vertices" set="0" />
                    <p>0 1 2 0 2 3 3 2 4 3 4 5 6 7 8 6 8 9 7 6 10 7 10 11 1 0 9 1 9 8 1 8 12 1 12 13 14 15 16 14 16 17 4 13 18 4 18 19 13 12 20 13 20 18 2 1 13 2 13 4 9 0 15 9 15 14 6 9 14 6 14 10 8 7 11 8 11 12 0 3 5 0 5 15 21 22 17 21 17 16 23 19 18 23 18 20 23 22 21 23 21 19 15 5 21 15 21 16 10 14 17 10 17 22 12 11 23 12 23 20 5 4 19 5 19 21 11 10 22 11 22 23</p>
                </triangles>
            </mesh>
        </geometry>
        <geometry id="NODE43-lib" name="NODE43Mesh">
            <mesh>
                <source id="NODE43-lib-positions">
                    <float_array id="NODE43-lib-positions-array" count="60">-0.08038 0.06209 0.06607 -0.05789 0.0695 0.05899 -0.00824 0.0695 -0.02642 -0.01424 0.06209 -0.05749 0.05789 0.0695 0.05899 0.00824 0.0695 -0.02642 0.08561 -0.06275 0.06519 0.05711 -0.06947 0.05841 0.00813 -0.06947 -0.02585 0.01424 -0.06275 -0.05749 -0.00813 -0.06947 -0.02585 -0.05711 -0.06947 0.05841 0.01424 0.06209 -0.05749 0.08561 0.06209 0.06519 -0.08038 -0.06275 0.06607 -0.08038 -0 0.06607 -0.01424 0 -0.05749 -0.01424 -0.06275 -0.05749 0.08561 -0 0.06519 0.01424 0 -0.05749</float_array>
                    <technique_common>
                        <accessor count="20" source="#NODE43-lib-positions-array" stride="3">
                            <param name="X" type="float" />
                            <param name="Y" type="float" />
                            <param name="Z" type="float" />
                        </accessor>
                    </technique_common>
                </source>
                <vertices id="NODE43-lib-vertices">
                    <input semantic="POSITION" source="#NODE43-lib-positions" />
                </vertices>
                <triangles count="36" material="MAT2">
                    <input offset="0" semantic="VERTEX" source="#NODE43-lib-vertices" set="0" />
                    <p>0 1 2 0 2 3 1 4 5 1 5 2 6 7 8 6 8 9 10 8 7 10 7 11 3 2 5 3 5 12 13 4 1 13 1 0 14 15 16 14 16 17 13 18 19 13 19 12 17 16 19 17 19 9 6 18 15 6 15 14 15 0 3 15 3 16 18 6 9 18 9 19 16 3 12 16 12 19 18 13 0 18 0 15 17 10 11 17 11 14 4 13 12 4 12 5 10 17 9 10 9 8 7 6 14 7 14 11</p>
                </triangles>
            </mesh>
        </geometry>
        <geometry id="NODE44-lib" name="NODE44Mesh">
            <mesh>
                <source id="NODE44-lib-positions">
                    <float_array id="NODE44-lib-positions-array" count="120">-0.20154 0.07112 0.98736 -0.20154 -0.07407 0.98736 -0.19274 -0.07407 0.99058 -0.19274 0.07112 0.99058 -0.07961 0.07112 1.02544 -0.0419 0.07112 1.03267 -0.03122 0.07112 0.99176 -0.0738 0.07112 0.99066 -0.0419 -0.07407 1.03267 -0.03122 -0.07407 0.99176 -0.15896 -0.07407 0.98846 -0.15503 -0.07407 1.00483 -0.0738 -0.07407 0.99066 -0.15503 0.07112 1.00483 -0.11732 0.07112 1.01558 -0.11638 0.07112 0.98956 -0.15896 0.07112 0.98846 -0.07961 -0.07407 1.02544 -0.11732 -0.07407 1.01558 -0.11638 -0.07407 0.98956 0.19274 -0.07407 0.99058 0.20154 -0.07407 0.98736 0.20154 0.07112 0.98736 0.19274 0.07112 0.99058 0.07961 0.07112 1.02544 0.0738 0.07112 0.99066 0.03122 0.07112 0.99176 0.0419 0.07112 1.03267 0.03122 -0.07407 0.99176 0.0419 -0.07407 1.03267 0.15503 -0.07407 1.00483 0.15896 -0.07407 0.98846 0.0738 -0.07407 0.99066 0.15503 0.07112 1.00483 0.15896 0.07112 0.98846 0.11638 0.07112 0.98956 0.11732 0.07112 1.01558 0.07961 -0.07407 1.02544 0.11638 -0.07407 0.98956 0.11732 -0.07407 1.01558</float_array>
                    <technique_common>
                        <accessor count="40" source="#NODE44-lib-positions-array" stride="3">
                            <param name="X" type="float" />
                            <param name="Y" type="float" />
                            <param name="Z" type="float" />
                        </accessor>
                    </technique_common>
                </source>
                <vertices id="NODE44-lib-vertices">
                    <input semantic="POSITION" source="#NODE44-lib-positions" />
                </vertices>
                <triangles count="72" material="MAT2">
                    <input offset="0" semantic="VERTEX" source="#NODE44-lib-vertices" set="0" />
                    <p>0 1 2 0 2 3 4 5 6 4 6 7 5 8 9 5 9 6 1 10 11 1 11 2 12 7 6 12 6 9 11 13 3 11 3 2 13 14 15 13 15 16 17 18 19 17 19 12 10 16 15 10 15 19 17 4 14 17 14 18 18 11 10 18 10 19 18 14 13 18 13 11 3 13 16 3 16 0 1 0 16 1 16 10 14 4 7 14 7 15 19 15 7 19 7 12 8 17 12 8 12 9 8 5 4 8 4 17 20 21 22 20 22 23 24 25 26 24 26 27 27 26 28 27 28 29 30 31 21 30 21 20 32 28 26 32 26 25 30 20 23 30 23 33 33 34 35 33 35 36 37 32 38 37 38 39 31 38 35 31 35 34 37 39 36 37 36 24 39 38 31 39 31 30 39 30 33 39 33 36 23 22 34 23 34 33 21 31 34 21 34 22 36 35 25 36 25 24 38 32 25 38 25 35 29 28 32 29 32 37 29 37 24 29 24 27</p>
                </triangles>
            </mesh>
        </geometry>
        <geometry id="NODE47-lib" name="NODE47Mesh">
            <mesh>
                <source id="NODE47-lib-positions">
                    <float_array id="NODE47-lib-positions-array" count="60">-0.08038 0.06209 0.06607 -0.05789 0.0695 0.05899 -0.00824 0.0695 -0.02642 -0.01424 0.06209 -0.05749 0.05789 0.0695 0.05899 0.00824 0.0695 -0.02642 0.08561 -0.06275 0.06519 0.05711 -0.06947 0.05841 0.00813 -0.06947 -0.02585 0.01424 -0.06275 -0.05749 -0.00813 -0.06947 -0.02585 -0.05711 -0.06947 0.05841 0.01424 0.06209 -0.05749 0.08561 0.06209 0.06519 -0.08038 -0.06275 0.06607 -0.08038 -0 0.06607 -0.01424 0 -0.05749 -0.01424 -0.06275 -0.05749 0.08561 -0 0.06519 0.01424 0 -0.05749</float_array>
                    <technique_common>
                        <accessor count="20" source="#NODE47-lib-positions-array" stride="3">
                            <param name="X" type="float" />
                            <param name="Y" type="float" />
                            <param name="Z" type="float" />
                        </accessor>
                    </technique_common>
                </source>
                <vertices id="NODE47-lib-vertices">
                    <input semantic="POSITION" source="#NODE47-lib-positions" />
                </vertices>
                <triangles count="36" material="MAT2">
                    <input offset="0" semantic="VERTEX" source="#NODE47-lib-vertices" set="0" />
                    <p>0 1 2 0 2 3 1 4 5 1 5 2 6 7 8 6 8 9 10 8 7 10 7 11 3 2 5 3 5 12 13 4 1 13 1 0 14 15 16 14 16 17 13 18 19 13 19 12 17 16 19 17 19 9 6 18 15 6 15 14 15 0 3 15 3 16 18 6 9 18 9 19 16 3 12 16 12 19 18 13 0 18 0 15 17 10 11 17 11 14 4 13 12 4 12 5 10 17 9 10 9 8 7 6 14 7 14 11</p>
                </triangles>
            </mesh>
        </geometry>
        <geometry id="NODE49-lib" name="NODE49Mesh">
            <mesh>
                <source id="NODE49-lib-positions">
                    <float_array id="NODE49-lib-positions-array" count="72">-0.0114 0.20325 -0.0169 -0.0114 0.05033 -0.0169 -0.08499 0.05033 0.09589 -0.08499 0.20325 0.09589 -0.05773 0.05033 0.09538 -0.05773 0.20325 0.09538 0.08587 0.20325 0.09589 0.08587 0.05033 0.09589 0.0114 0.05033 -0.0169 0.0114 0.20325 -0.0169 0.05861 0.20325 0.09538 0.05861 0.05033 0.09538 0.00752 0.05033 0.01102 -0.00752 0.05033 0.01102 0.00752 0.20325 0.01102 -0.00752 0.20325 0.01102 -0.00752 0.19775 0.01335 0.00752 0.19775 0.01335 -0.00752 0.05583 0.01335 -0.05283 0.05583 0.08722 0.00752 0.05583 0.01335 -0.05283 0.19775 0.08722 0.05283 0.19775 0.08722 0.05283 0.05583 0.08722</float_array>
                    <technique_common>
                        <accessor count="24" source="#NODE49-lib-positions-array" stride="3">
                            <param name="X" type="float" />
                            <param name="Y" type="float" />
                            <param name="Z" type="float" />
                        </accessor>
                    </technique_common>
                </source>
                <vertices id="NODE49-lib-vertices">
                    <input semantic="POSITION" source="#NODE49-lib-positions" />
                </vertices>
                <triangles count="44" material="MAT2">
                    <input offset="0" semantic="VERTEX" source="#NODE49-lib-vertices" set="0" />
                    <p>0 1 2 0 2 3 3 2 4 3 4 5 6 7 8 6 8 9 7 6 10 7 10 11 1 0 9 1 9 8 1 8 12 1 12 13 14 15 16 14 16 17 4 13 18 4 18 19 13 12 20 13 20 18 2 1 13 2 13 4 9 0 15 9 15 14 6 9 14 6 14 10 8 7 11 8 11 12 0 3 5 0 5 15 21 22 17 21 17 16 23 19 18 23 18 20 23 22 21 23 21 19 15 5 21 15 21 16 10 14 17 10 17 22 12 11 23 12 23 20 5 4 19 5 19 21 11 10 22 11 22 23</p>
                </triangles>
            </mesh>
        </geometry>
        <geometry id="NODE51-lib" name="NODE51Mesh">
            <mesh>
                <source id="NODE51-lib-positions">
                    <float_array id="NODE51-lib-positions-array" count="168">-0.05426 0.19775 0.09116 0.05426 0.19775 0.09116 0.00752 0.19775 0.01335 -0.00752 0.19775 0.01335 -0.00752 0.05583 0.01335 0.00752 0.05583 0.01335 0.05426 0.05583 0.09116 -0.05426 0.05583 0.09116 -0.10463 0.0573 0.05025 -0.10463 0.19507 0.05025 -0.09658 0.19507 0.04355 -0.09658 0.0573 0.04355 0.10463 0.19507 0.05025 0.09593 0.19507 0.04355 0.10463 0.0573 0.05025 0.09593 0.0573 0.04355 -0.09199 0.05665 0.03874 -0.09199 0.19572 0.03874 -0.08491 0.19572 0.03285 -0.08491 0.05665 0.03285 0.09195 0.19572 0.03874 0.0843 0.19572 0.03285 0.09195 0.05665 0.03874 0.0843 0.05665 0.03285 -0.07904 0.0573 0.02772 -0.07904 0.19507 0.02772 -0.07165 0.19507 0.02102 -0.07165 0.0573 0.02102 0.07896 0.19507 0.02772 0.07109 0.19507 0.02102 0.07896 0.0573 0.02772 0.07109 0.0573 0.02102 -0.06679 0.05665 0.01621 -0.06679 0.19572 0.01621 -0.05965 0.19572 0.01032 -0.05965 0.05665 0.01032 0.06784 0.19572 0.01621 0.06066 0.19572 0.01032 0.06784 0.05665 0.01621 0.06066 0.05665 0.01032 -0.05569 0.0573 0.00515 -0.05569 0.19507 0.00515 -0.04748 0.19507 -0.00154 -0.04748 0.0573 -0.00154 0.05631 0.19507 0.00515 0.04737 0.19507 -0.00154 0.05631 0.0573 0.00515 0.04737 0.0573 -0.00154 -0.04423 0.05665 -0.00636 -0.04423 0.19572 -0.00636 -0.03732 0.19572 -0.01225 -0.03732 0.05665 -0.01225 0.04329 0.19572 -0.00636 0.03569 0.19572 -0.01225 0.04329 0.05665 -0.00636 0.03569 0.05665 -0.01225</float_array>
                    <technique_common>
                        <accessor count="56" source="#NODE51-lib-positions-array" stride="3">
                            <param name="X" type="float" />
                            <param name="Y" type="float" />
                            <param name="Z" type="float" />
                        </accessor>
                    </technique_common>
                </source>
                <vertices id="NODE51-lib-vertices">
                    <input semantic="POSITION" source="#NODE51-lib-positions" />
                </vertices>
                <triangles count="78" material="MAT1">
                    <input offset="0" semantic="VERTEX" source="#NODE51-lib-vertices" set="0" />
                    <p>0 1 2 0 2 3 4 5 6 4 6 7 6 1 0 6 0 7 8 9 10 8 10 11 9 12 13 9 13 10 12 14 15 12 15 13 14 8 11 14 11 15 11 10 13 11 13 15 14 12 9 14 9 8 16 17 18 16 18 19 17 20 21 17 21 18 20 22 23 20 23 21 22 16 19 22 19 23 19 18 21 19 21 23 22 20 17 22 17 16 24 25 26 24 26 27 25 28 29 25 29 26 28 30 31 28 31 29 30 24 27 30 27 31 27 26 29 27 29 31 30 28 25 30 25 24 32 33 34 32 34 35 33 36 37 33 37 34 36 38 39 36 39 37 38 32 35 38 35 39 35 34 37 35 37 39 38 36 33 38 33 32 40 41 42 40 42 43 41 44 45 41 45 42 44 46 47 44 47 45 46 40 43 46 43 47 43 42 45 43 45 47 46 44 41 46 41 40 48 49 50 48 50 51 49 52 53 49 53 50 52 54 55 52 55 53 54 48 51 54 51 55 51 50 53 51 53 55 54 52 49 54 49 48</p>
                </triangles>
            </mesh>
        </geometry>
        <geometry id="NODE52-lib" name="NODE52Mesh">
            <mesh>
                <source id="NODE52-lib-positions">
                    <float_array id="NODE52-lib-positions-array" count="120">-0.20154 0.07112 0.98736 -0.20154 -0.07407 0.98736 -0.19274 -0.07407 0.99058 -0.19274 0.07112 0.99058 -0.07961 0.07112 1.02544 -0.0419 0.07112 1.03267 -0.03122 0.07112 0.99176 -0.0738 0.07112 0.99066 -0.0419 -0.07407 1.03267 -0.03122 -0.07407 0.99176 -0.15896 -0.07407 0.98846 -0.15503 -0.07407 1.00483 -0.0738 -0.07407 0.99066 -0.15503 0.07112 1.00483 -0.11732 0.07112 1.01558 -0.11638 0.07112 0.98956 -0.15896 0.07112 0.98846 -0.07961 -0.07407 1.02544 -0.11732 -0.07407 1.01558 -0.11638 -0.07407 0.98956 0.19274 -0.07407 0.99058 0.20154 -0.07407 0.98736 0.20154 0.07112 0.98736 0.19274 0.07112 0.99058 0.07961 0.07112 1.02544 0.0738 0.07112 0.99066 0.03122 0.07112 0.99176 0.0419 0.07112 1.03267 0.03122 -0.07407 0.99176 0.0419 -0.07407 1.03267 0.15503 -0.07407 1.00483 0.15896 -0.07407 0.98846 0.0738 -0.07407 0.99066 0.15503 0.07112 1.00483 0.15896 0.07112 0.98846 0.11638 0.07112 0.98956 0.11732 0.07112 1.01558 0.07961 -0.07407 1.02544 0.11638 -0.07407 0.98956 0.11732 -0.07407 1.01558</float_array>
                    <technique_common>
                        <accessor count="40" source="#NODE52-lib-positions-array" stride="3">
                            <param name="X" type="float" />
                            <param name="Y" type="float" />
                            <param name="Z" type="float" />
                        </accessor>
                    </technique_common>
                </source>
                <vertices id="NODE52-lib-vertices">
                    <input semantic="POSITION" source="#NODE52-lib-positions" />
                </vertices>
                <triangles count="72" material="MAT2">
                    <input offset="0" semantic="VERTEX" source="#NODE52-lib-vertices" set="0" />
                    <p>0 1 2 0 2 3 4 5 6 4 6 7 5 8 9 5 9 6 1 10 11 1 11 2 12 7 6 12 6 9 11 13 3 11 3 2 13 14 15 13 15 16 17 18 19 17 19 12 10 16 15 10 15 19 17 4 14 17 14 18 18 11 10 18 10 19 18 14 13 18 13 11 3 13 16 3 16 0 1 0 16 1 16 10 14 4 7 14 7 15 19 15 7 19 7 12 8 17 12 8 12 9 8 5 4 8 4 17 20 21 22 20 22 23 24 25 26 24 26 27 27 26 28 27 28 29 30 31 21 30 21 20 32 28 26 32 26 25 30 20 23 30 23 33 33 34 35 33 35 36 37 32 38 37 38 39 31 38 35 31 35 34 37 39 36 37 36 24 39 38 31 39 31 30 39 30 33 39 33 36 23 22 34 23 34 33 21 31 34 21 34 22 36 35 25 36 25 24 38 32 25 38 25 35 29 28 32 29 32 37 29 37 24 29 24 27</p>
                </triangles>
            </mesh>
        </geometry>
        <geometry id="NODE55-lib" name="NODE55Mesh">
            <mesh>
                <source id="NODE55-lib-positions">
                    <float_array id="NODE55-lib-positions-array" count="168">-0.05426 0.19775 0.09116 0.05426 0.19775 0.09116 0.00752 0.19775 0.01335 -0.00752 0.19775 0.01335 -0.00752 0.05583 0.01335 0.00752 0.05583 0.01335 0.05426 0.05583 0.09116 -0.05426 0.05583 0.09116 -0.10463 0.0573 0.05025 -0.10463 0.19507 0.05025 -0.09658 0.19507 0.04355 -0.09658 0.0573 0.04355 0.10463 0.19507 0.05025 0.09593 0.19507 0.04355 0.10463 0.0573 0.05025 0.09593 0.0573 0.04355 -0.09199 0.05665 0.03874 -0.09199 0.19572 0.03874 -0.08491 0.19572 0.03285 -0.08491 0.05665 0.03285 0.09195 0.19572 0.03874 0.0843 0.19572 0.03285 0.09195 0.05665 0.03874 0.0843 0.05665 0.03285 -0.07904 0.0573 0.02772 -0.07904 0.19507 0.02772 -0.07165 0.19507 0.02102 -0.07165 0.0573 0.02102 0.07896 0.19507 0.02772 0.07109 0.19507 0.02102 0.07896 0.0573 0.02772 0.07109 0.0573 0.02102 -0.06679 0.05665 0.01621 -0.06679 0.19572 0.01621 -0.05965 0.19572 0.01032 -0.05965 0.05665 0.01032 0.06784 0.19572 0.01621 0.06066 0.19572 0.01032 0.06784 0.05665 0.01621 0.06066 0.05665 0.01032 -0.05569 0.0573 0.00515 -0.05569 0.19507 0.00515 -0.04748 0.19507 -0.00154 -0.04748 0.0573 -0.00154 0.05631 0.19507 0.00515 0.04737 0.19507 -0.00154 0.05631 0.0573 0.00515 0.04737 0.0573 -0.00154 -0.04423 0.05665 -0.00636 -0.04423 0.19572 -0.00636 -0.03732 0.19572 -0.01225 -0.03732 0.05665 -0.01225 0.04329 0.19572 -0.00636 0.03569 0.19572 -0.01225 0.04329 0.05665 -0.00636 0.03569 0.05665 -0.01225</float_array>
                    <technique_common>
                        <accessor count="56" source="#NODE55-lib-positions-array" stride="3">
                            <param name="X" type="float" />
                            <param name="Y" type="float" />
                            <param name="Z" type="float" />
                        </accessor>
                    </technique_common>
                </source>
                <vertices id="NODE55-lib-vertices">
                    <input semantic="POSITION" source="#NODE55-lib-positions" />
                </vertices>
                <triangles count="78" material="MAT1">
                    <input offset="0" semantic="VERTEX" source="#NODE55-lib-vertices" set="0" />
                    <p>0 1 2 0 2 3 4 5 6 4 6 7 6 1 0 6 0 7 8 9 10 8 10 11 9 12 13 9 13 10 12 14 15 12 15 13 14 8 11 14 11 15 11 10 13 11 13 15 14 12 9 14 9 8 16 17 18 16 18 19 17 20 21 17 21 18 20 22 23 20 23 21 22 16 19 22 19 23 19 18 21 19 21 23 22 20 17 22 17 16 24 25 26 24 26 27 25 28 29 25 29 26 28 30 31 28 31 29 30 24 27 30 27 31 27 26 29 27 29 31 30 28 25 30 25 24 32 33 34 32 34 35 33 36 37 33 37 34 36 38 39 36 39 37 38 32 35 38 35 39 35 34 37 35 37 39 38 36 33 38 33 32 40 41 42 40 42 43 41 44 45 41 45 42 44 46 47 44 47 45 46 40 43 46 43 47 43 42 45 43 45 47 46 44 41 46 41 40 48 49 50 48 50 51 49 52 53 49 53 50 52 54 55 52 55 53 54 48 51 54 51 55 51 50 53 51 53 55 54 52 49 54 49 48</p>
                </triangles>
            </mesh>
        </geometry>
        <geometry id="NODE57-lib" name="NODE57Mesh">
            <mesh>
                <source id="NODE57-lib-positions">
                    <float_array id="NODE57-lib-positions-array" count="72">-0.0114 0.20325 -0.0169 -0.0114 0.05033 -0.0169 -0.08499 0.05033 0.09589 -0.08499 0.20325 0.09589 -0.05773 0.05033 0.09538 -0.05773 0.20325 0.09538 0.08587 0.20325 0.09589 0.08587 0.05033 0.09589 0.0114 0.05033 -0.0169 0.0114 0.20325 -0.0169 0.05861 0.20325 0.09538 0.05861 0.05033 0.09538 0.00752 0.05033 0.01102 -0.00752 0.05033 0.01102 0.00752 0.20325 0.01102 -0.00752 0.20325 0.01102 -0.00752 0.19775 0.01335 0.00752 0.19775 0.01335 -0.00752 0.05583 0.01335 -0.05283 0.05583 0.08722 0.00752 0.05583 0.01335 -0.05283 0.19775 0.08722 0.05283 0.19775 0.08722 0.05283 0.05583 0.08722</float_array>
                    <technique_common>
                        <accessor count="24" source="#NODE57-lib-positions-array" stride="3">
                            <param name="X" type="float" />
                            <param name="Y" type="float" />
                            <param name="Z" type="float" />
                        </accessor>
                    </technique_common>
                </source>
                <vertices id="NODE57-lib-vertices">
                    <input semantic="POSITION" source="#NODE57-lib-positions" />
                </vertices>
                <triangles count="44" material="MAT2">
                    <input offset="0" semantic="VERTEX" source="#NODE57-lib-vertices" set="0" />
                    <p>0 1 2 0 2 3 3 2 4 3 4 5 6 7 8 6 8 9 7 6 10 7 10 11 1 0 9 1 9 8 1 8 12 1 12 13 14 15 16 14 16 17 4 13 18 4 18 19 13 12 20 13 20 18 2 1 13 2 13 4 9 0 15 9 15 14 6 9 14 6 14 10 8 7 11 8 11 12 0 3 5 0 5 15 21 22 17 21 17 16 23 19 18 23 18 20 23 22 21 23 21 19 15 5 21 15 21 16 10 14 17 10 17 22 12 11 23 12 23 20 5 4 19 5 19 21 11 10 22 11 22 23</p>
                </triangles>
            </mesh>
        </geometry>
        <geometry id="NODE59-lib" name="NODE59Mesh">
            <mesh>
                <source id="NODE59-lib-positions">
                    <float_array id="NODE59-lib-positions-array" count="60">-0.08038 0.06209 0.06607 -0.05789 0.0695 0.05899 -0.00824 0.0695 -0.02642 -0.01424 0.06209 -0.05749 0.05789 0.0695 0.05899 0.00824 0.0695 -0.02642 0.08561 -0.06275 0.06519 0.05711 -0.06947 0.05841 0.00813 -0.06947 -0.02585 0.01424 -0.06275 -0.05749 -0.00813 -0.06947 -0.02585 -0.05711 -0.06947 0.05841 0.01424 0.06209 -0.05749 0.08561 0.06209 0.06519 -0.08038 -0.06275 0.06607 -0.08038 -0 0.06607 -0.01424 0 -0.05749 -0.01424 -0.06275 -0.05749 0.08561 -0 0.06519 0.01424 0 -0.05749</float_array>
                    <technique_common>
                        <accessor count="20" source="#NODE59-lib-positions-array" stride="3">
                            <param name="X" type="float" />
                            <param name="Y" type="float" />
                            <param name="Z" type="float" />
                        </accessor>
                    </technique_common>
                </source>
                <vertices id="NODE59-lib-vertices">
                    <input semantic="POSITION" source="#NODE59-lib-positions" />
                </vertices>
                <triangles count="36" material="MAT2">
                    <input offset="0" semantic="VERTEX" source="#NODE59-lib-vertices" set="0" />
                    <p>0 1 2 0 2 3 1 4 5 1 5 2 6 7 8 6 8 9 10 8 7 10 7 11 3 2 5 3 5 12 13 4 1 13 1 0 14 15 16 14 16 17 13 18 19 13 19 12 17 16 19 17 19 9 6 18 15 6 15 14 15 0 3 15 3 16 18 6 9 18 9 19 16 3 12 16 12 19 18 13 0 18 0 15 17 10 11 17 11 14 4 13 12 4 12 5 10 17 9 10 9 8 7 6 14 7 14 11</p>
                </triangles>
            </mesh>
        </geometry>
        <geometry id="NODE60-lib" name="NODE60Mesh">
            <mesh>
                <source id="NODE60-lib-positions">
                    <float_array id="NODE60-lib-positions-array" count="120">-0.20154 0.07112 0.98736 -0.20154 -0.07407 0.98736 -0.19274 -0.07407 0.99058 -0.19274 0.07112 0.99058 -0.07961 0.07112 1.02544 -0.0419 0.07112 1.03267 -0.03122 0.07112 0.99176 -0.0738 0.07112 0.99066 -0.0419 -0.07407 1.03267 -0.03122 -0.07407 0.99176 -0.15896 -0.07407 0.98846 -0.15503 -0.07407 1.00483 -0.0738 -0.07407 0.99066 -0.15503 0.07112 1.00483 -0.11732 0.07112 1.01558 -0.11638 0.07112 0.98956 -0.15896 0.07112 0.98846 -0.07961 -0.07407 1.02544 -0.11732 -0.07407 1.01558 -0.11638 -0.07407 0.98956 0.19274 -0.07407 0.99058 0.20154 -0.07407 0.98736 0.20154 0.07112 0.98736 0.19274 0.07112 0.99058 0.07961 0.07112 1.02544 0.0738 0.07112 0.99066 0.03122 0.07112 0.99176 0.0419 0.07112 1.03267 0.03122 -0.07407 0.99176 0.0419 -0.07407 1.03267 0.15503 -0.07407 1.00483 0.15896 -0.07407 0.98846 0.0738 -0.07407 0.99066 0.15503 0.07112 1.00483 0.15896 0.07112 0.98846 0.11638 0.07112 0.98956 0.11732 0.07112 1.01558 0.07961 -0.07407 1.02544 0.11638 -0.07407 0.98956 0.11732 -0.07407 1.01558</float_array>
                    <technique_common>
                        <accessor count="40" source="#NODE60-lib-positions-array" stride="3">
                            <param name="X" type="float" />
                            <param name="Y" type="float" />
                            <param name="Z" type="float" />
                        </accessor>
                    </technique_common>
                </source>
                <vertices id="NODE60-lib-vertices">
                    <input semantic="POSITION" source="#NODE60-lib-positions" />
                </vertices>
                <triangles count="72" material="MAT2">
                    <input offset="0" semantic="VERTEX" source="#NODE60-lib-vertices" set="0" />
                    <p>0 1 2 0 2 3 4 5 6 4 6 7 5 8 9 5 9 6 1 10 11 1 11 2 12 7 6 12 6 9 11 13 3 11 3 2 13 14 15 13 15 16 17 18 19 17 19 12 10 16 15 10 15 19 17 4 14 17 14 18 18 11 10 18 10 19 18 14 13 18 13 11 3 13 16 3 16 0 1 0 16 1 16 10 14 4 7 14 7 15 19 15 7 19 7 12 8 17 12 8 12 9 8 5 4 8 4 17 20 21 22 20 22 23 24 25 26 24 26 27 27 26 28 27 28 29 30 31 21 30 21 20 32 28 26 32 26 25 30 20 23 30 23 33 33 34 35 33 35 36 37 32 38 37 38 39 31 38 35 31 35 34 37 39 36 37 36 24 39 38 31 39 31 30 39 30 33 39 33 36 23 22 34 23 34 33 21 31 34 21 34 22 36 35 25 36 25 24 38 32 25 38 25 35 29 28 32 29 32 37 29 37 24 29 24 27</p>
                </triangles>
            </mesh>
        </geometry>
        <geometry id="NODE63-lib" name="NODE63Mesh">
            <mesh>
                <source id="NODE63-lib-positions">
                    <float_array id="NODE63-lib-positions-array" count="60">-0.08038 0.06209 0.06607 -0.05789 0.0695 0.05899 -0.00824 0.0695 -0.02642 -0.01424 0.06209 -0.05749 0.05789 0.0695 0.05899 0.00824 0.0695 -0.02642 0.08561 -0.06275 0.06519 0.05711 -0.06947 0.05841 0.00813 -0.06947 -0.02585 0.01424 -0.06275 -0.05749 -0.00813 -0.06947 -0.02585 -0.05711 -0.06947 0.05841 0.01424 0.06209 -0.05749 0.08561 0.06209 0.06519 -0.08038 -0.06275 0.06607 -0.08038 -0 0.06607 -0.01424 0 -0.05749 -0.01424 -0.06275 -0.05749 0.08561 -0 0.06519 0.01424 0 -0.05749</float_array>
                    <technique_common>
                        <accessor count="20" source="#NODE63-lib-positions-array" stride="3">
                            <param name="X" type="float" />
                            <param name="Y" type="float" />
                            <param name="Z" type="float" />
                        </accessor>
                    </technique_common>
                </source>
                <vertices id="NODE63-lib-vertices">
                    <input semantic="POSITION" source="#NODE63-lib-positions" />
                </vertices>
                <triangles count="36" material="MAT2">
                    <input offset="0" semantic="VERTEX" source="#NODE63-lib-vertices" set="0" />
                    <p>0 1 2 0 2 3 1 4 5 1 5 2 6 7 8 6 8 9 10 8 7 10 7 11 3 2 5 3 5 12 13 4 1 13 1 0 14 15 16 14 16 17 13 18 19 13 19 12 17 16 19 17 19 9 6 18 15 6 15 14 15 0 3 15 3 16 18 6 9 18 9 19 16 3 12 16 12 19 18 13 0 18 0 15 17 10 11 17 11 14 4 13 12 4 12 5 10 17 9 10 9 8 7 6 14 7 14 11</p>
                </triangles>
            </mesh>
        </geometry>
        <geometry id="NODE65-lib" name="NODE65Mesh">
            <mesh>
                <source id="NODE65-lib-positions">
                    <float_array id="NODE65-lib-positions-array" count="72">-0.0114 0.20325 -0.0169 -0.0114 0.05033 -0.0169 -0.08499 0.05033 0.09589 -0.08499 0.20325 0.09589 -0.05773 0.05033 0.09538 -0.05773 0.20325 0.09538 0.08587 0.20325 0.09589 0.08587 0.05033 0.09589 0.0114 0.05033 -0.0169 0.0114 0.20325 -0.0169 0.05861 0.20325 0.09538 0.05861 0.05033 0.09538 0.00752 0.05033 0.01102 -0.00752 0.05033 0.01102 0.00752 0.20325 0.01102 -0.00752 0.20325 0.01102 -0.00752 0.19775 0.01335 0.00752 0.19775 0.01335 -0.00752 0.05583 0.01335 -0.05283 0.05583 0.08722 0.00752 0.05583 0.01335 -0.05283 0.19775 0.08722 0.05283 0.19775 0.08722 0.05283 0.05583 0.08722</float_array>
                    <technique_common>
                        <accessor count="24" source="#NODE65-lib-positions-array" stride="3">
                            <param name="X" type="float" />
                            <param name="Y" type="float" />
                            <param name="Z" type="float" />
                        </accessor>
                    </technique_common>
                </source>
                <vertices id="NODE65-lib-vertices">
                    <input semantic="POSITION" source="#NODE65-lib-positions" />
                </vertices>
                <triangles count="44" material="MAT2">
                    <input offset="0" semantic="VERTEX" source="#NODE65-lib-vertices" set="0" />
                    <p>0 1 2 0 2 3 3 2 4 3 4 5 6 7 8 6 8 9 7 6 10 7 10 11 1 0 9 1 9 8 1 8 12 1 12 13 14 15 16 14 16 17 4 13 18 4 18 19 13 12 20 13 20 18 2 1 13 2 13 4 9 0 15 9 15 14 6 9 14 6 14 10 8 7 11 8 11 12 0 3 5 0 5 15 21 22 17 21 17 16 23 19 18 23 18 20 23 22 21 23 21 19 15 5 21 15 21 16 10 14 17 10 17 22 12 11 23 12 23 20 5 4 19 5 19 21 11 10 22 11 22 23</p>
                </triangles>
            </mesh>
        </geometry>
        <geometry id="NODE67-lib" name="NODE67Mesh">
            <mesh>
                <source id="NODE67-lib-positions">
                    <float_array id="NODE67-lib-positions-array" count="168">-0.05426 0.19775 0.09116 0.05426 0.19775 0.09116 0.00752 0.19775 0.01335 -0.00752 0.19775 0.01335 -0.00752 0.05583 0.01335 0.00752 0.05583 0.01335 0.05426 0.05583 0.09116 -0.05426 0.05583 0.09116 -0.10463 0.0573 0.05025 -0.10463 0.19507 0.05025 -0.09658 0.19507 0.04355 -0.09658 0.0573 0.04355 0.10463 0.19507 0.05025 0.09593 0.19507 0.04355 0.10463 0.0573 0.05025 0.09593 0.0573 0.04355 -0.09199 0.05665 0.03874 -0.09199 0.19572 0.03874 -0.08491 0.19572 0.03285 -0.08491 0.05665 0.03285 0.09195 0.19572 0.03874 0.0843 0.19572 0.03285 0.09195 0.05665 0.03874 0.0843 0.05665 0.03285 -0.07904 0.0573 0.02772 -0.07904 0.19507 0.02772 -0.07165 0.19507 0.02102 -0.07165 0.0573 0.02102 0.07896 0.19507 0.02772 0.07109 0.19507 0.02102 0.07896 0.0573 0.02772 0.07109 0.0573 0.02102 -0.06679 0.05665 0.01621 -0.06679 0.19572 0.01621 -0.05965 0.19572 0.01032 -0.05965 0.05665 0.01032 0.06784 0.19572 0.01621 0.06066 0.19572 0.01032 0.06784 0.05665 0.01621 0.06066 0.05665 0.01032 -0.05569 0.0573 0.00515 -0.05569 0.19507 0.00515 -0.04748 0.19507 -0.00154 -0.04748 0.0573 -0.00154 0.05631 0.19507 0.00515 0.04737 0.19507 -0.00154 0.05631 0.0573 0.00515 0.04737 0.0573 -0.00154 -0.04423 0.05665 -0.00636 -0.04423 0.19572 -0.00636 -0.03732 0.19572 -0.01225 -0.03732 0.05665 -0.01225 0.04329 0.19572 -0.00636 0.03569 0.19572 -0.01225 0.04329 0.05665 -0.00636 0.03569 0.05665 -0.01225</float_array>
                    <technique_common>
                        <accessor count="56" source="#NODE67-lib-positions-array" stride="3">
                            <param name="X" type="float" />
                            <param name="Y" type="float" />
                            <param name="Z" type="float" />
                        </accessor>
                    </technique_common>
                </source>
                <vertices id="NODE67-lib-vertices">
                    <input semantic="POSITION" source="#NODE67-lib-positions" />
                </vertices>
                <triangles count="78" material="MAT1">
                    <input offset="0" semantic="VERTEX" source="#NODE67-lib-vertices" set="0" />
                    <p>0 1 2 0 2 3 4 5 6 4 6 7 6 1 0 6 0 7 8 9 10 8 10 11 9 12 13 9 13 10 12 14 15 12 15 13 14 8 11 14 11 15 11 10 13 11 13 15 14 12 9 14 9 8 16 17 18 16 18 19 17 20 21 17 21 18 20 22 23 20 23 21 22 16 19 22 19 23 19 18 21 19 21 23 22 20 17 22 17 16 24 25 26 24 26 27 25 28 29 25 29 26 28 30 31 28 31 29 30 24 27 30 27 31 27 26 29 27 29 31 30 28 25 30 25 24 32 33 34 32 34 35 33 36 37 33 37 34 36 38 39 36 39 37 38 32 35 38 35 39 35 34 37 35 37 39 38 36 33 38 33 32 40 41 42 40 42 43 41 44 45 41 45 42 44 46 47 44 47 45 46 40 43 46 43 47 43 42 45 43 45 47 46 44 41 46 41 40 48 49 50 48 50 51 49 52 53 49 53 50 52 54 55 52 55 53 54 48 51 54 51 55 51 50 53 51 53 55 54 52 49 54 49 48</p>
                </triangles>
            </mesh>
        </geometry>
        <geometry id="NODE68-lib" name="NODE68Mesh">
            <mesh>
                <source id="NODE68-lib-positions">
                    <float_array id="NODE68-lib-positions-array" count="120">-0.20154 0.07112 0.98736 -0.20154 -0.07407 0.98736 -0.19274 -0.07407 0.99058 -0.19274 0.07112 0.99058 -0.07961 0.07112 1.02544 -0.0419 0.07112 1.03267 -0.03122 0.07112 0.99176 -0.0738 0.07112 0.99066 -0.0419 -0.07407 1.03267 -0.03122 -0.07407 0.99176 -0.15896 -0.07407 0.98846 -0.15503 -0.07407 1.00483 -0.0738 -0.07407 0.99066 -0.15503 0.07112 1.00483 -0.11732 0.07112 1.01558 -0.11638 0.07112 0.98956 -0.15896 0.07112 0.98846 -0.07961 -0.07407 1.02544 -0.11732 -0.07407 1.01558 -0.11638 -0.07407 0.98956 0.19274 -0.07407 0.99058 0.20154 -0.07407 0.98736 0.20154 0.07112 0.98736 0.19274 0.07112 0.99058 0.07961 0.07112 1.02544 0.0738 0.07112 0.99066 0.03122 0.07112 0.99176 0.0419 0.07112 1.03267 0.03122 -0.07407 0.99176 0.0419 -0.07407 1.03267 0.15503 -0.07407 1.00483 0.15896 -0.07407 0.98846 0.0738 -0.07407 0.99066 0.15503 0.07112 1.00483 0.15896 0.07112 0.98846 0.11638 0.07112 0.98956 0.11732 0.07112 1.01558 0.07961 -0.07407 1.02544 0.11638 -0.07407 0.98956 0.11732 -0.07407 1.01558</float_array>
                    <technique_common>
                        <accessor count="40" source="#NODE68-lib-positions-array" stride="3">
                            <param name="X" type="float" />
                            <param name="Y" type="float" />
                            <param name="Z" type="float" />
                        </accessor>
                    </technique_common>
                </source>
                <vertices id="NODE68-lib-vertices">
                    <input semantic="POSITION" source="#NODE68-lib-positions" />
                </vertices>
                <triangles count="72" material="MAT2">
                    <input offset="0" semantic="VERTEX" source="#NODE68-lib-vertices" set="0" />
                    <p>0 1 2 0 2 3 4 5 6 4 6 7 5 8 9 5 9 6 1 10 11 1 11 2 12 7 6 12 6 9 11 13 3 11 3 2 13 14 15 13 15 16 17 18 19 17 19 12 10 16 15 10 15 19 17 4 14 17 14 18 18 11 10 18 10 19 18 14 13 18 13 11 3 13 16 3 16 0 1 0 16 1 16 10 14 4 7 14 7 15 19 15 7 19 7 12 8 17 12 8 12 9 8 5 4 8 4 17 20 21 22 20 22 23 24 25 26 24 26 27 27 26 28 27 28 29 30 31 21 30 21 20 32 28 26 32 26 25 30 20 23 30 23 33 33 34 35 33 35 36 37 32 38 37 38 39 31 38 35 31 35 34 37 39 36 37 36 24 39 38 31 39 31 30 39 30 33 39 33 36 23 22 34 23 34 33 21 31 34 21 34 22 36 35 25 36 25 24 38 32 25 38 25 35 29 28 32 29 32 37 29 37 24 29 24 27</p>
                </triangles>
            </mesh>
        </geometry>
        <geometry id="NODE71-lib" name="NODE71Mesh">
            <mesh>
                <source id="NODE71-lib-positions">
                    <float_array id="NODE71-lib-positions-array" count="168">-0.05426 0.19775 0.09116 0.05426 0.19775 0.09116 0.00752 0.19775 0.01335 -0.00752 0.19775 0.01335 -0.00752 0.05583 0.01335 0.00752 0.05583 0.01335 0.05426 0.05583 0.09116 -0.05426 0.05583 0.09116 -0.10463 0.0573 0.05025 -0.10463 0.19507 0.05025 -0.09658 0.19507 0.04355 -0.09658 0.0573 0.04355 0.10463 0.19507 0.05025 0.09593 0.19507 0.04355 0.10463 0.0573 0.05025 0.09593 0.0573 0.04355 -0.09199 0.05665 0.03874 -0.09199 0.19572 0.03874 -0.08491 0.19572 0.03285 -0.08491 0.05665 0.03285 0.09195 0.19572 0.03874 0.0843 0.19572 0.03285 0.09195 0.05665 0.03874 0.0843 0.05665 0.03285 -0.07904 0.0573 0.02772 -0.07904 0.19507 0.02772 -0.07165 0.19507 0.02102 -0.07165 0.0573 0.02102 0.07896 0.19507 0.02772 0.07109 0.19507 0.02102 0.07896 0.0573 0.02772 0.07109 0.0573 0.02102 -0.06679 0.05665 0.01621 -0.06679 0.19572 0.01621 -0.05965 0.19572 0.01032 -0.05965 0.05665 0.01032 0.06784 0.19572 0.01621 0.06066 0.19572 0.01032 0.06784 0.05665 0.01621 0.06066 0.05665 0.01032 -0.05569 0.0573 0.00515 -0.05569 0.19507 0.00515 -0.04748 0.19507 -0.00154 -0.04748 0.0573 -0.00154 0.05631 0.19507 0.00515 0.04737 0.19507 -0.00154 0.05631 0.0573 0.00515 0.04737 0.0573 -0.00154 -0.04423 0.05665 -0.00636 -0.04423 0.19572 -0.00636 -0.03732 0.19572 -0.01225 -0.03732 0.05665 -0.01225 0.04329 0.19572 -0.00636 0.03569 0.19572 -0.01225 0.04329 0.05665 -0.00636 0.03569 0.05665 -0.01225</float_array>
                    <technique_common>
                        <accessor count="56" source="#NODE71-lib-positions-array" stride="3">
                            <param name="X" type="float" />
                            <param name="Y" type="float" />
                            <param name="Z" type="float" />
                        </accessor>
                    </technique_common>
                </source>
                <vertices id="NODE71-lib-vertices">
                    <input semantic="POSITION" source="#NODE71-lib-positions" />
                </vertices>
                <triangles count="78" material="MAT1">
                    <input offset="0" semantic="VERTEX" source="#NODE71-lib-vertices" set="0" />
                    <p>0 1 2 0 2 3 4 5 6 4 6 7 6 1 0 6 0 7 8 9 10 8 10 11 9 12 13 9 13 10 12 14 15 12 15 13 14 8 11 14 11 15 11 10 13 11 13 15 14 12 9 14 9 8 16 17 18 16 18 19 17 20 21 17 21 18 20 22 23 20 23 21 22 16 19 22 19 23 19 18 21 19 21 23 22 20 17 22 17 16 24 25 26 24 26 27 25 28 29 25 29 26 28 30 31 28 31 29 30 24 27 30 27 31 27 26 29 27 29 31 30 28 25 30 25 24 32 33 34 32 34 35 33 36 37 33 37 34 36 38 39 36 39 37 38 32 35 38 35 39 35 34 37 35 37 39 38 36 33 38 33 32 40 41 42 40 42 43 41 44 45 41 45 42 44 46 47 44 47 45 46 40 43 46 43 47 43 42 45 43 45 47 46 44 41 46 41 40 48 49 50 48 50 51 49 52 53 49 53 50 52 54 55 52 55 53 54 48 51 54 51 55 51 50 53 51 53 55 54 52 49 54 49 48</p>
                </triangles>
            </mesh>
        </geometry>
        <geometry id="NODE72-lib" name="NODE72Mesh">
            <mesh>
                <source id="NODE72-lib-positions">
                    <float_array id="NODE72-lib-positions-array" count="120">-0.20154 0.07112 0.98736 -0.20154 -0.07407 0.98736 -0.19274 -0.07407 0.99058 -0.19274 0.07112 0.99058 -0.07961 0.07112 1.02544 -0.0419 0.07112 1.03267 -0.03122 0.07112 0.99176 -0.0738 0.07112 0.99066 -0.0419 -0.07407 1.03267 -0.03122 -0.07407 0.99176 -0.15896 -0.07407 0.98846 -0.15503 -0.07407 1.00483 -0.0738 -0.07407 0.99066 -0.15503 0.07112 1.00483 -0.11732 0.07112 1.01558 -0.11638 0.07112 0.98956 -0.15896 0.07112 0.98846 -0.07961 -0.07407 1.02544 -0.11732 -0.07407 1.01558 -0.11638 -0.07407 0.98956 0.19274 -0.07407 0.99058 0.20154 -0.07407 0.98736 0.20154 0.07112 0.98736 0.19274 0.07112 0.99058 0.07961 0.07112 1.02544 0.0738 0.07112 0.99066 0.03122 0.07112 0.99176 0.0419 0.07112 1.03267 0.03122 -0.07407 0.99176 0.0419 -0.07407 1.03267 0.15503 -0.07407 1.00483 0.15896 -0.07407 0.98846 0.0738 -0.07407 0.99066 0.15503 0.07112 1.00483 0.15896 0.07112 0.98846 0.11638 0.07112 0.98956 0.11732 0.07112 1.01558 0.07961 -0.07407 1.02544 0.11638 -0.07407 0.98956 0.11732 -0.07407 1.01558</float_array>
                    <technique_common>
                        <accessor count="40" source="#NODE72-lib-positions-array" stride="3">
                            <param name="X" type="float" />
                            <param name="Y" type="float" />
                            <param name="Z" type="float" />
                        </accessor>
                    </technique_common>
                </source>
                <vertices id="NODE72-lib-vertices">
                    <input semantic="POSITION" source="#NODE72-lib-positions" />
                </vertices>
                <triangles count="72" material="MAT2">
                    <input offset="0" semantic="VERTEX" source="#NODE72-lib-vertices" set="0" />
                    <p>0 1 2 0 2 3 4 5 6 4 6 7 5 8 9 5 9 6 1 10 11 1 11 2 12 7 6 12 6 9 11 13 3 11 3 2 13 14 15 13 15 16 17 18 19 17 19 12 10 16 15 10 15 19 17 4 14 17 14 18 18 11 10 18 10 19 18 14 13 18 13 11 3 13 16 3 16 0 1 0 16 1 16 10 14 4 7 14 7 15 19 15 7 19 7 12 8 17 12 8 12 9 8 5 4 8 4 17 20 21 22 20 22 23 24 25 26 24 26 27 27 26 28 27 28 29 30 31 21 30 21 20 32 28 26 32 26 25 30 20 23 30 23 33 33 34 35 33 35 36 37 32 38 37 38 39 31 38 35 31 35 34 37 39 36 37 36 24 39 38 31 39 31 30 39 30 33 39 33 36 23 22 34 23 34 33 21 31 34 21 34 22 36 35 25 36 25 24 38 32 25 38 25 35 29 28 32 29 32 37 29 37 24 29 24 27</p>
                </triangles>
            </mesh>
        </geometry>
        <geometry id="NODE74-lib" name="NODE74Mesh">
            <mesh>
                <source id="NODE74-lib-positions">
                    <float_array id="NODE74-lib-positions-array" count="72">-0.0114 0.20325 -0.0169 -0.0114 0.05033 -0.0169 -0.08499 0.05033 0.09589 -0.08499 0.20325 0.09589 -0.05773 0.05033 0.09538 -0.05773 0.20325 0.09538 0.08587 0.20325 0.09589 0.08587 0.05033 0.09589 0.0114 0.05033 -0.0169 0.0114 0.20325 -0.0169 0.05861 0.20325 0.09538 0.05861 0.05033 0.09538 0.00752 0.05033 0.01102 -0.00752 0.05033 0.01102 0.00752 0.20325 0.01102 -0.00752 0.20325 0.01102 -0.00752 0.19775 0.01335 0.00752 0.19775 0.01335 -0.00752 0.05583 0.01335 -0.05283 0.05583 0.08722 0.00752 0.05583 0.01335 -0.05283 0.19775 0.08722 0.05283 0.19775 0.08722 0.05283 0.05583 0.08722</float_array>
                    <technique_common>
                        <accessor count="24" source="#NODE74-lib-positions-array" stride="3">
                            <param name="X" type="float" />
                            <param name="Y" type="float" />
                            <param name="Z" type="float" />
                        </accessor>
                    </technique_common>
                </source>
                <vertices id="NODE74-lib-vertices">
                    <input semantic="POSITION" source="#NODE74-lib-positions" />
                </vertices>
                <triangles count="44" material="MAT2">
                    <input offset="0" semantic="VERTEX" source="#NODE74-lib-vertices" set="0" />
                    <p>0 1 2 0 2 3 3 2 4 3 4 5 6 7 8 6 8 9 7 6 10 7 10 11 1 0 9 1 9 8 1 8 12 1 12 13 14 15 16 14 16 17 4 13 18 4 18 19 13 12 20 13 20 18 2 1 13 2 13 4 9 0 15 9 15 14 6 9 14 6 14 10 8 7 11 8 11 12 0 3 5 0 5 15 21 22 17 21 17 16 23 19 18 23 18 20 23 22 21 23 21 19 15 5 21 15 21 16 10 14 17 10 17 22 12 11 23 12 23 20 5 4 19 5 19 21 11 10 22 11 22 23</p>
                </triangles>
            </mesh>
        </geometry>
        <geometry id="NODE76-lib" name="NODE76Mesh">
            <mesh>
                <source id="NODE76-lib-positions">
                    <float_array id="NODE76-lib-positions-array" count="60">-0.08038 0.06209 0.06607 -0.05789 0.0695 0.05899 -0.00824 0.0695 -0.02642 -0.01424 0.06209 -0.05749 0.05789 0.0695 0.05899 0.00824 0.0695 -0.02642 0.08561 -0.06275 0.06519 0.05711 -0.06947 0.05841 0.00813 -0.06947 -0.02585 0.01424 -0.06275 -0.05749 -0.00813 -0.06947 -0.02585 -0.05711 -0.06947 0.05841 0.01424 0.06209 -0.05749 0.08561 0.06209 0.06519 -0.08038 -0.06275 0.06607 -0.08038 -0 0.06607 -0.01424 0 -0.05749 -0.01424 -0.06275 -0.05749 0.08561 -0 0.06519 0.01424 0 -0.05749</float_array>
                    <technique_common>
                        <accessor count="20" source="#NODE76-lib-positions-array" stride="3">
                            <param name="X" type="float" />
                            <param name="Y" type="float" />
                            <param name="Z" type="float" />
                        </accessor>
                    </technique_common>
                </source>
                <vertices id="NODE76-lib-vertices">
                    <input semantic="POSITION" source="#NODE76-lib-positions" />
                </vertices>
                <triangles count="36" material="MAT2">
                    <input offset="0" semantic="VERTEX" source="#NODE76-lib-vertices" set="0" />
                    <p>0 1 2 0 2 3 1 4 5 1 5 2 6 7 8 6 8 9 10 8 7 10 7 11 3 2 5 3 5 12 13 4 1 13 1 0 14 15 16 14 16 17 13 18 19 13 19 12 17 16 19 17 19 9 6 18 15 6 15 14 15 0 3 15 3 16 18 6 9 18 9 19 16 3 12 16 12 19 18 13 0 18 0 15 17 10 11 17 11 14 4 13 12 4 12 5 10 17 9 10 9 8 7 6 14 7 14 11</p>
                </triangles>
            </mesh>
        </geometry>
    </library_geometries>
    <library_visual_scenes>
        <visual_scene id="RootNode" name="RootNode">
            <node id="NODE" name="Sketchfab_model">
                <matrix>1.76754 0 0 0 0 1.76754 -2.84242e-16 0 0 2.84242e-16 1.76754 0 0 0 0 1</matrix>
                <node id="NODE0" name="Root">
                    <node id="NODE1" name="Cylinder_001">
                        <matrix>0.97263 0 0 0 0 0 -0.00658 0 0 0.97263 0 0 0 0 0 1</matrix>
                        <node id="NODE2" name="Cylinder_001_0">
                            <instance_geometry url="#NODE2-lib">
                                <bind_material>
                                    <technique_common>
                                        <instance_material symbol="MAT" target="#MAT" />
                                    </technique_common>
                                </bind_material>
                            </instance_geometry>
                        </node>
                    </node>
                    <node id="NODE3" name="Cylinder">
                        <matrix>1 0 0 0 0 -1.32349e-23 -1 0 0 1 -1.32349e-23 0 0 0 0 1</matrix>
                        <node id="NODE4" name="Cylinder_0">
                            <instance_geometry url="#NODE4-lib">
                                <bind_material>
                                    <technique_common>
                                        <instance_material symbol="MAT0" target="#MAT0" />
                                    </technique_common>
                                </bind_material>
                            </instance_geometry>
                        </node>
                    </node>
                    <node id="NODE5" name="Cube_032">
                        <matrix>-0.48976 0 -0.87185 0 -1.32349e-23 1.02774 -6.61744e-24 0 0.87185 0 -0.48976 0 0 0 0 1</matrix>
                        <node id="NODE6" name="Cube_035">
                            <matrix>1 1.32349e-23 -2.98023e-08 -0.00805002 -1.32349e-23 0.97301 6.61744e-24 -0.00148 2.98023e-08 0 1 0.93624 0 0 0 1</matrix>
                            <node id="NODE7" name="Cube_035_0">
                                <instance_geometry url="#NODE7-lib">
                                    <bind_material>
                                        <technique_common>
                                            <instance_material symbol="MAT2" target="#MAT2" />
                                        </technique_common>
                                    </bind_material>
                                </instance_geometry>
                            </node>
                        </node>
                        <node id="NODE8" name="Cube_034">
                            <matrix>0.54409 1.32349e-23 -2.98023e-08 -0.00805002 0 0.97301 6.61744e-24 -0.12442 1.49012e-08 0 1 0.9406 0 0 0 1</matrix>
                            <node id="NODE9" name="Cube_034_0">
                                <instance_geometry url="#NODE9-lib">
                                    <bind_material>
                                        <technique_common>
                                            <instance_material symbol="MAT2" target="#MAT2" />
                                        </technique_common>
                                    </bind_material>
                                </instance_geometry>
                            </node>
                        </node>
                        <node id="NODE10" name="Cube_033">
                            <matrix>0.54409 2.64698e-23 -2.98023e-08 -0.00805002 0 1.00984 6.61744e-24 -0.1289 1.49012e-08 0 1 0.9406 0 0 0 1</matrix>
                            <node id="NODE11" name="Cube_033_0">
                                <instance_geometry url="#NODE11-lib">
                                    <bind_material>
                                        <technique_common>
                                            <instance_material symbol="MAT1" target="#MAT1" />
                                        </technique_common>
                                    </bind_material>
                                </instance_geometry>
                            </node>
                        </node>
                        <node id="NODE12" name="Cube_032_0">
                            <instance_geometry url="#NODE12-lib">
                                <bind_material>
                                    <technique_common>
                                        <instance_material symbol="MAT2" target="#MAT2" />
                                    </technique_common>
                                </bind_material>
                            </instance_geometry>
                        </node>
                    </node>
                    <node id="NODE13" name="Cube_028">
                        <matrix>0.77358 0 -0.6337 0 -6.61744e-24 1.02774 0 0 0.6337 0 0.77358 0 0 0 0 1</matrix>
                        <node id="NODE14" name="Cube_031">
                            <matrix>1 6.61744e-24 2.98023e-08 -0.00805002 6.61744e-24 0.97301 0 -0.00148 -2.98023e-08 0 1 0.93624 0 0 0 1</matrix>
                            <node id="NODE15" name="Cube_031_0">
                                <instance_geometry url="#NODE15-lib">
                                    <bind_material>
                                        <technique_common>
                                            <instance_material symbol="MAT2" target="#MAT2" />
                                        </technique_common>
                                    </bind_material>
                                </instance_geometry>
                            </node>
                        </node>
                        <node id="NODE16" name="Cube_030">
                            <matrix>0.54409 6.61744e-24 2.98023e-08 -0.00804996 3.30872e-24 0.97301 0 -0.12442 0 0 1 0.9406 0 0 0 1</matrix>
                            <node id="NODE17" name="Cube_030_0">
                                <instance_geometry url="#NODE17-lib">
                                    <bind_material>
                                        <technique_common>
                                            <instance_material symbol="MAT2" target="#MAT2" />
                                        </technique_common>
                                    </bind_material>
                                </instance_geometry>
                            </node>
                        </node>
                        <node id="NODE18" name="Cube_029">
                            <matrix>0.54409 1.32349e-23 2.98023e-08 -0.00804996 3.30872e-24 1.00984 0 -0.1289 0 0 1 0.9406 0 0 0 1</matrix>
                            <node id="NODE19" name="Cube_029_0">
                                <instance_geometry url="#NODE19-lib">
                                    <bind_material>
                                        <technique_common>
                                            <instance_material symbol="MAT1" target="#MAT1" />
                                        </technique_common>
                                    </bind_material>
                                </instance_geometry>
                            </node>
                        </node>
                        <node id="NODE20" name="Cube_028_0">
                            <instance_geometry url="#NODE20-lib">
                                <bind_material>
                                    <technique_common>
                                        <instance_material symbol="MAT2" target="#MAT2" />
                                    </technique_common>
                                </bind_material>
                            </instance_geometry>
                        </node>
                    </node>
                    <node id="NODE21" name="Cube_024">
                        <matrix>0.18725 0 -0.98231 0 0 1.02774 -3.30872e-24 0 0.98231 0 0.18725 0 0 0 0 1</matrix>
                        <node id="NODE22" name="Cube_027">
                            <matrix>0.54409 0 -1.49012e-08 -0.00804999 6.61744e-24 1.00984 3.30872e-24 -0.1289 0 3.30872e-24 1 0.9406 0 0 0 1</matrix>
                            <node id="NODE23" name="Cube_027_0">
                                <instance_geometry url="#NODE23-lib">
                                    <bind_material>
                                        <technique_common>
                                            <instance_material symbol="MAT1" target="#MAT1" />
                                        </technique_common>
                                    </bind_material>
                                </instance_geometry>
                            </node>
                        </node>
                        <node id="NODE24" name="Cube_026">
                            <matrix>0.54409 1.32349e-23 -1.49012e-08 -0.00804999 6.61744e-24 0.97301 3.30872e-24 -0.12442 0 3.30872e-24 1 0.9406 0 0 0 1</matrix>
                            <node id="NODE25" name="Cube_026_0">
                                <instance_geometry url="#NODE25-lib">
                                    <bind_material>
                                        <technique_common>
                                            <instance_material symbol="MAT2" target="#MAT2" />
                                        </technique_common>
                                    </bind_material>
                                </instance_geometry>
                            </node>
                        </node>
                        <node id="NODE26" name="Cube_025">
                            <matrix>1 1.32349e-23 -1.49012e-08 -0.00804999 1.32349e-23 0.97301 3.30872e-24 -0.00148 1.49012e-08 3.30872e-24 1 0.93624 0 0 0 1</matrix>
                            <node id="NODE27" name="Cube_025_0">
                                <instance_geometry url="#NODE27-lib">
                                    <bind_material>
                                        <technique_common>
                                            <instance_material symbol="MAT2" target="#MAT2" />
                                        </technique_common>
                                    </bind_material>
                                </instance_geometry>
                            </node>
                        </node>
                        <node id="NODE28" name="Cube_024_0">
                            <instance_geometry url="#NODE28-lib">
                                <bind_material>
                                    <technique_common>
                                        <instance_material symbol="MAT2" target="#MAT2" />
                                    </technique_common>
                                </bind_material>
                            </instance_geometry>
                        </node>
                    </node>
                    <node id="NODE29" name="Cube_020">
                        <matrix>-0.93765 0 -0.34757 0 0 1.02774 0 0 0.34757 0 -0.93765 0 0 0 0 1</matrix>
                        <node id="NODE30" name="Cube_023">
                            <matrix>1 6.61744e-24 -2.98023e-08 -0.00805005 3.30872e-24 0.97301 -1.32349e-23 -0.00148 2.98023e-08 0 1 0.93624 0 0 0 1</matrix>
                            <node id="NODE31" name="Cube_023_0">
                                <instance_geometry url="#NODE31-lib">
                                    <bind_material>
                                        <technique_common>
                                            <instance_material symbol="MAT2" target="#MAT2" />
                                        </technique_common>
                                    </bind_material>
                                </instance_geometry>
                            </node>
                        </node>
                        <node id="NODE32" name="Cube_022">
                            <matrix>0.54409 6.61744e-24 -2.98023e-08 -0.00805005 0 0.97301 -1.32349e-23 -0.12442 1.49012e-08 0 1 0.9406 0 0 0 1</matrix>
                            <node id="NODE33" name="Cube_022_0">
                                <instance_geometry url="#NODE33-lib">
                                    <bind_material>
                                        <technique_common>
                                            <instance_material symbol="MAT2" target="#MAT2" />
                                        </technique_common>
                                    </bind_material>
                                </instance_geometry>
                            </node>
                        </node>
                        <node id="NODE34" name="Cube_021">
                            <matrix>0.54409 6.61744e-24 -2.98023e-08 -0.00805005 0 1.00984 -1.32349e-23 -0.1289 1.49012e-08 0 1 0.9406 0 0 0 1</matrix>
                            <node id="NODE35" name="Cube_021_0">
                                <instance_geometry url="#NODE35-lib">
                                    <bind_material>
                                        <technique_common>
                                            <instance_material symbol="MAT1" target="#MAT1" />
                                        </technique_common>
                                    </bind_material>
                                </instance_geometry>
                            </node>
                        </node>
                        <node id="NODE36" name="Cube_020_0">
                            <instance_geometry url="#NODE36-lib">
                                <bind_material>
                                    <technique_common>
                                        <instance_material symbol="MAT2" target="#MAT2" />
                                    </technique_common>
                                </bind_material>
                            </instance_geometry>
                        </node>
                    </node>
                    <node id="NODE37" name="Cube_016">
                        <matrix>-0.94008 0 0.34095 0 0 1.02774 1.32349e-23 0 -0.34095 0 -0.94008 0 0 0 0 1</matrix>
                        <node id="NODE38" name="Cube_019">
                            <matrix>0.54409 -6.61744e-24 0 -0.00805002 3.30872e-24 1.00984 0 -0.1289 -1.49012e-08 1.32349e-23 1 0.9406 0 0 0 1</matrix>
                            <node id="NODE39" name="Cube_019_0">
                                <instance_geometry url="#NODE39-lib">
                                    <bind_material>
                                        <technique_common>
                                            <instance_material symbol="MAT1" target="#MAT1" />
                                        </technique_common>
                                    </bind_material>
                                </instance_geometry>
                            </node>
                        </node>
                        <node id="NODE40" name="Cube_018">
                            <matrix>0.54409 -3.30872e-24 0 -0.00805002 3.30872e-24 0.97301 0 -0.12442 -1.49012e-08 0 1 0.9406 0 0 0 1</matrix>
                            <node id="NODE41" name="Cube_018_0">
                                <instance_geometry url="#NODE41-lib">
                                    <bind_material>
                                        <technique_common>
                                            <instance_material symbol="MAT2" target="#MAT2" />
                                        </technique_common>
                                    </bind_material>
                                </instance_geometry>
                            </node>
                        </node>
                        <node id="NODE42" name="Cube_017">
                            <matrix>1 -3.30872e-24 0 -0.00804996 0 0.97301 0 -0.00148 0 0 1 0.93624 0 0 0 1</matrix>
                            <node id="NODE43" name="Cube_017_0">
                                <instance_geometry url="#NODE43-lib">
                                    <bind_material>
                                        <technique_common>
                                            <instance_material symbol="MAT2" target="#MAT2" />
                                        </technique_common>
                                    </bind_material>
                                </instance_geometry>
                            </node>
                        </node>
                        <node id="NODE44" name="Cube_016_0">
                            <instance_geometry url="#NODE44-lib">
                                <bind_material>
                                    <technique_common>
                                        <instance_material symbol="MAT2" target="#MAT2" />
                                    </technique_common>
                                </bind_material>
                            </instance_geometry>
                        </node>
                    </node>
                    <node id="NODE45" name="Cube_012">
                        <matrix>-0.49687 0 0.86782 0 0 1.02774 0 0 -0.86782 0 -0.49687 0 0 0 0 1</matrix>
                        <node id="NODE46" name="Cube_015">
                            <matrix>1 0 0 -0.00805008 0 0.97301 6.61744e-24 -0.00148 0 -6.61744e-24 1 0.93624 0 0 0 1</matrix>
                            <node id="NODE47" name="Cube_015_0">
                                <instance_geometry url="#NODE47-lib">
                                    <bind_material>
                                        <technique_common>
                                            <instance_material symbol="MAT2" target="#MAT2" />
                                        </technique_common>
                                    </bind_material>
                                </instance_geometry>
                            </node>
                        </node>
                        <node id="NODE48" name="Cube_014">
                            <matrix>0.54409 0 0 -0.00805005 0 0.97301 6.61744e-24 -0.12442 1.49012e-08 -6.61744e-24 1 0.9406 0 0 0 1</matrix>
                            <node id="NODE49" name="Cube_014_0">
                                <instance_geometry url="#NODE49-lib">
                                    <bind_material>
                                        <technique_common>
                                            <instance_material symbol="MAT2" target="#MAT2" />
                                        </technique_common>
                                    </bind_material>
                                </instance_geometry>
                            </node>
                        </node>
                        <node id="NODE50" name="Cube_013">
                            <matrix>0.54409 1.32349e-23 0 -0.00805005 0 1.00984 6.61744e-24 -0.1289 1.49012e-08 0 1 0.9406 0 0 0 1</matrix>
                            <node id="NODE51" name="Cube_013_0">
                                <instance_geometry url="#NODE51-lib">
                                    <bind_material>
                                        <technique_common>
                                            <instance_material symbol="MAT1" target="#MAT1" />
                                        </technique_common>
                                    </bind_material>
                                </instance_geometry>
                            </node>
                        </node>
                        <node id="NODE52" name="Cube_012_0">
                            <instance_geometry url="#NODE52-lib">
                                <bind_material>
                                    <technique_common>
                                        <instance_material symbol="MAT2" target="#MAT2" />
                                    </technique_common>
                                </bind_material>
                            </instance_geometry>
                        </node>
                    </node>
                    <node id="NODE53" name="Cube_008">
                        <matrix>0.18856 0 0.98206 0 1.32349e-23 1.02774 0 0 -0.98206 0 0.18856 0 0 0 0 1</matrix>
                        <node id="NODE54" name="Cube_011">
                            <matrix>0.54409 -1.32349e-23 0 -0.00805001 -6.61744e-24 1.00984 -3.30872e-24 -0.1289 0 0 1 0.9406 0 0 0 1</matrix>
                            <node id="NODE55" name="Cube_011_0">
                                <instance_geometry url="#NODE55-lib">
                                    <bind_material>
                                        <technique_common>
                                            <instance_material symbol="MAT1" target="#MAT1" />
                                        </technique_common>
                                    </bind_material>
                                </instance_geometry>
                            </node>
                        </node>
                        <node id="NODE56" name="Cube_010">
                            <matrix>0.54409 -1.32349e-23 0 -0.00805001 -6.61744e-24 0.97301 -3.30872e-24 -0.12442 0 0 1 0.9406 0 0 0 1</matrix>
                            <node id="NODE57" name="Cube_010_0">
                                <instance_geometry url="#NODE57-lib">
                                    <bind_material>
                                        <technique_common>
                                            <instance_material symbol="MAT2" target="#MAT2" />
                                        </technique_common>
                                    </bind_material>
                                </instance_geometry>
                            </node>
                        </node>
                        <node id="NODE58" name="Cube_009">
                            <matrix>1 -1.32349e-23 0 -0.00804998 0 0.97301 -3.30872e-24 -0.00148 0 0 1 0.93624 0 0 0 1</matrix>
                            <node id="NODE59" name="Cube_009_0">
                                <instance_geometry url="#NODE59-lib">
                                    <bind_material>
                                        <technique_common>
                                            <instance_material symbol="MAT2" target="#MAT2" />
                                        </technique_common>
                                    </bind_material>
                                </instance_geometry>
                            </node>
                        </node>
                        <node id="NODE60" name="Cube_008_0">
                            <instance_geometry url="#NODE60-lib">
                                <bind_material>
                                    <technique_common>
                                        <instance_material symbol="MAT2" target="#MAT2" />
                                    </technique_common>
                                </bind_material>
                            </instance_geometry>
                        </node>
                    </node>
                    <node id="NODE61" name="Cube_004">
                        <matrix>0.7716 0 0.63611 0 0 1.02774 0 0 -0.63611 0 0.7716 0 0 0 0 1</matrix>
                        <node id="NODE62" name="Cube_007">
                            <matrix>1 -1.32349e-23 0 -0.00804999 -6.61744e-24 0.97301 0 -0.00148 0 0 1 0.93624 0 0 0 1</matrix>
                            <node id="NODE63" name="Cube_007_0">
                                <instance_geometry url="#NODE63-lib">
                                    <bind_material>
                                        <technique_common>
                                            <instance_material symbol="MAT2" target="#MAT2" />
                                        </technique_common>
                                    </bind_material>
                                </instance_geometry>
                            </node>
                        </node>
                        <node id="NODE64" name="Cube_006">
                            <matrix>0.54409 -1.32349e-23 0 -0.00805002 -6.61744e-24 0.97301 0 -0.12442 0 0 1 0.9406 0 0 0 1</matrix>
                            <node id="NODE65" name="Cube_006_0">
                                <instance_geometry url="#NODE65-lib">
                                    <bind_material>
                                        <technique_common>
                                            <instance_material symbol="MAT2" target="#MAT2" />
                                        </technique_common>
                                    </bind_material>
                                </instance_geometry>
                            </node>
                        </node>
                        <node id="NODE66" name="Cube_005">
                            <matrix>0.54409 -1.32349e-23 0 -0.00805002 -6.61744e-24 1.00984 0 -0.1289 0 0 1 0.9406 0 0 0 1</matrix>
                            <node id="NODE67" name="Cube_005_0">
                                <instance_geometry url="#NODE67-lib">
                                    <bind_material>
                                        <technique_common>
                                            <instance_material symbol="MAT1" target="#MAT1" />
                                        </technique_common>
                                    </bind_material>
                                </instance_geometry>
                            </node>
                        </node>
                        <node id="NODE68" name="Cube_004_0">
                            <instance_geometry url="#NODE68-lib">
                                <bind_material>
                                    <technique_common>
                                        <instance_material symbol="MAT2" target="#MAT2" />
                                    </technique_common>
                                </bind_material>
                            </instance_geometry>
                        </node>
                    </node>
                    <node id="NODE69" name="Cube_002">
                        <matrix>1 0 0 0 0 1.02774 -1.32349e-23 0 0 0 1 0 0 0 0 1</matrix>
                        <node id="NODE70" name="Cube_003">
                            <matrix>0.54409 0 0 -0.00805 0 1.00984 1.32349e-23 -0.1289 0 0 1 0.9406 0 0 0 1</matrix>
                            <node id="NODE71" name="Cube_003_0">
                                <instance_geometry url="#NODE71-lib">
                                    <bind_material>
                                        <technique_common>
                                            <instance_material symbol="MAT1" target="#MAT1" />
                                        </technique_common>
                                    </bind_material>
                                </instance_geometry>
                            </node>
                        </node>
                        <node id="NODE72" name="Cube_002_0">
                            <instance_geometry url="#NODE72-lib">
                                <bind_material>
                                    <technique_common>
                                        <instance_material symbol="MAT2" target="#MAT2" />
                                    </technique_common>
                                </bind_material>
                            </instance_geometry>
                        </node>
                        <node id="NODE73" name="Cube_001">
                            <matrix>0.54409 0 0 -0.00805 0 0.97301 1.32349e-23 -0.12442 0 -1.32349e-23 1 0.9406 0 0 0 1</matrix>
                            <node id="NODE74" name="Cube_001_0">
                                <instance_geometry url="#NODE74-lib">
                                    <bind_material>
                                        <technique_common>
                                            <instance_material symbol="MAT2" target="#MAT2" />
                                        </technique_common>
                                    </bind_material>
                                </instance_geometry>
                            </node>
                        </node>
                        <node id="NODE75" name="Cube">
                            <matrix>1 0 0 -0.00805 0 0.97301 1.32349e-23 -0.00148 0 -1.32349e-23 1 0.93624 0 0 0 1</matrix>
                            <node id="NODE76" name="Cube_0">
                                <instance_geometry url="#NODE76-lib">
                                    <bind_material>
                                        <technique_common>
                                            <instance_material symbol="MAT2" target="#MAT2" />
                                        </technique_common>
                                    </bind_material>
                                </instance_geometry>
                            </node>
                        </node>
                    </node>
                </node>
            </node>
        </visual_scene>
    </library_visual_scenes>
    <scene>
        <instance_visual_scene url="#RootNode" />
    </scene>
</COLLADA>
